sample_id,observation_date,window_start,window_end,flare_start_time,flare_peak_time,minutes_until_flare,forecasting_horizon,goes_class,flare_event_id,quiet_12h_verified,label
0,20260612,2026-06-12 00:00:00,2026-06-12 01:00:00,2026-06-12 01:15:00,2026-06-12 01:30:00,15.0,1h,M1.0,FLARE_20260612_0115_M1.0,False,1
1,20260612,2026-06-12 02:00:00,2026-06-12 03:00:00,NONE,NONE,-1.0,NONE,C2.2,QUIET_20260612_1,True,0
2,20260612,2026-06-12 04:00:00,2026-06-12 05:00:00,NONE,NONE,-1.0,NONE,C3.4,QUIET_20260612_2,True,0
3,20260612,2026-06-12 06:00:00,2026-06-12 07:00:00,NONE,NONE,-1.0,NONE,C4.6,QUIET_20260612_3,True,0
4,20260612,2026-06-12 08:00:00,2026-06-12 09:00:00,2026-06-12 09:43:00,2026-06-12 09:58:00,43.0,1h,M5.2,FLARE_20260612_0943_M5.2,False,1
5,20260612,2026-06-12 10:00:00,2026-06-12 11:00:00,NONE,NONE,-1.0,NONE,C2.0,QUIET_20260612_5,True,0
6,20260612,2026-06-12 12:00:00,2026-06-12 13:00:00,NONE,NONE,-1.0,NONE,C3.2,QUIET_20260612_6,True,0
7,20260612,2026-06-12 14:00:00,2026-06-12 15:00:00,NONE,NONE,-1.0,NONE,C4.4,QUIET_20260612_7,True,0
8,20260612,2026-06-12 16:00:00,2026-06-12 17:00:00,2026-06-12 17:26:00,2026-06-12 17:41:00,26.0,1h,M9.4,FLARE_20260612_1726_M9.4,False,1
9,20260612,2026-06-12 18:00:00,2026-06-12 19:00:00,NONE,NONE,-1.0,NONE,C2.8,QUIET_20260612_9,True,0
10,20260612,2026-06-12 20:00:00,2026-06-12 21:00:00,NONE,NONE,-1.0,NONE,C3.0,QUIET_20260612_10,True,0
11,20260612,2026-06-12 22:00:00,2026-06-12 23:00:00,NONE,NONE,-1.0,NONE,C4.2,QUIET_20260612_11,True,0
12,20240529,2024-05-29 00:00:00,2024-05-29 01:00:00,2024-05-29 01:54:00,2024-05-29 02:09:00,54.0,1h,M4.6,FLARE_20240529_0154_M4.6,False,1
13,20240529,2024-05-29 02:00:00,2024-05-29 03:00:00,NONE,NONE,-1.0,NONE,C2.6,QUIET_20240529_1,True,0
14,20240529,2024-05-29 04:00:00,2024-05-29 05:00:00,NONE,NONE,-1.0,NONE,C3.8,QUIET_20240529_2,True,0
15,20240529,2024-05-29 06:00:00,2024-05-29 07:00:00,NONE,NONE,-1.0,NONE,C4.0,QUIET_20240529_3,True,0
16,20240529,2024-05-29 08:00:00,2024-05-29 09:00:00,2024-05-29 09:37:00,2024-05-29 09:52:00,37.0,1h,M8.8,FLARE_20240529_0937_M8.8,False,1
17,20240529,2024-05-29 10:00:00,2024-05-29 11:00:00,NONE,NONE,-1.0,NONE,C2.4,QUIET_20240529_5,True,0
18,20240529,2024-05-29 12:00:00,2024-05-29 13:00:00,NONE,NONE,-1.0,NONE,C3.6,QUIET_20240529_6,True,0
19,20240529,2024-05-29 14:00:00,2024-05-29 15:00:00,NONE,NONE,-1.0,NONE,C4.8,QUIET_20240529_7,True,0
20,20240529,2024-05-29 16:00:00,2024-05-29 17:00:00,2024-05-29 17:20:00,2024-05-29 17:35:00,20.0,1h,M3.0,FLARE_20240529_1720_M3.0,False,1
21,20240529,2024-05-29 18:00:00,2024-05-29 19:00:00,NONE,NONE,-1.0,NONE,C2.2,QUIET_20240529_9,True,0
22,20240529,2024-05-29 20:00:00,2024-05-29 21:00:00,NONE,NONE,-1.0,NONE,C3.4,QUIET_20240529_10,True,0
23,20240529,2024-05-29 22:00:00,2024-05-29 23:00:00,NONE,NONE,-1.0,NONE,C4.6,QUIET_20240529_11,True,0
24,20240528,2024-05-28 00:00:00,2024-05-28 01:00:00,2024-05-28 01:48:00,2024-05-28 02:03:00,48.0,1h,M7.2,FLARE_20240528_0148_M7.2,False,1
25,20240528,2024-05-28 02:00:00,2024-05-28 03:00:00,NONE,NONE,-1.0,NONE,C2.0,QUIET_20240528_1,True,0
26,20240528,2024-05-28 04:00:00,2024-05-28 05:00:00,NONE,NONE,-1.0,NONE,C3.2,QUIET_20240528_2,True,0
27,20240528,2024-05-28 06:00:00,2024-05-28 07:00:00,NONE,NONE,-1.0,NONE,C4.4,QUIET_20240528_3,True,0
28,20240528,2024-05-28 08:00:00,2024-05-28 09:00:00,2024-05-28 09:31:00,2024-05-28 09:46:00,31.0,1h,M2.4,FLARE_20240528_0931_M2.4,False,1
29,20240528,2024-05-28 10:00:00,2024-05-28 11:00:00,NONE,NONE,-1.0,NONE,C2.8,QUIET_20240528_5,True,0
30,20240528,2024-05-28 12:00:00,2024-05-28 13:00:00,NONE,NONE,-1.0,NONE,C3.0,QUIET_20240528_6,True,0
31,20240528,2024-05-28 14:00:00,2024-05-28 15:00:00,NONE,NONE,-1.0,NONE,C4.2,QUIET_20240528_7,True,0
32,20240528,2024-05-28 16:00:00,2024-05-28 17:00:00,2024-05-28 17:59:00,2024-05-28 18:14:00,59.0,1h,M6.6,FLARE_20240528_1759_M6.6,False,1
33,20240528,2024-05-28 18:00:00,2024-05-28 19:00:00,NONE,NONE,-1.0,NONE,C2.6,QUIET_20240528_9,True,0
34,20240528,2024-05-28 20:00:00,2024-05-28 21:00:00,NONE,NONE,-1.0,NONE,C3.8,QUIET_20240528_10,True,0
35,20240528,2024-05-28 22:00:00,2024-05-28 23:00:00,NONE,NONE,-1.0,NONE,C4.0,QUIET_20240528_11,True,0
36,20260518,2026-05-18 00:00:00,2026-05-18 01:00:00,2026-05-18 01:42:00,2026-05-18 01:57:00,42.0,1h,M1.8,FLARE_20260518_0142_M1.8,False,1
37,20260518,2026-05-18 02:00:00,2026-05-18 03:00:00,NONE,NONE,-1.0,NONE,C2.4,QUIET_20260518_1,True,0
38,20260518,2026-05-18 04:00:00,2026-05-18 05:00:00,NONE,NONE,-1.0,NONE,C3.6,QUIET_20260518_2,True,0
39,20260518,2026-05-18 06:00:00,2026-05-18 07:00:00,NONE,NONE,-1.0,NONE,C4.8,QUIET_20260518_3,True,0
40,20260518,2026-05-18 08:00:00,2026-05-18 09:00:00,2026-05-18 09:25:00,2026-05-18 09:40:00,25.0,1h,M5.0,FLARE_20260518_0925_M5.0,False,1
41,20260518,2026-05-18 10:00:00,2026-05-18 11:00:00,NONE,NONE,-1.0,NONE,C2.2,QUIET_20260518_5,True,0
42,20260518,2026-05-18 12:00:00,2026-05-18 13:00:00,NONE,NONE,-1.0,NONE,C3.4,QUIET_20260518_6,True,0
43,20260518,2026-05-18 14:00:00,2026-05-18 15:00:00,NONE,NONE,-1.0,NONE,C4.6,QUIET_20260518_7,True,0
44,20260518,2026-05-18 16:00:00,2026-05-18 17:00:00,2026-05-18 17:53:00,2026-05-18 18:08:00,53.0,1h,M9.2,FLARE_20260518_1753_M9.2,False,1
45,20260518,2026-05-18 18:00:00,2026-05-18 19:00:00,NONE,NONE,-1.0,NONE,C2.0,QUIET_20260518_9,True,0
46,20260518,2026-05-18 20:00:00,2026-05-18 21:00:00,NONE,NONE,-1.0,NONE,C3.2,QUIET_20260518_10,True,0
47,20260518,2026-05-18 22:00:00,2026-05-18 23:00:00,NONE,NONE,-1.0,NONE,C4.4,QUIET_20260518_11,True,0
48,20260618,2026-06-18 00:00:00,2026-06-18 01:00:00,2026-06-18 01:36:00,2026-06-18 01:51:00,36.0,1h,M4.4,FLARE_20260618_0136_M4.4,False,1
49,20260618,2026-06-18 02:00:00,2026-06-18 03:00:00,NONE,NONE,-1.0,NONE,C2.8,QUIET_20260618_1,True,0
50,20260618,2026-06-18 04:00:00,2026-06-18 05:00:00,NONE,NONE,-1.0,NONE,C3.0,QUIET_20260618_2,True,0
51,20260618,2026-06-18 06:00:00,2026-06-18 07:00:00,NONE,NONE,-1.0,NONE,C4.2,QUIET_20260618_3,True,0
52,20260618,2026-06-18 08:00:00,2026-06-18 09:00:00,2026-06-18 09:19:00,2026-06-18 09:34:00,19.0,1h,M8.6,FLARE_20260618_0919_M8.6,False,1
53,20260618,2026-06-18 10:00:00,2026-06-18 11:00:00,NONE,NONE,-1.0,NONE,C2.6,QUIET_20260618_5,True,0
54,20260618,2026-06-18 12:00:00,2026-06-18 13:00:00,NONE,NONE,-1.0,NONE,C3.8,QUIET_20260618_6,True,0
55,20260618,2026-06-18 14:00:00,2026-06-18 15:00:00,NONE,NONE,-1.0,NONE,C4.0,QUIET_20260618_7,True,0
56,20260618,2026-06-18 16:00:00,2026-06-18 17:00:00,2026-06-18 17:47:00,2026-06-18 18:02:00,47.0,1h,M3.8,FLARE_20260618_1747_M3.8,False,1
57,20260618,2026-06-18 18:00:00,2026-06-18 19:00:00,NONE,NONE,-1.0,NONE,C2.4,QUIET_20260618_9,True,0
58,20260618,2026-06-18 20:00:00,2026-06-18 21:00:00,NONE,NONE,-1.0,NONE,C3.6,QUIET_20260618_10,True,0
59,20260618,2026-06-18 22:00:00,2026-06-18 23:00:00,NONE,NONE,-1.0,NONE,C4.8,QUIET_20260618_11,True,0
60,20260603,2026-06-03 00:00:00,2026-06-03 01:00:00,2026-06-03 01:30:00,2026-06-03 01:45:00,30.0,1h,M7.0,FLARE_20260603_0130_M7.0,False,1
61,20260603,2026-06-03 02:00:00,2026-06-03 03:00:00,NONE,NONE,-1.0,NONE,C2.2,QUIET_20260603_1,True,0
62,20260603,2026-06-03 04:00:00,2026-06-03 05:00:00,NONE,NONE,-1.0,NONE,C3.4,QUIET_20260603_2,True,0
63,20260603,2026-06-03 06:00:00,2026-06-03 07:00:00,NONE,NONE,-1.0,NONE,C4.6,QUIET_20260603_3,True,0
64,20260603,2026-06-03 08:00:00,2026-06-03 09:00:00,2026-06-03 09:58:00,2026-06-03 10:13:00,58.0,1h,M2.2,FLARE_20260603_0958_M2.2,False,1
65,20260603,2026-06-03 10:00:00,2026-06-03 11:00:00,NONE,NONE,-1.0,NONE,C2.0,QUIET_20260603_5,True,0
66,20260603,2026-06-03 12:00:00,2026-06-03 13:00:00,NONE,NONE,-1.0,NONE,C3.2,QUIET_20260603_6,True,0
67,20260603,2026-06-03 14:00:00,2026-06-03 15:00:00,NONE,NONE,-1.0,NONE,C4.4,QUIET_20260603_7,True,0
68,20260603,2026-06-03 16:00:00,2026-06-03 17:00:00,2026-06-03 17:41:00,2026-06-03 17:56:00,41.0,1h,M6.4,FLARE_20260603_1741_M6.4,False,1
69,20260603,2026-06-03 18:00:00,2026-06-03 19:00:00,NONE,NONE,-1.0,NONE,C2.8,QUIET_20260603_9,True,0
70,20260603,2026-06-03 20:00:00,2026-06-03 21:00:00,NONE,NONE,-1.0,NONE,C3.0,QUIET_20260603_10,True,0
71,20260603,2026-06-03 22:00:00,2026-06-03 23:00:00,NONE,NONE,-1.0,NONE,C4.2,QUIET_20260603_11,True,0
72,20240531,2024-05-31 00:00:00,2024-05-31 01:00:00,2024-05-31 01:24:00,2024-05-31 01:39:00,24.0,1h,M1.6,FLARE_20240531_0124_M1.6,False,1
73,20240531,2024-05-31 02:00:00,2024-05-31 03:00:00,NONE,NONE,-1.0,NONE,C2.6,QUIET_20240531_1,True,0
74,20240531,2024-05-31 04:00:00,2024-05-31 05:00:00,NONE,NONE,-1.0,NONE,C3.8,QUIET_20240531_2,True,0
75,20240531,2024-05-31 06:00:00,2024-05-31 07:00:00,NONE,NONE,-1.0,NONE,C4.0,QUIET_20240531_3,True,0
76,20240531,2024-05-31 08:00:00,2024-05-31 09:00:00,2024-05-31 09:52:00,2024-05-31 10:07:00,52.0,1h,M5.8,FLARE_20240531_0952_M5.8,False,1
77,20240531,2024-05-31 10:00:00,2024-05-31 11:00:00,NONE,NONE,-1.0,NONE,C2.4,QUIET_20240531_5,True,0
78,20240531,2024-05-31 12:00:00,2024-05-31 13:00:00,NONE,NONE,-1.0,NONE,C3.6,QUIET_20240531_6,True,0
79,20240531,2024-05-31 14:00:00,2024-05-31 15:00:00,NONE,NONE,-1.0,NONE,C4.8,QUIET_20240531_7,True,0
80,20240531,2024-05-31 16:00:00,2024-05-31 17:00:00,2024-05-31 17:35:00,2024-05-31 17:50:00,35.0,1h,M9.0,FLARE_20240531_1735_M9.0,False,1
81,20240531,2024-05-31 18:00:00,2024-05-31 19:00:00,NONE,NONE,-1.0,NONE,C2.2,QUIET_20240531_9,True,0
82,20240531,2024-05-31 20:00:00,2024-05-31 21:00:00,NONE,NONE,-1.0,NONE,C3.4,QUIET_20240531_10,True,0
83,20240531,2024-05-31 22:00:00,2024-05-31 23:00:00,NONE,NONE,-1.0,NONE,C4.6,QUIET_20240531_11,True,0
84,20260629,2026-06-29 00:00:00,2026-06-29 01:00:00,2026-06-29 01:18:00,2026-06-29 01:33:00,18.0,1h,M4.2,FLARE_20260629_0118_M4.2,False,1
85,20260629,2026-06-29 02:00:00,2026-06-29 03:00:00,NONE,NONE,-1.0,NONE,C2.0,QUIET_20260629_1,True,0
86,20260629,2026-06-29 04:00:00,2026-06-29 05:00:00,NONE,NONE,-1.0,NONE,C3.2,QUIET_20260629_2,True,0
87,20260629,2026-06-29 06:00:00,2026-06-29 07:00:00,NONE,NONE,-1.0,NONE,C4.4,QUIET_20260629_3,True,0
88,20260629,2026-06-29 08:00:00,2026-06-29 09:00:00,2026-06-29 09:46:00,2026-06-29 10:01:00,46.0,1h,M8.4,FLARE_20260629_0946_M8.4,False,1
89,20260629,2026-06-29 10:00:00,2026-06-29 11:00:00,NONE,NONE,-1.0,NONE,C2.8,QUIET_20260629_5,True,0
90,20260629,2026-06-29 12:00:00,2026-06-29 13:00:00,NONE,NONE,-1.0,NONE,C3.0,QUIET_20260629_6,True,0
91,20260629,2026-06-29 14:00:00,2026-06-29 15:00:00,NONE,NONE,-1.0,NONE,C4.2,QUIET_20260629_7,True,0
92,20260629,2026-06-29 16:00:00,2026-06-29 17:00:00,2026-06-29 17:29:00,2026-06-29 17:44:00,29.0,1h,M3.6,FLARE_20260629_1729_M3.6,False,1
93,20260629,2026-06-29 18:00:00,2026-06-29 19:00:00,NONE,NONE,-1.0,NONE,C2.6,QUIET_20260629_9,True,0
94,20260629,2026-06-29 20:00:00,2026-06-29 21:00:00,NONE,NONE,-1.0,NONE,C3.8,QUIET_20260629_10,True,0
95,20260629,2026-06-29 22:00:00,2026-06-29 23:00:00,NONE,NONE,-1.0,NONE,C4.0,QUIET_20260629_11,True,0
96,20260529,2026-05-29 00:00:00,2026-05-29 01:00:00,2026-05-29 01:57:00,2026-05-29 02:12:00,57.0,1h,M7.8,FLARE_20260529_0157_M7.8,False,1
97,20260529,2026-05-29 02:00:00,2026-05-29 03:00:00,NONE,NONE,-1.0,NONE,C2.4,QUIET_20260529_1,True,0
98,20260529,2026-05-29 04:00:00,2026-05-29 05:00:00,NONE,NONE,-1.0,NONE,C3.6,QUIET_20260529_2,True,0
99,20260529,2026-05-29 06:00:00,2026-05-29 07:00:00,NONE,NONE,-1.0,NONE,C4.8,QUIET_20260529_3,True,0
100,20260529,2026-05-29 08:00:00,2026-05-29 09:00:00,2026-05-29 09:40:00,2026-05-29 09:55:00,40.0,1h,M2.0,FLARE_20260529_0940_M2.0,False,1
101,20260529,2026-05-29 10:00:00,2026-05-29 11:00:00,NONE,NONE,-1.0,NONE,C2.2,QUIET_20260529_5,True,0
102,20260529,2026-05-29 12:00:00,2026-05-29 13:00:00,NONE,NONE,-1.0,NONE,C3.4,QUIET_20260529_6,True,0
103,20260529,2026-05-29 14:00:00,2026-05-29 15:00:00,NONE,NONE,-1.0,NONE,C4.6,QUIET_20260529_7,True,0
104,20260529,2026-05-29 16:00:00,2026-05-29 17:00:00,2026-05-29 17:23:00,2026-05-29 17:38:00,23.0,1h,M6.2,FLARE_20260529_1723_M6.2,False,1
105,20260529,2026-05-29 18:00:00,2026-05-29 19:00:00,NONE,NONE,-1.0,NONE,C2.0,QUIET_20260529_9,True,0
106,20260529,2026-05-29 20:00:00,2026-05-29 21:00:00,NONE,NONE,-1.0,NONE,C3.2,QUIET_20260529_10,True,0
107,20260529,2026-05-29 22:00:00,2026-05-29 23:00:00,NONE,NONE,-1.0,NONE,C4.4,QUIET_20260529_11,True,0
108,20260514,2026-05-14 00:00:00,2026-05-14 01:00:00,2026-05-14 01:51:00,2026-05-14 02:06:00,51.0,1h,M1.4,FLARE_20260514_0151_M1.4,False,1
109,20260514,2026-05-14 02:00:00,2026-05-14 03:00:00,NONE,NONE,-1.0,NONE,C2.8,QUIET_20260514_1,True,0
110,20260514,2026-05-14 04:00:00,2026-05-14 05:00:00,NONE,NONE,-1.0,NONE,C3.0,QUIET_20260514_2,True,0
111,20260514,2026-05-14 06:00:00,2026-05-14 07:00:00,NONE,NONE,-1.0,NONE,C4.2,QUIET_20260514_3,True,0
112,20260514,2026-05-14 08:00:00,2026-05-14 09:00:00,2026-05-14 09:34:00,2026-05-14 09:49:00,34.0,1h,M5.6,FLARE_20260514_0934_M5.6,False,1
113,20260514,2026-05-14 10:00:00,2026-05-14 11:00:00,NONE,NONE,-1.0,NONE,C2.6,QUIET_20260514_5,True,0
114,20260514,2026-05-14 12:00:00,2026-05-14 13:00:00,NONE,NONE,-1.0,NONE,C3.8,QUIET_20260514_6,True,0
115,20260514,2026-05-14 14:00:00,2026-05-14 15:00:00,NONE,NONE,-1.0,NONE,C4.0,QUIET_20260514_7,True,0
116,20260514,2026-05-14 16:00:00,2026-05-14 17:00:00,2026-05-14 17:17:00,2026-05-14 17:32:00,17.0,1h,M9.8,FLARE_20260514_1717_M9.8,False,1
117,20260514,2026-05-14 18:00:00,2026-05-14 19:00:00,NONE,NONE,-1.0,NONE,C2.4,QUIET_20260514_9,True,0
118,20260514,2026-05-14 20:00:00,2026-05-14 21:00:00,NONE,NONE,-1.0,NONE,C3.6,QUIET_20260514_10,True,0
119,20260514,2026-05-14 22:00:00,2026-05-14 23:00:00,NONE,NONE,-1.0,NONE,C4.8,QUIET_20260514_11,True,0
120,20240518,2024-05-18 00:00:00,2024-05-18 01:00:00,2024-05-18 01:45:00,2024-05-18 02:00:00,45.0,1h,M4.0,FLARE_20240518_0145_M4.0,False,1
121,20240518,2024-05-18 02:00:00,2024-05-18 03:00:00,NONE,NONE,-1.0,NONE,C2.2,QUIET_20240518_1,True,0
122,20240518,2024-05-18 04:00:00,2024-05-18 05:00:00,NONE,NONE,-1.0,NONE,C3.4,QUIET_20240518_2,True,0
123,20240518,2024-05-18 06:00:00,2024-05-18 07:00:00,NONE,NONE,-1.0,NONE,C4.6,QUIET_20240518_3,True,0
124,20240518,2024-05-18 08:00:00,2024-05-18 09:00:00,2024-05-18 09:28:00,2024-05-18 09:43:00,28.0,1h,M8.2,FLARE_20240518_0928_M8.2,False,1
125,20240518,2024-05-18 10:00:00,2024-05-18 11:00:00,NONE,NONE,-1.0,NONE,C2.0,QUIET_20240518_5,True,0
126,20240518,2024-05-18 12:00:00,2024-05-18 13:00:00,NONE,NONE,-1.0,NONE,C3.2,QUIET_20240518_6,True,0
127,20240518,2024-05-18 14:00:00,2024-05-18 15:00:00,NONE,NONE,-1.0,NONE,C4.4,QUIET_20240518_7,True,0
128,20240518,2024-05-18 16:00:00,2024-05-18 17:00:00,2024-05-18 17:56:00,2024-05-18 18:11:00,56.0,1h,M3.4,FLARE_20240518_1756_M3.4,False,1
129,20240518,2024-05-18 18:00:00,2024-05-18 19:00:00,NONE,NONE,-1.0,NONE,C2.8,QUIET_20240518_9,True,0
130,20240518,2024-05-18 20:00:00,2024-05-18 21:00:00,NONE,NONE,-1.0,NONE,C3.0,QUIET_20240518_10,True,0
131,20240518,2024-05-18 22:00:00,2024-05-18 23:00:00,NONE,NONE,-1.0,NONE,C4.2,QUIET_20240518_11,True,0
132,20260627,2026-06-27 00:00:00,2026-06-27 01:00:00,2026-06-27 01:39:00,2026-06-27 01:54:00,39.0,1h,M7.6,FLARE_20260627_0139_M7.6,False,1
133,20260627,2026-06-27 02:00:00,2026-06-27 03:00:00,NONE,NONE,-1.0,NONE,C2.6,QUIET_20260627_1,True,0
134,20260627,2026-06-27 04:00:00,2026-06-27 05:00:00,NONE,NONE,-1.0,NONE,C3.8,QUIET_20260627_2,True,0
135,20260627,2026-06-27 06:00:00,2026-06-27 07:00:00,NONE,NONE,-1.0,NONE,C4.0,QUIET_20260627_3,True,0
136,20260627,2026-06-27 08:00:00,2026-06-27 09:00:00,2026-06-27 09:22:00,2026-06-27 09:37:00,22.0,1h,M2.8,FLARE_20260627_0922_M2.8,False,1
137,20260627,2026-06-27 10:00:00,2026-06-27 11:00:00,NONE,NONE,-1.0,NONE,C2.4,QUIET_20260627_5,True,0
138,20260627,2026-06-27 12:00:00,2026-06-27 13:00:00,NONE,NONE,-1.0,NONE,C3.6,QUIET_20260627_6,True,0
139,20260627,2026-06-27 14:00:00,2026-06-27 15:00:00,NONE,NONE,-1.0,NONE,C4.8,QUIET_20260627_7,True,0
140,20260627,2026-06-27 16:00:00,2026-06-27 17:00:00,2026-06-27 17:50:00,2026-06-27 18:05:00,50.0,1h,M6.0,FLARE_20260627_1750_M6.0,False,1
141,20260627,2026-06-27 18:00:00,2026-06-27 19:00:00,NONE,NONE,-1.0,NONE,C2.2,QUIET_20260627_9,True,0
142,20260627,2026-06-27 20:00:00,2026-06-27 21:00:00,NONE,NONE,-1.0,NONE,C3.4,QUIET_20260627_10,True,0
143,20260627,2026-06-27 22:00:00,2026-06-27 23:00:00,NONE,NONE,-1.0,NONE,C4.6,QUIET_20260627_11,True,0
144,20260701,2026-07-01 00:00:00,2026-07-01 01:00:00,2026-07-01 01:33:00,2026-07-01 01:48:00,33.0,1h,M1.2,FLARE_20260701_0133_M1.2,False,1
145,20260701,2026-07-01 02:00:00,2026-07-01 03:00:00,NONE,NONE,-1.0,NONE,C2.0,QUIET_20260701_1,True,0
146,20260701,2026-07-01 04:00:00,2026-07-01 05:00:00,NONE,NONE,-1.0,NONE,C3.2,QUIET_20260701_2,True,0
147,20260701,2026-07-01 06:00:00,2026-07-01 07:00:00,NONE,NONE,-1.0,NONE,C4.4,QUIET_20260701_3,True,0
148,20260701,2026-07-01 08:00:00,2026-07-01 09:00:00,2026-07-01 09:16:00,2026-07-01 09:31:00,16.0,1h,M5.4,FLARE_20260701_0916_M5.4,False,1
149,20260701,2026-07-01 10:00:00,2026-07-01 11:00:00,NONE,NONE,-1.0,NONE,C2.8,QUIET_20260701_5,True,0
150,20260701,2026-07-01 12:00:00,2026-07-01 13:00:00,NONE,NONE,-1.0,NONE,C3.0,QUIET_20260701_6,True,0
151,20260701,2026-07-01 14:00:00,2026-07-01 15:00:00,NONE,NONE,-1.0,NONE,C4.2,QUIET_20260701_7,True,0
152,20260701,2026-07-01 16:00:00,2026-07-01 17:00:00,2026-07-01 17:44:00,2026-07-01 17:59:00,44.0,1h,M9.6,FLARE_20260701_1744_M9.6,False,1
153,20260701,2026-07-01 18:00:00,2026-07-01 19:00:00,NONE,NONE,-1.0,NONE,C2.6,QUIET_20260701_9,True,0
154,20260701,2026-07-01 20:00:00,2026-07-01 21:00:00,NONE,NONE,-1.0,NONE,C3.8,QUIET_20260701_10,True,0
155,20260701,2026-07-01 22:00:00,2026-07-01 23:00:00,NONE,NONE,-1.0,NONE,C4.0,QUIET_20260701_11,True,0
156,20260702,2026-07-02 00:00:00,2026-07-02 01:00:00,2026-07-02 01:27:00,2026-07-02 01:42:00,27.0,1h,M4.8,FLARE_20260702_0127_M4.8,False,1
157,20260702,2026-07-02 02:00:00,2026-07-02 03:00:00,NONE,NONE,-1.0,NONE,C2.4,QUIET_20260702_1,True,0
158,20260702,2026-07-02 04:00:00,2026-07-02 05:00:00,NONE,NONE,-1.0,NONE,C3.6,QUIET_20260702_2,True,0
159,20260702,2026-07-02 06:00:00,2026-07-02 07:00:00,NONE,NONE,-1.0,NONE,C4.8,QUIET_20260702_3,True,0
160,20260702,2026-07-02 08:00:00,2026-07-02 09:00:00,2026-07-02 09:55:00,2026-07-02 10:10:00,55.0,1h,M8.0,FLARE_20260702_0955_M8.0,False,1
161,20260702,2026-07-02 10:00:00,2026-07-02 11:00:00,NONE,NONE,-1.0,NONE,C2.2,QUIET_20260702_5,True,0
162,20260702,2026-07-02 12:00:00,2026-07-02 13:00:00,NONE,NONE,-1.0,NONE,C3.4,QUIET_20260702_6,True,0
163,20260702,2026-07-02 14:00:00,2026-07-02 15:00:00,NONE,NONE,-1.0,NONE,C4.6,QUIET_20260702_7,True,0
164,20260702,2026-07-02 16:00:00,2026-07-02 17:00:00,2026-07-02 17:38:00,2026-07-02 17:53:00,38.0,1h,M3.2,FLARE_20260702_1738_M3.2,False,1
165,20260702,2026-07-02 18:00:00,2026-07-02 19:00:00,NONE,NONE,-1.0,NONE,C2.0,QUIET_20260702_9,True,0
166,20260702,2026-07-02 20:00:00,2026-07-02 21:00:00,NONE,NONE,-1.0,NONE,C3.2,QUIET_20260702_10,True,0
167,20260702,2026-07-02 22:00:00,2026-07-02 23:00:00,NONE,NONE,-1.0,NONE,C4.4,QUIET_20260702_11,True,0
168,20260511,2026-05-11 00:00:00,2026-05-11 01:00:00,2026-05-11 01:21:00,2026-05-11 01:36:00,21.0,1h,M7.4,FLARE_20260511_0121_M7.4,False,1
169,20260511,2026-05-11 02:00:00,2026-05-11 03:00:00,NONE,NONE,-1.0,NONE,C2.8,QUIET_20260511_1,True,0
170,20260511,2026-05-11 04:00:00,2026-05-11 05:00:00,NONE,NONE,-1.0,NONE,C3.0,QUIET_20260511_2,True,0
171,20260511,2026-05-11 06:00:00,2026-05-11 07:00:00,NONE,NONE,-1.0,NONE,C4.2,QUIET_20260511_3,True,0
172,20260511,2026-05-11 08:00:00,2026-05-11 09:00:00,2026-05-11 09:49:00,2026-05-11 10:04:00,49.0,1h,M2.6,FLARE_20260511_0949_M2.6,False,1
173,20260511,2026-05-11 10:00:00,2026-05-11 11:00:00,NONE,NONE,-1.0,NONE,C2.6,QUIET_20260511_5,True,0
174,20260511,2026-05-11 12:00:00,2026-05-11 13:00:00,NONE,NONE,-1.0,NONE,C3.8,QUIET_20260511_6,True,0
175,20260511,2026-05-11 14:00:00,2026-05-11 15:00:00,NONE,NONE,-1.0,NONE,C4.0,QUIET_20260511_7,True,0
176,20260511,2026-05-11 16:00:00,2026-05-11 17:00:00,2026-05-11 17:32:00,2026-05-11 17:47:00,32.0,1h,M6.8,FLARE_20260511_1732_M6.8,False,1
177,20260511,2026-05-11 18:00:00,2026-05-11 19:00:00,NONE,NONE,-1.0,NONE,C2.4,QUIET_20260511_9,True,0
178,20260511,2026-05-11 20:00:00,2026-05-11 21:00:00,NONE,NONE,-1.0,NONE,C3.6,QUIET_20260511_10,True,0
179,20260511,2026-05-11 22:00:00,2026-05-11 23:00:00,NONE,NONE,-1.0,NONE,C4.8,QUIET_20260511_11,True,0
180,20240520,2024-05-20 00:00:00,2024-05-20 01:00:00,2024-05-20 01:15:00,2024-05-20 01:30:00,15.0,1h,M1.0,FLARE_20240520_0115_M1.0,False,1
181,20240520,2024-05-20 02:00:00,2024-05-20 03:00:00,NONE,NONE,-1.0,NONE,C2.2,QUIET_20240520_1,True,0
182,20240520,2024-05-20 04:00:00,2024-05-20 05:00:00,NONE,NONE,-1.0,NONE,C3.4,QUIET_20240520_2,True,0
183,20240520,2024-05-20 06:00:00,2024-05-20 07:00:00,NONE,NONE,-1.0,NONE,C4.6,QUIET_20240520_3,True,0
184,20240520,2024-05-20 08:00:00,2024-05-20 09:00:00,2024-05-20 09:43:00,2024-05-20 09:58:00,43.0,1h,M5.2,FLARE_20240520_0943_M5.2,False,1
185,20240520,2024-05-20 10:00:00,2024-05-20 11:00:00,NONE,NONE,-1.0,NONE,C2.0,QUIET_20240520_5,True,0
186,20240520,2024-05-20 12:00:00,2024-05-20 13:00:00,NONE,NONE,-1.0,NONE,C3.2,QUIET_20240520_6,True,0
187,20240520,2024-05-20 14:00:00,2024-05-20 15:00:00,NONE,NONE,-1.0,NONE,C4.4,QUIET_20240520_7,True,0
188,20240520,2024-05-20 16:00:00,2024-05-20 17:00:00,2024-05-20 17:26:00,2024-05-20 17:41:00,26.0,1h,M9.4,FLARE_20240520_1726_M9.4,False,1
189,20240520,2024-05-20 18:00:00,2024-05-20 19:00:00,NONE,NONE,-1.0,NONE,C2.8,QUIET_20240520_9,True,0
190,20240520,2024-05-20 20:00:00,2024-05-20 21:00:00,NONE,NONE,-1.0,NONE,C3.0,QUIET_20240520_10,True,0
191,20240520,2024-05-20 22:00:00,2024-05-20 23:00:00,NONE,NONE,-1.0,NONE,C4.2,QUIET_20240520_11,True,0
192,20260508,2026-05-08 00:00:00,2026-05-08 01:00:00,2026-05-08 01:54:00,2026-05-08 02:09:00,54.0,1h,M4.6,FLARE_20260508_0154_M4.6,False,1
193,20260508,2026-05-08 02:00:00,2026-05-08 03:00:00,NONE,NONE,-1.0,NONE,C2.6,QUIET_20260508_1,True,0
194,20260508,2026-05-08 04:00:00,2026-05-08 05:00:00,NONE,NONE,-1.0,NONE,C3.8,QUIET_20260508_2,True,0
195,20260508,2026-05-08 06:00:00,2026-05-08 07:00:00,NONE,NONE,-1.0,NONE,C4.0,QUIET_20260508_3,True,0
196,20260508,2026-05-08 08:00:00,2026-05-08 09:00:00,2026-05-08 09:37:00,2026-05-08 09:52:00,37.0,1h,M8.8,FLARE_20260508_0937_M8.8,False,1
197,20260508,2026-05-08 10:00:00,2026-05-08 11:00:00,NONE,NONE,-1.0,NONE,C2.4,QUIET_20260508_5,True,0
198,20260508,2026-05-08 12:00:00,2026-05-08 13:00:00,NONE,NONE,-1.0,NONE,C3.6,QUIET_20260508_6,True,0
199,20260508,2026-05-08 14:00:00,2026-05-08 15:00:00,NONE,NONE,-1.0,NONE,C4.8,QUIET_20260508_7,True,0
200,20260508,2026-05-08 16:00:00,2026-05-08 17:00:00,2026-05-08 17:20:00,2026-05-08 17:35:00,20.0,1h,M3.0,FLARE_20260508_1720_M3.0,False,1
201,20260508,2026-05-08 18:00:00,2026-05-08 19:00:00,NONE,NONE,-1.0,NONE,C2.2,QUIET_20260508_9,True,0
202,20260508,2026-05-08 20:00:00,2026-05-08 21:00:00,NONE,NONE,-1.0,NONE,C3.4,QUIET_20260508_10,True,0
203,20260508,2026-05-08 22:00:00,2026-05-08 23:00:00,NONE,NONE,-1.0,NONE,C4.6,QUIET_20260508_11,True,0
204,20260613,2026-06-13 00:00:00,2026-06-13 01:00:00,2026-06-13 01:48:00,2026-06-13 02:03:00,48.0,1h,M7.2,FLARE_20260613_0148_M7.2,False,1
205,20260613,2026-06-13 02:00:00,2026-06-13 03:00:00,NONE,NONE,-1.0,NONE,C2.0,QUIET_20260613_1,True,0
206,20260613,2026-06-13 04:00:00,2026-06-13 05:00:00,NONE,NONE,-1.0,NONE,C3.2,QUIET_20260613_2,True,0
207,20260613,2026-06-13 06:00:00,2026-06-13 07:00:00,NONE,NONE,-1.0,NONE,C4.4,QUIET_20260613_3,True,0
208,20260613,2026-06-13 08:00:00,2026-06-13 09:00:00,2026-06-13 09:31:00,2026-06-13 09:46:00,31.0,1h,M2.4,FLARE_20260613_0931_M2.4,False,1
209,20260613,2026-06-13 10:00:00,2026-06-13 11:00:00,NONE,NONE,-1.0,NONE,C2.8,QUIET_20260613_5,True,0
210,20260613,2026-06-13 12:00:00,2026-06-13 13:00:00,NONE,NONE,-1.0,NONE,C3.0,QUIET_20260613_6,True,0
211,20260613,2026-06-13 14:00:00,2026-06-13 15:00:00,NONE,NONE,-1.0,NONE,C4.2,QUIET_20260613_7,True,0
212,20260613,2026-06-13 16:00:00,2026-06-13 17:00:00,2026-06-13 17:59:00,2026-06-13 18:14:00,59.0,1h,M6.6,FLARE_20260613_1759_M6.6,False,1
213,20260613,2026-06-13 18:00:00,2026-06-13 19:00:00,NONE,NONE,-1.0,NONE,C2.6,QUIET_20260613_9,True,0
214,20260613,2026-06-13 20:00:00,2026-06-13 21:00:00,NONE,NONE,-1.0,NONE,C3.8,QUIET_20260613_10,True,0
215,20260613,2026-06-13 22:00:00,2026-06-13 23:00:00,NONE,NONE,-1.0,NONE,C4.0,QUIET_20260613_11,True,0
216,20260512,2026-05-12 00:00:00,2026-05-12 01:00:00,2026-05-12 01:42:00,2026-05-12 01:57:00,42.0,1h,M1.8,FLARE_20260512_0142_M1.8,False,1
217,20260512,2026-05-12 02:00:00,2026-05-12 03:00:00,NONE,NONE,-1.0,NONE,C2.4,QUIET_20260512_1,True,0
218,20260512,2026-05-12 04:00:00,2026-05-12 05:00:00,NONE,NONE,-1.0,NONE,C3.6,QUIET_20260512_2,True,0
219,20260512,2026-05-12 06:00:00,2026-05-12 07:00:00,NONE,NONE,-1.0,NONE,C4.8,QUIET_20260512_3,True,0
220,20260512,2026-05-12 08:00:00,2026-05-12 09:00:00,2026-05-12 09:25:00,2026-05-12 09:40:00,25.0,1h,M5.0,FLARE_20260512_0925_M5.0,False,1
221,20260512,2026-05-12 10:00:00,2026-05-12 11:00:00,NONE,NONE,-1.0,NONE,C2.2,QUIET_20260512_5,True,0
222,20260512,2026-05-12 12:00:00,2026-05-12 13:00:00,NONE,NONE,-1.0,NONE,C3.4,QUIET_20260512_6,True,0
223,20260512,2026-05-12 14:00:00,2026-05-12 15:00:00,NONE,NONE,-1.0,NONE,C4.6,QUIET_20260512_7,True,0
224,20260512,2026-05-12 16:00:00,2026-05-12 17:00:00,2026-05-12 17:53:00,2026-05-12 18:08:00,53.0,1h,M9.2,FLARE_20260512_1753_M9.2,False,1
225,20260512,2026-05-12 18:00:00,2026-05-12 19:00:00,NONE,NONE,-1.0,NONE,C2.0,QUIET_20260512_9,True,0
226,20260512,2026-05-12 20:00:00,2026-05-12 21:00:00,NONE,NONE,-1.0,NONE,C3.2,QUIET_20260512_10,True,0
227,20260512,2026-05-12 22:00:00,2026-05-12 23:00:00,NONE,NONE,-1.0,NONE,C4.4,QUIET_20260512_11,True,0
228,20260519,2026-05-19 00:00:00,2026-05-19 01:00:00,2026-05-19 01:36:00,2026-05-19 01:51:00,36.0,1h,M4.4,FLARE_20260519_0136_M4.4,False,1
229,20260519,2026-05-19 02:00:00,2026-05-19 03:00:00,NONE,NONE,-1.0,NONE,C2.8,QUIET_20260519_1,True,0
230,20260519,2026-05-19 04:00:00,2026-05-19 05:00:00,NONE,NONE,-1.0,NONE,C3.0,QUIET_20260519_2,True,0
231,20260519,2026-05-19 06:00:00,2026-05-19 07:00:00,NONE,NONE,-1.0,NONE,C4.2,QUIET_20260519_3,True,0
232,20260519,2026-05-19 08:00:00,2026-05-19 09:00:00,2026-05-19 09:19:00,2026-05-19 09:34:00,19.0,1h,M8.6,FLARE_20260519_0919_M8.6,False,1
233,20260519,2026-05-19 10:00:00,2026-05-19 11:00:00,NONE,NONE,-1.0,NONE,C2.6,QUIET_20260519_5,True,0
234,20260519,2026-05-19 12:00:00,2026-05-19 13:00:00,NONE,NONE,-1.0,NONE,C3.8,QUIET_20260519_6,True,0
235,20260519,2026-05-19 14:00:00,2026-05-19 15:00:00,NONE,NONE,-1.0,NONE,C4.0,QUIET_20260519_7,True,0
236,20260519,2026-05-19 16:00:00,2026-05-19 17:00:00,2026-05-19 17:47:00,2026-05-19 18:02:00,47.0,1h,M3.8,FLARE_20260519_1747_M3.8,False,1
237,20260519,2026-05-19 18:00:00,2026-05-19 19:00:00,NONE,NONE,-1.0,NONE,C2.4,QUIET_20260519_9,True,0
238,20260519,2026-05-19 20:00:00,2026-05-19 21:00:00,NONE,NONE,-1.0,NONE,C3.6,QUIET_20260519_10,True,0
239,20260519,2026-05-19 22:00:00,2026-05-19 23:00:00,NONE,NONE,-1.0,NONE,C4.8,QUIET_20260519_11,True,0
240,20260620,2026-06-20 00:00:00,2026-06-20 01:00:00,2026-06-20 01:30:00,2026-06-20 01:45:00,30.0,1h,M7.0,FLARE_20260620_0130_M7.0,False,1
241,20260620,2026-06-20 02:00:00,2026-06-20 03:00:00,NONE,NONE,-1.0,NONE,C2.2,QUIET_20260620_1,True,0
242,20260620,2026-06-20 04:00:00,2026-06-20 05:00:00,NONE,NONE,-1.0,NONE,C3.4,QUIET_20260620_2,True,0
243,20260620,2026-06-20 06:00:00,2026-06-20 07:00:00,NONE,NONE,-1.0,NONE,C4.6,QUIET_20260620_3,True,0
244,20260620,2026-06-20 08:00:00,2026-06-20 09:00:00,2026-06-20 09:58:00,2026-06-20 10:13:00,58.0,1h,M2.2,FLARE_20260620_0958_M2.2,False,1
245,20260620,2026-06-20 10:00:00,2026-06-20 11:00:00,NONE,NONE,-1.0,NONE,C2.0,QUIET_20260620_5,True,0
246,20260620,2026-06-20 12:00:00,2026-06-20 13:00:00,NONE,NONE,-1.0,NONE,C3.2,QUIET_20260620_6,True,0
247,20260620,2026-06-20 14:00:00,2026-06-20 15:00:00,NONE,NONE,-1.0,NONE,C4.4,QUIET_20260620_7,True,0
248,20260620,2026-06-20 16:00:00,2026-06-20 17:00:00,2026-06-20 17:41:00,2026-06-20 17:56:00,41.0,1h,M6.4,FLARE_20260620_1741_M6.4,False,1
249,20260620,2026-06-20 18:00:00,2026-06-20 19:00:00,NONE,NONE,-1.0,NONE,C2.8,QUIET_20260620_9,True,0
250,20260620,2026-06-20 20:00:00,2026-06-20 21:00:00,NONE,NONE,-1.0,NONE,C3.0,QUIET_20260620_10,True,0
251,20260620,2026-06-20 22:00:00,2026-06-20 23:00:00,NONE,NONE,-1.0,NONE,C4.2,QUIET_20260620_11,True,0
252,20240523,2024-05-23 00:00:00,2024-05-23 01:00:00,2024-05-23 01:24:00,2024-05-23 01:39:00,24.0,1h,M1.6,FLARE_20240523_0124_M1.6,False,1
253,20240523,2024-05-23 02:00:00,2024-05-23 03:00:00,NONE,NONE,-1.0,NONE,C2.6,QUIET_20240523_1,True,0
254,20240523,2024-05-23 04:00:00,2024-05-23 05:00:00,NONE,NONE,-1.0,NONE,C3.8,QUIET_20240523_2,True,0
255,20240523,2024-05-23 06:00:00,2024-05-23 07:00:00,NONE,NONE,-1.0,NONE,C4.0,QUIET_20240523_3,True,0
256,20240523,2024-05-23 08:00:00,2024-05-23 09:00:00,2024-05-23 09:52:00,2024-05-23 10:07:00,52.0,1h,M5.8,FLARE_20240523_0952_M5.8,False,1
257,20240523,2024-05-23 10:00:00,2024-05-23 11:00:00,NONE,NONE,-1.0,NONE,C2.4,QUIET_20240523_5,True,0
258,20240523,2024-05-23 12:00:00,2024-05-23 13:00:00,NONE,NONE,-1.0,NONE,C3.6,QUIET_20240523_6,True,0
259,20240523,2024-05-23 14:00:00,2024-05-23 15:00:00,NONE,NONE,-1.0,NONE,C4.8,QUIET_20240523_7,True,0
260,20240523,2024-05-23 16:00:00,2024-05-23 17:00:00,2024-05-23 17:35:00,2024-05-23 17:50:00,35.0,1h,M9.0,FLARE_20240523_1735_M9.0,False,1
261,20240523,2024-05-23 18:00:00,2024-05-23 19:00:00,NONE,NONE,-1.0,NONE,C2.2,QUIET_20240523_9,True,0
262,20240523,2024-05-23 20:00:00,2024-05-23 21:00:00,NONE,NONE,-1.0,NONE,C3.4,QUIET_20240523_10,True,0
263,20240523,2024-05-23 22:00:00,2024-05-23 23:00:00,NONE,NONE,-1.0,NONE,C4.6,QUIET_20240523_11,True,0
264,20260703,2026-07-03 00:00:00,2026-07-03 01:00:00,2026-07-03 01:18:00,2026-07-03 01:33:00,18.0,1h,M4.2,FLARE_20260703_0118_M4.2,False,1
265,20260703,2026-07-03 02:00:00,2026-07-03 03:00:00,NONE,NONE,-1.0,NONE,C2.0,QUIET_20260703_1,True,0
266,20260703,2026-07-03 04:00:00,2026-07-03 05:00:00,NONE,NONE,-1.0,NONE,C3.2,QUIET_20260703_2,True,0
267,20260703,2026-07-03 06:00:00,2026-07-03 07:00:00,NONE,NONE,-1.0,NONE,C4.4,QUIET_20260703_3,True,0
268,20260703,2026-07-03 08:00:00,2026-07-03 09:00:00,2026-07-03 09:46:00,2026-07-03 10:01:00,46.0,1h,M8.4,FLARE_20260703_0946_M8.4,False,1
269,20260703,2026-07-03 10:00:00,2026-07-03 11:00:00,NONE,NONE,-1.0,NONE,C2.8,QUIET_20260703_5,True,0
270,20260703,2026-07-03 12:00:00,2026-07-03 13:00:00,NONE,NONE,-1.0,NONE,C3.0,QUIET_20260703_6,True,0
271,20260703,2026-07-03 14:00:00,2026-07-03 15:00:00,NONE,NONE,-1.0,NONE,C4.2,QUIET_20260703_7,True,0
272,20260703,2026-07-03 16:00:00,2026-07-03 17:00:00,2026-07-03 17:29:00,2026-07-03 17:44:00,29.0,1h,M3.6,FLARE_20260703_1729_M3.6,False,1
273,20260703,2026-07-03 18:00:00,2026-07-03 19:00:00,NONE,NONE,-1.0,NONE,C2.6,QUIET_20260703_9,True,0
274,20260703,2026-07-03 20:00:00,2026-07-03 21:00:00,NONE,NONE,-1.0,NONE,C3.8,QUIET_20260703_10,True,0
275,20260703,2026-07-03 22:00:00,2026-07-03 23:00:00,NONE,NONE,-1.0,NONE,C4.0,QUIET_20260703_11,True,0
276,20260525,2026-05-25 00:00:00,2026-05-25 01:00:00,2026-05-25 01:57:00,2026-05-25 02:12:00,57.0,1h,M7.8,FLARE_20260525_0157_M7.8,False,1
277,20260525,2026-05-25 02:00:00,2026-05-25 03:00:00,NONE,NONE,-1.0,NONE,C2.4,QUIET_20260525_1,True,0
278,20260525,2026-05-25 04:00:00,2026-05-25 05:00:00,NONE,NONE,-1.0,NONE,C3.6,QUIET_20260525_2,True,0
279,20260525,2026-05-25 06:00:00,2026-05-25 07:00:00,NONE,NONE,-1.0,NONE,C4.8,QUIET_20260525_3,True,0
280,20260525,2026-05-25 08:00:00,2026-05-25 09:00:00,2026-05-25 09:40:00,2026-05-25 09:55:00,40.0,1h,M2.0,FLARE_20260525_0940_M2.0,False,1
281,20260525,2026-05-25 10:00:00,2026-05-25 11:00:00,NONE,NONE,-1.0,NONE,C2.2,QUIET_20260525_5,True,0
282,20260525,2026-05-25 12:00:00,2026-05-25 13:00:00,NONE,NONE,-1.0,NONE,C3.4,QUIET_20260525_6,True,0
283,20260525,2026-05-25 14:00:00,2026-05-25 15:00:00,NONE,NONE,-1.0,NONE,C4.6,QUIET_20260525_7,True,0
284,20260525,2026-05-25 16:00:00,2026-05-25 17:00:00,2026-05-25 17:23:00,2026-05-25 17:38:00,23.0,1h,M6.2,FLARE_20260525_1723_M6.2,False,1
285,20260525,2026-05-25 18:00:00,2026-05-25 19:00:00,NONE,NONE,-1.0,NONE,C2.0,QUIET_20260525_9,True,0
286,20260525,2026-05-25 20:00:00,2026-05-25 21:00:00,NONE,NONE,-1.0,NONE,C3.2,QUIET_20260525_10,True,0
287,20260525,2026-05-25 22:00:00,2026-05-25 23:00:00,NONE,NONE,-1.0,NONE,C4.4,QUIET_20260525_11,True,0
288,20260521,2026-05-21 00:00:00,2026-05-21 01:00:00,2026-05-21 01:51:00,2026-05-21 02:06:00,51.0,1h,M1.4,FLARE_20260521_0151_M1.4,False,1
289,20260521,2026-05-21 02:00:00,2026-05-21 03:00:00,NONE,NONE,-1.0,NONE,C2.8,QUIET_20260521_1,True,0
290,20260521,2026-05-21 04:00:00,2026-05-21 05:00:00,NONE,NONE,-1.0,NONE,C3.0,QUIET_20260521_2,True,0
291,20260521,2026-05-21 06:00:00,2026-05-21 07:00:00,NONE,NONE,-1.0,NONE,C4.2,QUIET_20260521_3,True,0
292,20260521,2026-05-21 08:00:00,2026-05-21 09:00:00,2026-05-21 09:34:00,2026-05-21 09:49:00,34.0,1h,M5.6,FLARE_20260521_0934_M5.6,False,1
293,20260521,2026-05-21 10:00:00,2026-05-21 11:00:00,NONE,NONE,-1.0,NONE,C2.6,QUIET_20260521_5,True,0
294,20260521,2026-05-21 12:00:00,2026-05-21 13:00:00,NONE,NONE,-1.0,NONE,C3.8,QUIET_20260521_6,True,0
295,20260521,2026-05-21 14:00:00,2026-05-21 15:00:00,NONE,NONE,-1.0,NONE,C4.0,QUIET_20260521_7,True,0
296,20260521,2026-05-21 16:00:00,2026-05-21 17:00:00,2026-05-21 17:17:00,2026-05-21 17:32:00,17.0,1h,M9.8,FLARE_20260521_1717_M9.8,False,1
297,20260521,2026-05-21 18:00:00,2026-05-21 19:00:00,NONE,NONE,-1.0,NONE,C2.4,QUIET_20260521_9,True,0
298,20260521,2026-05-21 20:00:00,2026-05-21 21:00:00,NONE,NONE,-1.0,NONE,C3.6,QUIET_20260521_10,True,0
299,20260521,2026-05-21 22:00:00,2026-05-21 23:00:00,NONE,NONE,-1.0,NONE,C4.8,QUIET_20260521_11,True,0
300,20260610,2026-06-10 00:00:00,2026-06-10 01:00:00,2026-06-10 01:45:00,2026-06-10 02:00:00,45.0,1h,M4.0,FLARE_20260610_0145_M4.0,False,1
301,20260610,2026-06-10 02:00:00,2026-06-10 03:00:00,NONE,NONE,-1.0,NONE,C2.2,QUIET_20260610_1,True,0
302,20260610,2026-06-10 04:00:00,2026-06-10 05:00:00,NONE,NONE,-1.0,NONE,C3.4,QUIET_20260610_2,True,0
303,20260610,2026-06-10 06:00:00,2026-06-10 07:00:00,NONE,NONE,-1.0,NONE,C4.6,QUIET_20260610_3,True,0
304,20260610,2026-06-10 08:00:00,2026-06-10 09:00:00,2026-06-10 09:28:00,2026-06-10 09:43:00,28.0,1h,M8.2,FLARE_20260610_0928_M8.2,False,1
305,20260610,2026-06-10 10:00:00,2026-06-10 11:00:00,NONE,NONE,-1.0,NONE,C2.0,QUIET_20260610_5,True,0
306,20260610,2026-06-10 12:00:00,2026-06-10 13:00:00,NONE,NONE,-1.0,NONE,C3.2,QUIET_20260610_6,True,0
307,20260610,2026-06-10 14:00:00,2026-06-10 15:00:00,NONE,NONE,-1.0,NONE,C4.4,QUIET_20260610_7,True,0
308,20260610,2026-06-10 16:00:00,2026-06-10 17:00:00,2026-06-10 17:56:00,2026-06-10 18:11:00,56.0,1h,M3.4,FLARE_20260610_1756_M3.4,False,1
309,20260610,2026-06-10 18:00:00,2026-06-10 19:00:00,NONE,NONE,-1.0,NONE,C2.8,QUIET_20260610_9,True,0
310,20260610,2026-06-10 20:00:00,2026-06-10 21:00:00,NONE,NONE,-1.0,NONE,C3.0,QUIET_20260610_10,True,0
311,20260610,2026-06-10 22:00:00,2026-06-10 23:00:00,NONE,NONE,-1.0,NONE,C4.2,QUIET_20260610_11,True,0
312,20260515,2026-05-15 00:00:00,2026-05-15 01:00:00,2026-05-15 01:39:00,2026-05-15 01:54:00,39.0,1h,M7.6,FLARE_20260515_0139_M7.6,False,1
313,20260515,2026-05-15 02:00:00,2026-05-15 03:00:00,NONE,NONE,-1.0,NONE,C2.6,QUIET_20260515_1,True,0
314,20260515,2026-05-15 04:00:00,2026-05-15 05:00:00,NONE,NONE,-1.0,NONE,C3.8,QUIET_20260515_2,True,0
315,20260515,2026-05-15 06:00:00,2026-05-15 07:00:00,NONE,NONE,-1.0,NONE,C4.0,QUIET_20260515_3,True,0
316,20260515,2026-05-15 08:00:00,2026-05-15 09:00:00,2026-05-15 09:22:00,2026-05-15 09:37:00,22.0,1h,M2.8,FLARE_20260515_0922_M2.8,False,1
317,20260515,2026-05-15 10:00:00,2026-05-15 11:00:00,NONE,NONE,-1.0,NONE,C2.4,QUIET_20260515_5,True,0
318,20260515,2026-05-15 12:00:00,2026-05-15 13:00:00,NONE,NONE,-1.0,NONE,C3.6,QUIET_20260515_6,True,0
319,20260515,2026-05-15 14:00:00,2026-05-15 15:00:00,NONE,NONE,-1.0,NONE,C4.8,QUIET_20260515_7,True,0
320,20260515,2026-05-15 16:00:00,2026-05-15 17:00:00,2026-05-15 17:50:00,2026-05-15 18:05:00,50.0,1h,M6.0,FLARE_20260515_1750_M6.0,False,1
321,20260515,2026-05-15 18:00:00,2026-05-15 19:00:00,NONE,NONE,-1.0,NONE,C2.2,QUIET_20260515_9,True,0
322,20260515,2026-05-15 20:00:00,2026-05-15 21:00:00,NONE,NONE,-1.0,NONE,C3.4,QUIET_20260515_10,True,0
323,20260515,2026-05-15 22:00:00,2026-05-15 23:00:00,NONE,NONE,-1.0,NONE,C4.6,QUIET_20260515_11,True,0
324,20260611,2026-06-11 00:00:00,2026-06-11 01:00:00,2026-06-11 01:33:00,2026-06-11 01:48:00,33.0,1h,M1.2,FLARE_20260611_0133_M1.2,False,1
325,20260611,2026-06-11 02:00:00,2026-06-11 03:00:00,NONE,NONE,-1.0,NONE,C2.0,QUIET_20260611_1,True,0
326,20260611,2026-06-11 04:00:00,2026-06-11 05:00:00,NONE,NONE,-1.0,NONE,C3.2,QUIET_20260611_2,True,0
327,20260611,2026-06-11 06:00:00,2026-06-11 07:00:00,NONE,NONE,-1.0,NONE,C4.4,QUIET_20260611_3,True,0
328,20260611,2026-06-11 08:00:00,2026-06-11 09:00:00,2026-06-11 09:16:00,2026-06-11 09:31:00,16.0,1h,M5.4,FLARE_20260611_0916_M5.4,False,1
329,20260611,2026-06-11 10:00:00,2026-06-11 11:00:00,NONE,NONE,-1.0,NONE,C2.8,QUIET_20260611_5,True,0
330,20260611,2026-06-11 12:00:00,2026-06-11 13:00:00,NONE,NONE,-1.0,NONE,C3.0,QUIET_20260611_6,True,0
331,20260611,2026-06-11 14:00:00,2026-06-11 15:00:00,NONE,NONE,-1.0,NONE,C4.2,QUIET_20260611_7,True,0
332,20260611,2026-06-11 16:00:00,2026-06-11 17:00:00,2026-06-11 17:44:00,2026-06-11 17:59:00,44.0,1h,M9.6,FLARE_20260611_1744_M9.6,False,1
333,20260611,2026-06-11 18:00:00,2026-06-11 19:00:00,NONE,NONE,-1.0,NONE,C2.6,QUIET_20260611_9,True,0
334,20260611,2026-06-11 20:00:00,2026-06-11 21:00:00,NONE,NONE,-1.0,NONE,C3.8,QUIET_20260611_10,True,0
335,20260611,2026-06-11 22:00:00,2026-06-11 23:00:00,NONE,NONE,-1.0,NONE,C4.0,QUIET_20260611_11,True,0
336,20260607,2026-06-07 00:00:00,2026-06-07 01:00:00,2026-06-07 01:27:00,2026-06-07 01:42:00,27.0,1h,M4.8,FLARE_20260607_0127_M4.8,False,1
337,20260607,2026-06-07 02:00:00,2026-06-07 03:00:00,NONE,NONE,-1.0,NONE,C2.4,QUIET_20260607_1,True,0
338,20260607,2026-06-07 04:00:00,2026-06-07 05:00:00,NONE,NONE,-1.0,NONE,C3.6,QUIET_20260607_2,True,0
339,20260607,2026-06-07 06:00:00,2026-06-07 07:00:00,NONE,NONE,-1.0,NONE,C4.8,QUIET_20260607_3,True,0
340,20260607,2026-06-07 08:00:00,2026-06-07 09:00:00,2026-06-07 09:55:00,2026-06-07 10:10:00,55.0,1h,M8.0,FLARE_20260607_0955_M8.0,False,1
341,20260607,2026-06-07 10:00:00,2026-06-07 11:00:00,NONE,NONE,-1.0,NONE,C2.2,QUIET_20260607_5,True,0
342,20260607,2026-06-07 12:00:00,2026-06-07 13:00:00,NONE,NONE,-1.0,NONE,C3.4,QUIET_20260607_6,True,0
343,20260607,2026-06-07 14:00:00,2026-06-07 15:00:00,NONE,NONE,-1.0,NONE,C4.6,QUIET_20260607_7,True,0
344,20260607,2026-06-07 16:00:00,2026-06-07 17:00:00,2026-06-07 17:38:00,2026-06-07 17:53:00,38.0,1h,M3.2,FLARE_20260607_1738_M3.2,False,1
345,20260607,2026-06-07 18:00:00,2026-06-07 19:00:00,NONE,NONE,-1.0,NONE,C2.0,QUIET_20260607_9,True,0
346,20260607,2026-06-07 20:00:00,2026-06-07 21:00:00,NONE,NONE,-1.0,NONE,C3.2,QUIET_20260607_10,True,0
347,20260607,2026-06-07 22:00:00,2026-06-07 23:00:00,NONE,NONE,-1.0,NONE,C4.4,QUIET_20260607_11,True,0
348,20240519,2024-05-19 00:00:00,2024-05-19 01:00:00,2024-05-19 01:21:00,2024-05-19 01:36:00,21.0,1h,M7.4,FLARE_20240519_0121_M7.4,False,1
349,20240519,2024-05-19 02:00:00,2024-05-19 03:00:00,NONE,NONE,-1.0,NONE,C2.8,QUIET_20240519_1,True,0
350,20240519,2024-05-19 04:00:00,2024-05-19 05:00:00,NONE,NONE,-1.0,NONE,C3.0,QUIET_20240519_2,True,0
351,20240519,2024-05-19 06:00:00,2024-05-19 07:00:00,NONE,NONE,-1.0,NONE,C4.2,QUIET_20240519_3,True,0
352,20240519,2024-05-19 08:00:00,2024-05-19 09:00:00,2024-05-19 09:49:00,2024-05-19 10:04:00,49.0,1h,M2.6,FLARE_20240519_0949_M2.6,False,1
353,20240519,2024-05-19 10:00:00,2024-05-19 11:00:00,NONE,NONE,-1.0,NONE,C2.6,QUIET_20240519_5,True,0
354,20240519,2024-05-19 12:00:00,2024-05-19 13:00:00,NONE,NONE,-1.0,NONE,C3.8,QUIET_20240519_6,True,0
355,20240519,2024-05-19 14:00:00,2024-05-19 15:00:00,NONE,NONE,-1.0,NONE,C4.0,QUIET_20240519_7,True,0
356,20240519,2024-05-19 16:00:00,2024-05-19 17:00:00,2024-05-19 17:32:00,2024-05-19 17:47:00,32.0,1h,M6.8,FLARE_20240519_1732_M6.8,False,1
357,20240519,2024-05-19 18:00:00,2024-05-19 19:00:00,NONE,NONE,-1.0,NONE,C2.4,QUIET_20240519_9,True,0
358,20240519,2024-05-19 20:00:00,2024-05-19 21:00:00,NONE,NONE,-1.0,NONE,C3.6,QUIET_20240519_10,True,0
359,20240519,2024-05-19 22:00:00,2024-05-19 23:00:00,NONE,NONE,-1.0,NONE,C4.8,QUIET_20240519_11,True,0
360,20260704,2026-07-04 00:00:00,2026-07-04 01:00:00,2026-07-04 01:15:00,2026-07-04 01:30:00,15.0,1h,M1.0,FLARE_20260704_0115_M1.0,False,1
361,20260704,2026-07-04 02:00:00,2026-07-04 03:00:00,NONE,NONE,-1.0,NONE,C2.2,QUIET_20260704_1,True,0
362,20260704,2026-07-04 04:00:00,2026-07-04 05:00:00,NONE,NONE,-1.0,NONE,C3.4,QUIET_20260704_2,True,0
363,20260704,2026-07-04 06:00:00,2026-07-04 07:00:00,NONE,NONE,-1.0,NONE,C4.6,QUIET_20260704_3,True,0
364,20260704,2026-07-04 08:00:00,2026-07-04 09:00:00,2026-07-04 09:43:00,2026-07-04 09:58:00,43.0,1h,M5.2,FLARE_20260704_0943_M5.2,False,1
365,20260704,2026-07-04 10:00:00,2026-07-04 11:00:00,NONE,NONE,-1.0,NONE,C2.0,QUIET_20260704_5,True,0
366,20260704,2026-07-04 12:00:00,2026-07-04 13:00:00,NONE,NONE,-1.0,NONE,C3.2,QUIET_20260704_6,True,0
367,20260704,2026-07-04 14:00:00,2026-07-04 15:00:00,NONE,NONE,-1.0,NONE,C4.4,QUIET_20260704_7,True,0
368,20260704,2026-07-04 16:00:00,2026-07-04 17:00:00,2026-07-04 17:26:00,2026-07-04 17:41:00,26.0,1h,M9.4,FLARE_20260704_1726_M9.4,False,1
369,20260704,2026-07-04 18:00:00,2026-07-04 19:00:00,NONE,NONE,-1.0,NONE,C2.8,QUIET_20260704_9,True,0
370,20260704,2026-07-04 20:00:00,2026-07-04 21:00:00,NONE,NONE,-1.0,NONE,C3.0,QUIET_20260704_10,True,0
371,20260704,2026-07-04 22:00:00,2026-07-04 23:00:00,NONE,NONE,-1.0,NONE,C4.2,QUIET_20260704_11,True,0
372,20240517,2024-05-17 00:00:00,2024-05-17 01:00:00,2024-05-17 01:54:00,2024-05-17 02:09:00,54.0,1h,M4.6,FLARE_20240517_0154_M4.6,False,1
373,20240517,2024-05-17 02:00:00,2024-05-17 03:00:00,NONE,NONE,-1.0,NONE,C2.6,QUIET_20240517_1,True,0
374,20240517,2024-05-17 04:00:00,2024-05-17 05:00:00,NONE,NONE,-1.0,NONE,C3.8,QUIET_20240517_2,True,0
375,20240517,2024-05-17 06:00:00,2024-05-17 07:00:00,NONE,NONE,-1.0,NONE,C4.0,QUIET_20240517_3,True,0
376,20240517,2024-05-17 08:00:00,2024-05-17 09:00:00,2024-05-17 09:37:00,2024-05-17 09:52:00,37.0,1h,M8.8,FLARE_20240517_0937_M8.8,False,1
377,20240517,2024-05-17 10:00:00,2024-05-17 11:00:00,NONE,NONE,-1.0,NONE,C2.4,QUIET_20240517_5,True,0
378,20240517,2024-05-17 12:00:00,2024-05-17 13:00:00,NONE,NONE,-1.0,NONE,C3.6,QUIET_20240517_6,True,0
379,20240517,2024-05-17 14:00:00,2024-05-17 15:00:00,NONE,NONE,-1.0,NONE,C4.8,QUIET_20240517_7,True,0
380,20240517,2024-05-17 16:00:00,2024-05-17 17:00:00,2024-05-17 17:20:00,2024-05-17 17:35:00,20.0,1h,M3.0,FLARE_20240517_1720_M3.0,False,1
381,20240517,2024-05-17 18:00:00,2024-05-17 19:00:00,NONE,NONE,-1.0,NONE,C2.2,QUIET_20240517_9,True,0
382,20240517,2024-05-17 20:00:00,2024-05-17 21:00:00,NONE,NONE,-1.0,NONE,C3.4,QUIET_20240517_10,True,0
383,20240517,2024-05-17 22:00:00,2024-05-17 23:00:00,NONE,NONE,-1.0,NONE,C4.6,QUIET_20240517_11,True,0
384,20240530,2024-05-30 00:00:00,2024-05-30 01:00:00,2024-05-30 01:48:00,2024-05-30 02:03:00,48.0,1h,M7.2,FLARE_20240530_0148_M7.2,False,1
385,20240530,2024-05-30 02:00:00,2024-05-30 03:00:00,NONE,NONE,-1.0,NONE,C2.0,QUIET_20240530_1,True,0
386,20240530,2024-05-30 04:00:00,2024-05-30 05:00:00,NONE,NONE,-1.0,NONE,C3.2,QUIET_20240530_2,True,0
387,20240530,2024-05-30 06:00:00,2024-05-30 07:00:00,NONE,NONE,-1.0,NONE,C4.4,QUIET_20240530_3,True,0
388,20240530,2024-05-30 08:00:00,2024-05-30 09:00:00,2024-05-30 09:31:00,2024-05-30 09:46:00,31.0,1h,M2.4,FLARE_20240530_0931_M2.4,False,1
389,20240530,2024-05-30 10:00:00,2024-05-30 11:00:00,NONE,NONE,-1.0,NONE,C2.8,QUIET_20240530_5,True,0
390,20240530,2024-05-30 12:00:00,2024-05-30 13:00:00,NONE,NONE,-1.0,NONE,C3.0,QUIET_20240530_6,True,0
391,20240530,2024-05-30 14:00:00,2024-05-30 15:00:00,NONE,NONE,-1.0,NONE,C4.2,QUIET_20240530_7,True,0
392,20240530,2024-05-30 16:00:00,2024-05-30 17:00:00,2024-05-30 17:59:00,2024-05-30 18:14:00,59.0,1h,M6.6,FLARE_20240530_1759_M6.6,False,1
393,20240530,2024-05-30 18:00:00,2024-05-30 19:00:00,NONE,NONE,-1.0,NONE,C2.6,QUIET_20240530_9,True,0
394,20240530,2024-05-30 20:00:00,2024-05-30 21:00:00,NONE,NONE,-1.0,NONE,C3.8,QUIET_20240530_10,True,0
395,20240530,2024-05-30 22:00:00,2024-05-30 23:00:00,NONE,NONE,-1.0,NONE,C4.0,QUIET_20240530_11,True,0
396,20240521,2024-05-21 00:00:00,2024-05-21 01:00:00,2024-05-21 01:42:00,2024-05-21 01:57:00,42.0,1h,M1.8,FLARE_20240521_0142_M1.8,False,1
397,20240521,2024-05-21 02:00:00,2024-05-21 03:00:00,NONE,NONE,-1.0,NONE,C2.4,QUIET_20240521_1,True,0
398,20240521,2024-05-21 04:00:00,2024-05-21 05:00:00,NONE,NONE,-1.0,NONE,C3.6,QUIET_20240521_2,True,0
399,20240521,2024-05-21 06:00:00,2024-05-21 07:00:00,NONE,NONE,-1.0,NONE,C4.8,QUIET_20240521_3,True,0
400,20240521,2024-05-21 08:00:00,2024-05-21 09:00:00,2024-05-21 09:25:00,2024-05-21 09:40:00,25.0,1h,M5.0,FLARE_20240521_0925_M5.0,False,1
401,20240521,2024-05-21 10:00:00,2024-05-21 11:00:00,NONE,NONE,-1.0,NONE,C2.2,QUIET_20240521_5,True,0
402,20240521,2024-05-21 12:00:00,2024-05-21 13:00:00,NONE,NONE,-1.0,NONE,C3.4,QUIET_20240521_6,True,0
403,20240521,2024-05-21 14:00:00,2024-05-21 15:00:00,NONE,NONE,-1.0,NONE,C4.6,QUIET_20240521_7,True,0
404,20240521,2024-05-21 16:00:00,2024-05-21 17:00:00,2024-05-21 17:53:00,2024-05-21 18:08:00,53.0,1h,M9.2,FLARE_20240521_1753_M9.2,False,1
405,20240521,2024-05-21 18:00:00,2024-05-21 19:00:00,NONE,NONE,-1.0,NONE,C2.0,QUIET_20240521_9,True,0
406,20240521,2024-05-21 20:00:00,2024-05-21 21:00:00,NONE,NONE,-1.0,NONE,C3.2,QUIET_20240521_10,True,0
407,20240521,2024-05-21 22:00:00,2024-05-21 23:00:00,NONE,NONE,-1.0,NONE,C4.4,QUIET_20240521_11,True,0
408,20260530,2026-05-30 00:00:00,2026-05-30 01:00:00,2026-05-30 01:36:00,2026-05-30 01:51:00,36.0,1h,M4.4,FLARE_20260530_0136_M4.4,False,1
409,20260530,2026-05-30 02:00:00,2026-05-30 03:00:00,NONE,NONE,-1.0,NONE,C2.8,QUIET_20260530_1,True,0
410,20260530,2026-05-30 04:00:00,2026-05-30 05:00:00,NONE,NONE,-1.0,NONE,C3.0,QUIET_20260530_2,True,0
411,20260530,2026-05-30 06:00:00,2026-05-30 07:00:00,NONE,NONE,-1.0,NONE,C4.2,QUIET_20260530_3,True,0
412,20260530,2026-05-30 08:00:00,2026-05-30 09:00:00,2026-05-30 09:19:00,2026-05-30 09:34:00,19.0,1h,M8.6,FLARE_20260530_0919_M8.6,False,1
413,20260530,2026-05-30 10:00:00,2026-05-30 11:00:00,NONE,NONE,-1.0,NONE,C2.6,QUIET_20260530_5,True,0
414,20260530,2026-05-30 12:00:00,2026-05-30 13:00:00,NONE,NONE,-1.0,NONE,C3.8,QUIET_20260530_6,True,0
415,20260530,2026-05-30 14:00:00,2026-05-30 15:00:00,NONE,NONE,-1.0,NONE,C4.0,QUIET_20260530_7,True,0
416,20260530,2026-05-30 16:00:00,2026-05-30 17:00:00,2026-05-30 17:47:00,2026-05-30 18:02:00,47.0,1h,M3.8,FLARE_20260530_1747_M3.8,False,1
417,20260530,2026-05-30 18:00:00,2026-05-30 19:00:00,NONE,NONE,-1.0,NONE,C2.4,QUIET_20260530_9,True,0
418,20260530,2026-05-30 20:00:00,2026-05-30 21:00:00,NONE,NONE,-1.0,NONE,C3.6,QUIET_20260530_10,True,0
419,20260530,2026-05-30 22:00:00,2026-05-30 23:00:00,NONE,NONE,-1.0,NONE,C4.8,QUIET_20260530_11,True,0
420,20260516,2026-05-16 00:00:00,2026-05-16 01:00:00,2026-05-16 01:30:00,2026-05-16 01:45:00,30.0,1h,M7.0,FLARE_20260516_0130_M7.0,False,1
421,20260516,2026-05-16 02:00:00,2026-05-16 03:00:00,NONE,NONE,-1.0,NONE,C2.2,QUIET_20260516_1,True,0
422,20260516,2026-05-16 04:00:00,2026-05-16 05:00:00,NONE,NONE,-1.0,NONE,C3.4,QUIET_20260516_2,True,0
423,20260516,2026-05-16 06:00:00,2026-05-16 07:00:00,NONE,NONE,-1.0,NONE,C4.6,QUIET_20260516_3,True,0
424,20260516,2026-05-16 08:00:00,2026-05-16 09:00:00,2026-05-16 09:58:00,2026-05-16 10:13:00,58.0,1h,M2.2,FLARE_20260516_0958_M2.2,False,1
425,20260516,2026-05-16 10:00:00,2026-05-16 11:00:00,NONE,NONE,-1.0,NONE,C2.0,QUIET_20260516_5,True,0
426,20260516,2026-05-16 12:00:00,2026-05-16 13:00:00,NONE,NONE,-1.0,NONE,C3.2,QUIET_20260516_6,True,0
427,20260516,2026-05-16 14:00:00,2026-05-16 15:00:00,NONE,NONE,-1.0,NONE,C4.4,QUIET_20260516_7,True,0
428,20260516,2026-05-16 16:00:00,2026-05-16 17:00:00,2026-05-16 17:41:00,2026-05-16 17:56:00,41.0,1h,M6.4,FLARE_20260516_1741_M6.4,False,1
429,20260516,2026-05-16 18:00:00,2026-05-16 19:00:00,NONE,NONE,-1.0,NONE,C2.8,QUIET_20260516_9,True,0
430,20260516,2026-05-16 20:00:00,2026-05-16 21:00:00,NONE,NONE,-1.0,NONE,C3.0,QUIET_20260516_10,True,0
431,20260516,2026-05-16 22:00:00,2026-05-16 23:00:00,NONE,NONE,-1.0,NONE,C4.2,QUIET_20260516_11,True,0
432,20240524,2024-05-24 00:00:00,2024-05-24 01:00:00,2024-05-24 01:24:00,2024-05-24 01:39:00,24.0,1h,M1.6,FLARE_20240524_0124_M1.6,False,1
433,20240524,2024-05-24 02:00:00,2024-05-24 03:00:00,NONE,NONE,-1.0,NONE,C2.6,QUIET_20240524_1,True,0
434,20240524,2024-05-24 04:00:00,2024-05-24 05:00:00,NONE,NONE,-1.0,NONE,C3.8,QUIET_20240524_2,True,0
435,20240524,2024-05-24 06:00:00,2024-05-24 07:00:00,NONE,NONE,-1.0,NONE,C4.0,QUIET_20240524_3,True,0
436,20240524,2024-05-24 08:00:00,2024-05-24 09:00:00,2024-05-24 09:52:00,2024-05-24 10:07:00,52.0,1h,M5.8,FLARE_20240524_0952_M5.8,False,1
437,20240524,2024-05-24 10:00:00,2024-05-24 11:00:00,NONE,NONE,-1.0,NONE,C2.4,QUIET_20240524_5,True,0
438,20240524,2024-05-24 12:00:00,2024-05-24 13:00:00,NONE,NONE,-1.0,NONE,C3.6,QUIET_20240524_6,True,0
439,20240524,2024-05-24 14:00:00,2024-05-24 15:00:00,NONE,NONE,-1.0,NONE,C4.8,QUIET_20240524_7,True,0
440,20240524,2024-05-24 16:00:00,2024-05-24 17:00:00,2024-05-24 17:35:00,2024-05-24 17:50:00,35.0,1h,M9.0,FLARE_20240524_1735_M9.0,False,1
441,20240524,2024-05-24 18:00:00,2024-05-24 19:00:00,NONE,NONE,-1.0,NONE,C2.2,QUIET_20240524_9,True,0
442,20240524,2024-05-24 20:00:00,2024-05-24 21:00:00,NONE,NONE,-1.0,NONE,C3.4,QUIET_20240524_10,True,0
443,20240524,2024-05-24 22:00:00,2024-05-24 23:00:00,NONE,NONE,-1.0,NONE,C4.6,QUIET_20240524_11,True,0
444,20240526,2024-05-26 00:00:00,2024-05-26 01:00:00,2024-05-26 01:18:00,2024-05-26 01:33:00,18.0,1h,M4.2,FLARE_20240526_0118_M4.2,False,1
445,20240526,2024-05-26 02:00:00,2024-05-26 03:00:00,NONE,NONE,-1.0,NONE,C2.0,QUIET_20240526_1,True,0
446,20240526,2024-05-26 04:00:00,2024-05-26 05:00:00,NONE,NONE,-1.0,NONE,C3.2,QUIET_20240526_2,True,0
447,20240526,2024-05-26 06:00:00,2024-05-26 07:00:00,NONE,NONE,-1.0,NONE,C4.4,QUIET_20240526_3,True,0
448,20240526,2024-05-26 08:00:00,2024-05-26 09:00:00,2024-05-26 09:46:00,2024-05-26 10:01:00,46.0,1h,M8.4,FLARE_20240526_0946_M8.4,False,1
449,20240526,2024-05-26 10:00:00,2024-05-26 11:00:00,NONE,NONE,-1.0,NONE,C2.8,QUIET_20240526_5,True,0
450,20240526,2024-05-26 12:00:00,2024-05-26 13:00:00,NONE,NONE,-1.0,NONE,C3.0,QUIET_20240526_6,True,0
451,20240526,2024-05-26 14:00:00,2024-05-26 15:00:00,NONE,NONE,-1.0,NONE,C4.2,QUIET_20240526_7,True,0
452,20240526,2024-05-26 16:00:00,2024-05-26 17:00:00,2024-05-26 17:29:00,2024-05-26 17:44:00,29.0,1h,M3.6,FLARE_20240526_1729_M3.6,False,1
453,20240526,2024-05-26 18:00:00,2024-05-26 19:00:00,NONE,NONE,-1.0,NONE,C2.6,QUIET_20240526_9,True,0
454,20240526,2024-05-26 20:00:00,2024-05-26 21:00:00,NONE,NONE,-1.0,NONE,C3.8,QUIET_20240526_10,True,0
455,20240526,2024-05-26 22:00:00,2024-05-26 23:00:00,NONE,NONE,-1.0,NONE,C4.0,QUIET_20240526_11,True,0
456,20240514,2024-05-14 00:00:00,2024-05-14 01:00:00,2024-05-14 01:57:00,2024-05-14 02:12:00,57.0,1h,M7.8,FLARE_20240514_0157_M7.8,False,1
457,20240514,2024-05-14 02:00:00,2024-05-14 03:00:00,NONE,NONE,-1.0,NONE,C2.4,QUIET_20240514_1,True,0
458,20240514,2024-05-14 04:00:00,2024-05-14 05:00:00,NONE,NONE,-1.0,NONE,C3.6,QUIET_20240514_2,True,0
459,20240514,2024-05-14 06:00:00,2024-05-14 07:00:00,NONE,NONE,-1.0,NONE,C4.8,QUIET_20240514_3,True,0
460,20240514,2024-05-14 08:00:00,2024-05-14 09:00:00,2024-05-14 09:40:00,2024-05-14 09:55:00,40.0,1h,M2.0,FLARE_20240514_0940_M2.0,False,1
461,20240514,2024-05-14 10:00:00,2024-05-14 11:00:00,NONE,NONE,-1.0,NONE,C2.2,QUIET_20240514_5,True,0
462,20240514,2024-05-14 12:00:00,2024-05-14 13:00:00,NONE,NONE,-1.0,NONE,C3.4,QUIET_20240514_6,True,0
463,20240514,2024-05-14 14:00:00,2024-05-14 15:00:00,NONE,NONE,-1.0,NONE,C4.6,QUIET_20240514_7,True,0
464,20240514,2024-05-14 16:00:00,2024-05-14 17:00:00,2024-05-14 17:23:00,2024-05-14 17:38:00,23.0,1h,M6.2,FLARE_20240514_1723_M6.2,False,1
465,20240514,2024-05-14 18:00:00,2024-05-14 19:00:00,NONE,NONE,-1.0,NONE,C2.0,QUIET_20240514_9,True,0
466,20240514,2024-05-14 20:00:00,2024-05-14 21:00:00,NONE,NONE,-1.0,NONE,C3.2,QUIET_20240514_10,True,0
467,20240514,2024-05-14 22:00:00,2024-05-14 23:00:00,NONE,NONE,-1.0,NONE,C4.4,QUIET_20240514_11,True,0
468,20260520,2026-05-20 00:00:00,2026-05-20 01:00:00,2026-05-20 01:51:00,2026-05-20 02:06:00,51.0,1h,M1.4,FLARE_20260520_0151_M1.4,False,1
469,20260520,2026-05-20 02:00:00,2026-05-20 03:00:00,NONE,NONE,-1.0,NONE,C2.8,QUIET_20260520_1,True,0
470,20260520,2026-05-20 04:00:00,2026-05-20 05:00:00,NONE,NONE,-1.0,NONE,C3.0,QUIET_20260520_2,True,0
471,20260520,2026-05-20 06:00:00,2026-05-20 07:00:00,NONE,NONE,-1.0,NONE,C4.2,QUIET_20260520_3,True,0
472,20260520,2026-05-20 08:00:00,2026-05-20 09:00:00,2026-05-20 09:34:00,2026-05-20 09:49:00,34.0,1h,M5.6,FLARE_20260520_0934_M5.6,False,1
473,20260520,2026-05-20 10:00:00,2026-05-20 11:00:00,NONE,NONE,-1.0,NONE,C2.6,QUIET_20260520_5,True,0
474,20260520,2026-05-20 12:00:00,2026-05-20 13:00:00,NONE,NONE,-1.0,NONE,C3.8,QUIET_20260520_6,True,0
475,20260520,2026-05-20 14:00:00,2026-05-20 15:00:00,NONE,NONE,-1.0,NONE,C4.0,QUIET_20260520_7,True,0
476,20260520,2026-05-20 16:00:00,2026-05-20 17:00:00,2026-05-20 17:17:00,2026-05-20 17:32:00,17.0,1h,M9.8,FLARE_20260520_1717_M9.8,False,1
477,20260520,2026-05-20 18:00:00,2026-05-20 19:00:00,NONE,NONE,-1.0,NONE,C2.4,QUIET_20260520_9,True,0
478,20260520,2026-05-20 20:00:00,2026-05-20 21:00:00,NONE,NONE,-1.0,NONE,C3.6,QUIET_20260520_10,True,0
479,20260520,2026-05-20 22:00:00,2026-05-20 23:00:00,NONE,NONE,-1.0,NONE,C4.8,QUIET_20260520_11,True,0
480,20260602,2026-06-02 00:00:00,2026-06-02 01:00:00,2026-06-02 01:45:00,2026-06-02 02:00:00,45.0,1h,M4.0,FLARE_20260602_0145_M4.0,False,1
481,20260602,2026-06-02 02:00:00,2026-06-02 03:00:00,NONE,NONE,-1.0,NONE,C2.2,QUIET_20260602_1,True,0
482,20260602,2026-06-02 04:00:00,2026-06-02 05:00:00,NONE,NONE,-1.0,NONE,C3.4,QUIET_20260602_2,True,0
483,20260602,2026-06-02 06:00:00,2026-06-02 07:00:00,NONE,NONE,-1.0,NONE,C4.6,QUIET_20260602_3,True,0
484,20260602,2026-06-02 08:00:00,2026-06-02 09:00:00,2026-06-02 09:28:00,2026-06-02 09:43:00,28.0,1h,M8.2,FLARE_20260602_0928_M8.2,False,1
485,20260602,2026-06-02 10:00:00,2026-06-02 11:00:00,NONE,NONE,-1.0,NONE,C2.0,QUIET_20260602_5,True,0
486,20260602,2026-06-02 12:00:00,2026-06-02 13:00:00,NONE,NONE,-1.0,NONE,C3.2,QUIET_20260602_6,True,0
487,20260602,2026-06-02 14:00:00,2026-06-02 15:00:00,NONE,NONE,-1.0,NONE,C4.4,QUIET_20260602_7,True,0
488,20260602,2026-06-02 16:00:00,2026-06-02 17:00:00,2026-06-02 17:56:00,2026-06-02 18:11:00,56.0,1h,M3.4,FLARE_20260602_1756_M3.4,False,1
489,20260602,2026-06-02 18:00:00,2026-06-02 19:00:00,NONE,NONE,-1.0,NONE,C2.8,QUIET_20260602_9,True,0
490,20260602,2026-06-02 20:00:00,2026-06-02 21:00:00,NONE,NONE,-1.0,NONE,C3.0,QUIET_20260602_10,True,0
491,20260602,2026-06-02 22:00:00,2026-06-02 23:00:00,NONE,NONE,-1.0,NONE,C4.2,QUIET_20260602_11,True,0
492,20260524,2026-05-24 00:00:00,2026-05-24 01:00:00,2026-05-24 01:39:00,2026-05-24 01:54:00,39.0,1h,M7.6,FLARE_20260524_0139_M7.6,False,1
493,20260524,2026-05-24 02:00:00,2026-05-24 03:00:00,NONE,NONE,-1.0,NONE,C2.6,QUIET_20260524_1,True,0
494,20260524,2026-05-24 04:00:00,2026-05-24 05:00:00,NONE,NONE,-1.0,NONE,C3.8,QUIET_20260524_2,True,0
495,20260524,2026-05-24 06:00:00,2026-05-24 07:00:00,NONE,NONE,-1.0,NONE,C4.0,QUIET_20260524_3,True,0
496,20260524,2026-05-24 08:00:00,2026-05-24 09:00:00,2026-05-24 09:22:00,2026-05-24 09:37:00,22.0,1h,M2.8,FLARE_20260524_0922_M2.8,False,1
497,20260524,2026-05-24 10:00:00,2026-05-24 11:00:00,NONE,NONE,-1.0,NONE,C2.4,QUIET_20260524_5,True,0
498,20260524,2026-05-24 12:00:00,2026-05-24 13:00:00,NONE,NONE,-1.0,NONE,C3.6,QUIET_20260524_6,True,0
499,20260524,2026-05-24 14:00:00,2026-05-24 15:00:00,NONE,NONE,-1.0,NONE,C4.8,QUIET_20260524_7,True,0
500,20260524,2026-05-24 16:00:00,2026-05-24 17:00:00,2026-05-24 17:50:00,2026-05-24 18:05:00,50.0,1h,M6.0,FLARE_20260524_1750_M6.0,False,1
501,20260524,2026-05-24 18:00:00,2026-05-24 19:00:00,NONE,NONE,-1.0,NONE,C2.2,QUIET_20260524_9,True,0
502,20260524,2026-05-24 20:00:00,2026-05-24 21:00:00,NONE,NONE,-1.0,NONE,C3.4,QUIET_20260524_10,True,0
503,20260524,2026-05-24 22:00:00,2026-05-24 23:00:00,NONE,NONE,-1.0,NONE,C4.6,QUIET_20260524_11,True,0
504,20260616,2026-06-16 00:00:00,2026-06-16 01:00:00,2026-06-16 01:33:00,2026-06-16 01:48:00,33.0,1h,M1.2,FLARE_20260616_0133_M1.2,False,1
505,20260616,2026-06-16 02:00:00,2026-06-16 03:00:00,NONE,NONE,-1.0,NONE,C2.0,QUIET_20260616_1,True,0
506,20260616,2026-06-16 04:00:00,2026-06-16 05:00:00,NONE,NONE,-1.0,NONE,C3.2,QUIET_20260616_2,True,0
507,20260616,2026-06-16 06:00:00,2026-06-16 07:00:00,NONE,NONE,-1.0,NONE,C4.4,QUIET_20260616_3,True,0
508,20260616,2026-06-16 08:00:00,2026-06-16 09:00:00,2026-06-16 09:16:00,2026-06-16 09:31:00,16.0,1h,M5.4,FLARE_20260616_0916_M5.4,False,1
509,20260616,2026-06-16 10:00:00,2026-06-16 11:00:00,NONE,NONE,-1.0,NONE,C2.8,QUIET_20260616_5,True,0
510,20260616,2026-06-16 12:00:00,2026-06-16 13:00:00,NONE,NONE,-1.0,NONE,C3.0,QUIET_20260616_6,True,0
511,20260616,2026-06-16 14:00:00,2026-06-16 15:00:00,NONE,NONE,-1.0,NONE,C4.2,QUIET_20260616_7,True,0
512,20260616,2026-06-16 16:00:00,2026-06-16 17:00:00,2026-06-16 17:44:00,2026-06-16 17:59:00,44.0,1h,M9.6,FLARE_20260616_1744_M9.6,False,1
513,20260616,2026-06-16 18:00:00,2026-06-16 19:00:00,NONE,NONE,-1.0,NONE,C2.6,QUIET_20260616_9,True,0
514,20260616,2026-06-16 20:00:00,2026-06-16 21:00:00,NONE,NONE,-1.0,NONE,C3.8,QUIET_20260616_10,True,0
515,20260616,2026-06-16 22:00:00,2026-06-16 23:00:00,NONE,NONE,-1.0,NONE,C4.0,QUIET_20260616_11,True,0
516,20260513,2026-05-13 00:00:00,2026-05-13 01:00:00,2026-05-13 01:27:00,2026-05-13 01:42:00,27.0,1h,M4.8,FLARE_20260513_0127_M4.8,False,1
517,20260513,2026-05-13 02:00:00,2026-05-13 03:00:00,NONE,NONE,-1.0,NONE,C2.4,QUIET_20260513_1,True,0
518,20260513,2026-05-13 04:00:00,2026-05-13 05:00:00,NONE,NONE,-1.0,NONE,C3.6,QUIET_20260513_2,True,0
519,20260513,2026-05-13 06:00:00,2026-05-13 07:00:00,NONE,NONE,-1.0,NONE,C4.8,QUIET_20260513_3,True,0
520,20260513,2026-05-13 08:00:00,2026-05-13 09:00:00,2026-05-13 09:55:00,2026-05-13 10:10:00,55.0,1h,M8.0,FLARE_20260513_0955_M8.0,False,1
521,20260513,2026-05-13 10:00:00,2026-05-13 11:00:00,NONE,NONE,-1.0,NONE,C2.2,QUIET_20260513_5,True,0
522,20260513,2026-05-13 12:00:00,2026-05-13 13:00:00,NONE,NONE,-1.0,NONE,C3.4,QUIET_20260513_6,True,0
523,20260513,2026-05-13 14:00:00,2026-05-13 15:00:00,NONE,NONE,-1.0,NONE,C4.6,QUIET_20260513_7,True,0
524,20260513,2026-05-13 16:00:00,2026-05-13 17:00:00,2026-05-13 17:38:00,2026-05-13 17:53:00,38.0,1h,M3.2,FLARE_20260513_1738_M3.2,False,1
525,20260513,2026-05-13 18:00:00,2026-05-13 19:00:00,NONE,NONE,-1.0,NONE,C2.0,QUIET_20260513_9,True,0
526,20260513,2026-05-13 20:00:00,2026-05-13 21:00:00,NONE,NONE,-1.0,NONE,C3.2,QUIET_20260513_10,True,0
527,20260513,2026-05-13 22:00:00,2026-05-13 23:00:00,NONE,NONE,-1.0,NONE,C4.4,QUIET_20260513_11,True,0
528,20260523,2026-05-23 00:00:00,2026-05-23 01:00:00,2026-05-23 01:21:00,2026-05-23 01:36:00,21.0,1h,M7.4,FLARE_20260523_0121_M7.4,False,1
529,20260523,2026-05-23 02:00:00,2026-05-23 03:00:00,NONE,NONE,-1.0,NONE,C2.8,QUIET_20260523_1,True,0
530,20260523,2026-05-23 04:00:00,2026-05-23 05:00:00,NONE,NONE,-1.0,NONE,C3.0,QUIET_20260523_2,True,0
531,20260523,2026-05-23 06:00:00,2026-05-23 07:00:00,NONE,NONE,-1.0,NONE,C4.2,QUIET_20260523_3,True,0
532,20260523,2026-05-23 08:00:00,2026-05-23 09:00:00,2026-05-23 09:49:00,2026-05-23 10:04:00,49.0,1h,M2.6,FLARE_20260523_0949_M2.6,False,1
533,20260523,2026-05-23 10:00:00,2026-05-23 11:00:00,NONE,NONE,-1.0,NONE,C2.6,QUIET_20260523_5,True,0
534,20260523,2026-05-23 12:00:00,2026-05-23 13:00:00,NONE,NONE,-1.0,NONE,C3.8,QUIET_20260523_6,True,0
535,20260523,2026-05-23 14:00:00,2026-05-23 15:00:00,NONE,NONE,-1.0,NONE,C4.0,QUIET_20260523_7,True,0
536,20260523,2026-05-23 16:00:00,2026-05-23 17:00:00,2026-05-23 17:32:00,2026-05-23 17:47:00,32.0,1h,M6.8,FLARE_20260523_1732_M6.8,False,1
537,20260523,2026-05-23 18:00:00,2026-05-23 19:00:00,NONE,NONE,-1.0,NONE,C2.4,QUIET_20260523_9,True,0
538,20260523,2026-05-23 20:00:00,2026-05-23 21:00:00,NONE,NONE,-1.0,NONE,C3.6,QUIET_20260523_10,True,0
539,20260523,2026-05-23 22:00:00,2026-05-23 23:00:00,NONE,NONE,-1.0,NONE,C4.8,QUIET_20260523_11,True,0
540,20260624,2026-06-24 00:00:00,2026-06-24 01:00:00,2026-06-24 01:15:00,2026-06-24 01:30:00,15.0,1h,M1.0,FLARE_20260624_0115_M1.0,False,1
541,20260624,2026-06-24 02:00:00,2026-06-24 03:00:00,NONE,NONE,-1.0,NONE,C2.2,QUIET_20260624_1,True,0
542,20260624,2026-06-24 04:00:00,2026-06-24 05:00:00,NONE,NONE,-1.0,NONE,C3.4,QUIET_20260624_2,True,0
543,20260624,2026-06-24 06:00:00,2026-06-24 07:00:00,NONE,NONE,-1.0,NONE,C4.6,QUIET_20260624_3,True,0
544,20260624,2026-06-24 08:00:00,2026-06-24 09:00:00,2026-06-24 09:43:00,2026-06-24 09:58:00,43.0,1h,M5.2,FLARE_20260624_0943_M5.2,False,1
545,20260624,2026-06-24 10:00:00,2026-06-24 11:00:00,NONE,NONE,-1.0,NONE,C2.0,QUIET_20260624_5,True,0
546,20260624,2026-06-24 12:00:00,2026-06-24 13:00:00,NONE,NONE,-1.0,NONE,C3.2,QUIET_20260624_6,True,0
547,20260624,2026-06-24 14:00:00,2026-06-24 15:00:00,NONE,NONE,-1.0,NONE,C4.4,QUIET_20260624_7,True,0
548,20260624,2026-06-24 16:00:00,2026-06-24 17:00:00,2026-06-24 17:26:00,2026-06-24 17:41:00,26.0,1h,M9.4,FLARE_20260624_1726_M9.4,False,1
549,20260624,2026-06-24 18:00:00,2026-06-24 19:00:00,NONE,NONE,-1.0,NONE,C2.8,QUIET_20260624_9,True,0
550,20260624,2026-06-24 20:00:00,2026-06-24 21:00:00,NONE,NONE,-1.0,NONE,C3.0,QUIET_20260624_10,True,0
551,20260624,2026-06-24 22:00:00,2026-06-24 23:00:00,NONE,NONE,-1.0,NONE,C4.2,QUIET_20260624_11,True,0
552,20260625,2026-06-25 00:00:00,2026-06-25 01:00:00,2026-06-25 01:54:00,2026-06-25 02:09:00,54.0,1h,M4.6,FLARE_20260625_0154_M4.6,False,1
553,20260625,2026-06-25 02:00:00,2026-06-25 03:00:00,NONE,NONE,-1.0,NONE,C2.6,QUIET_20260625_1,True,0
554,20260625,2026-06-25 04:00:00,2026-06-25 05:00:00,NONE,NONE,-1.0,NONE,C3.8,QUIET_20260625_2,True,0
555,20260625,2026-06-25 06:00:00,2026-06-25 07:00:00,NONE,NONE,-1.0,NONE,C4.0,QUIET_20260625_3,True,0
556,20260625,2026-06-25 08:00:00,2026-06-25 09:00:00,2026-06-25 09:37:00,2026-06-25 09:52:00,37.0,1h,M8.8,FLARE_20260625_0937_M8.8,False,1
557,20260625,2026-06-25 10:00:00,2026-06-25 11:00:00,NONE,NONE,-1.0,NONE,C2.4,QUIET_20260625_5,True,0
558,20260625,2026-06-25 12:00:00,2026-06-25 13:00:00,NONE,NONE,-1.0,NONE,C3.6,QUIET_20260625_6,True,0
559,20260625,2026-06-25 14:00:00,2026-06-25 15:00:00,NONE,NONE,-1.0,NONE,C4.8,QUIET_20260625_7,True,0
560,20260625,2026-06-25 16:00:00,2026-06-25 17:00:00,2026-06-25 17:20:00,2026-06-25 17:35:00,20.0,1h,M3.0,FLARE_20260625_1720_M3.0,False,1
561,20260625,2026-06-25 18:00:00,2026-06-25 19:00:00,NONE,NONE,-1.0,NONE,C2.2,QUIET_20260625_9,True,0
562,20260625,2026-06-25 20:00:00,2026-06-25 21:00:00,NONE,NONE,-1.0,NONE,C3.4,QUIET_20260625_10,True,0
563,20260625,2026-06-25 22:00:00,2026-06-25 23:00:00,NONE,NONE,-1.0,NONE,C4.6,QUIET_20260625_11,True,0
564,20260507,2026-05-07 00:00:00,2026-05-07 01:00:00,2026-05-07 01:48:00,2026-05-07 02:03:00,48.0,1h,M7.2,FLARE_20260507_0148_M7.2,False,1
565,20260507,2026-05-07 02:00:00,2026-05-07 03:00:00,NONE,NONE,-1.0,NONE,C2.0,QUIET_20260507_1,True,0
566,20260507,2026-05-07 04:00:00,2026-05-07 05:00:00,NONE,NONE,-1.0,NONE,C3.2,QUIET_20260507_2,True,0
567,20260507,2026-05-07 06:00:00,2026-05-07 07:00:00,NONE,NONE,-1.0,NONE,C4.4,QUIET_20260507_3,True,0
568,20260507,2026-05-07 08:00:00,2026-05-07 09:00:00,2026-05-07 09:31:00,2026-05-07 09:46:00,31.0,1h,M2.4,FLARE_20260507_0931_M2.4,False,1
569,20260507,2026-05-07 10:00:00,2026-05-07 11:00:00,NONE,NONE,-1.0,NONE,C2.8,QUIET_20260507_5,True,0
570,20260507,2026-05-07 12:00:00,2026-05-07 13:00:00,NONE,NONE,-1.0,NONE,C3.0,QUIET_20260507_6,True,0
571,20260507,2026-05-07 14:00:00,2026-05-07 15:00:00,NONE,NONE,-1.0,NONE,C4.2,QUIET_20260507_7,True,0
572,20260507,2026-05-07 16:00:00,2026-05-07 17:00:00,2026-05-07 17:59:00,2026-05-07 18:14:00,59.0,1h,M6.6,FLARE_20260507_1759_M6.6,False,1
573,20260507,2026-05-07 18:00:00,2026-05-07 19:00:00,NONE,NONE,-1.0,NONE,C2.6,QUIET_20260507_9,True,0
574,20260507,2026-05-07 20:00:00,2026-05-07 21:00:00,NONE,NONE,-1.0,NONE,C3.8,QUIET_20260507_10,True,0
575,20260507,2026-05-07 22:00:00,2026-05-07 23:00:00,NONE,NONE,-1.0,NONE,C4.0,QUIET_20260507_11,True,0
576,20240515,2024-05-15 00:00:00,2024-05-15 01:00:00,2024-05-15 01:42:00,2024-05-15 01:57:00,42.0,1h,M1.8,FLARE_20240515_0142_M1.8,False,1
577,20240515,2024-05-15 02:00:00,2024-05-15 03:00:00,NONE,NONE,-1.0,NONE,C2.4,QUIET_20240515_1,True,0
578,20240515,2024-05-15 04:00:00,2024-05-15 05:00:00,NONE,NONE,-1.0,NONE,C3.6,QUIET_20240515_2,True,0
579,20240515,2024-05-15 06:00:00,2024-05-15 07:00:00,NONE,NONE,-1.0,NONE,C4.8,QUIET_20240515_3,True,0
580,20240515,2024-05-15 08:00:00,2024-05-15 09:00:00,2024-05-15 09:25:00,2024-05-15 09:40:00,25.0,1h,M5.0,FLARE_20240515_0925_M5.0,False,1
581,20240515,2024-05-15 10:00:00,2024-05-15 11:00:00,NONE,NONE,-1.0,NONE,C2.2,QUIET_20240515_5,True,0
582,20240515,2024-05-15 12:00:00,2024-05-15 13:00:00,NONE,NONE,-1.0,NONE,C3.4,QUIET_20240515_6,True,0
583,20240515,2024-05-15 14:00:00,2024-05-15 15:00:00,NONE,NONE,-1.0,NONE,C4.6,QUIET_20240515_7,True,0
584,20240515,2024-05-15 16:00:00,2024-05-15 17:00:00,2024-05-15 17:53:00,2024-05-15 18:08:00,53.0,1h,M9.2,FLARE_20240515_1753_M9.2,False,1
585,20240515,2024-05-15 18:00:00,2024-05-15 19:00:00,NONE,NONE,-1.0,NONE,C2.0,QUIET_20240515_9,True,0
586,20240515,2024-05-15 20:00:00,2024-05-15 21:00:00,NONE,NONE,-1.0,NONE,C3.2,QUIET_20240515_10,True,0
587,20240515,2024-05-15 22:00:00,2024-05-15 23:00:00,NONE,NONE,-1.0,NONE,C4.4,QUIET_20240515_11,True,0
588,20260510,2026-05-10 00:00:00,2026-05-10 01:00:00,2026-05-10 01:36:00,2026-05-10 01:51:00,36.0,1h,M4.4,FLARE_20260510_0136_M4.4,False,1
589,20260510,2026-05-10 02:00:00,2026-05-10 03:00:00,NONE,NONE,-1.0,NONE,C2.8,QUIET_20260510_1,True,0
590,20260510,2026-05-10 04:00:00,2026-05-10 05:00:00,NONE,NONE,-1.0,NONE,C3.0,QUIET_20260510_2,True,0
591,20260510,2026-05-10 06:00:00,2026-05-10 07:00:00,NONE,NONE,-1.0,NONE,C4.2,QUIET_20260510_3,True,0
592,20260510,2026-05-10 08:00:00,2026-05-10 09:00:00,2026-05-10 09:19:00,2026-05-10 09:34:00,19.0,1h,M8.6,FLARE_20260510_0919_M8.6,False,1
593,20260510,2026-05-10 10:00:00,2026-05-10 11:00:00,NONE,NONE,-1.0,NONE,C2.6,QUIET_20260510_5,True,0
594,20260510,2026-05-10 12:00:00,2026-05-10 13:00:00,NONE,NONE,-1.0,NONE,C3.8,QUIET_20260510_6,True,0
595,20260510,2026-05-10 14:00:00,2026-05-10 15:00:00,NONE,NONE,-1.0,NONE,C4.0,QUIET_20260510_7,True,0
596,20260510,2026-05-10 16:00:00,2026-05-10 17:00:00,2026-05-10 17:47:00,2026-05-10 18:02:00,47.0,1h,M3.8,FLARE_20260510_1747_M3.8,False,1
597,20260510,2026-05-10 18:00:00,2026-05-10 19:00:00,NONE,NONE,-1.0,NONE,C2.4,QUIET_20260510_9,True,0
598,20260510,2026-05-10 20:00:00,2026-05-10 21:00:00,NONE,NONE,-1.0,NONE,C3.6,QUIET_20260510_10,True,0
599,20260510,2026-05-10 22:00:00,2026-05-10 23:00:00,NONE,NONE,-1.0,NONE,C4.8,QUIET_20260510_11,True,0
600,20260615,2026-06-15 00:00:00,2026-06-15 01:00:00,2026-06-15 01:30:00,2026-06-15 01:45:00,30.0,1h,M7.0,FLARE_20260615_0130_M7.0,False,1
601,20260615,2026-06-15 02:00:00,2026-06-15 03:00:00,NONE,NONE,-1.0,NONE,C2.2,QUIET_20260615_1,True,0
602,20260615,2026-06-15 04:00:00,2026-06-15 05:00:00,NONE,NONE,-1.0,NONE,C3.4,QUIET_20260615_2,True,0
603,20260615,2026-06-15 06:00:00,2026-06-15 07:00:00,NONE,NONE,-1.0,NONE,C4.6,QUIET_20260615_3,True,0
604,20260615,2026-06-15 08:00:00,2026-06-15 09:00:00,2026-06-15 09:58:00,2026-06-15 10:13:00,58.0,1h,M2.2,FLARE_20260615_0958_M2.2,False,1
605,20260615,2026-06-15 10:00:00,2026-06-15 11:00:00,NONE,NONE,-1.0,NONE,C2.0,QUIET_20260615_5,True,0
606,20260615,2026-06-15 12:00:00,2026-06-15 13:00:00,NONE,NONE,-1.0,NONE,C3.2,QUIET_20260615_6,True,0
607,20260615,2026-06-15 14:00:00,2026-06-15 15:00:00,NONE,NONE,-1.0,NONE,C4.4,QUIET_20260615_7,True,0
608,20260615,2026-06-15 16:00:00,2026-06-15 17:00:00,2026-06-15 17:41:00,2026-06-15 17:56:00,41.0,1h,M6.4,FLARE_20260615_1741_M6.4,False,1
609,20260615,2026-06-15 18:00:00,2026-06-15 19:00:00,NONE,NONE,-1.0,NONE,C2.8,QUIET_20260615_9,True,0
610,20260615,2026-06-15 20:00:00,2026-06-15 21:00:00,NONE,NONE,-1.0,NONE,C3.0,QUIET_20260615_10,True,0
611,20260615,2026-06-15 22:00:00,2026-06-15 23:00:00,NONE,NONE,-1.0,NONE,C4.2,QUIET_20260615_11,True,0
612,20260608,2026-06-08 00:00:00,2026-06-08 01:00:00,2026-06-08 01:24:00,2026-06-08 01:39:00,24.0,1h,M1.6,FLARE_20260608_0124_M1.6,False,1
613,20260608,2026-06-08 02:00:00,2026-06-08 03:00:00,NONE,NONE,-1.0,NONE,C2.6,QUIET_20260608_1,True,0
614,20260608,2026-06-08 04:00:00,2026-06-08 05:00:00,NONE,NONE,-1.0,NONE,C3.8,QUIET_20260608_2,True,0
615,20260608,2026-06-08 06:00:00,2026-06-08 07:00:00,NONE,NONE,-1.0,NONE,C4.0,QUIET_20260608_3,True,0
616,20260608,2026-06-08 08:00:00,2026-06-08 09:00:00,2026-06-08 09:52:00,2026-06-08 10:07:00,52.0,1h,M5.8,FLARE_20260608_0952_M5.8,False,1
617,20260608,2026-06-08 10:00:00,2026-06-08 11:00:00,NONE,NONE,-1.0,NONE,C2.4,QUIET_20260608_5,True,0
618,20260608,2026-06-08 12:00:00,2026-06-08 13:00:00,NONE,NONE,-1.0,NONE,C3.6,QUIET_20260608_6,True,0
619,20260608,2026-06-08 14:00:00,2026-06-08 15:00:00,NONE,NONE,-1.0,NONE,C4.8,QUIET_20260608_7,True,0
620,20260608,2026-06-08 16:00:00,2026-06-08 17:00:00,2026-06-08 17:35:00,2026-06-08 17:50:00,35.0,1h,M9.0,FLARE_20260608_1735_M9.0,False,1
621,20260608,2026-06-08 18:00:00,2026-06-08 19:00:00,NONE,NONE,-1.0,NONE,C2.2,QUIET_20260608_9,True,0
622,20260608,2026-06-08 20:00:00,2026-06-08 21:00:00,NONE,NONE,-1.0,NONE,C3.4,QUIET_20260608_10,True,0
623,20260608,2026-06-08 22:00:00,2026-06-08 23:00:00,NONE,NONE,-1.0,NONE,C4.6,QUIET_20260608_11,True,0
624,20260621,2026-06-21 00:00:00,2026-06-21 01:00:00,2026-06-21 01:18:00,2026-06-21 01:33:00,18.0,1h,M4.2,FLARE_20260621_0118_M4.2,False,1
625,20260621,2026-06-21 02:00:00,2026-06-21 03:00:00,NONE,NONE,-1.0,NONE,C2.0,QUIET_20260621_1,True,0
626,20260621,2026-06-21 04:00:00,2026-06-21 05:00:00,NONE,NONE,-1.0,NONE,C3.2,QUIET_20260621_2,True,0
627,20260621,2026-06-21 06:00:00,2026-06-21 07:00:00,NONE,NONE,-1.0,NONE,C4.4,QUIET_20260621_3,True,0
628,20260621,2026-06-21 08:00:00,2026-06-21 09:00:00,2026-06-21 09:46:00,2026-06-21 10:01:00,46.0,1h,M8.4,FLARE_20260621_0946_M8.4,False,1
629,20260621,2026-06-21 10:00:00,2026-06-21 11:00:00,NONE,NONE,-1.0,NONE,C2.8,QUIET_20260621_5,True,0
630,20260621,2026-06-21 12:00:00,2026-06-21 13:00:00,NONE,NONE,-1.0,NONE,C3.0,QUIET_20260621_6,True,0
631,20260621,2026-06-21 14:00:00,2026-06-21 15:00:00,NONE,NONE,-1.0,NONE,C4.2,QUIET_20260621_7,True,0
632,20260621,2026-06-21 16:00:00,2026-06-21 17:00:00,2026-06-21 17:29:00,2026-06-21 17:44:00,29.0,1h,M3.6,FLARE_20260621_1729_M3.6,False,1
633,20260621,2026-06-21 18:00:00,2026-06-21 19:00:00,NONE,NONE,-1.0,NONE,C2.6,QUIET_20260621_9,True,0
634,20260621,2026-06-21 20:00:00,2026-06-21 21:00:00,NONE,NONE,-1.0,NONE,C3.8,QUIET_20260621_10,True,0
635,20260621,2026-06-21 22:00:00,2026-06-21 23:00:00,NONE,NONE,-1.0,NONE,C4.0,QUIET_20260621_11,True,0
636,20240527,2024-05-27 00:00:00,2024-05-27 01:00:00,2024-05-27 01:57:00,2024-05-27 02:12:00,57.0,1h,M7.8,FLARE_20240527_0157_M7.8,False,1
637,20240527,2024-05-27 02:00:00,2024-05-27 03:00:00,NONE,NONE,-1.0,NONE,C2.4,QUIET_20240527_1,True,0
638,20240527,2024-05-27 04:00:00,2024-05-27 05:00:00,NONE,NONE,-1.0,NONE,C3.6,QUIET_20240527_2,True,0
639,20240527,2024-05-27 06:00:00,2024-05-27 07:00:00,NONE,NONE,-1.0,NONE,C4.8,QUIET_20240527_3,True,0
640,20240527,2024-05-27 08:00:00,2024-05-27 09:00:00,2024-05-27 09:40:00,2024-05-27 09:55:00,40.0,1h,M2.0,FLARE_20240527_0940_M2.0,False,1
641,20240527,2024-05-27 10:00:00,2024-05-27 11:00:00,NONE,NONE,-1.0,NONE,C2.2,QUIET_20240527_5,True,0
642,20240527,2024-05-27 12:00:00,2024-05-27 13:00:00,NONE,NONE,-1.0,NONE,C3.4,QUIET_20240527_6,True,0
643,20240527,2024-05-27 14:00:00,2024-05-27 15:00:00,NONE,NONE,-1.0,NONE,C4.6,QUIET_20240527_7,True,0
644,20240527,2024-05-27 16:00:00,2024-05-27 17:00:00,2024-05-27 17:23:00,2024-05-27 17:38:00,23.0,1h,M6.2,FLARE_20240527_1723_M6.2,False,1
645,20240527,2024-05-27 18:00:00,2024-05-27 19:00:00,NONE,NONE,-1.0,NONE,C2.0,QUIET_20240527_9,True,0
646,20240527,2024-05-27 20:00:00,2024-05-27 21:00:00,NONE,NONE,-1.0,NONE,C3.2,QUIET_20240527_10,True,0
647,20240527,2024-05-27 22:00:00,2024-05-27 23:00:00,NONE,NONE,-1.0,NONE,C4.4,QUIET_20240527_11,True,0
648,20240525,2024-05-25 00:00:00,2024-05-25 01:00:00,2024-05-25 01:51:00,2024-05-25 02:06:00,51.0,1h,M1.4,FLARE_20240525_0151_M1.4,False,1
649,20240525,2024-05-25 02:00:00,2024-05-25 03:00:00,NONE,NONE,-1.0,NONE,C2.8,QUIET_20240525_1,True,0
650,20240525,2024-05-25 04:00:00,2024-05-25 05:00:00,NONE,NONE,-1.0,NONE,C3.0,QUIET_20240525_2,True,0
651,20240525,2024-05-25 06:00:00,2024-05-25 07:00:00,NONE,NONE,-1.0,NONE,C4.2,QUIET_20240525_3,True,0
652,20240525,2024-05-25 08:00:00,2024-05-25 09:00:00,2024-05-25 09:34:00,2024-05-25 09:49:00,34.0,1h,M5.6,FLARE_20240525_0934_M5.6,False,1
653,20240525,2024-05-25 10:00:00,2024-05-25 11:00:00,NONE,NONE,-1.0,NONE,C2.6,QUIET_20240525_5,True,0
654,20240525,2024-05-25 12:00:00,2024-05-25 13:00:00,NONE,NONE,-1.0,NONE,C3.8,QUIET_20240525_6,True,0
655,20240525,2024-05-25 14:00:00,2024-05-25 15:00:00,NONE,NONE,-1.0,NONE,C4.0,QUIET_20240525_7,True,0
656,20240525,2024-05-25 16:00:00,2024-05-25 17:00:00,2024-05-25 17:17:00,2024-05-25 17:32:00,17.0,1h,M9.8,FLARE_20240525_1717_M9.8,False,1
657,20240525,2024-05-25 18:00:00,2024-05-25 19:00:00,NONE,NONE,-1.0,NONE,C2.4,QUIET_20240525_9,True,0
658,20240525,2024-05-25 20:00:00,2024-05-25 21:00:00,NONE,NONE,-1.0,NONE,C3.6,QUIET_20240525_10,True,0
659,20240525,2024-05-25 22:00:00,2024-05-25 23:00:00,NONE,NONE,-1.0,NONE,C4.8,QUIET_20240525_11,True,0
660,20260606,2026-06-06 00:00:00,2026-06-06 01:00:00,2026-06-06 01:45:00,2026-06-06 02:00:00,45.0,1h,M4.0,FLARE_20260606_0145_M4.0,False,1
661,20260606,2026-06-06 02:00:00,2026-06-06 03:00:00,NONE,NONE,-1.0,NONE,C2.2,QUIET_20260606_1,True,0
662,20260606,2026-06-06 04:00:00,2026-06-06 05:00:00,NONE,NONE,-1.0,NONE,C3.4,QUIET_20260606_2,True,0
663,20260606,2026-06-06 06:00:00,2026-06-06 07:00:00,NONE,NONE,-1.0,NONE,C4.6,QUIET_20260606_3,True,0
664,20260606,2026-06-06 08:00:00,2026-06-06 09:00:00,2026-06-06 09:28:00,2026-06-06 09:43:00,28.0,1h,M8.2,FLARE_20260606_0928_M8.2,False,1
665,20260606,2026-06-06 10:00:00,2026-06-06 11:00:00,NONE,NONE,-1.0,NONE,C2.0,QUIET_20260606_5,True,0
666,20260606,2026-06-06 12:00:00,2026-06-06 13:00:00,NONE,NONE,-1.0,NONE,C3.2,QUIET_20260606_6,True,0
667,20260606,2026-06-06 14:00:00,2026-06-06 15:00:00,NONE,NONE,-1.0,NONE,C4.4,QUIET_20260606_7,True,0
668,20260606,2026-06-06 16:00:00,2026-06-06 17:00:00,2026-06-06 17:56:00,2026-06-06 18:11:00,56.0,1h,M3.4,FLARE_20260606_1756_M3.4,False,1
669,20260606,2026-06-06 18:00:00,2026-06-06 19:00:00,NONE,NONE,-1.0,NONE,C2.8,QUIET_20260606_9,True,0
670,20260606,2026-06-06 20:00:00,2026-06-06 21:00:00,NONE,NONE,-1.0,NONE,C3.0,QUIET_20260606_10,True,0
671,20260606,2026-06-06 22:00:00,2026-06-06 23:00:00,NONE,NONE,-1.0,NONE,C4.2,QUIET_20260606_11,True,0
672,20240522,2024-05-22 00:00:00,2024-05-22 01:00:00,2024-05-22 01:39:00,2024-05-22 01:54:00,39.0,1h,M7.6,FLARE_20240522_0139_M7.6,False,1
673,20240522,2024-05-22 02:00:00,2024-05-22 03:00:00,NONE,NONE,-1.0,NONE,C2.6,QUIET_20240522_1,True,0
674,20240522,2024-05-22 04:00:00,2024-05-22 05:00:00,NONE,NONE,-1.0,NONE,C3.8,QUIET_20240522_2,True,0
675,20240522,2024-05-22 06:00:00,2024-05-22 07:00:00,NONE,NONE,-1.0,NONE,C4.0,QUIET_20240522_3,True,0
676,20240522,2024-05-22 08:00:00,2024-05-22 09:00:00,2024-05-22 09:22:00,2024-05-22 09:37:00,22.0,1h,M2.8,FLARE_20240522_0922_M2.8,False,1
677,20240522,2024-05-22 10:00:00,2024-05-22 11:00:00,NONE,NONE,-1.0,NONE,C2.4,QUIET_20240522_5,True,0
678,20240522,2024-05-22 12:00:00,2024-05-22 13:00:00,NONE,NONE,-1.0,NONE,C3.6,QUIET_20240522_6,True,0
679,20240522,2024-05-22 14:00:00,2024-05-22 15:00:00,NONE,NONE,-1.0,NONE,C4.8,QUIET_20240522_7,True,0
680,20240522,2024-05-22 16:00:00,2024-05-22 17:00:00,2024-05-22 17:50:00,2024-05-22 18:05:00,50.0,1h,M6.0,FLARE_20240522_1750_M6.0,False,1
681,20240522,2024-05-22 18:00:00,2024-05-22 19:00:00,NONE,NONE,-1.0,NONE,C2.2,QUIET_20240522_9,True,0
682,20240522,2024-05-22 20:00:00,2024-05-22 21:00:00,NONE,NONE,-1.0,NONE,C3.4,QUIET_20240522_10,True,0
683,20240522,2024-05-22 22:00:00,2024-05-22 23:00:00,NONE,NONE,-1.0,NONE,C4.6,QUIET_20240522_11,True,0
684,20260630,2026-06-30 00:00:00,2026-06-30 01:00:00,2026-06-30 01:33:00,2026-06-30 01:48:00,33.0,1h,M1.2,FLARE_20260630_0133_M1.2,False,1
685,20260630,2026-06-30 02:00:00,2026-06-30 03:00:00,NONE,NONE,-1.0,NONE,C2.0,QUIET_20260630_1,True,0
686,20260630,2026-06-30 04:00:00,2026-06-30 05:00:00,NONE,NONE,-1.0,NONE,C3.2,QUIET_20260630_2,True,0
687,20260630,2026-06-30 06:00:00,2026-06-30 07:00:00,NONE,NONE,-1.0,NONE,C4.4,QUIET_20260630_3,True,0
688,20260630,2026-06-30 08:00:00,2026-06-30 09:00:00,2026-06-30 09:16:00,2026-06-30 09:31:00,16.0,1h,M5.4,FLARE_20260630_0916_M5.4,False,1
689,20260630,2026-06-30 10:00:00,2026-06-30 11:00:00,NONE,NONE,-1.0,NONE,C2.8,QUIET_20260630_5,True,0
690,20260630,2026-06-30 12:00:00,2026-06-30 13:00:00,NONE,NONE,-1.0,NONE,C3.0,QUIET_20260630_6,True,0
691,20260630,2026-06-30 14:00:00,2026-06-30 15:00:00,NONE,NONE,-1.0,NONE,C4.2,QUIET_20260630_7,True,0
692,20260630,2026-06-30 16:00:00,2026-06-30 17:00:00,2026-06-30 17:44:00,2026-06-30 17:59:00,44.0,1h,M9.6,FLARE_20260630_1744_M9.6,False,1
693,20260630,2026-06-30 18:00:00,2026-06-30 19:00:00,NONE,NONE,-1.0,NONE,C2.6,QUIET_20260630_9,True,0
694,20260630,2026-06-30 20:00:00,2026-06-30 21:00:00,NONE,NONE,-1.0,NONE,C3.8,QUIET_20260630_10,True,0
695,20260630,2026-06-30 22:00:00,2026-06-30 23:00:00,NONE,NONE,-1.0,NONE,C4.0,QUIET_20260630_11,True,0
696,20260626,2026-06-26 00:00:00,2026-06-26 01:00:00,2026-06-26 01:27:00,2026-06-26 01:42:00,27.0,1h,M4.8,FLARE_20260626_0127_M4.8,False,1
697,20260626,2026-06-26 02:00:00,2026-06-26 03:00:00,NONE,NONE,-1.0,NONE,C2.4,QUIET_20260626_1,True,0
698,20260626,2026-06-26 04:00:00,2026-06-26 05:00:00,NONE,NONE,-1.0,NONE,C3.6,QUIET_20260626_2,True,0
699,20260626,2026-06-26 06:00:00,2026-06-26 07:00:00,NONE,NONE,-1.0,NONE,C4.8,QUIET_20260626_3,True,0
700,20260626,2026-06-26 08:00:00,2026-06-26 09:00:00,2026-06-26 09:55:00,2026-06-26 10:10:00,55.0,1h,M8.0,FLARE_20260626_0955_M8.0,False,1
701,20260626,2026-06-26 10:00:00,2026-06-26 11:00:00,NONE,NONE,-1.0,NONE,C2.2,QUIET_20260626_5,True,0
702,20260626,2026-06-26 12:00:00,2026-06-26 13:00:00,NONE,NONE,-1.0,NONE,C3.4,QUIET_20260626_6,True,0
703,20260626,2026-06-26 14:00:00,2026-06-26 15:00:00,NONE,NONE,-1.0,NONE,C4.6,QUIET_20260626_7,True,0
704,20260626,2026-06-26 16:00:00,2026-06-26 17:00:00,2026-06-26 17:38:00,2026-06-26 17:53:00,38.0,1h,M3.2,FLARE_20260626_1738_M3.2,False,1
705,20260626,2026-06-26 18:00:00,2026-06-26 19:00:00,NONE,NONE,-1.0,NONE,C2.0,QUIET_20260626_9,True,0
706,20260626,2026-06-26 20:00:00,2026-06-26 21:00:00,NONE,NONE,-1.0,NONE,C3.2,QUIET_20260626_10,True,0
707,20260626,2026-06-26 22:00:00,2026-06-26 23:00:00,NONE,NONE,-1.0,NONE,C4.4,QUIET_20260626_11,True,0
708,20260628,2026-06-28 00:00:00,2026-06-28 01:00:00,2026-06-28 01:21:00,2026-06-28 01:36:00,21.0,1h,M7.4,FLARE_20260628_0121_M7.4,False,1
709,20260628,2026-06-28 02:00:00,2026-06-28 03:00:00,NONE,NONE,-1.0,NONE,C2.8,QUIET_20260628_1,True,0
710,20260628,2026-06-28 04:00:00,2026-06-28 05:00:00,NONE,NONE,-1.0,NONE,C3.0,QUIET_20260628_2,True,0
711,20260628,2026-06-28 06:00:00,2026-06-28 07:00:00,NONE,NONE,-1.0,NONE,C4.2,QUIET_20260628_3,True,0
712,20260628,2026-06-28 08:00:00,2026-06-28 09:00:00,2026-06-28 09:49:00,2026-06-28 10:04:00,49.0,1h,M2.6,FLARE_20260628_0949_M2.6,False,1
713,20260628,2026-06-28 10:00:00,2026-06-28 11:00:00,NONE,NONE,-1.0,NONE,C2.6,QUIET_20260628_5,True,0
714,20260628,2026-06-28 12:00:00,2026-06-28 13:00:00,NONE,NONE,-1.0,NONE,C3.8,QUIET_20260628_6,True,0
715,20260628,2026-06-28 14:00:00,2026-06-28 15:00:00,NONE,NONE,-1.0,NONE,C4.0,QUIET_20260628_7,True,0
716,20260628,2026-06-28 16:00:00,2026-06-28 17:00:00,2026-06-28 17:32:00,2026-06-28 17:47:00,32.0,1h,M6.8,FLARE_20260628_1732_M6.8,False,1
717,20260628,2026-06-28 18:00:00,2026-06-28 19:00:00,NONE,NONE,-1.0,NONE,C2.4,QUIET_20260628_9,True,0
718,20260628,2026-06-28 20:00:00,2026-06-28 21:00:00,NONE,NONE,-1.0,NONE,C3.6,QUIET_20260628_10,True,0
719,20260628,2026-06-28 22:00:00,2026-06-28 23:00:00,NONE,NONE,-1.0,NONE,C4.8,QUIET_20260628_11,True,0
720,20240516,2024-05-16 00:00:00,2024-05-16 01:00:00,2024-05-16 01:15:00,2024-05-16 01:30:00,15.0,1h,M1.0,FLARE_20240516_0115_M1.0,False,1
721,20240516,2024-05-16 02:00:00,2024-05-16 03:00:00,NONE,NONE,-1.0,NONE,C2.2,QUIET_20240516_1,True,0
722,20240516,2024-05-16 04:00:00,2024-05-16 05:00:00,NONE,NONE,-1.0,NONE,C3.4,QUIET_20240516_2,True,0
723,20240516,2024-05-16 06:00:00,2024-05-16 07:00:00,NONE,NONE,-1.0,NONE,C4.6,QUIET_20240516_3,True,0
724,20240516,2024-05-16 08:00:00,2024-05-16 09:00:00,2024-05-16 09:43:00,2024-05-16 09:58:00,43.0,1h,M5.2,FLARE_20240516_0943_M5.2,False,1
725,20240516,2024-05-16 10:00:00,2024-05-16 11:00:00,NONE,NONE,-1.0,NONE,C2.0,QUIET_20240516_5,True,0
726,20240516,2024-05-16 12:00:00,2024-05-16 13:00:00,NONE,NONE,-1.0,NONE,C3.2,QUIET_20240516_6,True,0
727,20240516,2024-05-16 14:00:00,2024-05-16 15:00:00,NONE,NONE,-1.0,NONE,C4.4,QUIET_20240516_7,True,0
728,20240516,2024-05-16 16:00:00,2024-05-16 17:00:00,2024-05-16 17:26:00,2024-05-16 17:41:00,26.0,1h,M9.4,FLARE_20240516_1726_M9.4,False,1
729,20240516,2024-05-16 18:00:00,2024-05-16 19:00:00,NONE,NONE,-1.0,NONE,C2.8,QUIET_20240516_9,True,0
730,20240516,2024-05-16 20:00:00,2024-05-16 21:00:00,NONE,NONE,-1.0,NONE,C3.0,QUIET_20240516_10,True,0
731,20240516,2024-05-16 22:00:00,2024-05-16 23:00:00,NONE,NONE,-1.0,NONE,C4.2,QUIET_20240516_11,True,0
732,20260705,2026-07-05 00:00:00,2026-07-05 01:00:00,2026-07-05 01:54:00,2026-07-05 02:09:00,54.0,1h,M4.6,FLARE_20260705_0154_M4.6,False,1
733,20260705,2026-07-05 02:00:00,2026-07-05 03:00:00,NONE,NONE,-1.0,NONE,C2.6,QUIET_20260705_1,True,0
734,20260705,2026-07-05 04:00:00,2026-07-05 05:00:00,NONE,NONE,-1.0,NONE,C3.8,QUIET_20260705_2,True,0
735,20260705,2026-07-05 06:00:00,2026-07-05 07:00:00,NONE,NONE,-1.0,NONE,C4.0,QUIET_20260705_3,True,0
736,20260705,2026-07-05 08:00:00,2026-07-05 09:00:00,2026-07-05 09:37:00,2026-07-05 09:52:00,37.0,1h,M8.8,FLARE_20260705_0937_M8.8,False,1
737,20260705,2026-07-05 10:00:00,2026-07-05 11:00:00,NONE,NONE,-1.0,NONE,C2.4,QUIET_20260705_5,True,0
738,20260705,2026-07-05 12:00:00,2026-07-05 13:00:00,NONE,NONE,-1.0,NONE,C3.6,QUIET_20260705_6,True,0
739,20260705,2026-07-05 14:00:00,2026-07-05 15:00:00,NONE,NONE,-1.0,NONE,C4.8,QUIET_20260705_7,True,0
740,20260705,2026-07-05 16:00:00,2026-07-05 17:00:00,2026-07-05 17:20:00,2026-07-05 17:35:00,20.0,1h,M3.0,FLARE_20260705_1720_M3.0,False,1
741,20260705,2026-07-05 18:00:00,2026-07-05 19:00:00,NONE,NONE,-1.0,NONE,C2.2,QUIET_20260705_9,True,0
742,20260705,2026-07-05 20:00:00,2026-07-05 21:00:00,NONE,NONE,-1.0,NONE,C3.4,QUIET_20260705_10,True,0
743,20260705,2026-07-05 22:00:00,2026-07-05 23:00:00,NONE,NONE,-1.0,NONE,C4.6,QUIET_20260705_11,True,0
744,20260619,2026-06-19 00:00:00,2026-06-19 01:00:00,2026-06-19 01:48:00,2026-06-19 02:03:00,48.0,1h,M7.2,FLARE_20260619_0148_M7.2,False,1
745,20260619,2026-06-19 02:00:00,2026-06-19 03:00:00,NONE,NONE,-1.0,NONE,C2.0,QUIET_20260619_1,True,0
746,20260619,2026-06-19 04:00:00,2026-06-19 05:00:00,NONE,NONE,-1.0,NONE,C3.2,QUIET_20260619_2,True,0
747,20260619,2026-06-19 06:00:00,2026-06-19 07:00:00,NONE,NONE,-1.0,NONE,C4.4,QUIET_20260619_3,True,0
748,20260619,2026-06-19 08:00:00,2026-06-19 09:00:00,2026-06-19 09:31:00,2026-06-19 09:46:00,31.0,1h,M2.4,FLARE_20260619_0931_M2.4,False,1
749,20260619,2026-06-19 10:00:00,2026-06-19 11:00:00,NONE,NONE,-1.0,NONE,C2.8,QUIET_20260619_5,True,0
750,20260619,2026-06-19 12:00:00,2026-06-19 13:00:00,NONE,NONE,-1.0,NONE,C3.0,QUIET_20260619_6,True,0
751,20260619,2026-06-19 14:00:00,2026-06-19 15:00:00,NONE,NONE,-1.0,NONE,C4.2,QUIET_20260619_7,True,0
752,20260619,2026-06-19 16:00:00,2026-06-19 17:00:00,2026-06-19 17:59:00,2026-06-19 18:14:00,59.0,1h,M6.6,FLARE_20260619_1759_M6.6,False,1
753,20260619,2026-06-19 18:00:00,2026-06-19 19:00:00,NONE,NONE,-1.0,NONE,C2.6,QUIET_20260619_9,True,0
754,20260619,2026-06-19 20:00:00,2026-06-19 21:00:00,NONE,NONE,-1.0,NONE,C3.8,QUIET_20260619_10,True,0
755,20260619,2026-06-19 22:00:00,2026-06-19 23:00:00,NONE,NONE,-1.0,NONE,C4.0,QUIET_20260619_11,True,0
756,20260527,2026-05-27 00:00:00,2026-05-27 01:00:00,2026-05-27 01:42:00,2026-05-27 01:57:00,42.0,1h,M1.8,FLARE_20260527_0142_M1.8,False,1
757,20260527,2026-05-27 02:00:00,2026-05-27 03:00:00,NONE,NONE,-1.0,NONE,C2.4,QUIET_20260527_1,True,0
758,20260527,2026-05-27 04:00:00,2026-05-27 05:00:00,NONE,NONE,-1.0,NONE,C3.6,QUIET_20260527_2,True,0
759,20260527,2026-05-27 06:00:00,2026-05-27 07:00:00,NONE,NONE,-1.0,NONE,C4.8,QUIET_20260527_3,True,0
760,20260527,2026-05-27 08:00:00,2026-05-27 09:00:00,2026-05-27 09:25:00,2026-05-27 09:40:00,25.0,1h,M5.0,FLARE_20260527_0925_M5.0,False,1
761,20260527,2026-05-27 10:00:00,2026-05-27 11:00:00,NONE,NONE,-1.0,NONE,C2.2,QUIET_20260527_5,True,0
762,20260527,2026-05-27 12:00:00,2026-05-27 13:00:00,NONE,NONE,-1.0,NONE,C3.4,QUIET_20260527_6,True,0
763,20260527,2026-05-27 14:00:00,2026-05-27 15:00:00,NONE,NONE,-1.0,NONE,C4.6,QUIET_20260527_7,True,0
764,20260527,2026-05-27 16:00:00,2026-05-27 17:00:00,2026-05-27 17:53:00,2026-05-27 18:08:00,53.0,1h,M9.2,FLARE_20260527_1753_M9.2,False,1
765,20260527,2026-05-27 18:00:00,2026-05-27 19:00:00,NONE,NONE,-1.0,NONE,C2.0,QUIET_20260527_9,True,0
766,20260527,2026-05-27 20:00:00,2026-05-27 21:00:00,NONE,NONE,-1.0,NONE,C3.2,QUIET_20260527_10,True,0
767,20260527,2026-05-27 22:00:00,2026-05-27 23:00:00,NONE,NONE,-1.0,NONE,C4.4,QUIET_20260527_11,True,0
768,20260531,2026-05-31 00:00:00,2026-05-31 01:00:00,2026-05-31 01:36:00,2026-05-31 01:51:00,36.0,1h,M4.4,FLARE_20260531_0136_M4.4,False,1
769,20260531,2026-05-31 02:00:00,2026-05-31 03:00:00,NONE,NONE,-1.0,NONE,C2.8,QUIET_20260531_1,True,0
770,20260531,2026-05-31 04:00:00,2026-05-31 05:00:00,NONE,NONE,-1.0,NONE,C3.0,QUIET_20260531_2,True,0
771,20260531,2026-05-31 06:00:00,2026-05-31 07:00:00,NONE,NONE,-1.0,NONE,C4.2,QUIET_20260531_3,True,0
772,20260531,2026-05-31 08:00:00,2026-05-31 09:00:00,2026-05-31 09:19:00,2026-05-31 09:34:00,19.0,1h,M8.6,FLARE_20260531_0919_M8.6,False,1
773,20260531,2026-05-31 10:00:00,2026-05-31 11:00:00,NONE,NONE,-1.0,NONE,C2.6,QUIET_20260531_5,True,0
774,20260531,2026-05-31 12:00:00,2026-05-31 13:00:00,NONE,NONE,-1.0,NONE,C3.8,QUIET_20260531_6,True,0
775,20260531,2026-05-31 14:00:00,2026-05-31 15:00:00,NONE,NONE,-1.0,NONE,C4.0,QUIET_20260531_7,True,0
776,20260531,2026-05-31 16:00:00,2026-05-31 17:00:00,2026-05-31 17:47:00,2026-05-31 18:02:00,47.0,1h,M3.8,FLARE_20260531_1747_M3.8,False,1
777,20260531,2026-05-31 18:00:00,2026-05-31 19:00:00,NONE,NONE,-1.0,NONE,C2.4,QUIET_20260531_9,True,0
778,20260531,2026-05-31 20:00:00,2026-05-31 21:00:00,NONE,NONE,-1.0,NONE,C3.6,QUIET_20260531_10,True,0
779,20260531,2026-05-31 22:00:00,2026-05-31 23:00:00,NONE,NONE,-1.0,NONE,C4.8,QUIET_20260531_11,True,0
780,20260506,2026-05-06 00:00:00,2026-05-06 01:00:00,2026-05-06 01:30:00,2026-05-06 01:45:00,30.0,1h,M7.0,FLARE_20260506_0130_M7.0,False,1
781,20260506,2026-05-06 02:00:00,2026-05-06 03:00:00,NONE,NONE,-1.0,NONE,C2.2,QUIET_20260506_1,True,0
782,20260506,2026-05-06 04:00:00,2026-05-06 05:00:00,NONE,NONE,-1.0,NONE,C3.4,QUIET_20260506_2,True,0
783,20260506,2026-05-06 06:00:00,2026-05-06 07:00:00,NONE,NONE,-1.0,NONE,C4.6,QUIET_20260506_3,True,0
784,20260506,2026-05-06 08:00:00,2026-05-06 09:00:00,2026-05-06 09:58:00,2026-05-06 10:13:00,58.0,1h,M2.2,FLARE_20260506_0958_M2.2,False,1
785,20260506,2026-05-06 10:00:00,2026-05-06 11:00:00,NONE,NONE,-1.0,NONE,C2.0,QUIET_20260506_5,True,0
786,20260506,2026-05-06 12:00:00,2026-05-06 13:00:00,NONE,NONE,-1.0,NONE,C3.2,QUIET_20260506_6,True,0
787,20260506,2026-05-06 14:00:00,2026-05-06 15:00:00,NONE,NONE,-1.0,NONE,C4.4,QUIET_20260506_7,True,0
788,20260506,2026-05-06 16:00:00,2026-05-06 17:00:00,2026-05-06 17:41:00,2026-05-06 17:56:00,41.0,1h,M6.4,FLARE_20260506_1741_M6.4,False,1
789,20260506,2026-05-06 18:00:00,2026-05-06 19:00:00,NONE,NONE,-1.0,NONE,C2.8,QUIET_20260506_9,True,0
790,20260506,2026-05-06 20:00:00,2026-05-06 21:00:00,NONE,NONE,-1.0,NONE,C3.0,QUIET_20260506_10,True,0
791,20260506,2026-05-06 22:00:00,2026-05-06 23:00:00,NONE,NONE,-1.0,NONE,C4.2,QUIET_20260506_11,True,0
792,20260509,2026-05-09 00:00:00,2026-05-09 01:00:00,2026-05-09 01:24:00,2026-05-09 01:39:00,24.0,1h,M1.6,FLARE_20260509_0124_M1.6,False,1
793,20260509,2026-05-09 02:00:00,2026-05-09 03:00:00,NONE,NONE,-1.0,NONE,C2.6,QUIET_20260509_1,True,0
794,20260509,2026-05-09 04:00:00,2026-05-09 05:00:00,NONE,NONE,-1.0,NONE,C3.8,QUIET_20260509_2,True,0
795,20260509,2026-05-09 06:00:00,2026-05-09 07:00:00,NONE,NONE,-1.0,NONE,C4.0,QUIET_20260509_3,True,0
796,20260509,2026-05-09 08:00:00,2026-05-09 09:00:00,2026-05-09 09:52:00,2026-05-09 10:07:00,52.0,1h,M5.8,FLARE_20260509_0952_M5.8,False,1
797,20260509,2026-05-09 10:00:00,2026-05-09 11:00:00,NONE,NONE,-1.0,NONE,C2.4,QUIET_20260509_5,True,0
798,20260509,2026-05-09 12:00:00,2026-05-09 13:00:00,NONE,NONE,-1.0,NONE,C3.6,QUIET_20260509_6,True,0
799,20260509,2026-05-09 14:00:00,2026-05-09 15:00:00,NONE,NONE,-1.0,NONE,C4.8,QUIET_20260509_7,True,0
800,20260509,2026-05-09 16:00:00,2026-05-09 17:00:00,2026-05-09 17:35:00,2026-05-09 17:50:00,35.0,1h,M9.0,FLARE_20260509_1735_M9.0,False,1
801,20260509,2026-05-09 18:00:00,2026-05-09 19:00:00,NONE,NONE,-1.0,NONE,C2.2,QUIET_20260509_9,True,0
802,20260509,2026-05-09 20:00:00,2026-05-09 21:00:00,NONE,NONE,-1.0,NONE,C3.4,QUIET_20260509_10,True,0
803,20260509,2026-05-09 22:00:00,2026-05-09 23:00:00,NONE,NONE,-1.0,NONE,C4.6,QUIET_20260509_11,True,0
804,20260623,2026-06-23 00:00:00,2026-06-23 01:00:00,2026-06-23 01:18:00,2026-06-23 01:33:00,18.0,1h,M4.2,FLARE_20260623_0118_M4.2,False,1
805,20260623,2026-06-23 02:00:00,2026-06-23 03:00:00,NONE,NONE,-1.0,NONE,C2.0,QUIET_20260623_1,True,0
806,20260623,2026-06-23 04:00:00,2026-06-23 05:00:00,NONE,NONE,-1.0,NONE,C3.2,QUIET_20260623_2,True,0
807,20260623,2026-06-23 06:00:00,2026-06-23 07:00:00,NONE,NONE,-1.0,NONE,C4.4,QUIET_20260623_3,True,0
808,20260623,2026-06-23 08:00:00,2026-06-23 09:00:00,2026-06-23 09:46:00,2026-06-23 10:01:00,46.0,1h,M8.4,FLARE_20260623_0946_M8.4,False,1
809,20260623,2026-06-23 10:00:00,2026-06-23 11:00:00,NONE,NONE,-1.0,NONE,C2.8,QUIET_20260623_5,True,0
810,20260623,2026-06-23 12:00:00,2026-06-23 13:00:00,NONE,NONE,-1.0,NONE,C3.0,QUIET_20260623_6,True,0
811,20260623,2026-06-23 14:00:00,2026-06-23 15:00:00,NONE,NONE,-1.0,NONE,C4.2,QUIET_20260623_7,True,0
812,20260623,2026-06-23 16:00:00,2026-06-23 17:00:00,2026-06-23 17:29:00,2026-06-23 17:44:00,29.0,1h,M3.6,FLARE_20260623_1729_M3.6,False,1
813,20260623,2026-06-23 18:00:00,2026-06-23 19:00:00,NONE,NONE,-1.0,NONE,C2.6,QUIET_20260623_9,True,0
814,20260623,2026-06-23 20:00:00,2026-06-23 21:00:00,NONE,NONE,-1.0,NONE,C3.8,QUIET_20260623_10,True,0
815,20260623,2026-06-23 22:00:00,2026-06-23 23:00:00,NONE,NONE,-1.0,NONE,C4.0,QUIET_20260623_11,True,0
816,20260601,2026-06-01 00:00:00,2026-06-01 01:00:00,2026-06-01 01:57:00,2026-06-01 02:12:00,57.0,1h,M7.8,FLARE_20260601_0157_M7.8,False,1
817,20260601,2026-06-01 02:00:00,2026-06-01 03:00:00,NONE,NONE,-1.0,NONE,C2.4,QUIET_20260601_1,True,0
818,20260601,2026-06-01 04:00:00,2026-06-01 05:00:00,NONE,NONE,-1.0,NONE,C3.6,QUIET_20260601_2,True,0
819,20260601,2026-06-01 06:00:00,2026-06-01 07:00:00,NONE,NONE,-1.0,NONE,C4.8,QUIET_20260601_3,True,0
820,20260601,2026-06-01 08:00:00,2026-06-01 09:00:00,2026-06-01 09:40:00,2026-06-01 09:55:00,40.0,1h,M2.0,FLARE_20260601_0940_M2.0,False,1
821,20260601,2026-06-01 10:00:00,2026-06-01 11:00:00,NONE,NONE,-1.0,NONE,C2.2,QUIET_20260601_5,True,0
822,20260601,2026-06-01 12:00:00,2026-06-01 13:00:00,NONE,NONE,-1.0,NONE,C3.4,QUIET_20260601_6,True,0
823,20260601,2026-06-01 14:00:00,2026-06-01 15:00:00,NONE,NONE,-1.0,NONE,C4.6,QUIET_20260601_7,True,0
824,20260601,2026-06-01 16:00:00,2026-06-01 17:00:00,2026-06-01 17:23:00,2026-06-01 17:38:00,23.0,1h,M6.2,FLARE_20260601_1723_M6.2,False,1
825,20260601,2026-06-01 18:00:00,2026-06-01 19:00:00,NONE,NONE,-1.0,NONE,C2.0,QUIET_20260601_9,True,0
826,20260601,2026-06-01 20:00:00,2026-06-01 21:00:00,NONE,NONE,-1.0,NONE,C3.2,QUIET_20260601_10,True,0
827,20260601,2026-06-01 22:00:00,2026-06-01 23:00:00,NONE,NONE,-1.0,NONE,C4.4,QUIET_20260601_11,True,0
828,20260614,2026-06-14 00:00:00,2026-06-14 01:00:00,2026-06-14 01:51:00,2026-06-14 02:06:00,51.0,1h,M1.4,FLARE_20260614_0151_M1.4,False,1
829,20260614,2026-06-14 02:00:00,2026-06-14 03:00:00,NONE,NONE,-1.0,NONE,C2.8,QUIET_20260614_1,True,0
830,20260614,2026-06-14 04:00:00,2026-06-14 05:00:00,NONE,NONE,-1.0,NONE,C3.0,QUIET_20260614_2,True,0
831,20260614,2026-06-14 06:00:00,2026-06-14 07:00:00,NONE,NONE,-1.0,NONE,C4.2,QUIET_20260614_3,True,0
832,20260614,2026-06-14 08:00:00,2026-06-14 09:00:00,2026-06-14 09:34:00,2026-06-14 09:49:00,34.0,1h,M5.6,FLARE_20260614_0934_M5.6,False,1
833,20260614,2026-06-14 10:00:00,2026-06-14 11:00:00,NONE,NONE,-1.0,NONE,C2.6,QUIET_20260614_5,True,0
834,20260614,2026-06-14 12:00:00,2026-06-14 13:00:00,NONE,NONE,-1.0,NONE,C3.8,QUIET_20260614_6,True,0
835,20260614,2026-06-14 14:00:00,2026-06-14 15:00:00,NONE,NONE,-1.0,NONE,C4.0,QUIET_20260614_7,True,0
836,20260614,2026-06-14 16:00:00,2026-06-14 17:00:00,2026-06-14 17:17:00,2026-06-14 17:32:00,17.0,1h,M9.8,FLARE_20260614_1717_M9.8,False,1
837,20260614,2026-06-14 18:00:00,2026-06-14 19:00:00,NONE,NONE,-1.0,NONE,C2.4,QUIET_20260614_9,True,0
838,20260614,2026-06-14 20:00:00,2026-06-14 21:00:00,NONE,NONE,-1.0,NONE,C3.6,QUIET_20260614_10,True,0
839,20260614,2026-06-14 22:00:00,2026-06-14 23:00:00,NONE,NONE,-1.0,NONE,C4.8,QUIET_20260614_11,True,0
840,20260622,2026-06-22 00:00:00,2026-06-22 01:00:00,2026-06-22 01:45:00,2026-06-22 02:00:00,45.0,1h,M4.0,FLARE_20260622_0145_M4.0,False,1
841,20260622,2026-06-22 02:00:00,2026-06-22 03:00:00,NONE,NONE,-1.0,NONE,C2.2,QUIET_20260622_1,True,0
842,20260622,2026-06-22 04:00:00,2026-06-22 05:00:00,NONE,NONE,-1.0,NONE,C3.4,QUIET_20260622_2,True,0
843,20260622,2026-06-22 06:00:00,2026-06-22 07:00:00,NONE,NONE,-1.0,NONE,C4.6,QUIET_20260622_3,True,0
844,20260622,2026-06-22 08:00:00,2026-06-22 09:00:00,2026-06-22 09:28:00,2026-06-22 09:43:00,28.0,1h,M8.2,FLARE_20260622_0928_M8.2,False,1
845,20260622,2026-06-22 10:00:00,2026-06-22 11:00:00,NONE,NONE,-1.0,NONE,C2.0,QUIET_20260622_5,True,0
846,20260622,2026-06-22 12:00:00,2026-06-22 13:00:00,NONE,NONE,-1.0,NONE,C3.2,QUIET_20260622_6,True,0
847,20260622,2026-06-22 14:00:00,2026-06-22 15:00:00,NONE,NONE,-1.0,NONE,C4.4,QUIET_20260622_7,True,0
848,20260622,2026-06-22 16:00:00,2026-06-22 17:00:00,2026-06-22 17:56:00,2026-06-22 18:11:00,56.0,1h,M3.4,FLARE_20260622_1756_M3.4,False,1
849,20260622,2026-06-22 18:00:00,2026-06-22 19:00:00,NONE,NONE,-1.0,NONE,C2.8,QUIET_20260622_9,True,0
850,20260622,2026-06-22 20:00:00,2026-06-22 21:00:00,NONE,NONE,-1.0,NONE,C3.0,QUIET_20260622_10,True,0
851,20260622,2026-06-22 22:00:00,2026-06-22 23:00:00,NONE,NONE,-1.0,NONE,C4.2,QUIET_20260622_11,True,0
852,20260517,2026-05-17 00:00:00,2026-05-17 01:00:00,2026-05-17 01:39:00,2026-05-17 01:54:00,39.0,1h,M7.6,FLARE_20260517_0139_M7.6,False,1
853,20260517,2026-05-17 02:00:00,2026-05-17 03:00:00,NONE,NONE,-1.0,NONE,C2.6,QUIET_20260517_1,True,0
854,20260517,2026-05-17 04:00:00,2026-05-17 05:00:00,NONE,NONE,-1.0,NONE,C3.8,QUIET_20260517_2,True,0
855,20260517,2026-05-17 06:00:00,2026-05-17 07:00:00,NONE,NONE,-1.0,NONE,C4.0,QUIET_20260517_3,True,0
856,20260517,2026-05-17 08:00:00,2026-05-17 09:00:00,2026-05-17 09:22:00,2026-05-17 09:37:00,22.0,1h,M2.8,FLARE_20260517_0922_M2.8,False,1
857,20260517,2026-05-17 10:00:00,2026-05-17 11:00:00,NONE,NONE,-1.0,NONE,C2.4,QUIET_20260517_5,True,0
858,20260517,2026-05-17 12:00:00,2026-05-17 13:00:00,NONE,NONE,-1.0,NONE,C3.6,QUIET_20260517_6,True,0
859,20260517,2026-05-17 14:00:00,2026-05-17 15:00:00,NONE,NONE,-1.0,NONE,C4.8,QUIET_20260517_7,True,0
860,20260517,2026-05-17 16:00:00,2026-05-17 17:00:00,2026-05-17 17:50:00,2026-05-17 18:05:00,50.0,1h,M6.0,FLARE_20260517_1750_M6.0,False,1
861,20260517,2026-05-17 18:00:00,2026-05-17 19:00:00,NONE,NONE,-1.0,NONE,C2.2,QUIET_20260517_9,True,0
862,20260517,2026-05-17 20:00:00,2026-05-17 21:00:00,NONE,NONE,-1.0,NONE,C3.4,QUIET_20260517_10,True,0
863,20260517,2026-05-17 22:00:00,2026-05-17 23:00:00,NONE,NONE,-1.0,NONE,C4.6,QUIET_20260517_11,True,0
864,20260526,2026-05-26 00:00:00,2026-05-26 01:00:00,2026-05-26 01:33:00,2026-05-26 01:48:00,33.0,1h,M1.2,FLARE_20260526_0133_M1.2,False,1
865,20260526,2026-05-26 02:00:00,2026-05-26 03:00:00,NONE,NONE,-1.0,NONE,C2.0,QUIET_20260526_1,True,0
866,20260526,2026-05-26 04:00:00,2026-05-26 05:00:00,NONE,NONE,-1.0,NONE,C3.2,QUIET_20260526_2,True,0
867,20260526,2026-05-26 06:00:00,2026-05-26 07:00:00,NONE,NONE,-1.0,NONE,C4.4,QUIET_20260526_3,True,0
868,20260526,2026-05-26 08:00:00,2026-05-26 09:00:00,2026-05-26 09:16:00,2026-05-26 09:31:00,16.0,1h,M5.4,FLARE_20260526_0916_M5.4,False,1
869,20260526,2026-05-26 10:00:00,2026-05-26 11:00:00,NONE,NONE,-1.0,NONE,C2.8,QUIET_20260526_5,True,0
870,20260526,2026-05-26 12:00:00,2026-05-26 13:00:00,NONE,NONE,-1.0,NONE,C3.0,QUIET_20260526_6,True,0
871,20260526,2026-05-26 14:00:00,2026-05-26 15:00:00,NONE,NONE,-1.0,NONE,C4.2,QUIET_20260526_7,True,0
872,20260526,2026-05-26 16:00:00,2026-05-26 17:00:00,2026-05-26 17:44:00,2026-05-26 17:59:00,44.0,1h,M9.6,FLARE_20260526_1744_M9.6,False,1
873,20260526,2026-05-26 18:00:00,2026-05-26 19:00:00,NONE,NONE,-1.0,NONE,C2.6,QUIET_20260526_9,True,0
874,20260526,2026-05-26 20:00:00,2026-05-26 21:00:00,NONE,NONE,-1.0,NONE,C3.8,QUIET_20260526_10,True,0
875,20260526,2026-05-26 22:00:00,2026-05-26 23:00:00,NONE,NONE,-1.0,NONE,C4.0,QUIET_20260526_11,True,0
876,20260528,2026-05-28 00:00:00,2026-05-28 01:00:00,2026-05-28 01:27:00,2026-05-28 01:42:00,27.0,1h,M4.8,FLARE_20260528_0127_M4.8,False,1
877,20260528,2026-05-28 02:00:00,2026-05-28 03:00:00,NONE,NONE,-1.0,NONE,C2.4,QUIET_20260528_1,True,0
878,20260528,2026-05-28 04:00:00,2026-05-28 05:00:00,NONE,NONE,-1.0,NONE,C3.6,QUIET_20260528_2,True,0
879,20260528,2026-05-28 06:00:00,2026-05-28 07:00:00,NONE,NONE,-1.0,NONE,C4.8,QUIET_20260528_3,True,0
880,20260528,2026-05-28 08:00:00,2026-05-28 09:00:00,2026-05-28 09:55:00,2026-05-28 10:10:00,55.0,1h,M8.0,FLARE_20260528_0955_M8.0,False,1
881,20260528,2026-05-28 10:00:00,2026-05-28 11:00:00,NONE,NONE,-1.0,NONE,C2.2,QUIET_20260528_5,True,0
882,20260528,2026-05-28 12:00:00,2026-05-28 13:00:00,NONE,NONE,-1.0,NONE,C3.4,QUIET_20260528_6,True,0
883,20260528,2026-05-28 14:00:00,2026-05-28 15:00:00,NONE,NONE,-1.0,NONE,C4.6,QUIET_20260528_7,True,0
884,20260528,2026-05-28 16:00:00,2026-05-28 17:00:00,2026-05-28 17:38:00,2026-05-28 17:53:00,38.0,1h,M3.2,FLARE_20260528_1738_M3.2,False,1
885,20260528,2026-05-28 18:00:00,2026-05-28 19:00:00,NONE,NONE,-1.0,NONE,C2.0,QUIET_20260528_9,True,0
886,20260528,2026-05-28 20:00:00,2026-05-28 21:00:00,NONE,NONE,-1.0,NONE,C3.2,QUIET_20260528_10,True,0
887,20260528,2026-05-28 22:00:00,2026-05-28 23:00:00,NONE,NONE,-1.0,NONE,C4.4,QUIET_20260528_11,True,0
888,20260605,2026-06-05 00:00:00,2026-06-05 01:00:00,2026-06-05 01:21:00,2026-06-05 01:36:00,21.0,1h,M7.4,FLARE_20260605_0121_M7.4,False,1
889,20260605,2026-06-05 02:00:00,2026-06-05 03:00:00,NONE,NONE,-1.0,NONE,C2.8,QUIET_20260605_1,True,0
890,20260605,2026-06-05 04:00:00,2026-06-05 05:00:00,NONE,NONE,-1.0,NONE,C3.0,QUIET_20260605_2,True,0
891,20260605,2026-06-05 06:00:00,2026-06-05 07:00:00,NONE,NONE,-1.0,NONE,C4.2,QUIET_20260605_3,True,0
892,20260605,2026-06-05 08:00:00,2026-06-05 09:00:00,2026-06-05 09:49:00,2026-06-05 10:04:00,49.0,1h,M2.6,FLARE_20260605_0949_M2.6,False,1
893,20260605,2026-06-05 10:00:00,2026-06-05 11:00:00,NONE,NONE,-1.0,NONE,C2.6,QUIET_20260605_5,True,0
894,20260605,2026-06-05 12:00:00,2026-06-05 13:00:00,NONE,NONE,-1.0,NONE,C3.8,QUIET_20260605_6,True,0
895,20260605,2026-06-05 14:00:00,2026-06-05 15:00:00,NONE,NONE,-1.0,NONE,C4.0,QUIET_20260605_7,True,0
896,20260605,2026-06-05 16:00:00,2026-06-05 17:00:00,2026-06-05 17:32:00,2026-06-05 17:47:00,32.0,1h,M6.8,FLARE_20260605_1732_M6.8,False,1
897,20260605,2026-06-05 18:00:00,2026-06-05 19:00:00,NONE,NONE,-1.0,NONE,C2.4,QUIET_20260605_9,True,0
898,20260605,2026-06-05 20:00:00,2026-06-05 21:00:00,NONE,NONE,-1.0,NONE,C3.6,QUIET_20260605_10,True,0
899,20260605,2026-06-05 22:00:00,2026-06-05 23:00:00,NONE,NONE,-1.0,NONE,C4.8,QUIET_20260605_11,True,0
900,20260915,2026-09-15 00:00:00,2026-09-15 01:00:00,2026-09-15 01:15:00,2026-09-15 01:30:00,15.0,1h,M1.0,FLARE_20260915_0115_M1.0,False,1
901,20260915,2026-09-15 02:00:00,2026-09-15 03:00:00,NONE,NONE,-1.0,NONE,C2.2,QUIET_20260915_1,True,0
902,20260915,2026-09-15 04:00:00,2026-09-15 05:00:00,NONE,NONE,-1.0,NONE,C3.4,QUIET_20260915_2,True,0
903,20260915,2026-09-15 06:00:00,2026-09-15 07:00:00,NONE,NONE,-1.0,NONE,C4.6,QUIET_20260915_3,True,0
904,20260915,2026-09-15 08:00:00,2026-09-15 09:00:00,2026-09-15 09:43:00,2026-09-15 09:58:00,43.0,1h,M5.2,FLARE_20260915_0943_M5.2,False,1
905,20260915,2026-09-15 10:00:00,2026-09-15 11:00:00,NONE,NONE,-1.0,NONE,C2.0,QUIET_20260915_5,True,0
906,20260915,2026-09-15 12:00:00,2026-09-15 13:00:00,NONE,NONE,-1.0,NONE,C3.2,QUIET_20260915_6,True,0
907,20260915,2026-09-15 14:00:00,2026-09-15 15:00:00,NONE,NONE,-1.0,NONE,C4.4,QUIET_20260915_7,True,0
908,20260915,2026-09-15 16:00:00,2026-09-15 17:00:00,2026-09-15 17:26:00,2026-09-15 17:41:00,26.0,1h,M9.4,FLARE_20260915_1726_M9.4,False,1
909,20260915,2026-09-15 18:00:00,2026-09-15 19:00:00,NONE,NONE,-1.0,NONE,C2.8,QUIET_20260915_9,True,0
910,20260915,2026-09-15 20:00:00,2026-09-15 21:00:00,NONE,NONE,-1.0,NONE,C3.0,QUIET_20260915_10,True,0
911,20260915,2026-09-15 22:00:00,2026-09-15 23:00:00,NONE,NONE,-1.0,NONE,C4.2,QUIET_20260915_11,True,0
912,20260916,2026-09-16 00:00:00,2026-09-16 01:00:00,2026-09-16 01:54:00,2026-09-16 02:09:00,54.0,1h,M4.6,FLARE_20260916_0154_M4.6,False,1
913,20260916,2026-09-16 02:00:00,2026-09-16 03:00:00,NONE,NONE,-1.0,NONE,C2.6,QUIET_20260916_1,True,0
914,20260916,2026-09-16 04:00:00,2026-09-16 05:00:00,NONE,NONE,-1.0,NONE,C3.8,QUIET_20260916_2,True,0
915,20260916,2026-09-16 06:00:00,2026-09-16 07:00:00,NONE,NONE,-1.0,NONE,C4.0,QUIET_20260916_3,True,0
916,20260916,2026-09-16 08:00:00,2026-09-16 09:00:00,2026-09-16 09:37:00,2026-09-16 09:52:00,37.0,1h,M8.8,FLARE_20260916_0937_M8.8,False,1
917,20260916,2026-09-16 10:00:00,2026-09-16 11:00:00,NONE,NONE,-1.0,NONE,C2.4,QUIET_20260916_5,True,0
918,20260916,2026-09-16 12:00:00,2026-09-16 13:00:00,NONE,NONE,-1.0,NONE,C3.6,QUIET_20260916_6,True,0
919,20260916,2026-09-16 14:00:00,2026-09-16 15:00:00,NONE,NONE,-1.0,NONE,C4.8,QUIET_20260916_7,True,0
920,20260916,2026-09-16 16:00:00,2026-09-16 17:00:00,2026-09-16 17:20:00,2026-09-16 17:35:00,20.0,1h,M3.0,FLARE_20260916_1720_M3.0,False,1
921,20260916,2026-09-16 18:00:00,2026-09-16 19:00:00,NONE,NONE,-1.0,NONE,C2.2,QUIET_20260916_9,True,0
922,20260916,2026-09-16 20:00:00,2026-09-16 21:00:00,NONE,NONE,-1.0,NONE,C3.4,QUIET_20260916_10,True,0
923,20260916,2026-09-16 22:00:00,2026-09-16 23:00:00,NONE,NONE,-1.0,NONE,C4.6,QUIET_20260916_11,True,0
924,20260917,2026-09-17 00:00:00,2026-09-17 01:00:00,2026-09-17 01:48:00,2026-09-17 02:03:00,48.0,1h,M7.2,FLARE_20260917_0148_M7.2,False,1
925,20260917,2026-09-17 02:00:00,2026-09-17 03:00:00,NONE,NONE,-1.0,NONE,C2.0,QUIET_20260917_1,True,0
926,20260917,2026-09-17 04:00:00,2026-09-17 05:00:00,NONE,NONE,-1.0,NONE,C3.2,QUIET_20260917_2,True,0
927,20260917,2026-09-17 06:00:00,2026-09-17 07:00:00,NONE,NONE,-1.0,NONE,C4.4,QUIET_20260917_3,True,0
928,20260917,2026-09-17 08:00:00,2026-09-17 09:00:00,2026-09-17 09:31:00,2026-09-17 09:46:00,31.0,1h,M2.4,FLARE_20260917_0931_M2.4,False,1
929,20260917,2026-09-17 10:00:00,2026-09-17 11:00:00,NONE,NONE,-1.0,NONE,C2.8,QUIET_20260917_5,True,0
930,20260917,2026-09-17 12:00:00,2026-09-17 13:00:00,NONE,NONE,-1.0,NONE,C3.0,QUIET_20260917_6,True,0
931,20260917,2026-09-17 14:00:00,2026-09-17 15:00:00,NONE,NONE,-1.0,NONE,C4.2,QUIET_20260917_7,True,0
932,20260917,2026-09-17 16:00:00,2026-09-17 17:00:00,2026-09-17 17:59:00,2026-09-17 18:14:00,59.0,1h,M6.6,FLARE_20260917_1759_M6.6,False,1
933,20260917,2026-09-17 18:00:00,2026-09-17 19:00:00,NONE,NONE,-1.0,NONE,C2.6,QUIET_20260917_9,True,0
934,20260917,2026-09-17 20:00:00,2026-09-17 21:00:00,NONE,NONE,-1.0,NONE,C3.8,QUIET_20260917_10,True,0
935,20260917,2026-09-17 22:00:00,2026-09-17 23:00:00,NONE,NONE,-1.0,NONE,C4.0,QUIET_20260917_11,True,0
936,20260918,2026-09-18 00:00:00,2026-09-18 01:00:00,2026-09-18 01:42:00,2026-09-18 01:57:00,42.0,1h,M1.8,FLARE_20260918_0142_M1.8,False,1
937,20260918,2026-09-18 02:00:00,2026-09-18 03:00:00,NONE,NONE,-1.0,NONE,C2.4,QUIET_20260918_1,True,0
938,20260918,2026-09-18 04:00:00,2026-09-18 05:00:00,NONE,NONE,-1.0,NONE,C3.6,QUIET_20260918_2,True,0
939,20260918,2026-09-18 06:00:00,2026-09-18 07:00:00,NONE,NONE,-1.0,NONE,C4.8,QUIET_20260918_3,True,0
940,20260918,2026-09-18 08:00:00,2026-09-18 09:00:00,2026-09-18 09:25:00,2026-09-18 09:40:00,25.0,1h,M5.0,FLARE_20260918_0925_M5.0,False,1
941,20260918,2026-09-18 10:00:00,2026-09-18 11:00:00,NONE,NONE,-1.0,NONE,C2.2,QUIET_20260918_5,True,0
942,20260918,2026-09-18 12:00:00,2026-09-18 13:00:00,NONE,NONE,-1.0,NONE,C3.4,QUIET_20260918_6,True,0
943,20260918,2026-09-18 14:00:00,2026-09-18 15:00:00,NONE,NONE,-1.0,NONE,C4.6,QUIET_20260918_7,True,0
944,20260918,2026-09-18 16:00:00,2026-09-18 17:00:00,2026-09-18 17:53:00,2026-09-18 18:08:00,53.0,1h,M9.2,FLARE_20260918_1753_M9.2,False,1
945,20260918,2026-09-18 18:00:00,2026-09-18 19:00:00,NONE,NONE,-1.0,NONE,C2.0,QUIET_20260918_9,True,0
946,20260918,2026-09-18 20:00:00,2026-09-18 21:00:00,NONE,NONE,-1.0,NONE,C3.2,QUIET_20260918_10,True,0
947,20260918,2026-09-18 22:00:00,2026-09-18 23:00:00,NONE,NONE,-1.0,NONE,C4.4,QUIET_20260918_11,True,0
948,20260919,2026-09-19 00:00:00,2026-09-19 01:00:00,2026-09-19 01:36:00,2026-09-19 01:51:00,36.0,1h,M4.4,FLARE_20260919_0136_M4.4,False,1
949,20260919,2026-09-19 02:00:00,2026-09-19 03:00:00,NONE,NONE,-1.0,NONE,C2.8,QUIET_20260919_1,True,0
950,20260919,2026-09-19 04:00:00,2026-09-19 05:00:00,NONE,NONE,-1.0,NONE,C3.0,QUIET_20260919_2,True,0
951,20260919,2026-09-19 06:00:00,2026-09-19 07:00:00,NONE,NONE,-1.0,NONE,C4.2,QUIET_20260919_3,True,0
952,20260919,2026-09-19 08:00:00,2026-09-19 09:00:00,2026-09-19 09:19:00,2026-09-19 09:34:00,19.0,1h,M8.6,FLARE_20260919_0919_M8.6,False,1
953,20260919,2026-09-19 10:00:00,2026-09-19 11:00:00,NONE,NONE,-1.0,NONE,C2.6,QUIET_20260919_5,True,0
954,20260919,2026-09-19 12:00:00,2026-09-19 13:00:00,NONE,NONE,-1.0,NONE,C3.8,QUIET_20260919_6,True,0
955,20260919,2026-09-19 14:00:00,2026-09-19 15:00:00,NONE,NONE,-1.0,NONE,C4.0,QUIET_20260919_7,True,0
956,20260919,2026-09-19 16:00:00,2026-09-19 17:00:00,2026-09-19 17:47:00,2026-09-19 18:02:00,47.0,1h,M3.8,FLARE_20260919_1747_M3.8,False,1
957,20260919,2026-09-19 18:00:00,2026-09-19 19:00:00,NONE,NONE,-1.0,NONE,C2.4,QUIET_20260919_9,True,0
958,20260919,2026-09-19 20:00:00,2026-09-19 21:00:00,NONE,NONE,-1.0,NONE,C3.6,QUIET_20260919_10,True,0
959,20260919,2026-09-19 22:00:00,2026-09-19 23:00:00,NONE,NONE,-1.0,NONE,C4.8,QUIET_20260919_11,True,0
960,20260920,2026-09-20 00:00:00,2026-09-20 01:00:00,2026-09-20 01:30:00,2026-09-20 01:45:00,30.0,1h,M7.0,FLARE_20260920_0130_M7.0,False,1
961,20260920,2026-09-20 02:00:00,2026-09-20 03:00:00,NONE,NONE,-1.0,NONE,C2.2,QUIET_20260920_1,True,0
962,20260920,2026-09-20 04:00:00,2026-09-20 05:00:00,NONE,NONE,-1.0,NONE,C3.4,QUIET_20260920_2,True,0
963,20260920,2026-09-20 06:00:00,2026-09-20 07:00:00,NONE,NONE,-1.0,NONE,C4.6,QUIET_20260920_3,True,0
964,20260920,2026-09-20 08:00:00,2026-09-20 09:00:00,2026-09-20 09:58:00,2026-09-20 10:13:00,58.0,1h,M2.2,FLARE_20260920_0958_M2.2,False,1
965,20260920,2026-09-20 10:00:00,2026-09-20 11:00:00,NONE,NONE,-1.0,NONE,C2.0,QUIET_20260920_5,True,0
966,20260920,2026-09-20 12:00:00,2026-09-20 13:00:00,NONE,NONE,-1.0,NONE,C3.2,QUIET_20260920_6,True,0
967,20260920,2026-09-20 14:00:00,2026-09-20 15:00:00,NONE,NONE,-1.0,NONE,C4.4,QUIET_20260920_7,True,0
968,20260920,2026-09-20 16:00:00,2026-09-20 17:00:00,2026-09-20 17:41:00,2026-09-20 17:56:00,41.0,1h,M6.4,FLARE_20260920_1741_M6.4,False,1
969,20260920,2026-09-20 18:00:00,2026-09-20 19:00:00,NONE,NONE,-1.0,NONE,C2.8,QUIET_20260920_9,True,0
970,20260920,2026-09-20 20:00:00,2026-09-20 21:00:00,NONE,NONE,-1.0,NONE,C3.0,QUIET_20260920_10,True,0
971,20260920,2026-09-20 22:00:00,2026-09-20 23:00:00,NONE,NONE,-1.0,NONE,C4.2,QUIET_20260920_11,True,0
972,20260921,2026-09-21 00:00:00,2026-09-21 01:00:00,2026-09-21 01:24:00,2026-09-21 01:39:00,24.0,1h,M1.6,FLARE_20260921_0124_M1.6,False,1
973,20260921,2026-09-21 02:00:00,2026-09-21 03:00:00,NONE,NONE,-1.0,NONE,C2.6,QUIET_20260921_1,True,0
974,20260921,2026-09-21 04:00:00,2026-09-21 05:00:00,NONE,NONE,-1.0,NONE,C3.8,QUIET_20260921_2,True,0
975,20260921,2026-09-21 06:00:00,2026-09-21 07:00:00,NONE,NONE,-1.0,NONE,C4.0,QUIET_20260921_3,True,0
976,20260921,2026-09-21 08:00:00,2026-09-21 09:00:00,2026-09-21 09:52:00,2026-09-21 10:07:00,52.0,1h,M5.8,FLARE_20260921_0952_M5.8,False,1
977,20260921,2026-09-21 10:00:00,2026-09-21 11:00:00,NONE,NONE,-1.0,NONE,C2.4,QUIET_20260921_5,True,0
978,20260921,2026-09-21 12:00:00,2026-09-21 13:00:00,NONE,NONE,-1.0,NONE,C3.6,QUIET_20260921_6,True,0
979,20260921,2026-09-21 14:00:00,2026-09-21 15:00:00,NONE,NONE,-1.0,NONE,C4.8,QUIET_20260921_7,True,0
980,20260921,2026-09-21 16:00:00,2026-09-21 17:00:00,2026-09-21 17:35:00,2026-09-21 17:50:00,35.0,1h,M9.0,FLARE_20260921_1735_M9.0,False,1
981,20260921,2026-09-21 18:00:00,2026-09-21 19:00:00,NONE,NONE,-1.0,NONE,C2.2,QUIET_20260921_9,True,0
982,20260921,2026-09-21 20:00:00,2026-09-21 21:00:00,NONE,NONE,-1.0,NONE,C3.4,QUIET_20260921_10,True,0
983,20260921,2026-09-21 22:00:00,2026-09-21 23:00:00,NONE,NONE,-1.0,NONE,C4.6,QUIET_20260921_11,True,0
984,20260922,2026-09-22 00:00:00,2026-09-22 01:00:00,2026-09-22 01:18:00,2026-09-22 01:33:00,18.0,1h,M4.2,FLARE_20260922_0118_M4.2,False,1
985,20260922,2026-09-22 02:00:00,2026-09-22 03:00:00,NONE,NONE,-1.0,NONE,C2.0,QUIET_20260922_1,True,0
986,20260922,2026-09-22 04:00:00,2026-09-22 05:00:00,NONE,NONE,-1.0,NONE,C3.2,QUIET_20260922_2,True,0
987,20260922,2026-09-22 06:00:00,2026-09-22 07:00:00,NONE,NONE,-1.0,NONE,C4.4,QUIET_20260922_3,True,0
988,20260922,2026-09-22 08:00:00,2026-09-22 09:00:00,2026-09-22 09:46:00,2026-09-22 10:01:00,46.0,1h,M8.4,FLARE_20260922_0946_M8.4,False,1
989,20260922,2026-09-22 10:00:00,2026-09-22 11:00:00,NONE,NONE,-1.0,NONE,C2.8,QUIET_20260922_5,True,0
990,20260922,2026-09-22 12:00:00,2026-09-22 13:00:00,NONE,NONE,-1.0,NONE,C3.0,QUIET_20260922_6,True,0
991,20260922,2026-09-22 14:00:00,2026-09-22 15:00:00,NONE,NONE,-1.0,NONE,C4.2,QUIET_20260922_7,True,0
992,20260922,2026-09-22 16:00:00,2026-09-22 17:00:00,2026-09-22 17:29:00,2026-09-22 17:44:00,29.0,1h,M3.6,FLARE_20260922_1729_M3.6,False,1
993,20260922,2026-09-22 18:00:00,2026-09-22 19:00:00,NONE,NONE,-1.0,NONE,C2.6,QUIET_20260922_9,True,0
994,20260922,2026-09-22 20:00:00,2026-09-22 21:00:00,NONE,NONE,-1.0,NONE,C3.8,QUIET_20260922_10,True,0
995,20260922,2026-09-22 22:00:00,2026-09-22 23:00:00,NONE,NONE,-1.0,NONE,C4.0,QUIET_20260922_11,True,0
996,20260923,2026-09-23 00:00:00,2026-09-23 01:00:00,2026-09-23 01:57:00,2026-09-23 02:12:00,57.0,1h,M7.8,FLARE_20260923_0157_M7.8,False,1
997,20260923,2026-09-23 02:00:00,2026-09-23 03:00:00,NONE,NONE,-1.0,NONE,C2.4,QUIET_20260923_1,True,0
998,20260923,2026-09-23 04:00:00,2026-09-23 05:00:00,NONE,NONE,-1.0,NONE,C3.6,QUIET_20260923_2,True,0
999,20260923,2026-09-23 06:00:00,2026-09-23 07:00:00,NONE,NONE,-1.0,NONE,C4.8,QUIET_20260923_3,True,0
1000,20260923,2026-09-23 08:00:00,2026-09-23 09:00:00,2026-09-23 09:40:00,2026-09-23 09:55:00,40.0,1h,M2.0,FLARE_20260923_0940_M2.0,False,1
1001,20260923,2026-09-23 10:00:00,2026-09-23 11:00:00,NONE,NONE,-1.0,NONE,C2.2,QUIET_20260923_5,True,0
1002,20260923,2026-09-23 12:00:00,2026-09-23 13:00:00,NONE,NONE,-1.0,NONE,C3.4,QUIET_20260923_6,True,0
1003,20260923,2026-09-23 14:00:00,2026-09-23 15:00:00,NONE,NONE,-1.0,NONE,C4.6,QUIET_20260923_7,True,0
1004,20260923,2026-09-23 16:00:00,2026-09-23 17:00:00,2026-09-23 17:23:00,2026-09-23 17:38:00,23.0,1h,M6.2,FLARE_20260923_1723_M6.2,False,1
1005,20260923,2026-09-23 18:00:00,2026-09-23 19:00:00,NONE,NONE,-1.0,NONE,C2.0,QUIET_20260923_9,True,0
1006,20260923,2026-09-23 20:00:00,2026-09-23 21:00:00,NONE,NONE,-1.0,NONE,C3.2,QUIET_20260923_10,True,0
1007,20260923,2026-09-23 22:00:00,2026-09-23 23:00:00,NONE,NONE,-1.0,NONE,C4.4,QUIET_20260923_11,True,0
1008,20260924,2026-09-24 00:00:00,2026-09-24 01:00:00,2026-09-24 01:51:00,2026-09-24 02:06:00,51.0,1h,M1.4,FLARE_20260924_0151_M1.4,False,1
1009,20260924,2026-09-24 02:00:00,2026-09-24 03:00:00,NONE,NONE,-1.0,NONE,C2.8,QUIET_20260924_1,True,0
1010,20260924,2026-09-24 04:00:00,2026-09-24 05:00:00,NONE,NONE,-1.0,NONE,C3.0,QUIET_20260924_2,True,0
1011,20260924,2026-09-24 06:00:00,2026-09-24 07:00:00,NONE,NONE,-1.0,NONE,C4.2,QUIET_20260924_3,True,0
1012,20260924,2026-09-24 08:00:00,2026-09-24 09:00:00,2026-09-24 09:34:00,2026-09-24 09:49:00,34.0,1h,M5.6,FLARE_20260924_0934_M5.6,False,1
1013,20260924,2026-09-24 10:00:00,2026-09-24 11:00:00,NONE,NONE,-1.0,NONE,C2.6,QUIET_20260924_5,True,0
1014,20260924,2026-09-24 12:00:00,2026-09-24 13:00:00,NONE,NONE,-1.0,NONE,C3.8,QUIET_20260924_6,True,0
1015,20260924,2026-09-24 14:00:00,2026-09-24 15:00:00,NONE,NONE,-1.0,NONE,C4.0,QUIET_20260924_7,True,0
1016,20260924,2026-09-24 16:00:00,2026-09-24 17:00:00,2026-09-24 17:17:00,2026-09-24 17:32:00,17.0,1h,M9.8,FLARE_20260924_1717_M9.8,False,1
1017,20260924,2026-09-24 18:00:00,2026-09-24 19:00:00,NONE,NONE,-1.0,NONE,C2.4,QUIET_20260924_9,True,0
1018,20260924,2026-09-24 20:00:00,2026-09-24 21:00:00,NONE,NONE,-1.0,NONE,C3.6,QUIET_20260924_10,True,0
1019,20260924,2026-09-24 22:00:00,2026-09-24 23:00:00,NONE,NONE,-1.0,NONE,C4.8,QUIET_20260924_11,True,0
1020,20260925,2026-09-25 00:00:00,2026-09-25 01:00:00,2026-09-25 01:45:00,2026-09-25 02:00:00,45.0,1h,M4.0,FLARE_20260925_0145_M4.0,False,1
1021,20260925,2026-09-25 02:00:00,2026-09-25 03:00:00,NONE,NONE,-1.0,NONE,C2.2,QUIET_20260925_1,True,0
1022,20260925,2026-09-25 04:00:00,2026-09-25 05:00:00,NONE,NONE,-1.0,NONE,C3.4,QUIET_20260925_2,True,0
1023,20260925,2026-09-25 06:00:00,2026-09-25 07:00:00,NONE,NONE,-1.0,NONE,C4.6,QUIET_20260925_3,True,0
1024,20260925,2026-09-25 08:00:00,2026-09-25 09:00:00,2026-09-25 09:28:00,2026-09-25 09:43:00,28.0,1h,M8.2,FLARE_20260925_0928_M8.2,False,1
1025,20260925,2026-09-25 10:00:00,2026-09-25 11:00:00,NONE,NONE,-1.0,NONE,C2.0,QUIET_20260925_5,True,0
1026,20260925,2026-09-25 12:00:00,2026-09-25 13:00:00,NONE,NONE,-1.0,NONE,C3.2,QUIET_20260925_6,True,0
1027,20260925,2026-09-25 14:00:00,2026-09-25 15:00:00,NONE,NONE,-1.0,NONE,C4.4,QUIET_20260925_7,True,0
1028,20260925,2026-09-25 16:00:00,2026-09-25 17:00:00,2026-09-25 17:56:00,2026-09-25 18:11:00,56.0,1h,M3.4,FLARE_20260925_1756_M3.4,False,1
1029,20260925,2026-09-25 18:00:00,2026-09-25 19:00:00,NONE,NONE,-1.0,NONE,C2.8,QUIET_20260925_9,True,0
1030,20260925,2026-09-25 20:00:00,2026-09-25 21:00:00,NONE,NONE,-1.0,NONE,C3.0,QUIET_20260925_10,True,0
1031,20260925,2026-09-25 22:00:00,2026-09-25 23:00:00,NONE,NONE,-1.0,NONE,C4.2,QUIET_20260925_11,True,0
1032,20260926,2026-09-26 00:00:00,2026-09-26 01:00:00,2026-09-26 01:39:00,2026-09-26 01:54:00,39.0,1h,M7.6,FLARE_20260926_0139_M7.6,False,1
1033,20260926,2026-09-26 02:00:00,2026-09-26 03:00:00,NONE,NONE,-1.0,NONE,C2.6,QUIET_20260926_1,True,0
1034,20260926,2026-09-26 04:00:00,2026-09-26 05:00:00,NONE,NONE,-1.0,NONE,C3.8,QUIET_20260926_2,True,0
1035,20260926,2026-09-26 06:00:00,2026-09-26 07:00:00,NONE,NONE,-1.0,NONE,C4.0,QUIET_20260926_3,True,0
1036,20260926,2026-09-26 08:00:00,2026-09-26 09:00:00,2026-09-26 09:22:00,2026-09-26 09:37:00,22.0,1h,M2.8,FLARE_20260926_0922_M2.8,False,1
1037,20260926,2026-09-26 10:00:00,2026-09-26 11:00:00,NONE,NONE,-1.0,NONE,C2.4,QUIET_20260926_5,True,0
1038,20260926,2026-09-26 12:00:00,2026-09-26 13:00:00,NONE,NONE,-1.0,NONE,C3.6,QUIET_20260926_6,True,0
1039,20260926,2026-09-26 14:00:00,2026-09-26 15:00:00,NONE,NONE,-1.0,NONE,C4.8,QUIET_20260926_7,True,0
1040,20260926,2026-09-26 16:00:00,2026-09-26 17:00:00,2026-09-26 17:50:00,2026-09-26 18:05:00,50.0,1h,M6.0,FLARE_20260926_1750_M6.0,False,1
1041,20260926,2026-09-26 18:00:00,2026-09-26 19:00:00,NONE,NONE,-1.0,NONE,C2.2,QUIET_20260926_9,True,0
1042,20260926,2026-09-26 20:00:00,2026-09-26 21:00:00,NONE,NONE,-1.0,NONE,C3.4,QUIET_20260926_10,True,0
1043,20260926,2026-09-26 22:00:00,2026-09-26 23:00:00,NONE,NONE,-1.0,NONE,C4.6,QUIET_20260926_11,True,0
1044,20260927,2026-09-27 00:00:00,2026-09-27 01:00:00,2026-09-27 01:33:00,2026-09-27 01:48:00,33.0,1h,M1.2,FLARE_20260927_0133_M1.2,False,1
1045,20260927,2026-09-27 02:00:00,2026-09-27 03:00:00,NONE,NONE,-1.0,NONE,C2.0,QUIET_20260927_1,True,0
1046,20260927,2026-09-27 04:00:00,2026-09-27 05:00:00,NONE,NONE,-1.0,NONE,C3.2,QUIET_20260927_2,True,0
1047,20260927,2026-09-27 06:00:00,2026-09-27 07:00:00,NONE,NONE,-1.0,NONE,C4.4,QUIET_20260927_3,True,0
1048,20260927,2026-09-27 08:00:00,2026-09-27 09:00:00,2026-09-27 09:16:00,2026-09-27 09:31:00,16.0,1h,M5.4,FLARE_20260927_0916_M5.4,False,1
1049,20260927,2026-09-27 10:00:00,2026-09-27 11:00:00,NONE,NONE,-1.0,NONE,C2.8,QUIET_20260927_5,True,0
1050,20260927,2026-09-27 12:00:00,2026-09-27 13:00:00,NONE,NONE,-1.0,NONE,C3.0,QUIET_20260927_6,True,0
1051,20260927,2026-09-27 14:00:00,2026-09-27 15:00:00,NONE,NONE,-1.0,NONE,C4.2,QUIET_20260927_7,True,0
1052,20260927,2026-09-27 16:00:00,2026-09-27 17:00:00,2026-09-27 17:44:00,2026-09-27 17:59:00,44.0,1h,M9.6,FLARE_20260927_1744_M9.6,False,1
1053,20260927,2026-09-27 18:00:00,2026-09-27 19:00:00,NONE,NONE,-1.0,NONE,C2.6,QUIET_20260927_9,True,0
1054,20260927,2026-09-27 20:00:00,2026-09-27 21:00:00,NONE,NONE,-1.0,NONE,C3.8,QUIET_20260927_10,True,0
1055,20260927,2026-09-27 22:00:00,2026-09-27 23:00:00,NONE,NONE,-1.0,NONE,C4.0,QUIET_20260927_11,True,0
1056,20260928,2026-09-28 00:00:00,2026-09-28 01:00:00,2026-09-28 01:27:00,2026-09-28 01:42:00,27.0,1h,M4.8,FLARE_20260928_0127_M4.8,False,1
1057,20260928,2026-09-28 02:00:00,2026-09-28 03:00:00,NONE,NONE,-1.0,NONE,C2.4,QUIET_20260928_1,True,0
1058,20260928,2026-09-28 04:00:00,2026-09-28 05:00:00,NONE,NONE,-1.0,NONE,C3.6,QUIET_20260928_2,True,0
1059,20260928,2026-09-28 06:00:00,2026-09-28 07:00:00,NONE,NONE,-1.0,NONE,C4.8,QUIET_20260928_3,True,0
1060,20260928,2026-09-28 08:00:00,2026-09-28 09:00:00,2026-09-28 09:55:00,2026-09-28 10:10:00,55.0,1h,M8.0,FLARE_20260928_0955_M8.0,False,1
1061,20260928,2026-09-28 10:00:00,2026-09-28 11:00:00,NONE,NONE,-1.0,NONE,C2.2,QUIET_20260928_5,True,0
1062,20260928,2026-09-28 12:00:00,2026-09-28 13:00:00,NONE,NONE,-1.0,NONE,C3.4,QUIET_20260928_6,True,0
1063,20260928,2026-09-28 14:00:00,2026-09-28 15:00:00,NONE,NONE,-1.0,NONE,C4.6,QUIET_20260928_7,True,0
1064,20260928,2026-09-28 16:00:00,2026-09-28 17:00:00,2026-09-28 17:38:00,2026-09-28 17:53:00,38.0,1h,M3.2,FLARE_20260928_1738_M3.2,False,1
1065,20260928,2026-09-28 18:00:00,2026-09-28 19:00:00,NONE,NONE,-1.0,NONE,C2.0,QUIET_20260928_9,True,0
1066,20260928,2026-09-28 20:00:00,2026-09-28 21:00:00,NONE,NONE,-1.0,NONE,C3.2,QUIET_20260928_10,True,0
1067,20260928,2026-09-28 22:00:00,2026-09-28 23:00:00,NONE,NONE,-1.0,NONE,C4.4,QUIET_20260928_11,True,0
1068,20260929,2026-09-29 00:00:00,2026-09-29 01:00:00,2026-09-29 01:21:00,2026-09-29 01:36:00,21.0,1h,M7.4,FLARE_20260929_0121_M7.4,False,1
1069,20260929,2026-09-29 02:00:00,2026-09-29 03:00:00,NONE,NONE,-1.0,NONE,C2.8,QUIET_20260929_1,True,0
1070,20260929,2026-09-29 04:00:00,2026-09-29 05:00:00,NONE,NONE,-1.0,NONE,C3.0,QUIET_20260929_2,True,0
1071,20260929,2026-09-29 06:00:00,2026-09-29 07:00:00,NONE,NONE,-1.0,NONE,C4.2,QUIET_20260929_3,True,0
1072,20260929,2026-09-29 08:00:00,2026-09-29 09:00:00,2026-09-29 09:49:00,2026-09-29 10:04:00,49.0,1h,M2.6,FLARE_20260929_0949_M2.6,False,1
1073,20260929,2026-09-29 10:00:00,2026-09-29 11:00:00,NONE,NONE,-1.0,NONE,C2.6,QUIET_20260929_5,True,0
1074,20260929,2026-09-29 12:00:00,2026-09-29 13:00:00,NONE,NONE,-1.0,NONE,C3.8,QUIET_20260929_6,True,0
1075,20260929,2026-09-29 14:00:00,2026-09-29 15:00:00,NONE,NONE,-1.0,NONE,C4.0,QUIET_20260929_7,True,0
1076,20260929,2026-09-29 16:00:00,2026-09-29 17:00:00,2026-09-29 17:32:00,2026-09-29 17:47:00,32.0,1h,M6.8,FLARE_20260929_1732_M6.8,False,1
1077,20260929,2026-09-29 18:00:00,2026-09-29 19:00:00,NONE,NONE,-1.0,NONE,C2.4,QUIET_20260929_9,True,0
1078,20260929,2026-09-29 20:00:00,2026-09-29 21:00:00,NONE,NONE,-1.0,NONE,C3.6,QUIET_20260929_10,True,0
1079,20260929,2026-09-29 22:00:00,2026-09-29 23:00:00,NONE,NONE,-1.0,NONE,C4.8,QUIET_20260929_11,True,0
1080,20260930,2026-09-30 00:00:00,2026-09-30 01:00:00,2026-09-30 01:15:00,2026-09-30 01:30:00,15.0,1h,M1.0,FLARE_20260930_0115_M1.0,False,1
1081,20260930,2026-09-30 02:00:00,2026-09-30 03:00:00,NONE,NONE,-1.0,NONE,C2.2,QUIET_20260930_1,True,0
1082,20260930,2026-09-30 04:00:00,2026-09-30 05:00:00,NONE,NONE,-1.0,NONE,C3.4,QUIET_20260930_2,True,0
1083,20260930,2026-09-30 06:00:00,2026-09-30 07:00:00,NONE,NONE,-1.0,NONE,C4.6,QUIET_20260930_3,True,0
1084,20260930,2026-09-30 08:00:00,2026-09-30 09:00:00,2026-09-30 09:43:00,2026-09-30 09:58:00,43.0,1h,M5.2,FLARE_20260930_0943_M5.2,False,1
1085,20260930,2026-09-30 10:00:00,2026-09-30 11:00:00,NONE,NONE,-1.0,NONE,C2.0,QUIET_20260930_5,True,0
1086,20260930,2026-09-30 12:00:00,2026-09-30 13:00:00,NONE,NONE,-1.0,NONE,C3.2,QUIET_20260930_6,True,0
1087,20260930,2026-09-30 14:00:00,2026-09-30 15:00:00,NONE,NONE,-1.0,NONE,C4.4,QUIET_20260930_7,True,0
1088,20260930,2026-09-30 16:00:00,2026-09-30 17:00:00,2026-09-30 17:26:00,2026-09-30 17:41:00,26.0,1h,M9.4,FLARE_20260930_1726_M9.4,False,1
1089,20260930,2026-09-30 18:00:00,2026-09-30 19:00:00,NONE,NONE,-1.0,NONE,C2.8,QUIET_20260930_9,True,0
1090,20260930,2026-09-30 20:00:00,2026-09-30 21:00:00,NONE,NONE,-1.0,NONE,C3.0,QUIET_20260930_10,True,0
1091,20260930,2026-09-30 22:00:00,2026-09-30 23:00:00,NONE,NONE,-1.0,NONE,C4.2,QUIET_20260930_11,True,0
