sample_id,observation_date,window_start,window_end,flare_start_time,minutes_until_flare,forecasting_horizon,goes_class,flare_event_id,label
0,20240401,20240401T00:00:00,20240401T01:00:00,20240401T01:31:00,31.85,1h,M5.4,FLARE_20240401_0000_M5.4,1
1,20240401,20240401T02:00:00,20240401T03:00:00,NONE,-1.0,NONE,C1.4,QUIET_20240401_1,0
2,20240401,20240401T04:00:00,20240401T05:00:00,NONE,-1.0,NONE,C1.3,QUIET_20240401_2,0
3,20240401,20240401T06:00:00,20240401T07:00:00,NONE,-1.0,NONE,C3.2,QUIET_20240401_3,0
4,20240401,20240401T08:00:00,20240401T09:00:00,20240401T09:47:00,47.69,1h,M5.2,FLARE_20240401_0800_M5.2,1
5,20240401,20240401T10:00:00,20240401T11:00:00,NONE,-1.0,NONE,C2.3,QUIET_20240401_5,0
6,20240401,20240401T12:00:00,20240401T13:00:00,NONE,-1.0,NONE,C4.5,QUIET_20240401_6,0
7,20240401,20240401T14:00:00,20240401T15:00:00,NONE,-1.0,NONE,C3.5,QUIET_20240401_7,0
8,20240401,20240401T16:00:00,20240401T17:00:00,20240401T17:37:00,37.13,1h,M3.2,FLARE_20240401_1600_M3.2,1
9,20240401,20240401T18:00:00,20240401T19:00:00,NONE,-1.0,NONE,C4.1,QUIET_20240401_9,0
10,20240401,20240401T20:00:00,20240401T21:00:00,NONE,-1.0,NONE,C1.7,QUIET_20240401_10,0
11,20240401,20240401T22:00:00,20240401T23:00:00,NONE,-1.0,NONE,C4.4,QUIET_20240401_11,0
12,20240402,20240402T00:00:00,20240402T01:00:00,20240402T01:33:00,33.04,1h,M3.4,FLARE_20240402_0000_M3.4,1
13,20240402,20240402T02:00:00,20240402T03:00:00,NONE,-1.0,NONE,C1.1,QUIET_20240402_1,0
14,20240402,20240402T04:00:00,20240402T05:00:00,NONE,-1.0,NONE,C3.2,QUIET_20240402_2,0
15,20240402,20240402T06:00:00,20240402T07:00:00,NONE,-1.0,NONE,C1.7,QUIET_20240402_3,0
16,20240402,20240402T08:00:00,20240402T09:00:00,20240402T09:33:00,33.31,1h,M7.8,FLARE_20240402_0800_M7.8,1
17,20240402,20240402T10:00:00,20240402T11:00:00,NONE,-1.0,NONE,C4.7,QUIET_20240402_5,0
18,20240402,20240402T12:00:00,20240402T13:00:00,NONE,-1.0,NONE,C2.2,QUIET_20240402_6,0
19,20240402,20240402T14:00:00,20240402T15:00:00,NONE,-1.0,NONE,C4.4,QUIET_20240402_7,0
20,20240402,20240402T16:00:00,20240402T17:00:00,20240402T17:18:00,18.35,1h,M2.8,FLARE_20240402_1600_M2.8,1
21,20240402,20240402T18:00:00,20240402T19:00:00,NONE,-1.0,NONE,C3.8,QUIET_20240402_9,0
22,20240402,20240402T20:00:00,20240402T21:00:00,NONE,-1.0,NONE,C4.2,QUIET_20240402_10,0
23,20240402,20240402T22:00:00,20240402T23:00:00,NONE,-1.0,NONE,C2.8,QUIET_20240402_11,0
24,20240403,20240403T00:00:00,20240403T01:00:00,20240403T01:32:00,32.09,1h,M8.4,FLARE_20240403_0000_M8.4,1
25,20240403,20240403T02:00:00,20240403T03:00:00,NONE,-1.0,NONE,C2.8,QUIET_20240403_1,0
26,20240403,20240403T04:00:00,20240403T05:00:00,NONE,-1.0,NONE,C4.5,QUIET_20240403_2,0
27,20240403,20240403T06:00:00,20240403T07:00:00,NONE,-1.0,NONE,C4.0,QUIET_20240403_3,0
28,20240403,20240403T08:00:00,20240403T09:00:00,20240403T09:37:00,37.91,1h,M6.1,FLARE_20240403_0800_M6.1,1
29,20240403,20240403T10:00:00,20240403T11:00:00,NONE,-1.0,NONE,C1.2,QUIET_20240403_5,0
30,20240403,20240403T12:00:00,20240403T13:00:00,NONE,-1.0,NONE,C1.0,QUIET_20240403_6,0
31,20240403,20240403T14:00:00,20240403T15:00:00,NONE,-1.0,NONE,C4.1,QUIET_20240403_7,0
32,20240403,20240403T16:00:00,20240403T17:00:00,20240403T17:29:00,29.37,1h,M7.8,FLARE_20240403_1600_M7.8,1
33,20240403,20240403T18:00:00,20240403T19:00:00,NONE,-1.0,NONE,C3.4,QUIET_20240403_9,0
34,20240403,20240403T20:00:00,20240403T21:00:00,NONE,-1.0,NONE,C4.6,QUIET_20240403_10,0
35,20240403,20240403T22:00:00,20240403T23:00:00,NONE,-1.0,NONE,C2.2,QUIET_20240403_11,0
36,20240404,20240404T00:00:00,20240404T01:00:00,20240404T01:37:00,37.64,1h,M3.2,FLARE_20240404_0000_M3.2,1
37,20240404,20240404T02:00:00,20240404T03:00:00,NONE,-1.0,NONE,C3.6,QUIET_20240404_1,0
38,20240404,20240404T04:00:00,20240404T05:00:00,NONE,-1.0,NONE,C2.4,QUIET_20240404_2,0
39,20240404,20240404T06:00:00,20240404T07:00:00,NONE,-1.0,NONE,C2.8,QUIET_20240404_3,0
40,20240404,20240404T08:00:00,20240404T09:00:00,20240404T09:26:00,26.59,1h,M1.4,FLARE_20240404_0800_M1.4,1
41,20240404,20240404T10:00:00,20240404T11:00:00,NONE,-1.0,NONE,C3.3,QUIET_20240404_5,0
42,20240404,20240404T12:00:00,20240404T13:00:00,NONE,-1.0,NONE,C2.0,QUIET_20240404_6,0
43,20240404,20240404T14:00:00,20240404T15:00:00,NONE,-1.0,NONE,C2.1,QUIET_20240404_7,0
44,20240404,20240404T16:00:00,20240404T17:00:00,20240404T17:21:00,21.67,1h,M1.4,FLARE_20240404_1600_M1.4,1
45,20240404,20240404T18:00:00,20240404T19:00:00,NONE,-1.0,NONE,C2.8,QUIET_20240404_9,0
46,20240404,20240404T20:00:00,20240404T21:00:00,NONE,-1.0,NONE,C3.3,QUIET_20240404_10,0
47,20240404,20240404T22:00:00,20240404T23:00:00,NONE,-1.0,NONE,C4.3,QUIET_20240404_11,0
48,20240405,20240405T00:00:00,20240405T01:00:00,20240405T01:26:00,26.61,1h,M6.3,FLARE_20240405_0000_M6.3,1
49,20240405,20240405T02:00:00,20240405T03:00:00,NONE,-1.0,NONE,C1.1,QUIET_20240405_1,0
50,20240405,20240405T04:00:00,20240405T05:00:00,NONE,-1.0,NONE,C1.8,QUIET_20240405_2,0
51,20240405,20240405T06:00:00,20240405T07:00:00,NONE,-1.0,NONE,C1.4,QUIET_20240405_3,0
52,20240405,20240405T08:00:00,20240405T09:00:00,20240405T09:53:00,53.72,1h,M4.8,FLARE_20240405_0800_M4.8,1
53,20240405,20240405T10:00:00,20240405T11:00:00,NONE,-1.0,NONE,C3.1,QUIET_20240405_5,0
54,20240405,20240405T12:00:00,20240405T13:00:00,NONE,-1.0,NONE,C4.6,QUIET_20240405_6,0
55,20240405,20240405T14:00:00,20240405T15:00:00,NONE,-1.0,NONE,C3.8,QUIET_20240405_7,0
56,20240405,20240405T16:00:00,20240405T17:00:00,20240405T17:57:00,57.28,1h,M4.1,FLARE_20240405_1600_M4.1,1
57,20240405,20240405T18:00:00,20240405T19:00:00,NONE,-1.0,NONE,C3.1,QUIET_20240405_9,0
58,20240405,20240405T20:00:00,20240405T21:00:00,NONE,-1.0,NONE,C1.3,QUIET_20240405_10,0
59,20240405,20240405T22:00:00,20240405T23:00:00,NONE,-1.0,NONE,C4.8,QUIET_20240405_11,0
60,20240406,20240406T00:00:00,20240406T01:00:00,20240406T01:20:00,20.43,1h,M4.3,FLARE_20240406_0000_M4.3,1
61,20240406,20240406T02:00:00,20240406T03:00:00,NONE,-1.0,NONE,C1.5,QUIET_20240406_1,0
62,20240406,20240406T04:00:00,20240406T05:00:00,NONE,-1.0,NONE,C2.4,QUIET_20240406_2,0
63,20240406,20240406T06:00:00,20240406T07:00:00,NONE,-1.0,NONE,C3.7,QUIET_20240406_3,0
64,20240406,20240406T08:00:00,20240406T09:00:00,20240406T09:34:00,34.44,1h,M1.4,FLARE_20240406_0800_M1.4,1
65,20240406,20240406T10:00:00,20240406T11:00:00,NONE,-1.0,NONE,C2.8,QUIET_20240406_5,0
66,20240406,20240406T12:00:00,20240406T13:00:00,NONE,-1.0,NONE,C2.3,QUIET_20240406_6,0
67,20240406,20240406T14:00:00,20240406T15:00:00,NONE,-1.0,NONE,C1.4,QUIET_20240406_7,0
68,20240406,20240406T16:00:00,20240406T17:00:00,20240406T17:24:00,24.67,1h,M7.1,FLARE_20240406_1600_M7.1,1
69,20240406,20240406T18:00:00,20240406T19:00:00,NONE,-1.0,NONE,C4.3,QUIET_20240406_9,0
70,20240406,20240406T20:00:00,20240406T21:00:00,NONE,-1.0,NONE,C3.8,QUIET_20240406_10,0
71,20240406,20240406T22:00:00,20240406T23:00:00,NONE,-1.0,NONE,C3.0,QUIET_20240406_11,0
72,20240407,20240407T00:00:00,20240407T01:00:00,20240407T01:50:00,50.96,1h,M8.2,FLARE_20240407_0000_M8.2,1
73,20240407,20240407T02:00:00,20240407T03:00:00,NONE,-1.0,NONE,C4.1,QUIET_20240407_1,0
74,20240407,20240407T04:00:00,20240407T05:00:00,NONE,-1.0,NONE,C4.1,QUIET_20240407_2,0
75,20240407,20240407T06:00:00,20240407T07:00:00,NONE,-1.0,NONE,C1.0,QUIET_20240407_3,0
76,20240407,20240407T08:00:00,20240407T09:00:00,20240407T09:25:00,25.35,1h,M7.2,FLARE_20240407_0800_M7.2,1
77,20240407,20240407T10:00:00,20240407T11:00:00,NONE,-1.0,NONE,C2.1,QUIET_20240407_5,0
78,20240407,20240407T12:00:00,20240407T13:00:00,NONE,-1.0,NONE,C3.5,QUIET_20240407_6,0
79,20240407,20240407T14:00:00,20240407T15:00:00,NONE,-1.0,NONE,C2.5,QUIET_20240407_7,0
80,20240407,20240407T16:00:00,20240407T17:00:00,20240407T17:24:00,24.34,1h,M6.8,FLARE_20240407_1600_M6.8,1
81,20240407,20240407T18:00:00,20240407T19:00:00,NONE,-1.0,NONE,C3.2,QUIET_20240407_9,0
82,20240407,20240407T20:00:00,20240407T21:00:00,NONE,-1.0,NONE,C3.3,QUIET_20240407_10,0
83,20240407,20240407T22:00:00,20240407T23:00:00,NONE,-1.0,NONE,C1.5,QUIET_20240407_11,0
84,20240408,20240408T00:00:00,20240408T01:00:00,20240408T01:22:00,22.19,1h,M1.3,FLARE_20240408_0000_M1.3,1
85,20240408,20240408T02:00:00,20240408T03:00:00,NONE,-1.0,NONE,C3.0,QUIET_20240408_1,0
86,20240408,20240408T04:00:00,20240408T05:00:00,NONE,-1.0,NONE,C2.1,QUIET_20240408_2,0
87,20240408,20240408T06:00:00,20240408T07:00:00,NONE,-1.0,NONE,C3.0,QUIET_20240408_3,0
88,20240408,20240408T08:00:00,20240408T09:00:00,20240408T09:24:00,24.33,1h,M6.0,FLARE_20240408_0800_M6.0,1
89,20240408,20240408T10:00:00,20240408T11:00:00,NONE,-1.0,NONE,C4.7,QUIET_20240408_5,0
90,20240408,20240408T12:00:00,20240408T13:00:00,NONE,-1.0,NONE,C2.5,QUIET_20240408_6,0
91,20240408,20240408T14:00:00,20240408T15:00:00,NONE,-1.0,NONE,C4.0,QUIET_20240408_7,0
92,20240408,20240408T16:00:00,20240408T17:00:00,20240408T17:53:00,53.97,1h,M3.1,FLARE_20240408_1600_M3.1,1
93,20240408,20240408T18:00:00,20240408T19:00:00,NONE,-1.0,NONE,C3.1,QUIET_20240408_9,0
94,20240408,20240408T20:00:00,20240408T21:00:00,NONE,-1.0,NONE,C3.3,QUIET_20240408_10,0
95,20240408,20240408T22:00:00,20240408T23:00:00,NONE,-1.0,NONE,C4.1,QUIET_20240408_11,0
96,20240409,20240409T00:00:00,20240409T01:00:00,20240409T01:19:00,19.5,1h,M5.3,FLARE_20240409_0000_M5.3,1
97,20240409,20240409T02:00:00,20240409T03:00:00,NONE,-1.0,NONE,C4.4,QUIET_20240409_1,0
98,20240409,20240409T04:00:00,20240409T05:00:00,NONE,-1.0,NONE,C4.8,QUIET_20240409_2,0
99,20240409,20240409T06:00:00,20240409T07:00:00,NONE,-1.0,NONE,C2.0,QUIET_20240409_3,0
100,20240409,20240409T08:00:00,20240409T09:00:00,20240409T09:28:00,28.88,1h,M5.0,FLARE_20240409_0800_M5.0,1
101,20240409,20240409T10:00:00,20240409T11:00:00,NONE,-1.0,NONE,C4.0,QUIET_20240409_5,0
102,20240409,20240409T12:00:00,20240409T13:00:00,NONE,-1.0,NONE,C1.7,QUIET_20240409_6,0
103,20240409,20240409T14:00:00,20240409T15:00:00,NONE,-1.0,NONE,C1.2,QUIET_20240409_7,0
104,20240409,20240409T16:00:00,20240409T17:00:00,20240409T17:37:00,37.19,1h,M5.8,FLARE_20240409_1600_M5.8,1
105,20240409,20240409T18:00:00,20240409T19:00:00,NONE,-1.0,NONE,C2.1,QUIET_20240409_9,0
106,20240409,20240409T20:00:00,20240409T21:00:00,NONE,-1.0,NONE,C1.0,QUIET_20240409_10,0
107,20240409,20240409T22:00:00,20240409T23:00:00,NONE,-1.0,NONE,C2.5,QUIET_20240409_11,0
108,20240410,20240410T00:00:00,20240410T01:00:00,20240410T01:33:00,33.16,1h,M6.0,FLARE_20240410_0000_M6.0,1
109,20240410,20240410T02:00:00,20240410T03:00:00,NONE,-1.0,NONE,C4.4,QUIET_20240410_1,0
110,20240410,20240410T04:00:00,20240410T05:00:00,NONE,-1.0,NONE,C3.5,QUIET_20240410_2,0
111,20240410,20240410T06:00:00,20240410T07:00:00,NONE,-1.0,NONE,C2.5,QUIET_20240410_3,0
112,20240410,20240410T08:00:00,20240410T09:00:00,20240410T09:41:00,41.04,1h,M4.0,FLARE_20240410_0800_M4.0,1
113,20240410,20240410T10:00:00,20240410T11:00:00,NONE,-1.0,NONE,C1.4,QUIET_20240410_5,0
114,20240410,20240410T12:00:00,20240410T13:00:00,NONE,-1.0,NONE,C1.7,QUIET_20240410_6,0
115,20240410,20240410T14:00:00,20240410T15:00:00,NONE,-1.0,NONE,C4.2,QUIET_20240410_7,0
116,20240410,20240410T16:00:00,20240410T17:00:00,20240410T17:33:00,33.51,1h,M2.4,FLARE_20240410_1600_M2.4,1
117,20240410,20240410T18:00:00,20240410T19:00:00,NONE,-1.0,NONE,C1.2,QUIET_20240410_9,0
118,20240410,20240410T20:00:00,20240410T21:00:00,NONE,-1.0,NONE,C3.2,QUIET_20240410_10,0
119,20240410,20240410T22:00:00,20240410T23:00:00,NONE,-1.0,NONE,C3.8,QUIET_20240410_11,0
120,20240411,20240411T00:00:00,20240411T01:00:00,20240411T01:53:00,53.43,1h,M7.8,FLARE_20240411_0000_M7.8,1
121,20240411,20240411T02:00:00,20240411T03:00:00,NONE,-1.0,NONE,C2.2,QUIET_20240411_1,0
122,20240411,20240411T04:00:00,20240411T05:00:00,NONE,-1.0,NONE,C3.5,QUIET_20240411_2,0
123,20240411,20240411T06:00:00,20240411T07:00:00,NONE,-1.0,NONE,C1.0,QUIET_20240411_3,0
124,20240411,20240411T08:00:00,20240411T09:00:00,20240411T09:35:00,35.58,1h,M5.5,FLARE_20240411_0800_M5.5,1
125,20240411,20240411T10:00:00,20240411T11:00:00,NONE,-1.0,NONE,C3.8,QUIET_20240411_5,0
126,20240411,20240411T12:00:00,20240411T13:00:00,NONE,-1.0,NONE,C1.4,QUIET_20240411_6,0
127,20240411,20240411T14:00:00,20240411T15:00:00,NONE,-1.0,NONE,C2.5,QUIET_20240411_7,0
128,20240411,20240411T16:00:00,20240411T17:00:00,20240411T17:50:00,50.27,1h,M3.8,FLARE_20240411_1600_M3.8,1
129,20240411,20240411T18:00:00,20240411T19:00:00,NONE,-1.0,NONE,C1.1,QUIET_20240411_9,0
130,20240411,20240411T20:00:00,20240411T21:00:00,NONE,-1.0,NONE,C3.6,QUIET_20240411_10,0
131,20240411,20240411T22:00:00,20240411T23:00:00,NONE,-1.0,NONE,C4.3,QUIET_20240411_11,0
132,20240412,20240412T00:00:00,20240412T01:00:00,20240412T01:41:00,41.23,1h,M5.6,FLARE_20240412_0000_M5.6,1
133,20240412,20240412T02:00:00,20240412T03:00:00,NONE,-1.0,NONE,C2.7,QUIET_20240412_1,0
134,20240412,20240412T04:00:00,20240412T05:00:00,NONE,-1.0,NONE,C1.1,QUIET_20240412_2,0
135,20240412,20240412T06:00:00,20240412T07:00:00,NONE,-1.0,NONE,C3.1,QUIET_20240412_3,0
136,20240412,20240412T08:00:00,20240412T09:00:00,20240412T09:28:00,28.1,1h,M6.4,FLARE_20240412_0800_M6.4,1
137,20240412,20240412T10:00:00,20240412T11:00:00,NONE,-1.0,NONE,C4.6,QUIET_20240412_5,0
138,20240412,20240412T12:00:00,20240412T13:00:00,NONE,-1.0,NONE,C2.1,QUIET_20240412_6,0
139,20240412,20240412T14:00:00,20240412T15:00:00,NONE,-1.0,NONE,C2.1,QUIET_20240412_7,0
140,20240412,20240412T16:00:00,20240412T17:00:00,20240412T17:57:00,57.54,1h,M5.2,FLARE_20240412_1600_M5.2,1
141,20240412,20240412T18:00:00,20240412T19:00:00,NONE,-1.0,NONE,C1.8,QUIET_20240412_9,0
142,20240412,20240412T20:00:00,20240412T21:00:00,NONE,-1.0,NONE,C1.3,QUIET_20240412_10,0
143,20240412,20240412T22:00:00,20240412T23:00:00,NONE,-1.0,NONE,C4.6,QUIET_20240412_11,0
144,20240413,20240413T00:00:00,20240413T01:00:00,20240413T01:29:00,29.97,1h,M3.1,FLARE_20240413_0000_M3.1,1
145,20240413,20240413T02:00:00,20240413T03:00:00,NONE,-1.0,NONE,C2.3,QUIET_20240413_1,0
146,20240413,20240413T04:00:00,20240413T05:00:00,NONE,-1.0,NONE,C1.1,QUIET_20240413_2,0
147,20240413,20240413T06:00:00,20240413T07:00:00,NONE,-1.0,NONE,C2.2,QUIET_20240413_3,0
148,20240413,20240413T08:00:00,20240413T09:00:00,20240413T09:35:00,35.69,1h,M1.8,FLARE_20240413_0800_M1.8,1
149,20240413,20240413T10:00:00,20240413T11:00:00,NONE,-1.0,NONE,C2.5,QUIET_20240413_5,0
150,20240413,20240413T12:00:00,20240413T13:00:00,NONE,-1.0,NONE,C4.4,QUIET_20240413_6,0
151,20240413,20240413T14:00:00,20240413T15:00:00,NONE,-1.0,NONE,C3.2,QUIET_20240413_7,0
152,20240413,20240413T16:00:00,20240413T17:00:00,20240413T17:28:00,28.08,1h,M3.2,FLARE_20240413_1600_M3.2,1
153,20240413,20240413T18:00:00,20240413T19:00:00,NONE,-1.0,NONE,C3.3,QUIET_20240413_9,0
154,20240413,20240413T20:00:00,20240413T21:00:00,NONE,-1.0,NONE,C3.2,QUIET_20240413_10,0
155,20240413,20240413T22:00:00,20240413T23:00:00,NONE,-1.0,NONE,C2.3,QUIET_20240413_11,0
156,20240414,20240414T00:00:00,20240414T01:00:00,20240414T01:42:00,42.41,1h,M4.3,FLARE_20240414_0000_M4.3,1
157,20240414,20240414T02:00:00,20240414T03:00:00,NONE,-1.0,NONE,C4.0,QUIET_20240414_1,0
158,20240414,20240414T04:00:00,20240414T05:00:00,NONE,-1.0,NONE,C4.3,QUIET_20240414_2,0
159,20240414,20240414T06:00:00,20240414T07:00:00,NONE,-1.0,NONE,C1.5,QUIET_20240414_3,0
160,20240414,20240414T08:00:00,20240414T09:00:00,20240414T09:24:00,24.76,1h,M8.7,FLARE_20240414_0800_M8.7,1
161,20240414,20240414T10:00:00,20240414T11:00:00,NONE,-1.0,NONE,C4.7,QUIET_20240414_5,0
162,20240414,20240414T12:00:00,20240414T13:00:00,NONE,-1.0,NONE,C3.8,QUIET_20240414_6,0
163,20240414,20240414T14:00:00,20240414T15:00:00,NONE,-1.0,NONE,C3.7,QUIET_20240414_7,0
164,20240414,20240414T16:00:00,20240414T17:00:00,20240414T17:27:00,27.51,1h,M2.6,FLARE_20240414_1600_M2.6,1
165,20240414,20240414T18:00:00,20240414T19:00:00,NONE,-1.0,NONE,C1.4,QUIET_20240414_9,0
166,20240414,20240414T20:00:00,20240414T21:00:00,NONE,-1.0,NONE,C3.3,QUIET_20240414_10,0
167,20240414,20240414T22:00:00,20240414T23:00:00,NONE,-1.0,NONE,C2.8,QUIET_20240414_11,0
168,20240415,20240415T00:00:00,20240415T01:00:00,20240415T01:36:00,36.41,1h,M2.5,FLARE_20240415_0000_M2.5,1
169,20240415,20240415T02:00:00,20240415T03:00:00,NONE,-1.0,NONE,C4.5,QUIET_20240415_1,0
170,20240415,20240415T04:00:00,20240415T05:00:00,NONE,-1.0,NONE,C2.5,QUIET_20240415_2,0
171,20240415,20240415T06:00:00,20240415T07:00:00,NONE,-1.0,NONE,C2.2,QUIET_20240415_3,0
172,20240415,20240415T08:00:00,20240415T09:00:00,20240415T09:27:00,27.05,1h,M6.6,FLARE_20240415_0800_M6.6,1
173,20240415,20240415T10:00:00,20240415T11:00:00,NONE,-1.0,NONE,C4.6,QUIET_20240415_5,0
174,20240415,20240415T12:00:00,20240415T13:00:00,NONE,-1.0,NONE,C1.5,QUIET_20240415_6,0
175,20240415,20240415T14:00:00,20240415T15:00:00,NONE,-1.0,NONE,C2.6,QUIET_20240415_7,0
176,20240415,20240415T16:00:00,20240415T17:00:00,20240415T17:38:00,38.88,1h,M8.3,FLARE_20240415_1600_M8.3,1
177,20240415,20240415T18:00:00,20240415T19:00:00,NONE,-1.0,NONE,C4.0,QUIET_20240415_9,0
178,20240415,20240415T20:00:00,20240415T21:00:00,NONE,-1.0,NONE,C1.1,QUIET_20240415_10,0
179,20240415,20240415T22:00:00,20240415T23:00:00,NONE,-1.0,NONE,C4.8,QUIET_20240415_11,0
180,20240416,20240416T00:00:00,20240416T01:00:00,20240416T01:40:00,40.79,1h,M8.8,FLARE_20240416_0000_M8.8,1
181,20240416,20240416T02:00:00,20240416T03:00:00,NONE,-1.0,NONE,C1.6,QUIET_20240416_1,0
182,20240416,20240416T04:00:00,20240416T05:00:00,NONE,-1.0,NONE,C3.4,QUIET_20240416_2,0
183,20240416,20240416T06:00:00,20240416T07:00:00,NONE,-1.0,NONE,C4.5,QUIET_20240416_3,0
184,20240416,20240416T08:00:00,20240416T09:00:00,20240416T09:15:00,15.37,1h,M3.6,FLARE_20240416_0800_M3.6,1
185,20240416,20240416T10:00:00,20240416T11:00:00,NONE,-1.0,NONE,C4.0,QUIET_20240416_5,0
186,20240416,20240416T12:00:00,20240416T13:00:00,NONE,-1.0,NONE,C2.0,QUIET_20240416_6,0
187,20240416,20240416T14:00:00,20240416T15:00:00,NONE,-1.0,NONE,C1.6,QUIET_20240416_7,0
188,20240416,20240416T16:00:00,20240416T17:00:00,20240416T17:19:00,19.21,1h,M1.2,FLARE_20240416_1600_M1.2,1
189,20240416,20240416T18:00:00,20240416T19:00:00,NONE,-1.0,NONE,C4.2,QUIET_20240416_9,0
190,20240416,20240416T20:00:00,20240416T21:00:00,NONE,-1.0,NONE,C4.3,QUIET_20240416_10,0
191,20240416,20240416T22:00:00,20240416T23:00:00,NONE,-1.0,NONE,C1.2,QUIET_20240416_11,0
192,20240417,20240417T00:00:00,20240417T01:00:00,20240417T01:54:00,54.41,1h,M2.0,FLARE_20240417_0000_M2.0,1
193,20240417,20240417T02:00:00,20240417T03:00:00,NONE,-1.0,NONE,C1.8,QUIET_20240417_1,0
194,20240417,20240417T04:00:00,20240417T05:00:00,NONE,-1.0,NONE,C3.4,QUIET_20240417_2,0
195,20240417,20240417T06:00:00,20240417T07:00:00,NONE,-1.0,NONE,C4.1,QUIET_20240417_3,0
196,20240417,20240417T08:00:00,20240417T09:00:00,20240417T09:54:00,54.26,1h,M7.5,FLARE_20240417_0800_M7.5,1
197,20240417,20240417T10:00:00,20240417T11:00:00,NONE,-1.0,NONE,C1.3,QUIET_20240417_5,0
198,20240417,20240417T12:00:00,20240417T13:00:00,NONE,-1.0,NONE,C2.7,QUIET_20240417_6,0
199,20240417,20240417T14:00:00,20240417T15:00:00,NONE,-1.0,NONE,C4.5,QUIET_20240417_7,0
200,20240417,20240417T16:00:00,20240417T17:00:00,20240417T17:45:00,45.97,1h,M8.7,FLARE_20240417_1600_M8.7,1
201,20240417,20240417T18:00:00,20240417T19:00:00,NONE,-1.0,NONE,C3.0,QUIET_20240417_9,0
202,20240417,20240417T20:00:00,20240417T21:00:00,NONE,-1.0,NONE,C3.2,QUIET_20240417_10,0
203,20240417,20240417T22:00:00,20240417T23:00:00,NONE,-1.0,NONE,C4.8,QUIET_20240417_11,0
204,20240418,20240418T00:00:00,20240418T01:00:00,20240418T01:39:00,39.52,1h,M5.8,FLARE_20240418_0000_M5.8,1
205,20240418,20240418T02:00:00,20240418T03:00:00,NONE,-1.0,NONE,C3.2,QUIET_20240418_1,0
206,20240418,20240418T04:00:00,20240418T05:00:00,NONE,-1.0,NONE,C3.4,QUIET_20240418_2,0
207,20240418,20240418T06:00:00,20240418T07:00:00,NONE,-1.0,NONE,C1.8,QUIET_20240418_3,0
208,20240418,20240418T08:00:00,20240418T09:00:00,20240418T09:49:00,49.03,1h,M5.5,FLARE_20240418_0800_M5.5,1
209,20240418,20240418T10:00:00,20240418T11:00:00,NONE,-1.0,NONE,C2.2,QUIET_20240418_5,0
210,20240418,20240418T12:00:00,20240418T13:00:00,NONE,-1.0,NONE,C3.7,QUIET_20240418_6,0
211,20240418,20240418T14:00:00,20240418T15:00:00,NONE,-1.0,NONE,C4.8,QUIET_20240418_7,0
212,20240418,20240418T16:00:00,20240418T17:00:00,20240418T17:25:00,25.07,1h,M1.4,FLARE_20240418_1600_M1.4,1
213,20240418,20240418T18:00:00,20240418T19:00:00,NONE,-1.0,NONE,C4.3,QUIET_20240418_9,0
214,20240418,20240418T20:00:00,20240418T21:00:00,NONE,-1.0,NONE,C2.3,QUIET_20240418_10,0
215,20240418,20240418T22:00:00,20240418T23:00:00,NONE,-1.0,NONE,C2.7,QUIET_20240418_11,0
216,20240419,20240419T00:00:00,20240419T01:00:00,20240419T01:24:00,24.26,1h,M4.5,FLARE_20240419_0000_M4.5,1
217,20240419,20240419T02:00:00,20240419T03:00:00,NONE,-1.0,NONE,C4.2,QUIET_20240419_1,0
218,20240419,20240419T04:00:00,20240419T05:00:00,NONE,-1.0,NONE,C4.3,QUIET_20240419_2,0
219,20240419,20240419T06:00:00,20240419T07:00:00,NONE,-1.0,NONE,C4.6,QUIET_20240419_3,0
220,20240419,20240419T08:00:00,20240419T09:00:00,20240419T09:37:00,37.29,1h,M5.2,FLARE_20240419_0800_M5.2,1
221,20240419,20240419T10:00:00,20240419T11:00:00,NONE,-1.0,NONE,C4.4,QUIET_20240419_5,0
222,20240419,20240419T12:00:00,20240419T13:00:00,NONE,-1.0,NONE,C4.5,QUIET_20240419_6,0
223,20240419,20240419T14:00:00,20240419T15:00:00,NONE,-1.0,NONE,C4.2,QUIET_20240419_7,0
224,20240419,20240419T16:00:00,20240419T17:00:00,20240419T17:49:00,49.05,1h,M5.0,FLARE_20240419_1600_M5.0,1
225,20240419,20240419T18:00:00,20240419T19:00:00,NONE,-1.0,NONE,C3.2,QUIET_20240419_9,0
226,20240419,20240419T20:00:00,20240419T21:00:00,NONE,-1.0,NONE,C2.8,QUIET_20240419_10,0
227,20240419,20240419T22:00:00,20240419T23:00:00,NONE,-1.0,NONE,C2.3,QUIET_20240419_11,0
228,20240420,20240420T00:00:00,20240420T01:00:00,20240420T01:20:00,20.39,1h,M2.5,FLARE_20240420_0000_M2.5,1
229,20240420,20240420T02:00:00,20240420T03:00:00,NONE,-1.0,NONE,C2.7,QUIET_20240420_1,0
230,20240420,20240420T04:00:00,20240420T05:00:00,NONE,-1.0,NONE,C3.4,QUIET_20240420_2,0
231,20240420,20240420T06:00:00,20240420T07:00:00,NONE,-1.0,NONE,C3.4,QUIET_20240420_3,0
232,20240420,20240420T08:00:00,20240420T09:00:00,20240420T09:33:00,33.38,1h,M1.2,FLARE_20240420_0800_M1.2,1
233,20240420,20240420T10:00:00,20240420T11:00:00,NONE,-1.0,NONE,C2.2,QUIET_20240420_5,0
234,20240420,20240420T12:00:00,20240420T13:00:00,NONE,-1.0,NONE,C3.8,QUIET_20240420_6,0
235,20240420,20240420T14:00:00,20240420T15:00:00,NONE,-1.0,NONE,C1.7,QUIET_20240420_7,0
236,20240420,20240420T16:00:00,20240420T17:00:00,20240420T17:26:00,26.73,1h,M8.3,FLARE_20240420_1600_M8.3,1
237,20240420,20240420T18:00:00,20240420T19:00:00,NONE,-1.0,NONE,C4.4,QUIET_20240420_9,0
238,20240420,20240420T20:00:00,20240420T21:00:00,NONE,-1.0,NONE,C1.8,QUIET_20240420_10,0
239,20240420,20240420T22:00:00,20240420T23:00:00,NONE,-1.0,NONE,C2.4,QUIET_20240420_11,0
240,20240421,20240421T00:00:00,20240421T01:00:00,20240421T01:21:00,21.31,1h,M8.8,FLARE_20240421_0000_M8.8,1
241,20240421,20240421T02:00:00,20240421T03:00:00,NONE,-1.0,NONE,C2.7,QUIET_20240421_1,0
242,20240421,20240421T04:00:00,20240421T05:00:00,NONE,-1.0,NONE,C4.8,QUIET_20240421_2,0
243,20240421,20240421T06:00:00,20240421T07:00:00,NONE,-1.0,NONE,C2.5,QUIET_20240421_3,0
244,20240421,20240421T08:00:00,20240421T09:00:00,20240421T09:33:00,33.03,1h,M5.7,FLARE_20240421_0800_M5.7,1
245,20240421,20240421T10:00:00,20240421T11:00:00,NONE,-1.0,NONE,C4.3,QUIET_20240421_5,0
246,20240421,20240421T12:00:00,20240421T13:00:00,NONE,-1.0,NONE,C2.7,QUIET_20240421_6,0
247,20240421,20240421T14:00:00,20240421T15:00:00,NONE,-1.0,NONE,C2.4,QUIET_20240421_7,0
248,20240421,20240421T16:00:00,20240421T17:00:00,20240421T17:38:00,38.21,1h,M1.6,FLARE_20240421_1600_M1.6,1
249,20240421,20240421T18:00:00,20240421T19:00:00,NONE,-1.0,NONE,C3.8,QUIET_20240421_9,0
250,20240421,20240421T20:00:00,20240421T21:00:00,NONE,-1.0,NONE,C4.5,QUIET_20240421_10,0
251,20240421,20240421T22:00:00,20240421T23:00:00,NONE,-1.0,NONE,C1.3,QUIET_20240421_11,0
252,20240422,20240422T00:00:00,20240422T01:00:00,20240422T01:50:00,50.52,1h,M5.3,FLARE_20240422_0000_M5.3,1
253,20240422,20240422T02:00:00,20240422T03:00:00,NONE,-1.0,NONE,C2.4,QUIET_20240422_1,0
254,20240422,20240422T04:00:00,20240422T05:00:00,NONE,-1.0,NONE,C3.4,QUIET_20240422_2,0
255,20240422,20240422T06:00:00,20240422T07:00:00,NONE,-1.0,NONE,C4.2,QUIET_20240422_3,0
256,20240422,20240422T08:00:00,20240422T09:00:00,20240422T09:55:00,55.51,1h,M3.1,FLARE_20240422_0800_M3.1,1
257,20240422,20240422T10:00:00,20240422T11:00:00,NONE,-1.0,NONE,C2.2,QUIET_20240422_5,0
258,20240422,20240422T12:00:00,20240422T13:00:00,NONE,-1.0,NONE,C1.1,QUIET_20240422_6,0
259,20240422,20240422T14:00:00,20240422T15:00:00,NONE,-1.0,NONE,C4.1,QUIET_20240422_7,0
260,20240422,20240422T16:00:00,20240422T17:00:00,20240422T17:54:00,54.81,1h,M2.4,FLARE_20240422_1600_M2.4,1
261,20240422,20240422T18:00:00,20240422T19:00:00,NONE,-1.0,NONE,C4.3,QUIET_20240422_9,0
262,20240422,20240422T20:00:00,20240422T21:00:00,NONE,-1.0,NONE,C2.1,QUIET_20240422_10,0
263,20240422,20240422T22:00:00,20240422T23:00:00,NONE,-1.0,NONE,C2.5,QUIET_20240422_11,0
264,20240423,20240423T00:00:00,20240423T01:00:00,20240423T01:42:00,42.25,1h,M2.8,FLARE_20240423_0000_M2.8,1
265,20240423,20240423T02:00:00,20240423T03:00:00,NONE,-1.0,NONE,C1.6,QUIET_20240423_1,0
266,20240423,20240423T04:00:00,20240423T05:00:00,NONE,-1.0,NONE,C1.4,QUIET_20240423_2,0
267,20240423,20240423T06:00:00,20240423T07:00:00,NONE,-1.0,NONE,C3.4,QUIET_20240423_3,0
268,20240423,20240423T08:00:00,20240423T09:00:00,20240423T09:48:00,48.07,1h,M5.6,FLARE_20240423_0800_M5.6,1
269,20240423,20240423T10:00:00,20240423T11:00:00,NONE,-1.0,NONE,C2.1,QUIET_20240423_5,0
270,20240423,20240423T12:00:00,20240423T13:00:00,NONE,-1.0,NONE,C4.1,QUIET_20240423_6,0
271,20240423,20240423T14:00:00,20240423T15:00:00,NONE,-1.0,NONE,C1.6,QUIET_20240423_7,0
272,20240423,20240423T16:00:00,20240423T17:00:00,20240423T17:28:00,28.68,1h,M5.1,FLARE_20240423_1600_M5.1,1
273,20240423,20240423T18:00:00,20240423T19:00:00,NONE,-1.0,NONE,C3.8,QUIET_20240423_9,0
274,20240423,20240423T20:00:00,20240423T21:00:00,NONE,-1.0,NONE,C3.7,QUIET_20240423_10,0
275,20240423,20240423T22:00:00,20240423T23:00:00,NONE,-1.0,NONE,C2.2,QUIET_20240423_11,0
276,20240424,20240424T00:00:00,20240424T01:00:00,20240424T01:59:00,59.04,1h,M7.6,FLARE_20240424_0000_M7.6,1
277,20240424,20240424T02:00:00,20240424T03:00:00,NONE,-1.0,NONE,C3.6,QUIET_20240424_1,0
278,20240424,20240424T04:00:00,20240424T05:00:00,NONE,-1.0,NONE,C1.2,QUIET_20240424_2,0
279,20240424,20240424T06:00:00,20240424T07:00:00,NONE,-1.0,NONE,C1.7,QUIET_20240424_3,0
280,20240424,20240424T08:00:00,20240424T09:00:00,20240424T09:39:00,39.11,1h,M6.3,FLARE_20240424_0800_M6.3,1
281,20240424,20240424T10:00:00,20240424T11:00:00,NONE,-1.0,NONE,C2.7,QUIET_20240424_5,0
282,20240424,20240424T12:00:00,20240424T13:00:00,NONE,-1.0,NONE,C3.8,QUIET_20240424_6,0
283,20240424,20240424T14:00:00,20240424T15:00:00,NONE,-1.0,NONE,C1.8,QUIET_20240424_7,0
284,20240424,20240424T16:00:00,20240424T17:00:00,20240424T17:30:00,30.8,1h,M2.7,FLARE_20240424_1600_M2.7,1
285,20240424,20240424T18:00:00,20240424T19:00:00,NONE,-1.0,NONE,C4.6,QUIET_20240424_9,0
286,20240424,20240424T20:00:00,20240424T21:00:00,NONE,-1.0,NONE,C1.7,QUIET_20240424_10,0
287,20240424,20240424T22:00:00,20240424T23:00:00,NONE,-1.0,NONE,C4.5,QUIET_20240424_11,0
288,20240425,20240425T00:00:00,20240425T01:00:00,20240425T01:30:00,30.93,1h,M1.6,FLARE_20240425_0000_M1.6,1
289,20240425,20240425T02:00:00,20240425T03:00:00,NONE,-1.0,NONE,C4.0,QUIET_20240425_1,0
290,20240425,20240425T04:00:00,20240425T05:00:00,NONE,-1.0,NONE,C2.5,QUIET_20240425_2,0
291,20240425,20240425T06:00:00,20240425T07:00:00,NONE,-1.0,NONE,C4.4,QUIET_20240425_3,0
292,20240425,20240425T08:00:00,20240425T09:00:00,20240425T09:45:00,45.86,1h,M5.2,FLARE_20240425_0800_M5.2,1
293,20240425,20240425T10:00:00,20240425T11:00:00,NONE,-1.0,NONE,C2.6,QUIET_20240425_5,0
294,20240425,20240425T12:00:00,20240425T13:00:00,NONE,-1.0,NONE,C3.4,QUIET_20240425_6,0
295,20240425,20240425T14:00:00,20240425T15:00:00,NONE,-1.0,NONE,C1.6,QUIET_20240425_7,0
296,20240425,20240425T16:00:00,20240425T17:00:00,20240425T17:43:00,43.51,1h,M2.6,FLARE_20240425_1600_M2.6,1
297,20240425,20240425T18:00:00,20240425T19:00:00,NONE,-1.0,NONE,C3.5,QUIET_20240425_9,0
298,20240425,20240425T20:00:00,20240425T21:00:00,NONE,-1.0,NONE,C3.2,QUIET_20240425_10,0
299,20240425,20240425T22:00:00,20240425T23:00:00,NONE,-1.0,NONE,C3.1,QUIET_20240425_11,0
300,20240426,20240426T00:00:00,20240426T01:00:00,20240426T01:40:00,40.48,1h,M3.7,FLARE_20240426_0000_M3.7,1
301,20240426,20240426T02:00:00,20240426T03:00:00,NONE,-1.0,NONE,C3.5,QUIET_20240426_1,0
302,20240426,20240426T04:00:00,20240426T05:00:00,NONE,-1.0,NONE,C2.5,QUIET_20240426_2,0
303,20240426,20240426T06:00:00,20240426T07:00:00,NONE,-1.0,NONE,C2.5,QUIET_20240426_3,0
304,20240426,20240426T08:00:00,20240426T09:00:00,20240426T09:27:00,27.73,1h,M1.0,FLARE_20240426_0800_M1.0,1
305,20240426,20240426T10:00:00,20240426T11:00:00,NONE,-1.0,NONE,C4.8,QUIET_20240426_5,0
306,20240426,20240426T12:00:00,20240426T13:00:00,NONE,-1.0,NONE,C3.3,QUIET_20240426_6,0
307,20240426,20240426T14:00:00,20240426T15:00:00,NONE,-1.0,NONE,C4.5,QUIET_20240426_7,0
308,20240426,20240426T16:00:00,20240426T17:00:00,20240426T17:54:00,54.59,1h,M3.4,FLARE_20240426_1600_M3.4,1
309,20240426,20240426T18:00:00,20240426T19:00:00,NONE,-1.0,NONE,C1.6,QUIET_20240426_9,0
310,20240426,20240426T20:00:00,20240426T21:00:00,NONE,-1.0,NONE,C1.8,QUIET_20240426_10,0
311,20240426,20240426T22:00:00,20240426T23:00:00,NONE,-1.0,NONE,C1.8,QUIET_20240426_11,0
312,20240427,20240427T00:00:00,20240427T01:00:00,20240427T01:37:00,37.78,1h,M7.5,FLARE_20240427_0000_M7.5,1
313,20240427,20240427T02:00:00,20240427T03:00:00,NONE,-1.0,NONE,C3.0,QUIET_20240427_1,0
314,20240427,20240427T04:00:00,20240427T05:00:00,NONE,-1.0,NONE,C2.4,QUIET_20240427_2,0
315,20240427,20240427T06:00:00,20240427T07:00:00,NONE,-1.0,NONE,C2.5,QUIET_20240427_3,0
316,20240427,20240427T08:00:00,20240427T09:00:00,20240427T09:57:00,57.27,1h,M6.8,FLARE_20240427_0800_M6.8,1
317,20240427,20240427T10:00:00,20240427T11:00:00,NONE,-1.0,NONE,C3.8,QUIET_20240427_5,0
318,20240427,20240427T12:00:00,20240427T13:00:00,NONE,-1.0,NONE,C4.8,QUIET_20240427_6,0
319,20240427,20240427T14:00:00,20240427T15:00:00,NONE,-1.0,NONE,C3.0,QUIET_20240427_7,0
320,20240427,20240427T16:00:00,20240427T17:00:00,20240427T17:28:00,28.64,1h,M8.2,FLARE_20240427_1600_M8.2,1
321,20240427,20240427T18:00:00,20240427T19:00:00,NONE,-1.0,NONE,C4.7,QUIET_20240427_9,0
322,20240427,20240427T20:00:00,20240427T21:00:00,NONE,-1.0,NONE,C3.1,QUIET_20240427_10,0
323,20240427,20240427T22:00:00,20240427T23:00:00,NONE,-1.0,NONE,C1.8,QUIET_20240427_11,0
324,20240428,20240428T00:00:00,20240428T01:00:00,20240428T01:24:00,24.74,1h,M6.3,FLARE_20240428_0000_M6.3,1
325,20240428,20240428T02:00:00,20240428T03:00:00,NONE,-1.0,NONE,C4.2,QUIET_20240428_1,0
326,20240428,20240428T04:00:00,20240428T05:00:00,NONE,-1.0,NONE,C2.5,QUIET_20240428_2,0
327,20240428,20240428T06:00:00,20240428T07:00:00,NONE,-1.0,NONE,C4.2,QUIET_20240428_3,0
328,20240428,20240428T08:00:00,20240428T09:00:00,20240428T09:46:00,46.18,1h,M2.4,FLARE_20240428_0800_M2.4,1
329,20240428,20240428T10:00:00,20240428T11:00:00,NONE,-1.0,NONE,C4.8,QUIET_20240428_5,0
330,20240428,20240428T12:00:00,20240428T13:00:00,NONE,-1.0,NONE,C4.0,QUIET_20240428_6,0
331,20240428,20240428T14:00:00,20240428T15:00:00,NONE,-1.0,NONE,C1.2,QUIET_20240428_7,0
332,20240428,20240428T16:00:00,20240428T17:00:00,20240428T17:48:00,48.22,1h,M1.5,FLARE_20240428_1600_M1.5,1
333,20240428,20240428T18:00:00,20240428T19:00:00,NONE,-1.0,NONE,C2.7,QUIET_20240428_9,0
334,20240428,20240428T20:00:00,20240428T21:00:00,NONE,-1.0,NONE,C3.2,QUIET_20240428_10,0
335,20240428,20240428T22:00:00,20240428T23:00:00,NONE,-1.0,NONE,C1.7,QUIET_20240428_11,0
336,20240429,20240429T00:00:00,20240429T01:00:00,20240429T01:47:00,47.55,1h,M2.1,FLARE_20240429_0000_M2.1,1
337,20240429,20240429T02:00:00,20240429T03:00:00,NONE,-1.0,NONE,C2.4,QUIET_20240429_1,0
338,20240429,20240429T04:00:00,20240429T05:00:00,NONE,-1.0,NONE,C4.8,QUIET_20240429_2,0
339,20240429,20240429T06:00:00,20240429T07:00:00,NONE,-1.0,NONE,C3.6,QUIET_20240429_3,0
340,20240429,20240429T08:00:00,20240429T09:00:00,20240429T09:25:00,25.19,1h,M6.5,FLARE_20240429_0800_M6.5,1
341,20240429,20240429T10:00:00,20240429T11:00:00,NONE,-1.0,NONE,C1.1,QUIET_20240429_5,0
342,20240429,20240429T12:00:00,20240429T13:00:00,NONE,-1.0,NONE,C1.5,QUIET_20240429_6,0
343,20240429,20240429T14:00:00,20240429T15:00:00,NONE,-1.0,NONE,C2.0,QUIET_20240429_7,0
344,20240429,20240429T16:00:00,20240429T17:00:00,20240429T17:56:00,56.43,1h,M7.2,FLARE_20240429_1600_M7.2,1
345,20240429,20240429T18:00:00,20240429T19:00:00,NONE,-1.0,NONE,C4.5,QUIET_20240429_9,0
346,20240429,20240429T20:00:00,20240429T21:00:00,NONE,-1.0,NONE,C2.6,QUIET_20240429_10,0
347,20240429,20240429T22:00:00,20240429T23:00:00,NONE,-1.0,NONE,C2.2,QUIET_20240429_11,0
348,20240430,20240430T00:00:00,20240430T01:00:00,20240430T01:48:00,48.42,1h,M3.1,FLARE_20240430_0000_M3.1,1
349,20240430,20240430T02:00:00,20240430T03:00:00,NONE,-1.0,NONE,C4.2,QUIET_20240430_1,0
350,20240430,20240430T04:00:00,20240430T05:00:00,NONE,-1.0,NONE,C4.2,QUIET_20240430_2,0
351,20240430,20240430T06:00:00,20240430T07:00:00,NONE,-1.0,NONE,C3.7,QUIET_20240430_3,0
352,20240430,20240430T08:00:00,20240430T09:00:00,20240430T09:16:00,16.1,1h,M1.3,FLARE_20240430_0800_M1.3,1
353,20240430,20240430T10:00:00,20240430T11:00:00,NONE,-1.0,NONE,C2.6,QUIET_20240430_5,0
354,20240430,20240430T12:00:00,20240430T13:00:00,NONE,-1.0,NONE,C2.6,QUIET_20240430_6,0
355,20240430,20240430T14:00:00,20240430T15:00:00,NONE,-1.0,NONE,C1.7,QUIET_20240430_7,0
356,20240430,20240430T16:00:00,20240430T17:00:00,20240430T17:51:00,51.51,1h,M1.2,FLARE_20240430_1600_M1.2,1
357,20240430,20240430T18:00:00,20240430T19:00:00,NONE,-1.0,NONE,C1.4,QUIET_20240430_9,0
358,20240430,20240430T20:00:00,20240430T21:00:00,NONE,-1.0,NONE,C4.2,QUIET_20240430_10,0
359,20240430,20240430T22:00:00,20240430T23:00:00,NONE,-1.0,NONE,C2.6,QUIET_20240430_11,0
360,20240501,20240501T00:00:00,20240501T01:00:00,20240501T01:35:00,35.66,1h,M5.2,FLARE_20240501_0000_M5.2,1
361,20240501,20240501T02:00:00,20240501T03:00:00,NONE,-1.0,NONE,C3.7,QUIET_20240501_1,0
362,20240501,20240501T04:00:00,20240501T05:00:00,NONE,-1.0,NONE,C4.8,QUIET_20240501_2,0
363,20240501,20240501T06:00:00,20240501T07:00:00,NONE,-1.0,NONE,C2.1,QUIET_20240501_3,0
364,20240501,20240501T08:00:00,20240501T09:00:00,20240501T09:32:00,32.49,1h,M1.5,FLARE_20240501_0800_M1.5,1
365,20240501,20240501T10:00:00,20240501T11:00:00,NONE,-1.0,NONE,C3.3,QUIET_20240501_5,0
366,20240501,20240501T12:00:00,20240501T13:00:00,NONE,-1.0,NONE,C1.7,QUIET_20240501_6,0
367,20240501,20240501T14:00:00,20240501T15:00:00,NONE,-1.0,NONE,C4.6,QUIET_20240501_7,0
368,20240501,20240501T16:00:00,20240501T17:00:00,20240501T17:59:00,59.8,1h,M4.6,FLARE_20240501_1600_M4.6,1
369,20240501,20240501T18:00:00,20240501T19:00:00,NONE,-1.0,NONE,C4.0,QUIET_20240501_9,0
370,20240501,20240501T20:00:00,20240501T21:00:00,NONE,-1.0,NONE,C2.5,QUIET_20240501_10,0
371,20240501,20240501T22:00:00,20240501T23:00:00,NONE,-1.0,NONE,C3.0,QUIET_20240501_11,0
372,20240502,20240502T00:00:00,20240502T01:00:00,20240502T01:58:00,58.12,1h,M8.4,FLARE_20240502_0000_M8.4,1
373,20240502,20240502T02:00:00,20240502T03:00:00,NONE,-1.0,NONE,C2.8,QUIET_20240502_1,0
374,20240502,20240502T04:00:00,20240502T05:00:00,NONE,-1.0,NONE,C1.7,QUIET_20240502_2,0
375,20240502,20240502T06:00:00,20240502T07:00:00,NONE,-1.0,NONE,C1.2,QUIET_20240502_3,0
376,20240502,20240502T08:00:00,20240502T09:00:00,20240502T09:31:00,31.12,1h,M4.5,FLARE_20240502_0800_M4.5,1
377,20240502,20240502T10:00:00,20240502T11:00:00,NONE,-1.0,NONE,C2.6,QUIET_20240502_5,0
378,20240502,20240502T12:00:00,20240502T13:00:00,NONE,-1.0,NONE,C3.2,QUIET_20240502_6,0
379,20240502,20240502T14:00:00,20240502T15:00:00,NONE,-1.0,NONE,C2.1,QUIET_20240502_7,0
380,20240502,20240502T16:00:00,20240502T17:00:00,20240502T17:48:00,48.49,1h,M5.0,FLARE_20240502_1600_M5.0,1
381,20240502,20240502T18:00:00,20240502T19:00:00,NONE,-1.0,NONE,C3.6,QUIET_20240502_9,0
382,20240502,20240502T20:00:00,20240502T21:00:00,NONE,-1.0,NONE,C2.2,QUIET_20240502_10,0
383,20240502,20240502T22:00:00,20240502T23:00:00,NONE,-1.0,NONE,C2.1,QUIET_20240502_11,0
384,20240503,20240503T00:00:00,20240503T01:00:00,20240503T01:22:00,22.47,1h,M6.7,FLARE_20240503_0000_M6.7,1
385,20240503,20240503T02:00:00,20240503T03:00:00,NONE,-1.0,NONE,C1.6,QUIET_20240503_1,0
386,20240503,20240503T04:00:00,20240503T05:00:00,NONE,-1.0,NONE,C2.3,QUIET_20240503_2,0
387,20240503,20240503T06:00:00,20240503T07:00:00,NONE,-1.0,NONE,C1.8,QUIET_20240503_3,0
388,20240503,20240503T08:00:00,20240503T09:00:00,20240503T09:33:00,33.97,1h,M3.0,FLARE_20240503_0800_M3.0,1
389,20240503,20240503T10:00:00,20240503T11:00:00,NONE,-1.0,NONE,C1.3,QUIET_20240503_5,0
390,20240503,20240503T12:00:00,20240503T13:00:00,NONE,-1.0,NONE,C1.4,QUIET_20240503_6,0
391,20240503,20240503T14:00:00,20240503T15:00:00,NONE,-1.0,NONE,C3.2,QUIET_20240503_7,0
392,20240503,20240503T16:00:00,20240503T17:00:00,20240503T17:48:00,48.97,1h,M6.6,FLARE_20240503_1600_M6.6,1
393,20240503,20240503T18:00:00,20240503T19:00:00,NONE,-1.0,NONE,C1.7,QUIET_20240503_9,0
394,20240503,20240503T20:00:00,20240503T21:00:00,NONE,-1.0,NONE,C4.7,QUIET_20240503_10,0
395,20240503,20240503T22:00:00,20240503T23:00:00,NONE,-1.0,NONE,C4.2,QUIET_20240503_11,0
396,20240504,20240504T00:00:00,20240504T01:00:00,20240504T01:58:00,58.86,1h,M4.6,FLARE_20240504_0000_M4.6,1
397,20240504,20240504T02:00:00,20240504T03:00:00,NONE,-1.0,NONE,C4.6,QUIET_20240504_1,0
398,20240504,20240504T04:00:00,20240504T05:00:00,NONE,-1.0,NONE,C3.0,QUIET_20240504_2,0
399,20240504,20240504T06:00:00,20240504T07:00:00,NONE,-1.0,NONE,C2.3,QUIET_20240504_3,0
400,20240504,20240504T08:00:00,20240504T09:00:00,20240504T09:31:00,31.7,1h,M8.7,FLARE_20240504_0800_M8.7,1
401,20240504,20240504T10:00:00,20240504T11:00:00,NONE,-1.0,NONE,C2.8,QUIET_20240504_5,0
402,20240504,20240504T12:00:00,20240504T13:00:00,NONE,-1.0,NONE,C3.4,QUIET_20240504_6,0
403,20240504,20240504T14:00:00,20240504T15:00:00,NONE,-1.0,NONE,C3.7,QUIET_20240504_7,0
404,20240504,20240504T16:00:00,20240504T17:00:00,20240504T17:35:00,35.9,1h,M3.0,FLARE_20240504_1600_M3.0,1
405,20240504,20240504T18:00:00,20240504T19:00:00,NONE,-1.0,NONE,C2.8,QUIET_20240504_9,0
406,20240504,20240504T20:00:00,20240504T21:00:00,NONE,-1.0,NONE,C3.4,QUIET_20240504_10,0
407,20240504,20240504T22:00:00,20240504T23:00:00,NONE,-1.0,NONE,C3.4,QUIET_20240504_11,0
408,20240505,20240505T00:00:00,20240505T01:00:00,20240505T01:53:00,53.81,1h,M7.1,FLARE_20240505_0000_M7.1,1
409,20240505,20240505T02:00:00,20240505T03:00:00,NONE,-1.0,NONE,C3.6,QUIET_20240505_1,0
410,20240505,20240505T04:00:00,20240505T05:00:00,NONE,-1.0,NONE,C3.6,QUIET_20240505_2,0
411,20240505,20240505T06:00:00,20240505T07:00:00,NONE,-1.0,NONE,C2.1,QUIET_20240505_3,0
412,20240505,20240505T08:00:00,20240505T09:00:00,20240505T09:15:00,15.63,1h,M5.7,FLARE_20240505_0800_M5.7,1
413,20240505,20240505T10:00:00,20240505T11:00:00,NONE,-1.0,NONE,C1.2,QUIET_20240505_5,0
414,20240505,20240505T12:00:00,20240505T13:00:00,NONE,-1.0,NONE,C4.5,QUIET_20240505_6,0
415,20240505,20240505T14:00:00,20240505T15:00:00,NONE,-1.0,NONE,C2.4,QUIET_20240505_7,0
416,20240505,20240505T16:00:00,20240505T17:00:00,20240505T17:53:00,53.65,1h,M8.4,FLARE_20240505_1600_M8.4,1
417,20240505,20240505T18:00:00,20240505T19:00:00,NONE,-1.0,NONE,C1.0,QUIET_20240505_9,0
418,20240505,20240505T20:00:00,20240505T21:00:00,NONE,-1.0,NONE,C1.5,QUIET_20240505_10,0
419,20240505,20240505T22:00:00,20240505T23:00:00,NONE,-1.0,NONE,C3.6,QUIET_20240505_11,0
420,20240506,20240506T00:00:00,20240506T01:00:00,20240506T01:27:00,27.55,1h,M1.4,FLARE_20240506_0000_M1.4,1
421,20240506,20240506T02:00:00,20240506T03:00:00,NONE,-1.0,NONE,C2.2,QUIET_20240506_1,0
422,20240506,20240506T04:00:00,20240506T05:00:00,NONE,-1.0,NONE,C1.7,QUIET_20240506_2,0
423,20240506,20240506T06:00:00,20240506T07:00:00,NONE,-1.0,NONE,C3.5,QUIET_20240506_3,0
424,20240506,20240506T08:00:00,20240506T09:00:00,20240506T09:34:00,34.99,1h,M2.6,FLARE_20240506_0800_M2.6,1
425,20240506,20240506T10:00:00,20240506T11:00:00,NONE,-1.0,NONE,C1.7,QUIET_20240506_5,0
426,20240506,20240506T12:00:00,20240506T13:00:00,NONE,-1.0,NONE,C3.5,QUIET_20240506_6,0
427,20240506,20240506T14:00:00,20240506T15:00:00,NONE,-1.0,NONE,C4.7,QUIET_20240506_7,0
428,20240506,20240506T16:00:00,20240506T17:00:00,20240506T17:15:00,15.86,1h,M1.2,FLARE_20240506_1600_M1.2,1
429,20240506,20240506T18:00:00,20240506T19:00:00,NONE,-1.0,NONE,C2.6,QUIET_20240506_9,0
430,20240506,20240506T20:00:00,20240506T21:00:00,NONE,-1.0,NONE,C2.6,QUIET_20240506_10,0
431,20240506,20240506T22:00:00,20240506T23:00:00,NONE,-1.0,NONE,C4.2,QUIET_20240506_11,0
432,20240507,20240507T00:00:00,20240507T01:00:00,20240507T01:43:00,43.65,1h,M8.5,FLARE_20240507_0000_M8.5,1
433,20240507,20240507T02:00:00,20240507T03:00:00,NONE,-1.0,NONE,C4.1,QUIET_20240507_1,0
434,20240507,20240507T04:00:00,20240507T05:00:00,NONE,-1.0,NONE,C4.1,QUIET_20240507_2,0
435,20240507,20240507T06:00:00,20240507T07:00:00,NONE,-1.0,NONE,C1.5,QUIET_20240507_3,0
436,20240507,20240507T08:00:00,20240507T09:00:00,20240507T09:40:00,40.38,1h,M6.5,FLARE_20240507_0800_M6.5,1
437,20240507,20240507T10:00:00,20240507T11:00:00,NONE,-1.0,NONE,C1.4,QUIET_20240507_5,0
438,20240507,20240507T12:00:00,20240507T13:00:00,NONE,-1.0,NONE,C1.5,QUIET_20240507_6,0
439,20240507,20240507T14:00:00,20240507T15:00:00,NONE,-1.0,NONE,C3.7,QUIET_20240507_7,0
440,20240507,20240507T16:00:00,20240507T17:00:00,20240507T17:29:00,29.07,1h,M2.5,FLARE_20240507_1600_M2.5,1
441,20240507,20240507T18:00:00,20240507T19:00:00,NONE,-1.0,NONE,C2.0,QUIET_20240507_9,0
442,20240507,20240507T20:00:00,20240507T21:00:00,NONE,-1.0,NONE,C4.5,QUIET_20240507_10,0
443,20240507,20240507T22:00:00,20240507T23:00:00,NONE,-1.0,NONE,C1.2,QUIET_20240507_11,0
444,20240508,20240508T00:00:00,20240508T01:00:00,20240508T01:42:00,42.62,1h,M6.0,FLARE_20240508_0000_M6.0,1
445,20240508,20240508T02:00:00,20240508T03:00:00,NONE,-1.0,NONE,C3.2,QUIET_20240508_1,0
446,20240508,20240508T04:00:00,20240508T05:00:00,NONE,-1.0,NONE,C3.1,QUIET_20240508_2,0
447,20240508,20240508T06:00:00,20240508T07:00:00,NONE,-1.0,NONE,C4.5,QUIET_20240508_3,0
448,20240508,20240508T08:00:00,20240508T09:00:00,20240508T09:58:00,58.68,1h,M8.1,FLARE_20240508_0800_M8.1,1
449,20240508,20240508T10:00:00,20240508T11:00:00,NONE,-1.0,NONE,C1.0,QUIET_20240508_5,0
450,20240508,20240508T12:00:00,20240508T13:00:00,NONE,-1.0,NONE,C1.2,QUIET_20240508_6,0
451,20240508,20240508T14:00:00,20240508T15:00:00,NONE,-1.0,NONE,C1.2,QUIET_20240508_7,0
452,20240508,20240508T16:00:00,20240508T17:00:00,20240508T17:15:00,15.35,1h,M5.7,FLARE_20240508_1600_M5.7,1
453,20240508,20240508T18:00:00,20240508T19:00:00,NONE,-1.0,NONE,C2.6,QUIET_20240508_9,0
454,20240508,20240508T20:00:00,20240508T21:00:00,NONE,-1.0,NONE,C3.6,QUIET_20240508_10,0
455,20240508,20240508T22:00:00,20240508T23:00:00,NONE,-1.0,NONE,C4.6,QUIET_20240508_11,0
456,20240509,20240509T00:00:00,20240509T01:00:00,20240509T01:42:00,42.5,1h,M5.2,FLARE_20240509_0000_M5.2,1
457,20240509,20240509T02:00:00,20240509T03:00:00,NONE,-1.0,NONE,C1.4,QUIET_20240509_1,0
458,20240509,20240509T04:00:00,20240509T05:00:00,NONE,-1.0,NONE,C1.8,QUIET_20240509_2,0
459,20240509,20240509T06:00:00,20240509T07:00:00,NONE,-1.0,NONE,C3.8,QUIET_20240509_3,0
460,20240509,20240509T08:00:00,20240509T09:00:00,20240509T09:30:00,30.07,1h,M7.2,FLARE_20240509_0800_M7.2,1
461,20240509,20240509T10:00:00,20240509T11:00:00,NONE,-1.0,NONE,C1.1,QUIET_20240509_5,0
462,20240509,20240509T12:00:00,20240509T13:00:00,NONE,-1.0,NONE,C1.0,QUIET_20240509_6,0
463,20240509,20240509T14:00:00,20240509T15:00:00,NONE,-1.0,NONE,C2.8,QUIET_20240509_7,0
464,20240509,20240509T16:00:00,20240509T17:00:00,20240509T17:36:00,36.34,1h,M2.3,FLARE_20240509_1600_M2.3,1
465,20240509,20240509T18:00:00,20240509T19:00:00,NONE,-1.0,NONE,C2.3,QUIET_20240509_9,0
466,20240509,20240509T20:00:00,20240509T21:00:00,NONE,-1.0,NONE,C2.1,QUIET_20240509_10,0
467,20240509,20240509T22:00:00,20240509T23:00:00,NONE,-1.0,NONE,C1.7,QUIET_20240509_11,0
468,20240510,20240510T00:00:00,20240510T01:00:00,20240510T01:15:00,15.47,1h,M1.3,FLARE_20240510_0000_M1.3,1
469,20240510,20240510T02:00:00,20240510T03:00:00,NONE,-1.0,NONE,C2.5,QUIET_20240510_1,0
470,20240510,20240510T04:00:00,20240510T05:00:00,NONE,-1.0,NONE,C2.0,QUIET_20240510_2,0
471,20240510,20240510T06:00:00,20240510T07:00:00,NONE,-1.0,NONE,C4.5,QUIET_20240510_3,0
472,20240510,20240510T08:00:00,20240510T09:00:00,20240510T09:38:00,38.31,1h,M6.0,FLARE_20240510_0800_M6.0,1
473,20240510,20240510T10:00:00,20240510T11:00:00,NONE,-1.0,NONE,C1.8,QUIET_20240510_5,0
474,20240510,20240510T12:00:00,20240510T13:00:00,NONE,-1.0,NONE,C1.3,QUIET_20240510_6,0
475,20240510,20240510T14:00:00,20240510T15:00:00,NONE,-1.0,NONE,C3.4,QUIET_20240510_7,0
476,20240510,20240510T16:00:00,20240510T17:00:00,20240510T17:59:00,59.76,1h,M7.6,FLARE_20240510_1600_M7.6,1
477,20240510,20240510T18:00:00,20240510T19:00:00,NONE,-1.0,NONE,C2.7,QUIET_20240510_9,0
478,20240510,20240510T20:00:00,20240510T21:00:00,NONE,-1.0,NONE,C3.7,QUIET_20240510_10,0
479,20240510,20240510T22:00:00,20240510T23:00:00,NONE,-1.0,NONE,C4.0,QUIET_20240510_11,0
480,20240511,20240511T00:00:00,20240511T01:00:00,20240511T01:49:00,49.79,1h,M1.6,FLARE_20240511_0000_M1.6,1
481,20240511,20240511T02:00:00,20240511T03:00:00,NONE,-1.0,NONE,C3.2,QUIET_20240511_1,0
482,20240511,20240511T04:00:00,20240511T05:00:00,NONE,-1.0,NONE,C3.1,QUIET_20240511_2,0
483,20240511,20240511T06:00:00,20240511T07:00:00,NONE,-1.0,NONE,C3.8,QUIET_20240511_3,0
484,20240511,20240511T08:00:00,20240511T09:00:00,20240511T09:29:00,29.91,1h,M4.6,FLARE_20240511_0800_M4.6,1
485,20240511,20240511T10:00:00,20240511T11:00:00,NONE,-1.0,NONE,C2.2,QUIET_20240511_5,0
486,20240511,20240511T12:00:00,20240511T13:00:00,NONE,-1.0,NONE,C2.6,QUIET_20240511_6,0
487,20240511,20240511T14:00:00,20240511T15:00:00,NONE,-1.0,NONE,C2.3,QUIET_20240511_7,0
488,20240511,20240511T16:00:00,20240511T17:00:00,20240511T17:51:00,51.15,1h,M5.0,FLARE_20240511_1600_M5.0,1
489,20240511,20240511T18:00:00,20240511T19:00:00,NONE,-1.0,NONE,C1.8,QUIET_20240511_9,0
490,20240511,20240511T20:00:00,20240511T21:00:00,NONE,-1.0,NONE,C4.2,QUIET_20240511_10,0
491,20240511,20240511T22:00:00,20240511T23:00:00,NONE,-1.0,NONE,C1.5,QUIET_20240511_11,0
492,20240512,20240512T00:00:00,20240512T01:00:00,20240512T01:43:00,43.98,1h,M3.8,FLARE_20240512_0000_M3.8,1
493,20240512,20240512T02:00:00,20240512T03:00:00,NONE,-1.0,NONE,C4.0,QUIET_20240512_1,0
494,20240512,20240512T04:00:00,20240512T05:00:00,NONE,-1.0,NONE,C2.8,QUIET_20240512_2,0
495,20240512,20240512T06:00:00,20240512T07:00:00,NONE,-1.0,NONE,C3.2,QUIET_20240512_3,0
496,20240512,20240512T08:00:00,20240512T09:00:00,20240512T09:26:00,26.43,1h,M5.6,FLARE_20240512_0800_M5.6,1
497,20240512,20240512T10:00:00,20240512T11:00:00,NONE,-1.0,NONE,C4.1,QUIET_20240512_5,0
498,20240512,20240512T12:00:00,20240512T13:00:00,NONE,-1.0,NONE,C3.5,QUIET_20240512_6,0
499,20240512,20240512T14:00:00,20240512T15:00:00,NONE,-1.0,NONE,C4.4,QUIET_20240512_7,0
500,20240512,20240512T16:00:00,20240512T17:00:00,20240512T17:35:00,35.71,1h,M7.5,FLARE_20240512_1600_M7.5,1
501,20240512,20240512T18:00:00,20240512T19:00:00,NONE,-1.0,NONE,C1.7,QUIET_20240512_9,0
502,20240512,20240512T20:00:00,20240512T21:00:00,NONE,-1.0,NONE,C2.2,QUIET_20240512_10,0
503,20240512,20240512T22:00:00,20240512T23:00:00,NONE,-1.0,NONE,C2.3,QUIET_20240512_11,0
504,20240513,20240513T00:00:00,20240513T01:00:00,20240513T01:17:00,17.82,1h,M6.5,FLARE_20240513_0000_M6.5,1
505,20240513,20240513T02:00:00,20240513T03:00:00,NONE,-1.0,NONE,C4.8,QUIET_20240513_1,0
506,20240513,20240513T04:00:00,20240513T05:00:00,NONE,-1.0,NONE,C3.1,QUIET_20240513_2,0
507,20240513,20240513T06:00:00,20240513T07:00:00,NONE,-1.0,NONE,C2.3,QUIET_20240513_3,0
508,20240513,20240513T08:00:00,20240513T09:00:00,20240513T09:19:00,19.59,1h,M3.3,FLARE_20240513_0800_M3.3,1
509,20240513,20240513T10:00:00,20240513T11:00:00,NONE,-1.0,NONE,C4.6,QUIET_20240513_5,0
510,20240513,20240513T12:00:00,20240513T13:00:00,NONE,-1.0,NONE,C4.4,QUIET_20240513_6,0
511,20240513,20240513T14:00:00,20240513T15:00:00,NONE,-1.0,NONE,C3.3,QUIET_20240513_7,0
512,20240513,20240513T16:00:00,20240513T17:00:00,20240513T17:38:00,38.28,1h,M8.8,FLARE_20240513_1600_M8.8,1
513,20240513,20240513T18:00:00,20240513T19:00:00,NONE,-1.0,NONE,C2.4,QUIET_20240513_9,0
514,20240513,20240513T20:00:00,20240513T21:00:00,NONE,-1.0,NONE,C3.6,QUIET_20240513_10,0
515,20240513,20240513T22:00:00,20240513T23:00:00,NONE,-1.0,NONE,C4.0,QUIET_20240513_11,0
516,20240514,20240514T00:00:00,20240514T01:00:00,20240514T01:39:00,39.57,1h,M1.4,FLARE_20240514_0000_M1.4,1
517,20240514,20240514T02:00:00,20240514T03:00:00,NONE,-1.0,NONE,C2.4,QUIET_20240514_1,0
518,20240514,20240514T04:00:00,20240514T05:00:00,NONE,-1.0,NONE,C4.0,QUIET_20240514_2,0
519,20240514,20240514T06:00:00,20240514T07:00:00,NONE,-1.0,NONE,C3.0,QUIET_20240514_3,0
520,20240514,20240514T08:00:00,20240514T09:00:00,20240514T09:47:00,47.17,1h,M6.7,FLARE_20240514_0800_M6.7,1
521,20240514,20240514T10:00:00,20240514T11:00:00,NONE,-1.0,NONE,C4.0,QUIET_20240514_5,0
522,20240514,20240514T12:00:00,20240514T13:00:00,NONE,-1.0,NONE,C2.7,QUIET_20240514_6,0
523,20240514,20240514T14:00:00,20240514T15:00:00,NONE,-1.0,NONE,C4.3,QUIET_20240514_7,0
524,20240514,20240514T16:00:00,20240514T17:00:00,20240514T17:43:00,43.06,1h,M1.2,FLARE_20240514_1600_M1.2,1
525,20240514,20240514T18:00:00,20240514T19:00:00,NONE,-1.0,NONE,C4.6,QUIET_20240514_9,0
526,20240514,20240514T20:00:00,20240514T21:00:00,NONE,-1.0,NONE,C2.4,QUIET_20240514_10,0
527,20240514,20240514T22:00:00,20240514T23:00:00,NONE,-1.0,NONE,C3.2,QUIET_20240514_11,0
528,20240515,20240515T00:00:00,20240515T01:00:00,20240515T01:52:00,52.14,1h,M6.6,FLARE_20240515_0000_M6.6,1
529,20240515,20240515T02:00:00,20240515T03:00:00,NONE,-1.0,NONE,C1.5,QUIET_20240515_1,0
530,20240515,20240515T04:00:00,20240515T05:00:00,NONE,-1.0,NONE,C4.3,QUIET_20240515_2,0
531,20240515,20240515T06:00:00,20240515T07:00:00,NONE,-1.0,NONE,C4.3,QUIET_20240515_3,0
532,20240515,20240515T08:00:00,20240515T09:00:00,20240515T09:58:00,58.29,1h,M3.1,FLARE_20240515_0800_M3.1,1
533,20240515,20240515T10:00:00,20240515T11:00:00,NONE,-1.0,NONE,C4.3,QUIET_20240515_5,0
534,20240515,20240515T12:00:00,20240515T13:00:00,NONE,-1.0,NONE,C1.3,QUIET_20240515_6,0
535,20240515,20240515T14:00:00,20240515T15:00:00,NONE,-1.0,NONE,C1.3,QUIET_20240515_7,0
536,20240515,20240515T16:00:00,20240515T17:00:00,20240515T17:54:00,54.95,1h,M3.1,FLARE_20240515_1600_M3.1,1
537,20240515,20240515T18:00:00,20240515T19:00:00,NONE,-1.0,NONE,C4.7,QUIET_20240515_9,0
538,20240515,20240515T20:00:00,20240515T21:00:00,NONE,-1.0,NONE,C3.3,QUIET_20240515_10,0
539,20240515,20240515T22:00:00,20240515T23:00:00,NONE,-1.0,NONE,C2.5,QUIET_20240515_11,0
540,20240516,20240516T00:00:00,20240516T01:00:00,20240516T01:24:00,24.6,1h,M6.6,FLARE_20240516_0000_M6.6,1
541,20240516,20240516T02:00:00,20240516T03:00:00,NONE,-1.0,NONE,C1.2,QUIET_20240516_1,0
542,20240516,20240516T04:00:00,20240516T05:00:00,NONE,-1.0,NONE,C4.7,QUIET_20240516_2,0
543,20240516,20240516T06:00:00,20240516T07:00:00,NONE,-1.0,NONE,C3.5,QUIET_20240516_3,0
544,20240516,20240516T08:00:00,20240516T09:00:00,20240516T09:52:00,52.44,1h,M1.3,FLARE_20240516_0800_M1.3,1
545,20240516,20240516T10:00:00,20240516T11:00:00,NONE,-1.0,NONE,C4.7,QUIET_20240516_5,0
546,20240516,20240516T12:00:00,20240516T13:00:00,NONE,-1.0,NONE,C3.4,QUIET_20240516_6,0
547,20240516,20240516T14:00:00,20240516T15:00:00,NONE,-1.0,NONE,C2.6,QUIET_20240516_7,0
548,20240516,20240516T16:00:00,20240516T17:00:00,20240516T17:15:00,15.96,1h,M4.4,FLARE_20240516_1600_M4.4,1
549,20240516,20240516T18:00:00,20240516T19:00:00,NONE,-1.0,NONE,C4.7,QUIET_20240516_9,0
550,20240516,20240516T20:00:00,20240516T21:00:00,NONE,-1.0,NONE,C3.6,QUIET_20240516_10,0
551,20240516,20240516T22:00:00,20240516T23:00:00,NONE,-1.0,NONE,C3.2,QUIET_20240516_11,0
552,20240517,20240517T00:00:00,20240517T01:00:00,20240517T01:36:00,36.16,1h,M2.7,FLARE_20240517_0000_M2.7,1
553,20240517,20240517T02:00:00,20240517T03:00:00,NONE,-1.0,NONE,C4.2,QUIET_20240517_1,0
554,20240517,20240517T04:00:00,20240517T05:00:00,NONE,-1.0,NONE,C4.6,QUIET_20240517_2,0
555,20240517,20240517T06:00:00,20240517T07:00:00,NONE,-1.0,NONE,C3.8,QUIET_20240517_3,0
556,20240517,20240517T08:00:00,20240517T09:00:00,20240517T09:41:00,41.55,1h,M4.8,FLARE_20240517_0800_M4.8,1
557,20240517,20240517T10:00:00,20240517T11:00:00,NONE,-1.0,NONE,C4.5,QUIET_20240517_5,0
558,20240517,20240517T12:00:00,20240517T13:00:00,NONE,-1.0,NONE,C4.5,QUIET_20240517_6,0
559,20240517,20240517T14:00:00,20240517T15:00:00,NONE,-1.0,NONE,C2.2,QUIET_20240517_7,0
560,20240517,20240517T16:00:00,20240517T17:00:00,20240517T17:39:00,39.71,1h,M3.8,FLARE_20240517_1600_M3.8,1
561,20240517,20240517T18:00:00,20240517T19:00:00,NONE,-1.0,NONE,C4.1,QUIET_20240517_9,0
562,20240517,20240517T20:00:00,20240517T21:00:00,NONE,-1.0,NONE,C2.7,QUIET_20240517_10,0
563,20240517,20240517T22:00:00,20240517T23:00:00,NONE,-1.0,NONE,C4.3,QUIET_20240517_11,0
564,20240518,20240518T00:00:00,20240518T01:00:00,20240518T01:26:00,26.41,1h,M7.0,FLARE_20240518_0000_M7.0,1
565,20240518,20240518T02:00:00,20240518T03:00:00,NONE,-1.0,NONE,C1.1,QUIET_20240518_1,0
566,20240518,20240518T04:00:00,20240518T05:00:00,NONE,-1.0,NONE,C3.0,QUIET_20240518_2,0
567,20240518,20240518T06:00:00,20240518T07:00:00,NONE,-1.0,NONE,C1.0,QUIET_20240518_3,0
568,20240518,20240518T08:00:00,20240518T09:00:00,20240518T09:18:00,18.74,1h,M4.0,FLARE_20240518_0800_M4.0,1
569,20240518,20240518T10:00:00,20240518T11:00:00,NONE,-1.0,NONE,C4.7,QUIET_20240518_5,0
570,20240518,20240518T12:00:00,20240518T13:00:00,NONE,-1.0,NONE,C3.5,QUIET_20240518_6,0
571,20240518,20240518T14:00:00,20240518T15:00:00,NONE,-1.0,NONE,C4.0,QUIET_20240518_7,0
572,20240518,20240518T16:00:00,20240518T17:00:00,20240518T17:52:00,52.13,1h,M7.2,FLARE_20240518_1600_M7.2,1
573,20240518,20240518T18:00:00,20240518T19:00:00,NONE,-1.0,NONE,C2.4,QUIET_20240518_9,0
574,20240518,20240518T20:00:00,20240518T21:00:00,NONE,-1.0,NONE,C1.5,QUIET_20240518_10,0
575,20240518,20240518T22:00:00,20240518T23:00:00,NONE,-1.0,NONE,C1.3,QUIET_20240518_11,0
576,20240519,20240519T00:00:00,20240519T01:00:00,20240519T01:35:00,35.07,1h,M4.5,FLARE_20240519_0000_M4.5,1
577,20240519,20240519T02:00:00,20240519T03:00:00,NONE,-1.0,NONE,C2.5,QUIET_20240519_1,0
578,20240519,20240519T04:00:00,20240519T05:00:00,NONE,-1.0,NONE,C1.6,QUIET_20240519_2,0
579,20240519,20240519T06:00:00,20240519T07:00:00,NONE,-1.0,NONE,C1.1,QUIET_20240519_3,0
580,20240519,20240519T08:00:00,20240519T09:00:00,20240519T09:40:00,40.13,1h,M1.2,FLARE_20240519_0800_M1.2,1
581,20240519,20240519T10:00:00,20240519T11:00:00,NONE,-1.0,NONE,C1.7,QUIET_20240519_5,0
582,20240519,20240519T12:00:00,20240519T13:00:00,NONE,-1.0,NONE,C1.2,QUIET_20240519_6,0
583,20240519,20240519T14:00:00,20240519T15:00:00,NONE,-1.0,NONE,C1.6,QUIET_20240519_7,0
584,20240519,20240519T16:00:00,20240519T17:00:00,20240519T17:52:00,52.56,1h,M4.7,FLARE_20240519_1600_M4.7,1
585,20240519,20240519T18:00:00,20240519T19:00:00,NONE,-1.0,NONE,C3.5,QUIET_20240519_9,0
586,20240519,20240519T20:00:00,20240519T21:00:00,NONE,-1.0,NONE,C2.2,QUIET_20240519_10,0
587,20240519,20240519T22:00:00,20240519T23:00:00,NONE,-1.0,NONE,C4.8,QUIET_20240519_11,0
588,20240520,20240520T00:00:00,20240520T01:00:00,20240520T01:26:00,26.89,1h,M3.0,FLARE_20240520_0000_M3.0,1
589,20240520,20240520T02:00:00,20240520T03:00:00,NONE,-1.0,NONE,C1.7,QUIET_20240520_1,0
590,20240520,20240520T04:00:00,20240520T05:00:00,NONE,-1.0,NONE,C4.3,QUIET_20240520_2,0
591,20240520,20240520T06:00:00,20240520T07:00:00,NONE,-1.0,NONE,C3.0,QUIET_20240520_3,0
592,20240520,20240520T08:00:00,20240520T09:00:00,20240520T09:51:00,51.11,1h,M7.4,FLARE_20240520_0800_M7.4,1
593,20240520,20240520T10:00:00,20240520T11:00:00,NONE,-1.0,NONE,C3.1,QUIET_20240520_5,0
594,20240520,20240520T12:00:00,20240520T13:00:00,NONE,-1.0,NONE,C1.6,QUIET_20240520_6,0
595,20240520,20240520T14:00:00,20240520T15:00:00,NONE,-1.0,NONE,C2.5,QUIET_20240520_7,0
596,20240520,20240520T16:00:00,20240520T17:00:00,20240520T17:41:00,41.95,1h,M6.3,FLARE_20240520_1600_M6.3,1
597,20240520,20240520T18:00:00,20240520T19:00:00,NONE,-1.0,NONE,C3.2,QUIET_20240520_9,0
598,20240520,20240520T20:00:00,20240520T21:00:00,NONE,-1.0,NONE,C4.5,QUIET_20240520_10,0
599,20240520,20240520T22:00:00,20240520T23:00:00,NONE,-1.0,NONE,C3.0,QUIET_20240520_11,0
600,20240521,20240521T00:00:00,20240521T01:00:00,20240521T01:57:00,57.67,1h,M8.2,FLARE_20240521_0000_M8.2,1
601,20240521,20240521T02:00:00,20240521T03:00:00,NONE,-1.0,NONE,C1.1,QUIET_20240521_1,0
602,20240521,20240521T04:00:00,20240521T05:00:00,NONE,-1.0,NONE,C2.0,QUIET_20240521_2,0
603,20240521,20240521T06:00:00,20240521T07:00:00,NONE,-1.0,NONE,C4.0,QUIET_20240521_3,0
604,20240521,20240521T08:00:00,20240521T09:00:00,20240521T09:58:00,58.07,1h,M6.5,FLARE_20240521_0800_M6.5,1
605,20240521,20240521T10:00:00,20240521T11:00:00,NONE,-1.0,NONE,C3.7,QUIET_20240521_5,0
606,20240521,20240521T12:00:00,20240521T13:00:00,NONE,-1.0,NONE,C3.5,QUIET_20240521_6,0
607,20240521,20240521T14:00:00,20240521T15:00:00,NONE,-1.0,NONE,C2.1,QUIET_20240521_7,0
608,20240521,20240521T16:00:00,20240521T17:00:00,20240521T17:39:00,39.04,1h,M2.8,FLARE_20240521_1600_M2.8,1
609,20240521,20240521T18:00:00,20240521T19:00:00,NONE,-1.0,NONE,C4.0,QUIET_20240521_9,0
610,20240521,20240521T20:00:00,20240521T21:00:00,NONE,-1.0,NONE,C1.0,QUIET_20240521_10,0
611,20240521,20240521T22:00:00,20240521T23:00:00,NONE,-1.0,NONE,C2.2,QUIET_20240521_11,0
612,20240522,20240522T00:00:00,20240522T01:00:00,20240522T01:49:00,49.14,1h,M1.5,FLARE_20240522_0000_M1.5,1
613,20240522,20240522T02:00:00,20240522T03:00:00,NONE,-1.0,NONE,C1.4,QUIET_20240522_1,0
614,20240522,20240522T04:00:00,20240522T05:00:00,NONE,-1.0,NONE,C4.5,QUIET_20240522_2,0
615,20240522,20240522T06:00:00,20240522T07:00:00,NONE,-1.0,NONE,C4.8,QUIET_20240522_3,0
616,20240522,20240522T08:00:00,20240522T09:00:00,20240522T09:48:00,48.16,1h,M3.1,FLARE_20240522_0800_M3.1,1
617,20240522,20240522T10:00:00,20240522T11:00:00,NONE,-1.0,NONE,C3.5,QUIET_20240522_5,0
618,20240522,20240522T12:00:00,20240522T13:00:00,NONE,-1.0,NONE,C4.4,QUIET_20240522_6,0
619,20240522,20240522T14:00:00,20240522T15:00:00,NONE,-1.0,NONE,C1.0,QUIET_20240522_7,0
620,20240522,20240522T16:00:00,20240522T17:00:00,20240522T17:42:00,42.96,1h,M1.7,FLARE_20240522_1600_M1.7,1
621,20240522,20240522T18:00:00,20240522T19:00:00,NONE,-1.0,NONE,C1.4,QUIET_20240522_9,0
622,20240522,20240522T20:00:00,20240522T21:00:00,NONE,-1.0,NONE,C2.2,QUIET_20240522_10,0
623,20240522,20240522T22:00:00,20240522T23:00:00,NONE,-1.0,NONE,C2.8,QUIET_20240522_11,0
624,20240523,20240523T00:00:00,20240523T01:00:00,20240523T01:36:00,36.44,1h,M5.0,FLARE_20240523_0000_M5.0,1
625,20240523,20240523T02:00:00,20240523T03:00:00,NONE,-1.0,NONE,C1.4,QUIET_20240523_1,0
626,20240523,20240523T04:00:00,20240523T05:00:00,NONE,-1.0,NONE,C2.5,QUIET_20240523_2,0
627,20240523,20240523T06:00:00,20240523T07:00:00,NONE,-1.0,NONE,C3.8,QUIET_20240523_3,0
628,20240523,20240523T08:00:00,20240523T09:00:00,20240523T09:51:00,51.57,1h,M8.5,FLARE_20240523_0800_M8.5,1
629,20240523,20240523T10:00:00,20240523T11:00:00,NONE,-1.0,NONE,C3.7,QUIET_20240523_5,0
630,20240523,20240523T12:00:00,20240523T13:00:00,NONE,-1.0,NONE,C1.7,QUIET_20240523_6,0
631,20240523,20240523T14:00:00,20240523T15:00:00,NONE,-1.0,NONE,C2.8,QUIET_20240523_7,0
632,20240523,20240523T16:00:00,20240523T17:00:00,20240523T17:23:00,23.4,1h,M3.3,FLARE_20240523_1600_M3.3,1
633,20240523,20240523T18:00:00,20240523T19:00:00,NONE,-1.0,NONE,C1.2,QUIET_20240523_9,0
634,20240523,20240523T20:00:00,20240523T21:00:00,NONE,-1.0,NONE,C1.5,QUIET_20240523_10,0
635,20240523,20240523T22:00:00,20240523T23:00:00,NONE,-1.0,NONE,C3.5,QUIET_20240523_11,0
636,20240524,20240524T00:00:00,20240524T01:00:00,20240524T01:58:00,58.73,1h,M3.5,FLARE_20240524_0000_M3.5,1
637,20240524,20240524T02:00:00,20240524T03:00:00,NONE,-1.0,NONE,C1.4,QUIET_20240524_1,0
638,20240524,20240524T04:00:00,20240524T05:00:00,NONE,-1.0,NONE,C1.6,QUIET_20240524_2,0
639,20240524,20240524T06:00:00,20240524T07:00:00,NONE,-1.0,NONE,C4.5,QUIET_20240524_3,0
640,20240524,20240524T08:00:00,20240524T09:00:00,20240524T09:38:00,38.51,1h,M1.0,FLARE_20240524_0800_M1.0,1
641,20240524,20240524T10:00:00,20240524T11:00:00,NONE,-1.0,NONE,C4.5,QUIET_20240524_5,0
642,20240524,20240524T12:00:00,20240524T13:00:00,NONE,-1.0,NONE,C4.8,QUIET_20240524_6,0
643,20240524,20240524T14:00:00,20240524T15:00:00,NONE,-1.0,NONE,C4.8,QUIET_20240524_7,0
644,20240524,20240524T16:00:00,20240524T17:00:00,20240524T17:34:00,34.53,1h,M2.1,FLARE_20240524_1600_M2.1,1
645,20240524,20240524T18:00:00,20240524T19:00:00,NONE,-1.0,NONE,C4.8,QUIET_20240524_9,0
646,20240524,20240524T20:00:00,20240524T21:00:00,NONE,-1.0,NONE,C4.0,QUIET_20240524_10,0
647,20240524,20240524T22:00:00,20240524T23:00:00,NONE,-1.0,NONE,C3.3,QUIET_20240524_11,0
648,20240525,20240525T00:00:00,20240525T01:00:00,20240525T01:32:00,32.09,1h,M7.1,FLARE_20240525_0000_M7.1,1
649,20240525,20240525T02:00:00,20240525T03:00:00,NONE,-1.0,NONE,C4.0,QUIET_20240525_1,0
650,20240525,20240525T04:00:00,20240525T05:00:00,NONE,-1.0,NONE,C3.5,QUIET_20240525_2,0
651,20240525,20240525T06:00:00,20240525T07:00:00,NONE,-1.0,NONE,C2.8,QUIET_20240525_3,0
652,20240525,20240525T08:00:00,20240525T09:00:00,20240525T09:18:00,18.16,1h,M7.3,FLARE_20240525_0800_M7.3,1
653,20240525,20240525T10:00:00,20240525T11:00:00,NONE,-1.0,NONE,C1.3,QUIET_20240525_5,0
654,20240525,20240525T12:00:00,20240525T13:00:00,NONE,-1.0,NONE,C1.5,QUIET_20240525_6,0
655,20240525,20240525T14:00:00,20240525T15:00:00,NONE,-1.0,NONE,C1.7,QUIET_20240525_7,0
656,20240525,20240525T16:00:00,20240525T17:00:00,20240525T17:46:00,46.05,1h,M1.4,FLARE_20240525_1600_M1.4,1
657,20240525,20240525T18:00:00,20240525T19:00:00,NONE,-1.0,NONE,C2.4,QUIET_20240525_9,0
658,20240525,20240525T20:00:00,20240525T21:00:00,NONE,-1.0,NONE,C3.1,QUIET_20240525_10,0
659,20240525,20240525T22:00:00,20240525T23:00:00,NONE,-1.0,NONE,C2.1,QUIET_20240525_11,0
660,20240526,20240526T00:00:00,20240526T01:00:00,20240526T01:57:00,57.01,1h,M3.8,FLARE_20240526_0000_M3.8,1
661,20240526,20240526T02:00:00,20240526T03:00:00,NONE,-1.0,NONE,C4.5,QUIET_20240526_1,0
662,20240526,20240526T04:00:00,20240526T05:00:00,NONE,-1.0,NONE,C3.8,QUIET_20240526_2,0
663,20240526,20240526T06:00:00,20240526T07:00:00,NONE,-1.0,NONE,C4.2,QUIET_20240526_3,0
664,20240526,20240526T08:00:00,20240526T09:00:00,20240526T09:47:00,47.79,1h,M1.1,FLARE_20240526_0800_M1.1,1
665,20240526,20240526T10:00:00,20240526T11:00:00,NONE,-1.0,NONE,C2.5,QUIET_20240526_5,0
666,20240526,20240526T12:00:00,20240526T13:00:00,NONE,-1.0,NONE,C2.8,QUIET_20240526_6,0
667,20240526,20240526T14:00:00,20240526T15:00:00,NONE,-1.0,NONE,C4.3,QUIET_20240526_7,0
668,20240526,20240526T16:00:00,20240526T17:00:00,20240526T17:26:00,26.51,1h,M2.1,FLARE_20240526_1600_M2.1,1
669,20240526,20240526T18:00:00,20240526T19:00:00,NONE,-1.0,NONE,C3.1,QUIET_20240526_9,0
670,20240526,20240526T20:00:00,20240526T21:00:00,NONE,-1.0,NONE,C1.2,QUIET_20240526_10,0
671,20240526,20240526T22:00:00,20240526T23:00:00,NONE,-1.0,NONE,C4.2,QUIET_20240526_11,0
672,20240527,20240527T00:00:00,20240527T01:00:00,20240527T01:16:00,16.64,1h,M4.3,FLARE_20240527_0000_M4.3,1
673,20240527,20240527T02:00:00,20240527T03:00:00,NONE,-1.0,NONE,C2.0,QUIET_20240527_1,0
674,20240527,20240527T04:00:00,20240527T05:00:00,NONE,-1.0,NONE,C2.4,QUIET_20240527_2,0
675,20240527,20240527T06:00:00,20240527T07:00:00,NONE,-1.0,NONE,C4.7,QUIET_20240527_3,0
676,20240527,20240527T08:00:00,20240527T09:00:00,20240527T09:52:00,52.29,1h,M8.0,FLARE_20240527_0800_M8.0,1
677,20240527,20240527T10:00:00,20240527T11:00:00,NONE,-1.0,NONE,C2.4,QUIET_20240527_5,0
678,20240527,20240527T12:00:00,20240527T13:00:00,NONE,-1.0,NONE,C1.5,QUIET_20240527_6,0
679,20240527,20240527T14:00:00,20240527T15:00:00,NONE,-1.0,NONE,C3.1,QUIET_20240527_7,0
680,20240527,20240527T16:00:00,20240527T17:00:00,20240527T17:32:00,32.83,1h,M6.1,FLARE_20240527_1600_M6.1,1
681,20240527,20240527T18:00:00,20240527T19:00:00,NONE,-1.0,NONE,C2.6,QUIET_20240527_9,0
682,20240527,20240527T20:00:00,20240527T21:00:00,NONE,-1.0,NONE,C1.2,QUIET_20240527_10,0
683,20240527,20240527T22:00:00,20240527T23:00:00,NONE,-1.0,NONE,C4.4,QUIET_20240527_11,0
684,20240528,20240528T00:00:00,20240528T01:00:00,20240528T01:47:00,47.57,1h,M2.2,FLARE_20240528_0000_M2.2,1
685,20240528,20240528T02:00:00,20240528T03:00:00,NONE,-1.0,NONE,C2.4,QUIET_20240528_1,0
686,20240528,20240528T04:00:00,20240528T05:00:00,NONE,-1.0,NONE,C1.4,QUIET_20240528_2,0
687,20240528,20240528T06:00:00,20240528T07:00:00,NONE,-1.0,NONE,C3.2,QUIET_20240528_3,0
688,20240528,20240528T08:00:00,20240528T09:00:00,20240528T09:54:00,54.95,1h,M4.7,FLARE_20240528_0800_M4.7,1
689,20240528,20240528T10:00:00,20240528T11:00:00,NONE,-1.0,NONE,C2.6,QUIET_20240528_5,0
690,20240528,20240528T12:00:00,20240528T13:00:00,NONE,-1.0,NONE,C1.7,QUIET_20240528_6,0
691,20240528,20240528T14:00:00,20240528T15:00:00,NONE,-1.0,NONE,C3.8,QUIET_20240528_7,0
692,20240528,20240528T16:00:00,20240528T17:00:00,20240528T17:36:00,36.63,1h,M2.8,FLARE_20240528_1600_M2.8,1
693,20240528,20240528T18:00:00,20240528T19:00:00,NONE,-1.0,NONE,C2.0,QUIET_20240528_9,0
694,20240528,20240528T20:00:00,20240528T21:00:00,NONE,-1.0,NONE,C3.5,QUIET_20240528_10,0
695,20240528,20240528T22:00:00,20240528T23:00:00,NONE,-1.0,NONE,C3.2,QUIET_20240528_11,0
696,20240529,20240529T00:00:00,20240529T01:00:00,20240529T01:58:00,58.17,1h,M5.0,FLARE_20240529_0000_M5.0,1
697,20240529,20240529T02:00:00,20240529T03:00:00,NONE,-1.0,NONE,C2.5,QUIET_20240529_1,0
698,20240529,20240529T04:00:00,20240529T05:00:00,NONE,-1.0,NONE,C1.8,QUIET_20240529_2,0
699,20240529,20240529T06:00:00,20240529T07:00:00,NONE,-1.0,NONE,C3.7,QUIET_20240529_3,0
700,20240529,20240529T08:00:00,20240529T09:00:00,20240529T09:23:00,23.28,1h,M5.2,FLARE_20240529_0800_M5.2,1
701,20240529,20240529T10:00:00,20240529T11:00:00,NONE,-1.0,NONE,C1.2,QUIET_20240529_5,0
702,20240529,20240529T12:00:00,20240529T13:00:00,NONE,-1.0,NONE,C1.2,QUIET_20240529_6,0
703,20240529,20240529T14:00:00,20240529T15:00:00,NONE,-1.0,NONE,C4.0,QUIET_20240529_7,0
704,20240529,20240529T16:00:00,20240529T17:00:00,20240529T17:56:00,56.03,1h,M1.3,FLARE_20240529_1600_M1.3,1
705,20240529,20240529T18:00:00,20240529T19:00:00,NONE,-1.0,NONE,C3.5,QUIET_20240529_9,0
706,20240529,20240529T20:00:00,20240529T21:00:00,NONE,-1.0,NONE,C4.5,QUIET_20240529_10,0
707,20240529,20240529T22:00:00,20240529T23:00:00,NONE,-1.0,NONE,C2.1,QUIET_20240529_11,0
708,20240530,20240530T00:00:00,20240530T01:00:00,20240530T01:42:00,42.37,1h,M2.0,FLARE_20240530_0000_M2.0,1
709,20240530,20240530T02:00:00,20240530T03:00:00,NONE,-1.0,NONE,C2.2,QUIET_20240530_1,0
710,20240530,20240530T04:00:00,20240530T05:00:00,NONE,-1.0,NONE,C1.5,QUIET_20240530_2,0
711,20240530,20240530T06:00:00,20240530T07:00:00,NONE,-1.0,NONE,C4.3,QUIET_20240530_3,0
712,20240530,20240530T08:00:00,20240530T09:00:00,20240530T09:36:00,36.83,1h,M7.1,FLARE_20240530_0800_M7.1,1
713,20240530,20240530T10:00:00,20240530T11:00:00,NONE,-1.0,NONE,C1.6,QUIET_20240530_5,0
714,20240530,20240530T12:00:00,20240530T13:00:00,NONE,-1.0,NONE,C2.5,QUIET_20240530_6,0
715,20240530,20240530T14:00:00,20240530T15:00:00,NONE,-1.0,NONE,C3.1,QUIET_20240530_7,0
716,20240530,20240530T16:00:00,20240530T17:00:00,20240530T17:34:00,34.93,1h,M7.3,FLARE_20240530_1600_M7.3,1
717,20240530,20240530T18:00:00,20240530T19:00:00,NONE,-1.0,NONE,C1.7,QUIET_20240530_9,0
718,20240530,20240530T20:00:00,20240530T21:00:00,NONE,-1.0,NONE,C1.3,QUIET_20240530_10,0
719,20240530,20240530T22:00:00,20240530T23:00:00,NONE,-1.0,NONE,C4.1,QUIET_20240530_11,0
720,20240531,20240531T00:00:00,20240531T01:00:00,20240531T01:38:00,38.23,1h,M2.8,FLARE_20240531_0000_M2.8,1
721,20240531,20240531T02:00:00,20240531T03:00:00,NONE,-1.0,NONE,C2.8,QUIET_20240531_1,0
722,20240531,20240531T04:00:00,20240531T05:00:00,NONE,-1.0,NONE,C3.0,QUIET_20240531_2,0
723,20240531,20240531T06:00:00,20240531T07:00:00,NONE,-1.0,NONE,C3.0,QUIET_20240531_3,0
724,20240531,20240531T08:00:00,20240531T09:00:00,20240531T09:22:00,22.68,1h,M4.4,FLARE_20240531_0800_M4.4,1
725,20240531,20240531T10:00:00,20240531T11:00:00,NONE,-1.0,NONE,C3.0,QUIET_20240531_5,0
726,20240531,20240531T12:00:00,20240531T13:00:00,NONE,-1.0,NONE,C3.5,QUIET_20240531_6,0
727,20240531,20240531T14:00:00,20240531T15:00:00,NONE,-1.0,NONE,C3.6,QUIET_20240531_7,0
728,20240531,20240531T16:00:00,20240531T17:00:00,20240531T17:39:00,39.67,1h,M2.5,FLARE_20240531_1600_M2.5,1
729,20240531,20240531T18:00:00,20240531T19:00:00,NONE,-1.0,NONE,C1.8,QUIET_20240531_9,0
730,20240531,20240531T20:00:00,20240531T21:00:00,NONE,-1.0,NONE,C4.4,QUIET_20240531_10,0
731,20240531,20240531T22:00:00,20240531T23:00:00,NONE,-1.0,NONE,C4.0,QUIET_20240531_11,0
732,20240601,20240601T00:00:00,20240601T01:00:00,20240601T01:16:00,16.94,1h,M4.1,FLARE_20240601_0000_M4.1,1
733,20240601,20240601T02:00:00,20240601T03:00:00,NONE,-1.0,NONE,C4.4,QUIET_20240601_1,0
734,20240601,20240601T04:00:00,20240601T05:00:00,NONE,-1.0,NONE,C1.2,QUIET_20240601_2,0
735,20240601,20240601T06:00:00,20240601T07:00:00,NONE,-1.0,NONE,C4.3,QUIET_20240601_3,0
736,20240601,20240601T08:00:00,20240601T09:00:00,20240601T09:33:00,33.22,1h,M4.1,FLARE_20240601_0800_M4.1,1
737,20240601,20240601T10:00:00,20240601T11:00:00,NONE,-1.0,NONE,C4.6,QUIET_20240601_5,0
738,20240601,20240601T12:00:00,20240601T13:00:00,NONE,-1.0,NONE,C4.2,QUIET_20240601_6,0
739,20240601,20240601T14:00:00,20240601T15:00:00,NONE,-1.0,NONE,C1.8,QUIET_20240601_7,0
740,20240601,20240601T16:00:00,20240601T17:00:00,20240601T17:47:00,47.99,1h,M1.6,FLARE_20240601_1600_M1.6,1
741,20240601,20240601T18:00:00,20240601T19:00:00,NONE,-1.0,NONE,C2.6,QUIET_20240601_9,0
742,20240601,20240601T20:00:00,20240601T21:00:00,NONE,-1.0,NONE,C2.4,QUIET_20240601_10,0
743,20240601,20240601T22:00:00,20240601T23:00:00,NONE,-1.0,NONE,C4.1,QUIET_20240601_11,0
744,20240602,20240602T00:00:00,20240602T01:00:00,20240602T01:18:00,18.98,1h,M3.7,FLARE_20240602_0000_M3.7,1
745,20240602,20240602T02:00:00,20240602T03:00:00,NONE,-1.0,NONE,C3.1,QUIET_20240602_1,0
746,20240602,20240602T04:00:00,20240602T05:00:00,NONE,-1.0,NONE,C1.0,QUIET_20240602_2,0
747,20240602,20240602T06:00:00,20240602T07:00:00,NONE,-1.0,NONE,C2.7,QUIET_20240602_3,0
748,20240602,20240602T08:00:00,20240602T09:00:00,20240602T09:17:00,17.87,1h,M6.0,FLARE_20240602_0800_M6.0,1
749,20240602,20240602T10:00:00,20240602T11:00:00,NONE,-1.0,NONE,C3.0,QUIET_20240602_5,0
750,20240602,20240602T12:00:00,20240602T13:00:00,NONE,-1.0,NONE,C3.6,QUIET_20240602_6,0
751,20240602,20240602T14:00:00,20240602T15:00:00,NONE,-1.0,NONE,C3.7,QUIET_20240602_7,0
752,20240602,20240602T16:00:00,20240602T17:00:00,20240602T17:16:00,16.1,1h,M1.5,FLARE_20240602_1600_M1.5,1
753,20240602,20240602T18:00:00,20240602T19:00:00,NONE,-1.0,NONE,C4.6,QUIET_20240602_9,0
754,20240602,20240602T20:00:00,20240602T21:00:00,NONE,-1.0,NONE,C4.8,QUIET_20240602_10,0
755,20240602,20240602T22:00:00,20240602T23:00:00,NONE,-1.0,NONE,C4.2,QUIET_20240602_11,0
756,20240603,20240603T00:00:00,20240603T01:00:00,20240603T01:27:00,27.89,1h,M8.0,FLARE_20240603_0000_M8.0,1
757,20240603,20240603T02:00:00,20240603T03:00:00,NONE,-1.0,NONE,C4.8,QUIET_20240603_1,0
758,20240603,20240603T04:00:00,20240603T05:00:00,NONE,-1.0,NONE,C2.1,QUIET_20240603_2,0
759,20240603,20240603T06:00:00,20240603T07:00:00,NONE,-1.0,NONE,C1.7,QUIET_20240603_3,0
760,20240603,20240603T08:00:00,20240603T09:00:00,20240603T09:31:00,31.04,1h,M2.6,FLARE_20240603_0800_M2.6,1
761,20240603,20240603T10:00:00,20240603T11:00:00,NONE,-1.0,NONE,C3.0,QUIET_20240603_5,0
762,20240603,20240603T12:00:00,20240603T13:00:00,NONE,-1.0,NONE,C2.7,QUIET_20240603_6,0
763,20240603,20240603T14:00:00,20240603T15:00:00,NONE,-1.0,NONE,C3.8,QUIET_20240603_7,0
764,20240603,20240603T16:00:00,20240603T17:00:00,20240603T17:23:00,23.0,1h,M3.0,FLARE_20240603_1600_M3.0,1
765,20240603,20240603T18:00:00,20240603T19:00:00,NONE,-1.0,NONE,C4.8,QUIET_20240603_9,0
766,20240603,20240603T20:00:00,20240603T21:00:00,NONE,-1.0,NONE,C2.1,QUIET_20240603_10,0
767,20240603,20240603T22:00:00,20240603T23:00:00,NONE,-1.0,NONE,C1.0,QUIET_20240603_11,0
768,20240604,20240604T00:00:00,20240604T01:00:00,20240604T01:58:00,58.58,1h,M2.2,FLARE_20240604_0000_M2.2,1
769,20240604,20240604T02:00:00,20240604T03:00:00,NONE,-1.0,NONE,C4.8,QUIET_20240604_1,0
770,20240604,20240604T04:00:00,20240604T05:00:00,NONE,-1.0,NONE,C1.8,QUIET_20240604_2,0
771,20240604,20240604T06:00:00,20240604T07:00:00,NONE,-1.0,NONE,C3.1,QUIET_20240604_3,0
772,20240604,20240604T08:00:00,20240604T09:00:00,20240604T09:49:00,49.97,1h,M2.2,FLARE_20240604_0800_M2.2,1
773,20240604,20240604T10:00:00,20240604T11:00:00,NONE,-1.0,NONE,C2.7,QUIET_20240604_5,0
774,20240604,20240604T12:00:00,20240604T13:00:00,NONE,-1.0,NONE,C4.4,QUIET_20240604_6,0
775,20240604,20240604T14:00:00,20240604T15:00:00,NONE,-1.0,NONE,C1.8,QUIET_20240604_7,0
776,20240604,20240604T16:00:00,20240604T17:00:00,20240604T17:28:00,28.47,1h,M1.8,FLARE_20240604_1600_M1.8,1
777,20240604,20240604T18:00:00,20240604T19:00:00,NONE,-1.0,NONE,C4.3,QUIET_20240604_9,0
778,20240604,20240604T20:00:00,20240604T21:00:00,NONE,-1.0,NONE,C4.2,QUIET_20240604_10,0
779,20240604,20240604T22:00:00,20240604T23:00:00,NONE,-1.0,NONE,C1.6,QUIET_20240604_11,0
780,20240605,20240605T00:00:00,20240605T01:00:00,20240605T01:55:00,55.56,1h,M7.7,FLARE_20240605_0000_M7.7,1
781,20240605,20240605T02:00:00,20240605T03:00:00,NONE,-1.0,NONE,C4.8,QUIET_20240605_1,0
782,20240605,20240605T04:00:00,20240605T05:00:00,NONE,-1.0,NONE,C2.5,QUIET_20240605_2,0
783,20240605,20240605T06:00:00,20240605T07:00:00,NONE,-1.0,NONE,C4.7,QUIET_20240605_3,0
784,20240605,20240605T08:00:00,20240605T09:00:00,20240605T09:26:00,26.17,1h,M6.2,FLARE_20240605_0800_M6.2,1
785,20240605,20240605T10:00:00,20240605T11:00:00,NONE,-1.0,NONE,C2.8,QUIET_20240605_5,0
786,20240605,20240605T12:00:00,20240605T13:00:00,NONE,-1.0,NONE,C4.2,QUIET_20240605_6,0
787,20240605,20240605T14:00:00,20240605T15:00:00,NONE,-1.0,NONE,C2.2,QUIET_20240605_7,0
788,20240605,20240605T16:00:00,20240605T17:00:00,20240605T17:31:00,31.69,1h,M4.4,FLARE_20240605_1600_M4.4,1
789,20240605,20240605T18:00:00,20240605T19:00:00,NONE,-1.0,NONE,C2.5,QUIET_20240605_9,0
790,20240605,20240605T20:00:00,20240605T21:00:00,NONE,-1.0,NONE,C1.1,QUIET_20240605_10,0
791,20240605,20240605T22:00:00,20240605T23:00:00,NONE,-1.0,NONE,C3.3,QUIET_20240605_11,0
792,20240606,20240606T00:00:00,20240606T01:00:00,20240606T01:24:00,24.64,1h,M1.7,FLARE_20240606_0000_M1.7,1
793,20240606,20240606T02:00:00,20240606T03:00:00,NONE,-1.0,NONE,C3.1,QUIET_20240606_1,0
794,20240606,20240606T04:00:00,20240606T05:00:00,NONE,-1.0,NONE,C3.3,QUIET_20240606_2,0
795,20240606,20240606T06:00:00,20240606T07:00:00,NONE,-1.0,NONE,C1.5,QUIET_20240606_3,0
796,20240606,20240606T08:00:00,20240606T09:00:00,20240606T09:54:00,54.28,1h,M7.1,FLARE_20240606_0800_M7.1,1
797,20240606,20240606T10:00:00,20240606T11:00:00,NONE,-1.0,NONE,C1.8,QUIET_20240606_5,0
798,20240606,20240606T12:00:00,20240606T13:00:00,NONE,-1.0,NONE,C3.6,QUIET_20240606_6,0
799,20240606,20240606T14:00:00,20240606T15:00:00,NONE,-1.0,NONE,C4.7,QUIET_20240606_7,0
800,20240606,20240606T16:00:00,20240606T17:00:00,20240606T17:49:00,49.17,1h,M1.1,FLARE_20240606_1600_M1.1,1
801,20240606,20240606T18:00:00,20240606T19:00:00,NONE,-1.0,NONE,C1.1,QUIET_20240606_9,0
802,20240606,20240606T20:00:00,20240606T21:00:00,NONE,-1.0,NONE,C1.6,QUIET_20240606_10,0
803,20240606,20240606T22:00:00,20240606T23:00:00,NONE,-1.0,NONE,C4.2,QUIET_20240606_11,0
804,20240607,20240607T00:00:00,20240607T01:00:00,20240607T01:37:00,37.18,1h,M3.3,FLARE_20240607_0000_M3.3,1
805,20240607,20240607T02:00:00,20240607T03:00:00,NONE,-1.0,NONE,C2.8,QUIET_20240607_1,0
806,20240607,20240607T04:00:00,20240607T05:00:00,NONE,-1.0,NONE,C4.1,QUIET_20240607_2,0
807,20240607,20240607T06:00:00,20240607T07:00:00,NONE,-1.0,NONE,C3.5,QUIET_20240607_3,0
808,20240607,20240607T08:00:00,20240607T09:00:00,20240607T09:39:00,39.49,1h,M8.4,FLARE_20240607_0800_M8.4,1
809,20240607,20240607T10:00:00,20240607T11:00:00,NONE,-1.0,NONE,C4.1,QUIET_20240607_5,0
810,20240607,20240607T12:00:00,20240607T13:00:00,NONE,-1.0,NONE,C1.3,QUIET_20240607_6,0
811,20240607,20240607T14:00:00,20240607T15:00:00,NONE,-1.0,NONE,C4.4,QUIET_20240607_7,0
812,20240607,20240607T16:00:00,20240607T17:00:00,20240607T17:45:00,45.82,1h,M4.8,FLARE_20240607_1600_M4.8,1
813,20240607,20240607T18:00:00,20240607T19:00:00,NONE,-1.0,NONE,C1.5,QUIET_20240607_9,0
814,20240607,20240607T20:00:00,20240607T21:00:00,NONE,-1.0,NONE,C3.8,QUIET_20240607_10,0
815,20240607,20240607T22:00:00,20240607T23:00:00,NONE,-1.0,NONE,C1.5,QUIET_20240607_11,0
816,20240608,20240608T00:00:00,20240608T01:00:00,20240608T01:58:00,58.06,1h,M2.6,FLARE_20240608_0000_M2.6,1
817,20240608,20240608T02:00:00,20240608T03:00:00,NONE,-1.0,NONE,C3.6,QUIET_20240608_1,0
818,20240608,20240608T04:00:00,20240608T05:00:00,NONE,-1.0,NONE,C1.7,QUIET_20240608_2,0
819,20240608,20240608T06:00:00,20240608T07:00:00,NONE,-1.0,NONE,C3.5,QUIET_20240608_3,0
820,20240608,20240608T08:00:00,20240608T09:00:00,20240608T09:54:00,54.72,1h,M3.2,FLARE_20240608_0800_M3.2,1
821,20240608,20240608T10:00:00,20240608T11:00:00,NONE,-1.0,NONE,C3.6,QUIET_20240608_5,0
822,20240608,20240608T12:00:00,20240608T13:00:00,NONE,-1.0,NONE,C1.5,QUIET_20240608_6,0
823,20240608,20240608T14:00:00,20240608T15:00:00,NONE,-1.0,NONE,C2.3,QUIET_20240608_7,0
824,20240608,20240608T16:00:00,20240608T17:00:00,20240608T17:15:00,15.76,1h,M3.5,FLARE_20240608_1600_M3.5,1
825,20240608,20240608T18:00:00,20240608T19:00:00,NONE,-1.0,NONE,C2.0,QUIET_20240608_9,0
826,20240608,20240608T20:00:00,20240608T21:00:00,NONE,-1.0,NONE,C2.0,QUIET_20240608_10,0
827,20240608,20240608T22:00:00,20240608T23:00:00,NONE,-1.0,NONE,C3.2,QUIET_20240608_11,0
828,20240609,20240609T00:00:00,20240609T01:00:00,20240609T01:59:00,59.11,1h,M1.0,FLARE_20240609_0000_M1.0,1
829,20240609,20240609T02:00:00,20240609T03:00:00,NONE,-1.0,NONE,C2.1,QUIET_20240609_1,0
830,20240609,20240609T04:00:00,20240609T05:00:00,NONE,-1.0,NONE,C2.0,QUIET_20240609_2,0
831,20240609,20240609T06:00:00,20240609T07:00:00,NONE,-1.0,NONE,C4.1,QUIET_20240609_3,0
832,20240609,20240609T08:00:00,20240609T09:00:00,20240609T09:35:00,35.37,1h,M7.5,FLARE_20240609_0800_M7.5,1
833,20240609,20240609T10:00:00,20240609T11:00:00,NONE,-1.0,NONE,C1.7,QUIET_20240609_5,0
834,20240609,20240609T12:00:00,20240609T13:00:00,NONE,-1.0,NONE,C4.7,QUIET_20240609_6,0
835,20240609,20240609T14:00:00,20240609T15:00:00,NONE,-1.0,NONE,C3.4,QUIET_20240609_7,0
836,20240609,20240609T16:00:00,20240609T17:00:00,20240609T17:29:00,29.12,1h,M4.3,FLARE_20240609_1600_M4.3,1
837,20240609,20240609T18:00:00,20240609T19:00:00,NONE,-1.0,NONE,C1.1,QUIET_20240609_9,0
838,20240609,20240609T20:00:00,20240609T21:00:00,NONE,-1.0,NONE,C4.0,QUIET_20240609_10,0
839,20240609,20240609T22:00:00,20240609T23:00:00,NONE,-1.0,NONE,C1.0,QUIET_20240609_11,0
840,20240610,20240610T00:00:00,20240610T01:00:00,20240610T01:23:00,23.56,1h,M1.7,FLARE_20240610_0000_M1.7,1
841,20240610,20240610T02:00:00,20240610T03:00:00,NONE,-1.0,NONE,C1.0,QUIET_20240610_1,0
842,20240610,20240610T04:00:00,20240610T05:00:00,NONE,-1.0,NONE,C3.3,QUIET_20240610_2,0
843,20240610,20240610T06:00:00,20240610T07:00:00,NONE,-1.0,NONE,C1.2,QUIET_20240610_3,0
844,20240610,20240610T08:00:00,20240610T09:00:00,20240610T09:58:00,58.68,1h,M5.1,FLARE_20240610_0800_M5.1,1
845,20240610,20240610T10:00:00,20240610T11:00:00,NONE,-1.0,NONE,C4.7,QUIET_20240610_5,0
846,20240610,20240610T12:00:00,20240610T13:00:00,NONE,-1.0,NONE,C2.0,QUIET_20240610_6,0
847,20240610,20240610T14:00:00,20240610T15:00:00,NONE,-1.0,NONE,C2.2,QUIET_20240610_7,0
848,20240610,20240610T16:00:00,20240610T17:00:00,20240610T17:42:00,42.1,1h,M4.1,FLARE_20240610_1600_M4.1,1
849,20240610,20240610T18:00:00,20240610T19:00:00,NONE,-1.0,NONE,C2.0,QUIET_20240610_9,0
850,20240610,20240610T20:00:00,20240610T21:00:00,NONE,-1.0,NONE,C1.7,QUIET_20240610_10,0
851,20240610,20240610T22:00:00,20240610T23:00:00,NONE,-1.0,NONE,C4.6,QUIET_20240610_11,0
852,20240611,20240611T00:00:00,20240611T01:00:00,20240611T01:48:00,48.74,1h,M8.2,FLARE_20240611_0000_M8.2,1
853,20240611,20240611T02:00:00,20240611T03:00:00,NONE,-1.0,NONE,C1.1,QUIET_20240611_1,0
854,20240611,20240611T04:00:00,20240611T05:00:00,NONE,-1.0,NONE,C1.4,QUIET_20240611_2,0
855,20240611,20240611T06:00:00,20240611T07:00:00,NONE,-1.0,NONE,C1.1,QUIET_20240611_3,0
856,20240611,20240611T08:00:00,20240611T09:00:00,20240611T09:44:00,44.54,1h,M5.0,FLARE_20240611_0800_M5.0,1
857,20240611,20240611T10:00:00,20240611T11:00:00,NONE,-1.0,NONE,C2.5,QUIET_20240611_5,0
858,20240611,20240611T12:00:00,20240611T13:00:00,NONE,-1.0,NONE,C1.4,QUIET_20240611_6,0
859,20240611,20240611T14:00:00,20240611T15:00:00,NONE,-1.0,NONE,C1.8,QUIET_20240611_7,0
860,20240611,20240611T16:00:00,20240611T17:00:00,20240611T17:42:00,42.59,1h,M4.2,FLARE_20240611_1600_M4.2,1
861,20240611,20240611T18:00:00,20240611T19:00:00,NONE,-1.0,NONE,C4.2,QUIET_20240611_9,0
862,20240611,20240611T20:00:00,20240611T21:00:00,NONE,-1.0,NONE,C1.7,QUIET_20240611_10,0
863,20240611,20240611T22:00:00,20240611T23:00:00,NONE,-1.0,NONE,C4.7,QUIET_20240611_11,0
864,20240612,20240612T00:00:00,20240612T01:00:00,20240612T01:47:00,47.42,1h,M1.4,FLARE_20240612_0000_M1.4,1
865,20240612,20240612T02:00:00,20240612T03:00:00,NONE,-1.0,NONE,C3.4,QUIET_20240612_1,0
866,20240612,20240612T04:00:00,20240612T05:00:00,NONE,-1.0,NONE,C1.0,QUIET_20240612_2,0
867,20240612,20240612T06:00:00,20240612T07:00:00,NONE,-1.0,NONE,C1.6,QUIET_20240612_3,0
868,20240612,20240612T08:00:00,20240612T09:00:00,20240612T09:59:00,59.1,1h,M6.2,FLARE_20240612_0800_M6.2,1
869,20240612,20240612T10:00:00,20240612T11:00:00,NONE,-1.0,NONE,C3.4,QUIET_20240612_5,0
870,20240612,20240612T12:00:00,20240612T13:00:00,NONE,-1.0,NONE,C2.3,QUIET_20240612_6,0
871,20240612,20240612T14:00:00,20240612T15:00:00,NONE,-1.0,NONE,C2.5,QUIET_20240612_7,0
872,20240612,20240612T16:00:00,20240612T17:00:00,20240612T17:55:00,55.34,1h,M5.0,FLARE_20240612_1600_M5.0,1
873,20240612,20240612T18:00:00,20240612T19:00:00,NONE,-1.0,NONE,C2.0,QUIET_20240612_9,0
874,20240612,20240612T20:00:00,20240612T21:00:00,NONE,-1.0,NONE,C4.5,QUIET_20240612_10,0
875,20240612,20240612T22:00:00,20240612T23:00:00,NONE,-1.0,NONE,C4.7,QUIET_20240612_11,0
876,20240613,20240613T00:00:00,20240613T01:00:00,20240613T01:28:00,28.6,1h,M4.1,FLARE_20240613_0000_M4.1,1
877,20240613,20240613T02:00:00,20240613T03:00:00,NONE,-1.0,NONE,C2.1,QUIET_20240613_1,0
878,20240613,20240613T04:00:00,20240613T05:00:00,NONE,-1.0,NONE,C1.0,QUIET_20240613_2,0
879,20240613,20240613T06:00:00,20240613T07:00:00,NONE,-1.0,NONE,C1.8,QUIET_20240613_3,0
880,20240613,20240613T08:00:00,20240613T09:00:00,20240613T09:32:00,32.28,1h,M2.3,FLARE_20240613_0800_M2.3,1
881,20240613,20240613T10:00:00,20240613T11:00:00,NONE,-1.0,NONE,C1.5,QUIET_20240613_5,0
882,20240613,20240613T12:00:00,20240613T13:00:00,NONE,-1.0,NONE,C2.4,QUIET_20240613_6,0
883,20240613,20240613T14:00:00,20240613T15:00:00,NONE,-1.0,NONE,C2.7,QUIET_20240613_7,0
884,20240613,20240613T16:00:00,20240613T17:00:00,20240613T17:41:00,41.81,1h,M1.4,FLARE_20240613_1600_M1.4,1
885,20240613,20240613T18:00:00,20240613T19:00:00,NONE,-1.0,NONE,C2.6,QUIET_20240613_9,0
886,20240613,20240613T20:00:00,20240613T21:00:00,NONE,-1.0,NONE,C4.3,QUIET_20240613_10,0
887,20240613,20240613T22:00:00,20240613T23:00:00,NONE,-1.0,NONE,C1.2,QUIET_20240613_11,0
888,20240614,20240614T00:00:00,20240614T01:00:00,20240614T01:17:00,17.61,1h,M5.5,FLARE_20240614_0000_M5.5,1
889,20240614,20240614T02:00:00,20240614T03:00:00,NONE,-1.0,NONE,C1.0,QUIET_20240614_1,0
890,20240614,20240614T04:00:00,20240614T05:00:00,NONE,-1.0,NONE,C4.6,QUIET_20240614_2,0
891,20240614,20240614T06:00:00,20240614T07:00:00,NONE,-1.0,NONE,C1.4,QUIET_20240614_3,0
892,20240614,20240614T08:00:00,20240614T09:00:00,20240614T09:18:00,18.1,1h,M1.2,FLARE_20240614_0800_M1.2,1
893,20240614,20240614T10:00:00,20240614T11:00:00,NONE,-1.0,NONE,C1.4,QUIET_20240614_5,0
894,20240614,20240614T12:00:00,20240614T13:00:00,NONE,-1.0,NONE,C3.0,QUIET_20240614_6,0
895,20240614,20240614T14:00:00,20240614T15:00:00,NONE,-1.0,NONE,C2.3,QUIET_20240614_7,0
896,20240614,20240614T16:00:00,20240614T17:00:00,20240614T17:34:00,34.91,1h,M3.0,FLARE_20240614_1600_M3.0,1
897,20240614,20240614T18:00:00,20240614T19:00:00,NONE,-1.0,NONE,C2.8,QUIET_20240614_9,0
898,20240614,20240614T20:00:00,20240614T21:00:00,NONE,-1.0,NONE,C2.0,QUIET_20240614_10,0
899,20240614,20240614T22:00:00,20240614T23:00:00,NONE,-1.0,NONE,C2.8,QUIET_20240614_11,0
900,20240615,20240615T00:00:00,20240615T01:00:00,20240615T01:50:00,50.25,1h,M1.0,FLARE_20240615_0000_M1.0,1
901,20240615,20240615T02:00:00,20240615T03:00:00,NONE,-1.0,NONE,C1.4,QUIET_20240615_1,0
902,20240615,20240615T04:00:00,20240615T05:00:00,NONE,-1.0,NONE,C4.8,QUIET_20240615_2,0
903,20240615,20240615T06:00:00,20240615T07:00:00,NONE,-1.0,NONE,C3.8,QUIET_20240615_3,0
904,20240615,20240615T08:00:00,20240615T09:00:00,20240615T09:38:00,38.52,1h,M6.4,FLARE_20240615_0800_M6.4,1
905,20240615,20240615T10:00:00,20240615T11:00:00,NONE,-1.0,NONE,C2.2,QUIET_20240615_5,0
906,20240615,20240615T12:00:00,20240615T13:00:00,NONE,-1.0,NONE,C3.2,QUIET_20240615_6,0
907,20240615,20240615T14:00:00,20240615T15:00:00,NONE,-1.0,NONE,C4.0,QUIET_20240615_7,0
908,20240615,20240615T16:00:00,20240615T17:00:00,20240615T17:25:00,25.39,1h,M1.6,FLARE_20240615_1600_M1.6,1
909,20240615,20240615T18:00:00,20240615T19:00:00,NONE,-1.0,NONE,C3.2,QUIET_20240615_9,0
910,20240615,20240615T20:00:00,20240615T21:00:00,NONE,-1.0,NONE,C3.6,QUIET_20240615_10,0
911,20240615,20240615T22:00:00,20240615T23:00:00,NONE,-1.0,NONE,C1.5,QUIET_20240615_11,0
912,20240616,20240616T00:00:00,20240616T01:00:00,20240616T01:58:00,58.65,1h,M3.1,FLARE_20240616_0000_M3.1,1
913,20240616,20240616T02:00:00,20240616T03:00:00,NONE,-1.0,NONE,C4.5,QUIET_20240616_1,0
914,20240616,20240616T04:00:00,20240616T05:00:00,NONE,-1.0,NONE,C3.7,QUIET_20240616_2,0
915,20240616,20240616T06:00:00,20240616T07:00:00,NONE,-1.0,NONE,C1.3,QUIET_20240616_3,0
916,20240616,20240616T08:00:00,20240616T09:00:00,20240616T09:24:00,24.74,1h,M6.7,FLARE_20240616_0800_M6.7,1
917,20240616,20240616T10:00:00,20240616T11:00:00,NONE,-1.0,NONE,C2.3,QUIET_20240616_5,0
918,20240616,20240616T12:00:00,20240616T13:00:00,NONE,-1.0,NONE,C2.1,QUIET_20240616_6,0
919,20240616,20240616T14:00:00,20240616T15:00:00,NONE,-1.0,NONE,C4.0,QUIET_20240616_7,0
920,20240616,20240616T16:00:00,20240616T17:00:00,20240616T17:24:00,24.99,1h,M2.3,FLARE_20240616_1600_M2.3,1
921,20240616,20240616T18:00:00,20240616T19:00:00,NONE,-1.0,NONE,C3.0,QUIET_20240616_9,0
922,20240616,20240616T20:00:00,20240616T21:00:00,NONE,-1.0,NONE,C4.2,QUIET_20240616_10,0
923,20240616,20240616T22:00:00,20240616T23:00:00,NONE,-1.0,NONE,C4.7,QUIET_20240616_11,0
924,20240617,20240617T00:00:00,20240617T01:00:00,20240617T01:37:00,37.12,1h,M4.7,FLARE_20240617_0000_M4.7,1
925,20240617,20240617T02:00:00,20240617T03:00:00,NONE,-1.0,NONE,C3.3,QUIET_20240617_1,0
926,20240617,20240617T04:00:00,20240617T05:00:00,NONE,-1.0,NONE,C3.0,QUIET_20240617_2,0
927,20240617,20240617T06:00:00,20240617T07:00:00,NONE,-1.0,NONE,C2.0,QUIET_20240617_3,0
928,20240617,20240617T08:00:00,20240617T09:00:00,20240617T09:48:00,48.82,1h,M2.4,FLARE_20240617_0800_M2.4,1
929,20240617,20240617T10:00:00,20240617T11:00:00,NONE,-1.0,NONE,C4.3,QUIET_20240617_5,0
930,20240617,20240617T12:00:00,20240617T13:00:00,NONE,-1.0,NONE,C2.1,QUIET_20240617_6,0
931,20240617,20240617T14:00:00,20240617T15:00:00,NONE,-1.0,NONE,C4.3,QUIET_20240617_7,0
932,20240617,20240617T16:00:00,20240617T17:00:00,20240617T17:49:00,49.67,1h,M7.7,FLARE_20240617_1600_M7.7,1
933,20240617,20240617T18:00:00,20240617T19:00:00,NONE,-1.0,NONE,C4.1,QUIET_20240617_9,0
934,20240617,20240617T20:00:00,20240617T21:00:00,NONE,-1.0,NONE,C2.2,QUIET_20240617_10,0
935,20240617,20240617T22:00:00,20240617T23:00:00,NONE,-1.0,NONE,C2.1,QUIET_20240617_11,0
936,20240618,20240618T00:00:00,20240618T01:00:00,20240618T01:52:00,52.53,1h,M6.7,FLARE_20240618_0000_M6.7,1
937,20240618,20240618T02:00:00,20240618T03:00:00,NONE,-1.0,NONE,C2.4,QUIET_20240618_1,0
938,20240618,20240618T04:00:00,20240618T05:00:00,NONE,-1.0,NONE,C3.8,QUIET_20240618_2,0
939,20240618,20240618T06:00:00,20240618T07:00:00,NONE,-1.0,NONE,C3.2,QUIET_20240618_3,0
940,20240618,20240618T08:00:00,20240618T09:00:00,20240618T09:41:00,41.59,1h,M1.2,FLARE_20240618_0800_M1.2,1
941,20240618,20240618T10:00:00,20240618T11:00:00,NONE,-1.0,NONE,C2.6,QUIET_20240618_5,0
942,20240618,20240618T12:00:00,20240618T13:00:00,NONE,-1.0,NONE,C1.3,QUIET_20240618_6,0
943,20240618,20240618T14:00:00,20240618T15:00:00,NONE,-1.0,NONE,C4.0,QUIET_20240618_7,0
944,20240618,20240618T16:00:00,20240618T17:00:00,20240618T17:49:00,49.05,1h,M8.4,FLARE_20240618_1600_M8.4,1
945,20240618,20240618T18:00:00,20240618T19:00:00,NONE,-1.0,NONE,C2.3,QUIET_20240618_9,0
946,20240618,20240618T20:00:00,20240618T21:00:00,NONE,-1.0,NONE,C2.4,QUIET_20240618_10,0
947,20240618,20240618T22:00:00,20240618T23:00:00,NONE,-1.0,NONE,C3.1,QUIET_20240618_11,0
948,20240619,20240619T00:00:00,20240619T01:00:00,20240619T01:35:00,35.22,1h,M4.2,FLARE_20240619_0000_M4.2,1
949,20240619,20240619T02:00:00,20240619T03:00:00,NONE,-1.0,NONE,C3.5,QUIET_20240619_1,0
950,20240619,20240619T04:00:00,20240619T05:00:00,NONE,-1.0,NONE,C1.8,QUIET_20240619_2,0
951,20240619,20240619T06:00:00,20240619T07:00:00,NONE,-1.0,NONE,C2.2,QUIET_20240619_3,0
952,20240619,20240619T08:00:00,20240619T09:00:00,20240619T09:47:00,47.26,1h,M7.4,FLARE_20240619_0800_M7.4,1
953,20240619,20240619T10:00:00,20240619T11:00:00,NONE,-1.0,NONE,C4.5,QUIET_20240619_5,0
954,20240619,20240619T12:00:00,20240619T13:00:00,NONE,-1.0,NONE,C1.3,QUIET_20240619_6,0
955,20240619,20240619T14:00:00,20240619T15:00:00,NONE,-1.0,NONE,C1.0,QUIET_20240619_7,0
956,20240619,20240619T16:00:00,20240619T17:00:00,20240619T17:42:00,42.36,1h,M4.2,FLARE_20240619_1600_M4.2,1
957,20240619,20240619T18:00:00,20240619T19:00:00,NONE,-1.0,NONE,C3.0,QUIET_20240619_9,0
958,20240619,20240619T20:00:00,20240619T21:00:00,NONE,-1.0,NONE,C1.5,QUIET_20240619_10,0
959,20240619,20240619T22:00:00,20240619T23:00:00,NONE,-1.0,NONE,C3.1,QUIET_20240619_11,0
960,20240620,20240620T00:00:00,20240620T01:00:00,20240620T01:52:00,52.17,1h,M8.2,FLARE_20240620_0000_M8.2,1
961,20240620,20240620T02:00:00,20240620T03:00:00,NONE,-1.0,NONE,C2.6,QUIET_20240620_1,0
962,20240620,20240620T04:00:00,20240620T05:00:00,NONE,-1.0,NONE,C1.3,QUIET_20240620_2,0
963,20240620,20240620T06:00:00,20240620T07:00:00,NONE,-1.0,NONE,C3.6,QUIET_20240620_3,0
964,20240620,20240620T08:00:00,20240620T09:00:00,20240620T09:54:00,54.68,1h,M2.0,FLARE_20240620_0800_M2.0,1
965,20240620,20240620T10:00:00,20240620T11:00:00,NONE,-1.0,NONE,C4.2,QUIET_20240620_5,0
966,20240620,20240620T12:00:00,20240620T13:00:00,NONE,-1.0,NONE,C2.0,QUIET_20240620_6,0
967,20240620,20240620T14:00:00,20240620T15:00:00,NONE,-1.0,NONE,C1.2,QUIET_20240620_7,0
968,20240620,20240620T16:00:00,20240620T17:00:00,20240620T17:23:00,23.98,1h,M4.7,FLARE_20240620_1600_M4.7,1
969,20240620,20240620T18:00:00,20240620T19:00:00,NONE,-1.0,NONE,C3.4,QUIET_20240620_9,0
970,20240620,20240620T20:00:00,20240620T21:00:00,NONE,-1.0,NONE,C3.1,QUIET_20240620_10,0
971,20240620,20240620T22:00:00,20240620T23:00:00,NONE,-1.0,NONE,C2.2,QUIET_20240620_11,0
972,20240621,20240621T00:00:00,20240621T01:00:00,20240621T01:16:00,16.45,1h,M3.4,FLARE_20240621_0000_M3.4,1
973,20240621,20240621T02:00:00,20240621T03:00:00,NONE,-1.0,NONE,C1.2,QUIET_20240621_1,0
974,20240621,20240621T04:00:00,20240621T05:00:00,NONE,-1.0,NONE,C4.2,QUIET_20240621_2,0
975,20240621,20240621T06:00:00,20240621T07:00:00,NONE,-1.0,NONE,C1.7,QUIET_20240621_3,0
976,20240621,20240621T08:00:00,20240621T09:00:00,20240621T09:34:00,34.44,1h,M4.4,FLARE_20240621_0800_M4.4,1
977,20240621,20240621T10:00:00,20240621T11:00:00,NONE,-1.0,NONE,C4.5,QUIET_20240621_5,0
978,20240621,20240621T12:00:00,20240621T13:00:00,NONE,-1.0,NONE,C4.6,QUIET_20240621_6,0
979,20240621,20240621T14:00:00,20240621T15:00:00,NONE,-1.0,NONE,C2.0,QUIET_20240621_7,0
980,20240621,20240621T16:00:00,20240621T17:00:00,20240621T17:25:00,25.99,1h,M4.0,FLARE_20240621_1600_M4.0,1
981,20240621,20240621T18:00:00,20240621T19:00:00,NONE,-1.0,NONE,C2.0,QUIET_20240621_9,0
982,20240621,20240621T20:00:00,20240621T21:00:00,NONE,-1.0,NONE,C4.1,QUIET_20240621_10,0
983,20240621,20240621T22:00:00,20240621T23:00:00,NONE,-1.0,NONE,C4.8,QUIET_20240621_11,0
984,20240622,20240622T00:00:00,20240622T01:00:00,20240622T01:39:00,39.91,1h,M8.8,FLARE_20240622_0000_M8.8,1
985,20240622,20240622T02:00:00,20240622T03:00:00,NONE,-1.0,NONE,C2.2,QUIET_20240622_1,0
986,20240622,20240622T04:00:00,20240622T05:00:00,NONE,-1.0,NONE,C4.3,QUIET_20240622_2,0
987,20240622,20240622T06:00:00,20240622T07:00:00,NONE,-1.0,NONE,C3.0,QUIET_20240622_3,0
988,20240622,20240622T08:00:00,20240622T09:00:00,20240622T09:19:00,19.54,1h,M2.8,FLARE_20240622_0800_M2.8,1
989,20240622,20240622T10:00:00,20240622T11:00:00,NONE,-1.0,NONE,C4.0,QUIET_20240622_5,0
990,20240622,20240622T12:00:00,20240622T13:00:00,NONE,-1.0,NONE,C2.2,QUIET_20240622_6,0
991,20240622,20240622T14:00:00,20240622T15:00:00,NONE,-1.0,NONE,C4.5,QUIET_20240622_7,0
992,20240622,20240622T16:00:00,20240622T17:00:00,20240622T17:16:00,16.77,1h,M8.6,FLARE_20240622_1600_M8.6,1
993,20240622,20240622T18:00:00,20240622T19:00:00,NONE,-1.0,NONE,C1.5,QUIET_20240622_9,0
994,20240622,20240622T20:00:00,20240622T21:00:00,NONE,-1.0,NONE,C1.7,QUIET_20240622_10,0
995,20240622,20240622T22:00:00,20240622T23:00:00,NONE,-1.0,NONE,C1.0,QUIET_20240622_11,0
996,20240623,20240623T00:00:00,20240623T01:00:00,20240623T01:21:00,21.57,1h,M5.1,FLARE_20240623_0000_M5.1,1
997,20240623,20240623T02:00:00,20240623T03:00:00,NONE,-1.0,NONE,C1.8,QUIET_20240623_1,0
998,20240623,20240623T04:00:00,20240623T05:00:00,NONE,-1.0,NONE,C3.2,QUIET_20240623_2,0
999,20240623,20240623T06:00:00,20240623T07:00:00,NONE,-1.0,NONE,C3.8,QUIET_20240623_3,0
1000,20240623,20240623T08:00:00,20240623T09:00:00,20240623T09:34:00,34.4,1h,M2.1,FLARE_20240623_0800_M2.1,1
1001,20240623,20240623T10:00:00,20240623T11:00:00,NONE,-1.0,NONE,C3.7,QUIET_20240623_5,0
1002,20240623,20240623T12:00:00,20240623T13:00:00,NONE,-1.0,NONE,C2.0,QUIET_20240623_6,0
1003,20240623,20240623T14:00:00,20240623T15:00:00,NONE,-1.0,NONE,C3.1,QUIET_20240623_7,0
1004,20240623,20240623T16:00:00,20240623T17:00:00,20240623T17:49:00,49.71,1h,M8.8,FLARE_20240623_1600_M8.8,1
1005,20240623,20240623T18:00:00,20240623T19:00:00,NONE,-1.0,NONE,C4.6,QUIET_20240623_9,0
1006,20240623,20240623T20:00:00,20240623T21:00:00,NONE,-1.0,NONE,C1.3,QUIET_20240623_10,0
1007,20240623,20240623T22:00:00,20240623T23:00:00,NONE,-1.0,NONE,C3.1,QUIET_20240623_11,0
1008,20240624,20240624T00:00:00,20240624T01:00:00,20240624T01:46:00,46.11,1h,M6.0,FLARE_20240624_0000_M6.0,1
1009,20240624,20240624T02:00:00,20240624T03:00:00,NONE,-1.0,NONE,C3.8,QUIET_20240624_1,0
1010,20240624,20240624T04:00:00,20240624T05:00:00,NONE,-1.0,NONE,C2.0,QUIET_20240624_2,0
1011,20240624,20240624T06:00:00,20240624T07:00:00,NONE,-1.0,NONE,C4.7,QUIET_20240624_3,0
1012,20240624,20240624T08:00:00,20240624T09:00:00,20240624T09:29:00,29.04,1h,M2.2,FLARE_20240624_0800_M2.2,1
1013,20240624,20240624T10:00:00,20240624T11:00:00,NONE,-1.0,NONE,C1.0,QUIET_20240624_5,0
1014,20240624,20240624T12:00:00,20240624T13:00:00,NONE,-1.0,NONE,C2.1,QUIET_20240624_6,0
1015,20240624,20240624T14:00:00,20240624T15:00:00,NONE,-1.0,NONE,C4.3,QUIET_20240624_7,0
1016,20240624,20240624T16:00:00,20240624T17:00:00,20240624T17:46:00,46.73,1h,M2.8,FLARE_20240624_1600_M2.8,1
1017,20240624,20240624T18:00:00,20240624T19:00:00,NONE,-1.0,NONE,C1.5,QUIET_20240624_9,0
1018,20240624,20240624T20:00:00,20240624T21:00:00,NONE,-1.0,NONE,C1.6,QUIET_20240624_10,0
1019,20240624,20240624T22:00:00,20240624T23:00:00,NONE,-1.0,NONE,C3.3,QUIET_20240624_11,0
1020,20240625,20240625T00:00:00,20240625T01:00:00,20240625T01:17:00,17.85,1h,M3.5,FLARE_20240625_0000_M3.5,1
1021,20240625,20240625T02:00:00,20240625T03:00:00,NONE,-1.0,NONE,C4.2,QUIET_20240625_1,0
1022,20240625,20240625T04:00:00,20240625T05:00:00,NONE,-1.0,NONE,C2.7,QUIET_20240625_2,0
1023,20240625,20240625T06:00:00,20240625T07:00:00,NONE,-1.0,NONE,C2.5,QUIET_20240625_3,0
1024,20240625,20240625T08:00:00,20240625T09:00:00,20240625T09:21:00,21.51,1h,M5.0,FLARE_20240625_0800_M5.0,1
1025,20240625,20240625T10:00:00,20240625T11:00:00,NONE,-1.0,NONE,C1.2,QUIET_20240625_5,0
1026,20240625,20240625T12:00:00,20240625T13:00:00,NONE,-1.0,NONE,C2.7,QUIET_20240625_6,0
1027,20240625,20240625T14:00:00,20240625T15:00:00,NONE,-1.0,NONE,C4.7,QUIET_20240625_7,0
1028,20240625,20240625T16:00:00,20240625T17:00:00,20240625T17:48:00,48.11,1h,M3.4,FLARE_20240625_1600_M3.4,1
1029,20240625,20240625T18:00:00,20240625T19:00:00,NONE,-1.0,NONE,C4.0,QUIET_20240625_9,0
1030,20240625,20240625T20:00:00,20240625T21:00:00,NONE,-1.0,NONE,C4.7,QUIET_20240625_10,0
1031,20240625,20240625T22:00:00,20240625T23:00:00,NONE,-1.0,NONE,C2.7,QUIET_20240625_11,0
1032,20240626,20240626T00:00:00,20240626T01:00:00,20240626T01:58:00,58.81,1h,M4.1,FLARE_20240626_0000_M4.1,1
1033,20240626,20240626T02:00:00,20240626T03:00:00,NONE,-1.0,NONE,C3.6,QUIET_20240626_1,0
1034,20240626,20240626T04:00:00,20240626T05:00:00,NONE,-1.0,NONE,C4.5,QUIET_20240626_2,0
1035,20240626,20240626T06:00:00,20240626T07:00:00,NONE,-1.0,NONE,C2.3,QUIET_20240626_3,0
1036,20240626,20240626T08:00:00,20240626T09:00:00,20240626T09:59:00,59.65,1h,M6.7,FLARE_20240626_0800_M6.7,1
1037,20240626,20240626T10:00:00,20240626T11:00:00,NONE,-1.0,NONE,C4.7,QUIET_20240626_5,0
1038,20240626,20240626T12:00:00,20240626T13:00:00,NONE,-1.0,NONE,C1.5,QUIET_20240626_6,0
1039,20240626,20240626T14:00:00,20240626T15:00:00,NONE,-1.0,NONE,C2.3,QUIET_20240626_7,0
1040,20240626,20240626T16:00:00,20240626T17:00:00,20240626T17:52:00,52.16,1h,M7.7,FLARE_20240626_1600_M7.7,1
1041,20240626,20240626T18:00:00,20240626T19:00:00,NONE,-1.0,NONE,C2.7,QUIET_20240626_9,0
1042,20240626,20240626T20:00:00,20240626T21:00:00,NONE,-1.0,NONE,C1.8,QUIET_20240626_10,0
1043,20240626,20240626T22:00:00,20240626T23:00:00,NONE,-1.0,NONE,C2.1,QUIET_20240626_11,0
1044,20240627,20240627T00:00:00,20240627T01:00:00,20240627T01:38:00,38.01,1h,M8.8,FLARE_20240627_0000_M8.8,1
1045,20240627,20240627T02:00:00,20240627T03:00:00,NONE,-1.0,NONE,C4.8,QUIET_20240627_1,0
1046,20240627,20240627T04:00:00,20240627T05:00:00,NONE,-1.0,NONE,C2.3,QUIET_20240627_2,0
1047,20240627,20240627T06:00:00,20240627T07:00:00,NONE,-1.0,NONE,C2.3,QUIET_20240627_3,0
1048,20240627,20240627T08:00:00,20240627T09:00:00,20240627T09:26:00,26.03,1h,M8.3,FLARE_20240627_0800_M8.3,1
1049,20240627,20240627T10:00:00,20240627T11:00:00,NONE,-1.0,NONE,C4.4,QUIET_20240627_5,0
1050,20240627,20240627T12:00:00,20240627T13:00:00,NONE,-1.0,NONE,C3.8,QUIET_20240627_6,0
1051,20240627,20240627T14:00:00,20240627T15:00:00,NONE,-1.0,NONE,C3.6,QUIET_20240627_7,0
1052,20240627,20240627T16:00:00,20240627T17:00:00,20240627T17:54:00,54.71,1h,M5.0,FLARE_20240627_1600_M5.0,1
1053,20240627,20240627T18:00:00,20240627T19:00:00,NONE,-1.0,NONE,C2.1,QUIET_20240627_9,0
1054,20240627,20240627T20:00:00,20240627T21:00:00,NONE,-1.0,NONE,C3.0,QUIET_20240627_10,0
1055,20240627,20240627T22:00:00,20240627T23:00:00,NONE,-1.0,NONE,C4.4,QUIET_20240627_11,0
1056,20240628,20240628T00:00:00,20240628T01:00:00,20240628T01:21:00,21.43,1h,M1.0,FLARE_20240628_0000_M1.0,1
1057,20240628,20240628T02:00:00,20240628T03:00:00,NONE,-1.0,NONE,C4.4,QUIET_20240628_1,0
1058,20240628,20240628T04:00:00,20240628T05:00:00,NONE,-1.0,NONE,C4.7,QUIET_20240628_2,0
1059,20240628,20240628T06:00:00,20240628T07:00:00,NONE,-1.0,NONE,C2.2,QUIET_20240628_3,0
1060,20240628,20240628T08:00:00,20240628T09:00:00,20240628T09:25:00,25.28,1h,M6.8,FLARE_20240628_0800_M6.8,1
1061,20240628,20240628T10:00:00,20240628T11:00:00,NONE,-1.0,NONE,C1.2,QUIET_20240628_5,0
1062,20240628,20240628T12:00:00,20240628T13:00:00,NONE,-1.0,NONE,C2.4,QUIET_20240628_6,0
1063,20240628,20240628T14:00:00,20240628T15:00:00,NONE,-1.0,NONE,C4.8,QUIET_20240628_7,0
1064,20240628,20240628T16:00:00,20240628T17:00:00,20240628T17:51:00,51.98,1h,M3.2,FLARE_20240628_1600_M3.2,1
1065,20240628,20240628T18:00:00,20240628T19:00:00,NONE,-1.0,NONE,C3.2,QUIET_20240628_9,0
1066,20240628,20240628T20:00:00,20240628T21:00:00,NONE,-1.0,NONE,C3.8,QUIET_20240628_10,0
1067,20240628,20240628T22:00:00,20240628T23:00:00,NONE,-1.0,NONE,C1.3,QUIET_20240628_11,0
1068,20240629,20240629T00:00:00,20240629T01:00:00,20240629T01:47:00,47.16,1h,M7.5,FLARE_20240629_0000_M7.5,1
1069,20240629,20240629T02:00:00,20240629T03:00:00,NONE,-1.0,NONE,C4.3,QUIET_20240629_1,0
1070,20240629,20240629T04:00:00,20240629T05:00:00,NONE,-1.0,NONE,C3.3,QUIET_20240629_2,0
1071,20240629,20240629T06:00:00,20240629T07:00:00,NONE,-1.0,NONE,C3.2,QUIET_20240629_3,0
1072,20240629,20240629T08:00:00,20240629T09:00:00,20240629T09:54:00,54.33,1h,M7.4,FLARE_20240629_0800_M7.4,1
1073,20240629,20240629T10:00:00,20240629T11:00:00,NONE,-1.0,NONE,C2.3,QUIET_20240629_5,0
1074,20240629,20240629T12:00:00,20240629T13:00:00,NONE,-1.0,NONE,C4.1,QUIET_20240629_6,0
1075,20240629,20240629T14:00:00,20240629T15:00:00,NONE,-1.0,NONE,C3.7,QUIET_20240629_7,0
1076,20240629,20240629T16:00:00,20240629T17:00:00,20240629T17:18:00,18.91,1h,M5.0,FLARE_20240629_1600_M5.0,1
1077,20240629,20240629T18:00:00,20240629T19:00:00,NONE,-1.0,NONE,C3.0,QUIET_20240629_9,0
1078,20240629,20240629T20:00:00,20240629T21:00:00,NONE,-1.0,NONE,C4.6,QUIET_20240629_10,0
1079,20240629,20240629T22:00:00,20240629T23:00:00,NONE,-1.0,NONE,C1.2,QUIET_20240629_11,0
1080,20240630,20240630T00:00:00,20240630T01:00:00,20240630T01:56:00,56.21,1h,M7.4,FLARE_20240630_0000_M7.4,1
1081,20240630,20240630T02:00:00,20240630T03:00:00,NONE,-1.0,NONE,C2.8,QUIET_20240630_1,0
1082,20240630,20240630T04:00:00,20240630T05:00:00,NONE,-1.0,NONE,C2.8,QUIET_20240630_2,0
1083,20240630,20240630T06:00:00,20240630T07:00:00,NONE,-1.0,NONE,C1.7,QUIET_20240630_3,0
1084,20240630,20240630T08:00:00,20240630T09:00:00,20240630T09:28:00,28.65,1h,M1.3,FLARE_20240630_0800_M1.3,1
1085,20240630,20240630T10:00:00,20240630T11:00:00,NONE,-1.0,NONE,C3.7,QUIET_20240630_5,0
1086,20240630,20240630T12:00:00,20240630T13:00:00,NONE,-1.0,NONE,C2.6,QUIET_20240630_6,0
1087,20240630,20240630T14:00:00,20240630T15:00:00,NONE,-1.0,NONE,C4.6,QUIET_20240630_7,0
1088,20240630,20240630T16:00:00,20240630T17:00:00,20240630T17:57:00,57.53,1h,M1.0,FLARE_20240630_1600_M1.0,1
1089,20240630,20240630T18:00:00,20240630T19:00:00,NONE,-1.0,NONE,C2.8,QUIET_20240630_9,0
1090,20240630,20240630T20:00:00,20240630T21:00:00,NONE,-1.0,NONE,C2.3,QUIET_20240630_10,0
1091,20240630,20240630T22:00:00,20240630T23:00:00,NONE,-1.0,NONE,C1.2,QUIET_20240630_11,0
1092,20240701,20240701T00:00:00,20240701T01:00:00,20240701T01:51:00,51.69,1h,M5.3,FLARE_20240701_0000_M5.3,1
1093,20240701,20240701T02:00:00,20240701T03:00:00,NONE,-1.0,NONE,C3.4,QUIET_20240701_1,0
1094,20240701,20240701T04:00:00,20240701T05:00:00,NONE,-1.0,NONE,C4.1,QUIET_20240701_2,0
1095,20240701,20240701T06:00:00,20240701T07:00:00,NONE,-1.0,NONE,C2.3,QUIET_20240701_3,0
1096,20240701,20240701T08:00:00,20240701T09:00:00,20240701T09:19:00,19.54,1h,M4.4,FLARE_20240701_0800_M4.4,1
1097,20240701,20240701T10:00:00,20240701T11:00:00,NONE,-1.0,NONE,C1.6,QUIET_20240701_5,0
1098,20240701,20240701T12:00:00,20240701T13:00:00,NONE,-1.0,NONE,C2.5,QUIET_20240701_6,0
1099,20240701,20240701T14:00:00,20240701T15:00:00,NONE,-1.0,NONE,C2.7,QUIET_20240701_7,0
1100,20240701,20240701T16:00:00,20240701T17:00:00,20240701T17:32:00,32.59,1h,M8.0,FLARE_20240701_1600_M8.0,1
1101,20240701,20240701T18:00:00,20240701T19:00:00,NONE,-1.0,NONE,C3.3,QUIET_20240701_9,0
1102,20240701,20240701T20:00:00,20240701T21:00:00,NONE,-1.0,NONE,C2.6,QUIET_20240701_10,0
1103,20240701,20240701T22:00:00,20240701T23:00:00,NONE,-1.0,NONE,C2.4,QUIET_20240701_11,0
1104,20240702,20240702T00:00:00,20240702T01:00:00,20240702T01:22:00,22.62,1h,M8.8,FLARE_20240702_0000_M8.8,1
1105,20240702,20240702T02:00:00,20240702T03:00:00,NONE,-1.0,NONE,C1.6,QUIET_20240702_1,0
1106,20240702,20240702T04:00:00,20240702T05:00:00,NONE,-1.0,NONE,C3.2,QUIET_20240702_2,0
1107,20240702,20240702T06:00:00,20240702T07:00:00,NONE,-1.0,NONE,C3.2,QUIET_20240702_3,0
1108,20240702,20240702T08:00:00,20240702T09:00:00,20240702T09:52:00,52.33,1h,M1.5,FLARE_20240702_0800_M1.5,1
1109,20240702,20240702T10:00:00,20240702T11:00:00,NONE,-1.0,NONE,C4.6,QUIET_20240702_5,0
1110,20240702,20240702T12:00:00,20240702T13:00:00,NONE,-1.0,NONE,C4.6,QUIET_20240702_6,0
1111,20240702,20240702T14:00:00,20240702T15:00:00,NONE,-1.0,NONE,C4.0,QUIET_20240702_7,0
1112,20240702,20240702T16:00:00,20240702T17:00:00,20240702T17:23:00,23.77,1h,M6.1,FLARE_20240702_1600_M6.1,1
1113,20240702,20240702T18:00:00,20240702T19:00:00,NONE,-1.0,NONE,C2.6,QUIET_20240702_9,0
1114,20240702,20240702T20:00:00,20240702T21:00:00,NONE,-1.0,NONE,C3.7,QUIET_20240702_10,0
1115,20240702,20240702T22:00:00,20240702T23:00:00,NONE,-1.0,NONE,C3.5,QUIET_20240702_11,0
1116,20240703,20240703T00:00:00,20240703T01:00:00,20240703T01:25:00,25.27,1h,M6.4,FLARE_20240703_0000_M6.4,1
1117,20240703,20240703T02:00:00,20240703T03:00:00,NONE,-1.0,NONE,C1.0,QUIET_20240703_1,0
1118,20240703,20240703T04:00:00,20240703T05:00:00,NONE,-1.0,NONE,C2.5,QUIET_20240703_2,0
1119,20240703,20240703T06:00:00,20240703T07:00:00,NONE,-1.0,NONE,C2.0,QUIET_20240703_3,0
1120,20240703,20240703T08:00:00,20240703T09:00:00,20240703T09:25:00,25.22,1h,M6.2,FLARE_20240703_0800_M6.2,1
1121,20240703,20240703T10:00:00,20240703T11:00:00,NONE,-1.0,NONE,C2.0,QUIET_20240703_5,0
1122,20240703,20240703T12:00:00,20240703T13:00:00,NONE,-1.0,NONE,C4.1,QUIET_20240703_6,0
1123,20240703,20240703T14:00:00,20240703T15:00:00,NONE,-1.0,NONE,C3.5,QUIET_20240703_7,0
1124,20240703,20240703T16:00:00,20240703T17:00:00,20240703T17:29:00,29.41,1h,M3.1,FLARE_20240703_1600_M3.1,1
1125,20240703,20240703T18:00:00,20240703T19:00:00,NONE,-1.0,NONE,C3.7,QUIET_20240703_9,0
1126,20240703,20240703T20:00:00,20240703T21:00:00,NONE,-1.0,NONE,C2.5,QUIET_20240703_10,0
1127,20240703,20240703T22:00:00,20240703T23:00:00,NONE,-1.0,NONE,C4.2,QUIET_20240703_11,0
1128,20240704,20240704T00:00:00,20240704T01:00:00,20240704T01:25:00,25.35,1h,M4.0,FLARE_20240704_0000_M4.0,1
1129,20240704,20240704T02:00:00,20240704T03:00:00,NONE,-1.0,NONE,C4.1,QUIET_20240704_1,0
1130,20240704,20240704T04:00:00,20240704T05:00:00,NONE,-1.0,NONE,C2.2,QUIET_20240704_2,0
1131,20240704,20240704T06:00:00,20240704T07:00:00,NONE,-1.0,NONE,C4.6,QUIET_20240704_3,0
1132,20240704,20240704T08:00:00,20240704T09:00:00,20240704T09:47:00,47.57,1h,M2.5,FLARE_20240704_0800_M2.5,1
1133,20240704,20240704T10:00:00,20240704T11:00:00,NONE,-1.0,NONE,C2.7,QUIET_20240704_5,0
1134,20240704,20240704T12:00:00,20240704T13:00:00,NONE,-1.0,NONE,C1.6,QUIET_20240704_6,0
1135,20240704,20240704T14:00:00,20240704T15:00:00,NONE,-1.0,NONE,C3.1,QUIET_20240704_7,0
1136,20240704,20240704T16:00:00,20240704T17:00:00,20240704T17:37:00,37.1,1h,M4.2,FLARE_20240704_1600_M4.2,1
1137,20240704,20240704T18:00:00,20240704T19:00:00,NONE,-1.0,NONE,C2.2,QUIET_20240704_9,0
1138,20240704,20240704T20:00:00,20240704T21:00:00,NONE,-1.0,NONE,C2.7,QUIET_20240704_10,0
1139,20240704,20240704T22:00:00,20240704T23:00:00,NONE,-1.0,NONE,C3.0,QUIET_20240704_11,0
1140,20240705,20240705T00:00:00,20240705T01:00:00,20240705T01:32:00,32.14,1h,M8.8,FLARE_20240705_0000_M8.8,1
1141,20240705,20240705T02:00:00,20240705T03:00:00,NONE,-1.0,NONE,C4.4,QUIET_20240705_1,0
1142,20240705,20240705T04:00:00,20240705T05:00:00,NONE,-1.0,NONE,C1.2,QUIET_20240705_2,0
1143,20240705,20240705T06:00:00,20240705T07:00:00,NONE,-1.0,NONE,C3.8,QUIET_20240705_3,0
1144,20240705,20240705T08:00:00,20240705T09:00:00,20240705T09:44:00,44.69,1h,M3.8,FLARE_20240705_0800_M3.8,1
1145,20240705,20240705T10:00:00,20240705T11:00:00,NONE,-1.0,NONE,C3.2,QUIET_20240705_5,0
1146,20240705,20240705T12:00:00,20240705T13:00:00,NONE,-1.0,NONE,C1.7,QUIET_20240705_6,0
1147,20240705,20240705T14:00:00,20240705T15:00:00,NONE,-1.0,NONE,C3.2,QUIET_20240705_7,0
1148,20240705,20240705T16:00:00,20240705T17:00:00,20240705T17:15:00,15.07,1h,M2.3,FLARE_20240705_1600_M2.3,1
1149,20240705,20240705T18:00:00,20240705T19:00:00,NONE,-1.0,NONE,C3.8,QUIET_20240705_9,0
1150,20240705,20240705T20:00:00,20240705T21:00:00,NONE,-1.0,NONE,C4.0,QUIET_20240705_10,0
1151,20240705,20240705T22:00:00,20240705T23:00:00,NONE,-1.0,NONE,C3.1,QUIET_20240705_11,0
1152,20240706,20240706T00:00:00,20240706T01:00:00,20240706T01:18:00,18.14,1h,M5.1,FLARE_20240706_0000_M5.1,1
1153,20240706,20240706T02:00:00,20240706T03:00:00,NONE,-1.0,NONE,C3.6,QUIET_20240706_1,0
1154,20240706,20240706T04:00:00,20240706T05:00:00,NONE,-1.0,NONE,C3.7,QUIET_20240706_2,0
1155,20240706,20240706T06:00:00,20240706T07:00:00,NONE,-1.0,NONE,C4.6,QUIET_20240706_3,0
1156,20240706,20240706T08:00:00,20240706T09:00:00,20240706T09:19:00,19.99,1h,M4.4,FLARE_20240706_0800_M4.4,1
1157,20240706,20240706T10:00:00,20240706T11:00:00,NONE,-1.0,NONE,C1.1,QUIET_20240706_5,0
1158,20240706,20240706T12:00:00,20240706T13:00:00,NONE,-1.0,NONE,C3.8,QUIET_20240706_6,0
1159,20240706,20240706T14:00:00,20240706T15:00:00,NONE,-1.0,NONE,C1.3,QUIET_20240706_7,0
1160,20240706,20240706T16:00:00,20240706T17:00:00,20240706T17:22:00,22.86,1h,M6.1,FLARE_20240706_1600_M6.1,1
1161,20240706,20240706T18:00:00,20240706T19:00:00,NONE,-1.0,NONE,C1.5,QUIET_20240706_9,0
1162,20240706,20240706T20:00:00,20240706T21:00:00,NONE,-1.0,NONE,C3.0,QUIET_20240706_10,0
1163,20240706,20240706T22:00:00,20240706T23:00:00,NONE,-1.0,NONE,C2.4,QUIET_20240706_11,0
1164,20240707,20240707T00:00:00,20240707T01:00:00,20240707T01:27:00,27.33,1h,M1.6,FLARE_20240707_0000_M1.6,1
1165,20240707,20240707T02:00:00,20240707T03:00:00,NONE,-1.0,NONE,C4.3,QUIET_20240707_1,0
1166,20240707,20240707T04:00:00,20240707T05:00:00,NONE,-1.0,NONE,C1.6,QUIET_20240707_2,0
1167,20240707,20240707T06:00:00,20240707T07:00:00,NONE,-1.0,NONE,C3.7,QUIET_20240707_3,0
1168,20240707,20240707T08:00:00,20240707T09:00:00,20240707T09:44:00,44.32,1h,M5.6,FLARE_20240707_0800_M5.6,1
1169,20240707,20240707T10:00:00,20240707T11:00:00,NONE,-1.0,NONE,C3.4,QUIET_20240707_5,0
1170,20240707,20240707T12:00:00,20240707T13:00:00,NONE,-1.0,NONE,C3.1,QUIET_20240707_6,0
1171,20240707,20240707T14:00:00,20240707T15:00:00,NONE,-1.0,NONE,C2.2,QUIET_20240707_7,0
1172,20240707,20240707T16:00:00,20240707T17:00:00,20240707T17:39:00,39.15,1h,M5.1,FLARE_20240707_1600_M5.1,1
1173,20240707,20240707T18:00:00,20240707T19:00:00,NONE,-1.0,NONE,C4.3,QUIET_20240707_9,0
1174,20240707,20240707T20:00:00,20240707T21:00:00,NONE,-1.0,NONE,C4.7,QUIET_20240707_10,0
1175,20240707,20240707T22:00:00,20240707T23:00:00,NONE,-1.0,NONE,C1.8,QUIET_20240707_11,0
1176,20240708,20240708T00:00:00,20240708T01:00:00,20240708T01:42:00,42.45,1h,M1.4,FLARE_20240708_0000_M1.4,1
1177,20240708,20240708T02:00:00,20240708T03:00:00,NONE,-1.0,NONE,C1.2,QUIET_20240708_1,0
1178,20240708,20240708T04:00:00,20240708T05:00:00,NONE,-1.0,NONE,C3.1,QUIET_20240708_2,0
1179,20240708,20240708T06:00:00,20240708T07:00:00,NONE,-1.0,NONE,C3.1,QUIET_20240708_3,0
1180,20240708,20240708T08:00:00,20240708T09:00:00,20240708T09:29:00,29.47,1h,M1.7,FLARE_20240708_0800_M1.7,1
1181,20240708,20240708T10:00:00,20240708T11:00:00,NONE,-1.0,NONE,C2.0,QUIET_20240708_5,0
1182,20240708,20240708T12:00:00,20240708T13:00:00,NONE,-1.0,NONE,C4.1,QUIET_20240708_6,0
1183,20240708,20240708T14:00:00,20240708T15:00:00,NONE,-1.0,NONE,C3.2,QUIET_20240708_7,0
1184,20240708,20240708T16:00:00,20240708T17:00:00,20240708T17:19:00,19.55,1h,M3.3,FLARE_20240708_1600_M3.3,1
1185,20240708,20240708T18:00:00,20240708T19:00:00,NONE,-1.0,NONE,C4.2,QUIET_20240708_9,0
1186,20240708,20240708T20:00:00,20240708T21:00:00,NONE,-1.0,NONE,C3.3,QUIET_20240708_10,0
1187,20240708,20240708T22:00:00,20240708T23:00:00,NONE,-1.0,NONE,C2.6,QUIET_20240708_11,0
1188,20240709,20240709T00:00:00,20240709T01:00:00,20240709T01:54:00,54.19,1h,M4.1,FLARE_20240709_0000_M4.1,1
1189,20240709,20240709T02:00:00,20240709T03:00:00,NONE,-1.0,NONE,C2.4,QUIET_20240709_1,0
1190,20240709,20240709T04:00:00,20240709T05:00:00,NONE,-1.0,NONE,C3.4,QUIET_20240709_2,0
1191,20240709,20240709T06:00:00,20240709T07:00:00,NONE,-1.0,NONE,C3.5,QUIET_20240709_3,0
1192,20240709,20240709T08:00:00,20240709T09:00:00,20240709T09:47:00,47.74,1h,M4.5,FLARE_20240709_0800_M4.5,1
1193,20240709,20240709T10:00:00,20240709T11:00:00,NONE,-1.0,NONE,C2.6,QUIET_20240709_5,0
1194,20240709,20240709T12:00:00,20240709T13:00:00,NONE,-1.0,NONE,C2.3,QUIET_20240709_6,0
1195,20240709,20240709T14:00:00,20240709T15:00:00,NONE,-1.0,NONE,C4.5,QUIET_20240709_7,0
1196,20240709,20240709T16:00:00,20240709T17:00:00,20240709T17:46:00,46.85,1h,M8.4,FLARE_20240709_1600_M8.4,1
1197,20240709,20240709T18:00:00,20240709T19:00:00,NONE,-1.0,NONE,C1.6,QUIET_20240709_9,0
1198,20240709,20240709T20:00:00,20240709T21:00:00,NONE,-1.0,NONE,C4.8,QUIET_20240709_10,0
1199,20240709,20240709T22:00:00,20240709T23:00:00,NONE,-1.0,NONE,C3.7,QUIET_20240709_11,0
1200,20240710,20240710T00:00:00,20240710T01:00:00,20240710T01:39:00,39.13,1h,M7.4,FLARE_20240710_0000_M7.4,1
1201,20240710,20240710T02:00:00,20240710T03:00:00,NONE,-1.0,NONE,C1.1,QUIET_20240710_1,0
1202,20240710,20240710T04:00:00,20240710T05:00:00,NONE,-1.0,NONE,C4.4,QUIET_20240710_2,0
1203,20240710,20240710T06:00:00,20240710T07:00:00,NONE,-1.0,NONE,C2.0,QUIET_20240710_3,0
1204,20240710,20240710T08:00:00,20240710T09:00:00,20240710T09:39:00,39.38,1h,M7.8,FLARE_20240710_0800_M7.8,1
1205,20240710,20240710T10:00:00,20240710T11:00:00,NONE,-1.0,NONE,C3.8,QUIET_20240710_5,0
1206,20240710,20240710T12:00:00,20240710T13:00:00,NONE,-1.0,NONE,C3.6,QUIET_20240710_6,0
1207,20240710,20240710T14:00:00,20240710T15:00:00,NONE,-1.0,NONE,C2.0,QUIET_20240710_7,0
1208,20240710,20240710T16:00:00,20240710T17:00:00,20240710T17:25:00,25.06,1h,M5.1,FLARE_20240710_1600_M5.1,1
1209,20240710,20240710T18:00:00,20240710T19:00:00,NONE,-1.0,NONE,C4.5,QUIET_20240710_9,0
1210,20240710,20240710T20:00:00,20240710T21:00:00,NONE,-1.0,NONE,C1.0,QUIET_20240710_10,0
1211,20240710,20240710T22:00:00,20240710T23:00:00,NONE,-1.0,NONE,C2.8,QUIET_20240710_11,0
1212,20240711,20240711T00:00:00,20240711T01:00:00,20240711T01:28:00,28.12,1h,M6.5,FLARE_20240711_0000_M6.5,1
1213,20240711,20240711T02:00:00,20240711T03:00:00,NONE,-1.0,NONE,C2.7,QUIET_20240711_1,0
1214,20240711,20240711T04:00:00,20240711T05:00:00,NONE,-1.0,NONE,C3.8,QUIET_20240711_2,0
1215,20240711,20240711T06:00:00,20240711T07:00:00,NONE,-1.0,NONE,C4.0,QUIET_20240711_3,0
1216,20240711,20240711T08:00:00,20240711T09:00:00,20240711T09:40:00,40.84,1h,M8.5,FLARE_20240711_0800_M8.5,1
1217,20240711,20240711T10:00:00,20240711T11:00:00,NONE,-1.0,NONE,C1.6,QUIET_20240711_5,0
1218,20240711,20240711T12:00:00,20240711T13:00:00,NONE,-1.0,NONE,C1.5,QUIET_20240711_6,0
1219,20240711,20240711T14:00:00,20240711T15:00:00,NONE,-1.0,NONE,C2.5,QUIET_20240711_7,0
1220,20240711,20240711T16:00:00,20240711T17:00:00,20240711T17:55:00,55.32,1h,M6.7,FLARE_20240711_1600_M6.7,1
1221,20240711,20240711T18:00:00,20240711T19:00:00,NONE,-1.0,NONE,C4.4,QUIET_20240711_9,0
1222,20240711,20240711T20:00:00,20240711T21:00:00,NONE,-1.0,NONE,C4.2,QUIET_20240711_10,0
1223,20240711,20240711T22:00:00,20240711T23:00:00,NONE,-1.0,NONE,C4.2,QUIET_20240711_11,0
1224,20240712,20240712T00:00:00,20240712T01:00:00,20240712T01:45:00,45.13,1h,M2.6,FLARE_20240712_0000_M2.6,1
1225,20240712,20240712T02:00:00,20240712T03:00:00,NONE,-1.0,NONE,C3.1,QUIET_20240712_1,0
1226,20240712,20240712T04:00:00,20240712T05:00:00,NONE,-1.0,NONE,C3.5,QUIET_20240712_2,0
1227,20240712,20240712T06:00:00,20240712T07:00:00,NONE,-1.0,NONE,C1.8,QUIET_20240712_3,0
1228,20240712,20240712T08:00:00,20240712T09:00:00,20240712T09:23:00,23.27,1h,M6.1,FLARE_20240712_0800_M6.1,1
1229,20240712,20240712T10:00:00,20240712T11:00:00,NONE,-1.0,NONE,C3.0,QUIET_20240712_5,0
1230,20240712,20240712T12:00:00,20240712T13:00:00,NONE,-1.0,NONE,C1.8,QUIET_20240712_6,0
1231,20240712,20240712T14:00:00,20240712T15:00:00,NONE,-1.0,NONE,C1.1,QUIET_20240712_7,0
1232,20240712,20240712T16:00:00,20240712T17:00:00,20240712T17:55:00,55.73,1h,M2.2,FLARE_20240712_1600_M2.2,1
1233,20240712,20240712T18:00:00,20240712T19:00:00,NONE,-1.0,NONE,C4.7,QUIET_20240712_9,0
1234,20240712,20240712T20:00:00,20240712T21:00:00,NONE,-1.0,NONE,C4.1,QUIET_20240712_10,0
1235,20240712,20240712T22:00:00,20240712T23:00:00,NONE,-1.0,NONE,C3.3,QUIET_20240712_11,0
1236,20240713,20240713T00:00:00,20240713T01:00:00,20240713T01:54:00,54.3,1h,M1.6,FLARE_20240713_0000_M1.6,1
1237,20240713,20240713T02:00:00,20240713T03:00:00,NONE,-1.0,NONE,C2.6,QUIET_20240713_1,0
1238,20240713,20240713T04:00:00,20240713T05:00:00,NONE,-1.0,NONE,C4.7,QUIET_20240713_2,0
1239,20240713,20240713T06:00:00,20240713T07:00:00,NONE,-1.0,NONE,C1.1,QUIET_20240713_3,0
1240,20240713,20240713T08:00:00,20240713T09:00:00,20240713T09:39:00,39.93,1h,M6.0,FLARE_20240713_0800_M6.0,1
1241,20240713,20240713T10:00:00,20240713T11:00:00,NONE,-1.0,NONE,C3.1,QUIET_20240713_5,0
1242,20240713,20240713T12:00:00,20240713T13:00:00,NONE,-1.0,NONE,C4.8,QUIET_20240713_6,0
1243,20240713,20240713T14:00:00,20240713T15:00:00,NONE,-1.0,NONE,C1.1,QUIET_20240713_7,0
1244,20240713,20240713T16:00:00,20240713T17:00:00,20240713T17:20:00,20.26,1h,M3.0,FLARE_20240713_1600_M3.0,1
1245,20240713,20240713T18:00:00,20240713T19:00:00,NONE,-1.0,NONE,C3.5,QUIET_20240713_9,0
1246,20240713,20240713T20:00:00,20240713T21:00:00,NONE,-1.0,NONE,C4.5,QUIET_20240713_10,0
1247,20240713,20240713T22:00:00,20240713T23:00:00,NONE,-1.0,NONE,C4.1,QUIET_20240713_11,0
1248,20240714,20240714T00:00:00,20240714T01:00:00,20240714T01:48:00,48.58,1h,M7.2,FLARE_20240714_0000_M7.2,1
1249,20240714,20240714T02:00:00,20240714T03:00:00,NONE,-1.0,NONE,C2.1,QUIET_20240714_1,0
1250,20240714,20240714T04:00:00,20240714T05:00:00,NONE,-1.0,NONE,C3.8,QUIET_20240714_2,0
1251,20240714,20240714T06:00:00,20240714T07:00:00,NONE,-1.0,NONE,C1.8,QUIET_20240714_3,0
1252,20240714,20240714T08:00:00,20240714T09:00:00,20240714T09:40:00,40.43,1h,M4.5,FLARE_20240714_0800_M4.5,1
1253,20240714,20240714T10:00:00,20240714T11:00:00,NONE,-1.0,NONE,C4.8,QUIET_20240714_5,0
1254,20240714,20240714T12:00:00,20240714T13:00:00,NONE,-1.0,NONE,C1.2,QUIET_20240714_6,0
1255,20240714,20240714T14:00:00,20240714T15:00:00,NONE,-1.0,NONE,C1.3,QUIET_20240714_7,0
1256,20240714,20240714T16:00:00,20240714T17:00:00,20240714T17:19:00,19.94,1h,M1.1,FLARE_20240714_1600_M1.1,1
1257,20240714,20240714T18:00:00,20240714T19:00:00,NONE,-1.0,NONE,C1.6,QUIET_20240714_9,0
1258,20240714,20240714T20:00:00,20240714T21:00:00,NONE,-1.0,NONE,C2.5,QUIET_20240714_10,0
1259,20240714,20240714T22:00:00,20240714T23:00:00,NONE,-1.0,NONE,C1.2,QUIET_20240714_11,0
1260,20240715,20240715T00:00:00,20240715T01:00:00,20240715T01:59:00,59.26,1h,M1.8,FLARE_20240715_0000_M1.8,1
1261,20240715,20240715T02:00:00,20240715T03:00:00,NONE,-1.0,NONE,C3.8,QUIET_20240715_1,0
1262,20240715,20240715T04:00:00,20240715T05:00:00,NONE,-1.0,NONE,C1.6,QUIET_20240715_2,0
1263,20240715,20240715T06:00:00,20240715T07:00:00,NONE,-1.0,NONE,C2.1,QUIET_20240715_3,0
1264,20240715,20240715T08:00:00,20240715T09:00:00,20240715T09:32:00,32.15,1h,M5.0,FLARE_20240715_0800_M5.0,1
1265,20240715,20240715T10:00:00,20240715T11:00:00,NONE,-1.0,NONE,C2.3,QUIET_20240715_5,0
1266,20240715,20240715T12:00:00,20240715T13:00:00,NONE,-1.0,NONE,C1.2,QUIET_20240715_6,0
1267,20240715,20240715T14:00:00,20240715T15:00:00,NONE,-1.0,NONE,C1.4,QUIET_20240715_7,0
1268,20240715,20240715T16:00:00,20240715T17:00:00,20240715T17:47:00,47.79,1h,M3.2,FLARE_20240715_1600_M3.2,1
1269,20240715,20240715T18:00:00,20240715T19:00:00,NONE,-1.0,NONE,C3.8,QUIET_20240715_9,0
1270,20240715,20240715T20:00:00,20240715T21:00:00,NONE,-1.0,NONE,C2.4,QUIET_20240715_10,0
1271,20240715,20240715T22:00:00,20240715T23:00:00,NONE,-1.0,NONE,C3.3,QUIET_20240715_11,0
1272,20240716,20240716T00:00:00,20240716T01:00:00,20240716T01:41:00,41.26,1h,M1.0,FLARE_20240716_0000_M1.0,1
1273,20240716,20240716T02:00:00,20240716T03:00:00,NONE,-1.0,NONE,C1.0,QUIET_20240716_1,0
1274,20240716,20240716T04:00:00,20240716T05:00:00,NONE,-1.0,NONE,C4.2,QUIET_20240716_2,0
1275,20240716,20240716T06:00:00,20240716T07:00:00,NONE,-1.0,NONE,C3.5,QUIET_20240716_3,0
1276,20240716,20240716T08:00:00,20240716T09:00:00,20240716T09:27:00,27.99,1h,M8.1,FLARE_20240716_0800_M8.1,1
1277,20240716,20240716T10:00:00,20240716T11:00:00,NONE,-1.0,NONE,C3.2,QUIET_20240716_5,0
1278,20240716,20240716T12:00:00,20240716T13:00:00,NONE,-1.0,NONE,C3.1,QUIET_20240716_6,0
1279,20240716,20240716T14:00:00,20240716T15:00:00,NONE,-1.0,NONE,C4.1,QUIET_20240716_7,0
1280,20240716,20240716T16:00:00,20240716T17:00:00,20240716T17:33:00,33.13,1h,M8.7,FLARE_20240716_1600_M8.7,1
1281,20240716,20240716T18:00:00,20240716T19:00:00,NONE,-1.0,NONE,C1.0,QUIET_20240716_9,0
1282,20240716,20240716T20:00:00,20240716T21:00:00,NONE,-1.0,NONE,C3.4,QUIET_20240716_10,0
1283,20240716,20240716T22:00:00,20240716T23:00:00,NONE,-1.0,NONE,C3.5,QUIET_20240716_11,0
1284,20240717,20240717T00:00:00,20240717T01:00:00,20240717T01:46:00,46.48,1h,M1.5,FLARE_20240717_0000_M1.5,1
1285,20240717,20240717T02:00:00,20240717T03:00:00,NONE,-1.0,NONE,C4.6,QUIET_20240717_1,0
1286,20240717,20240717T04:00:00,20240717T05:00:00,NONE,-1.0,NONE,C4.2,QUIET_20240717_2,0
1287,20240717,20240717T06:00:00,20240717T07:00:00,NONE,-1.0,NONE,C4.5,QUIET_20240717_3,0
1288,20240717,20240717T08:00:00,20240717T09:00:00,20240717T09:30:00,30.69,1h,M3.3,FLARE_20240717_0800_M3.3,1
1289,20240717,20240717T10:00:00,20240717T11:00:00,NONE,-1.0,NONE,C4.8,QUIET_20240717_5,0
1290,20240717,20240717T12:00:00,20240717T13:00:00,NONE,-1.0,NONE,C4.4,QUIET_20240717_6,0
1291,20240717,20240717T14:00:00,20240717T15:00:00,NONE,-1.0,NONE,C1.8,QUIET_20240717_7,0
1292,20240717,20240717T16:00:00,20240717T17:00:00,20240717T17:31:00,31.6,1h,M5.8,FLARE_20240717_1600_M5.8,1
1293,20240717,20240717T18:00:00,20240717T19:00:00,NONE,-1.0,NONE,C3.7,QUIET_20240717_9,0
1294,20240717,20240717T20:00:00,20240717T21:00:00,NONE,-1.0,NONE,C1.0,QUIET_20240717_10,0
1295,20240717,20240717T22:00:00,20240717T23:00:00,NONE,-1.0,NONE,C2.4,QUIET_20240717_11,0
1296,20240718,20240718T00:00:00,20240718T01:00:00,20240718T01:32:00,32.36,1h,M7.8,FLARE_20240718_0000_M7.8,1
1297,20240718,20240718T02:00:00,20240718T03:00:00,NONE,-1.0,NONE,C3.6,QUIET_20240718_1,0
1298,20240718,20240718T04:00:00,20240718T05:00:00,NONE,-1.0,NONE,C1.0,QUIET_20240718_2,0
1299,20240718,20240718T06:00:00,20240718T07:00:00,NONE,-1.0,NONE,C1.5,QUIET_20240718_3,0
1300,20240718,20240718T08:00:00,20240718T09:00:00,20240718T09:28:00,28.36,1h,M1.1,FLARE_20240718_0800_M1.1,1
1301,20240718,20240718T10:00:00,20240718T11:00:00,NONE,-1.0,NONE,C4.4,QUIET_20240718_5,0
1302,20240718,20240718T12:00:00,20240718T13:00:00,NONE,-1.0,NONE,C3.5,QUIET_20240718_6,0
1303,20240718,20240718T14:00:00,20240718T15:00:00,NONE,-1.0,NONE,C4.1,QUIET_20240718_7,0
1304,20240718,20240718T16:00:00,20240718T17:00:00,20240718T17:55:00,55.91,1h,M7.2,FLARE_20240718_1600_M7.2,1
1305,20240718,20240718T18:00:00,20240718T19:00:00,NONE,-1.0,NONE,C3.7,QUIET_20240718_9,0
1306,20240718,20240718T20:00:00,20240718T21:00:00,NONE,-1.0,NONE,C3.4,QUIET_20240718_10,0
1307,20240718,20240718T22:00:00,20240718T23:00:00,NONE,-1.0,NONE,C3.7,QUIET_20240718_11,0
1308,20240719,20240719T00:00:00,20240719T01:00:00,20240719T01:39:00,39.57,1h,M2.2,FLARE_20240719_0000_M2.2,1
1309,20240719,20240719T02:00:00,20240719T03:00:00,NONE,-1.0,NONE,C1.1,QUIET_20240719_1,0
1310,20240719,20240719T04:00:00,20240719T05:00:00,NONE,-1.0,NONE,C2.4,QUIET_20240719_2,0
1311,20240719,20240719T06:00:00,20240719T07:00:00,NONE,-1.0,NONE,C1.2,QUIET_20240719_3,0
1312,20240719,20240719T08:00:00,20240719T09:00:00,20240719T09:43:00,43.09,1h,M5.5,FLARE_20240719_0800_M5.5,1
1313,20240719,20240719T10:00:00,20240719T11:00:00,NONE,-1.0,NONE,C1.7,QUIET_20240719_5,0
1314,20240719,20240719T12:00:00,20240719T13:00:00,NONE,-1.0,NONE,C2.7,QUIET_20240719_6,0
1315,20240719,20240719T14:00:00,20240719T15:00:00,NONE,-1.0,NONE,C1.1,QUIET_20240719_7,0
1316,20240719,20240719T16:00:00,20240719T17:00:00,20240719T17:49:00,49.81,1h,M3.0,FLARE_20240719_1600_M3.0,1
1317,20240719,20240719T18:00:00,20240719T19:00:00,NONE,-1.0,NONE,C3.7,QUIET_20240719_9,0
1318,20240719,20240719T20:00:00,20240719T21:00:00,NONE,-1.0,NONE,C1.2,QUIET_20240719_10,0
1319,20240719,20240719T22:00:00,20240719T23:00:00,NONE,-1.0,NONE,C1.5,QUIET_20240719_11,0
1320,20240720,20240720T00:00:00,20240720T01:00:00,20240720T01:28:00,28.68,1h,M8.6,FLARE_20240720_0000_M8.6,1
1321,20240720,20240720T02:00:00,20240720T03:00:00,NONE,-1.0,NONE,C2.0,QUIET_20240720_1,0
1322,20240720,20240720T04:00:00,20240720T05:00:00,NONE,-1.0,NONE,C2.3,QUIET_20240720_2,0
1323,20240720,20240720T06:00:00,20240720T07:00:00,NONE,-1.0,NONE,C1.0,QUIET_20240720_3,0
1324,20240720,20240720T08:00:00,20240720T09:00:00,20240720T09:51:00,51.45,1h,M5.7,FLARE_20240720_0800_M5.7,1
1325,20240720,20240720T10:00:00,20240720T11:00:00,NONE,-1.0,NONE,C3.7,QUIET_20240720_5,0
1326,20240720,20240720T12:00:00,20240720T13:00:00,NONE,-1.0,NONE,C1.4,QUIET_20240720_6,0
1327,20240720,20240720T14:00:00,20240720T15:00:00,NONE,-1.0,NONE,C1.2,QUIET_20240720_7,0
1328,20240720,20240720T16:00:00,20240720T17:00:00,20240720T17:33:00,33.04,1h,M2.1,FLARE_20240720_1600_M2.1,1
1329,20240720,20240720T18:00:00,20240720T19:00:00,NONE,-1.0,NONE,C1.3,QUIET_20240720_9,0
1330,20240720,20240720T20:00:00,20240720T21:00:00,NONE,-1.0,NONE,C3.7,QUIET_20240720_10,0
1331,20240720,20240720T22:00:00,20240720T23:00:00,NONE,-1.0,NONE,C3.6,QUIET_20240720_11,0
1332,20240721,20240721T00:00:00,20240721T01:00:00,20240721T01:32:00,32.67,1h,M4.8,FLARE_20240721_0000_M4.8,1
1333,20240721,20240721T02:00:00,20240721T03:00:00,NONE,-1.0,NONE,C1.3,QUIET_20240721_1,0
1334,20240721,20240721T04:00:00,20240721T05:00:00,NONE,-1.0,NONE,C2.6,QUIET_20240721_2,0
1335,20240721,20240721T06:00:00,20240721T07:00:00,NONE,-1.0,NONE,C4.3,QUIET_20240721_3,0
1336,20240721,20240721T08:00:00,20240721T09:00:00,20240721T09:41:00,41.14,1h,M8.7,FLARE_20240721_0800_M8.7,1
1337,20240721,20240721T10:00:00,20240721T11:00:00,NONE,-1.0,NONE,C2.3,QUIET_20240721_5,0
1338,20240721,20240721T12:00:00,20240721T13:00:00,NONE,-1.0,NONE,C1.7,QUIET_20240721_6,0
1339,20240721,20240721T14:00:00,20240721T15:00:00,NONE,-1.0,NONE,C1.6,QUIET_20240721_7,0
1340,20240721,20240721T16:00:00,20240721T17:00:00,20240721T17:29:00,29.81,1h,M8.8,FLARE_20240721_1600_M8.8,1
1341,20240721,20240721T18:00:00,20240721T19:00:00,NONE,-1.0,NONE,C4.2,QUIET_20240721_9,0
1342,20240721,20240721T20:00:00,20240721T21:00:00,NONE,-1.0,NONE,C2.8,QUIET_20240721_10,0
1343,20240721,20240721T22:00:00,20240721T23:00:00,NONE,-1.0,NONE,C4.0,QUIET_20240721_11,0
1344,20240722,20240722T00:00:00,20240722T01:00:00,20240722T01:25:00,25.24,1h,M6.3,FLARE_20240722_0000_M6.3,1
1345,20240722,20240722T02:00:00,20240722T03:00:00,NONE,-1.0,NONE,C3.5,QUIET_20240722_1,0
1346,20240722,20240722T04:00:00,20240722T05:00:00,NONE,-1.0,NONE,C1.3,QUIET_20240722_2,0
1347,20240722,20240722T06:00:00,20240722T07:00:00,NONE,-1.0,NONE,C2.1,QUIET_20240722_3,0
1348,20240722,20240722T08:00:00,20240722T09:00:00,20240722T09:41:00,41.86,1h,M2.6,FLARE_20240722_0800_M2.6,1
1349,20240722,20240722T10:00:00,20240722T11:00:00,NONE,-1.0,NONE,C2.5,QUIET_20240722_5,0
1350,20240722,20240722T12:00:00,20240722T13:00:00,NONE,-1.0,NONE,C4.6,QUIET_20240722_6,0
1351,20240722,20240722T14:00:00,20240722T15:00:00,NONE,-1.0,NONE,C3.0,QUIET_20240722_7,0
1352,20240722,20240722T16:00:00,20240722T17:00:00,20240722T17:42:00,42.12,1h,M5.3,FLARE_20240722_1600_M5.3,1
1353,20240722,20240722T18:00:00,20240722T19:00:00,NONE,-1.0,NONE,C1.3,QUIET_20240722_9,0
1354,20240722,20240722T20:00:00,20240722T21:00:00,NONE,-1.0,NONE,C1.0,QUIET_20240722_10,0
1355,20240722,20240722T22:00:00,20240722T23:00:00,NONE,-1.0,NONE,C1.6,QUIET_20240722_11,0
1356,20240723,20240723T00:00:00,20240723T01:00:00,20240723T01:15:00,15.5,1h,M7.0,FLARE_20240723_0000_M7.0,1
1357,20240723,20240723T02:00:00,20240723T03:00:00,NONE,-1.0,NONE,C1.6,QUIET_20240723_1,0
1358,20240723,20240723T04:00:00,20240723T05:00:00,NONE,-1.0,NONE,C4.1,QUIET_20240723_2,0
1359,20240723,20240723T06:00:00,20240723T07:00:00,NONE,-1.0,NONE,C2.2,QUIET_20240723_3,0
1360,20240723,20240723T08:00:00,20240723T09:00:00,20240723T09:26:00,26.94,1h,M6.5,FLARE_20240723_0800_M6.5,1
1361,20240723,20240723T10:00:00,20240723T11:00:00,NONE,-1.0,NONE,C4.7,QUIET_20240723_5,0
1362,20240723,20240723T12:00:00,20240723T13:00:00,NONE,-1.0,NONE,C3.6,QUIET_20240723_6,0
1363,20240723,20240723T14:00:00,20240723T15:00:00,NONE,-1.0,NONE,C2.4,QUIET_20240723_7,0
1364,20240723,20240723T16:00:00,20240723T17:00:00,20240723T17:36:00,36.73,1h,M6.1,FLARE_20240723_1600_M6.1,1
1365,20240723,20240723T18:00:00,20240723T19:00:00,NONE,-1.0,NONE,C4.3,QUIET_20240723_9,0
1366,20240723,20240723T20:00:00,20240723T21:00:00,NONE,-1.0,NONE,C4.4,QUIET_20240723_10,0
1367,20240723,20240723T22:00:00,20240723T23:00:00,NONE,-1.0,NONE,C1.7,QUIET_20240723_11,0
1368,20240724,20240724T00:00:00,20240724T01:00:00,20240724T01:33:00,33.97,1h,M3.0,FLARE_20240724_0000_M3.0,1
1369,20240724,20240724T02:00:00,20240724T03:00:00,NONE,-1.0,NONE,C4.3,QUIET_20240724_1,0
1370,20240724,20240724T04:00:00,20240724T05:00:00,NONE,-1.0,NONE,C3.6,QUIET_20240724_2,0
1371,20240724,20240724T06:00:00,20240724T07:00:00,NONE,-1.0,NONE,C3.8,QUIET_20240724_3,0
1372,20240724,20240724T08:00:00,20240724T09:00:00,20240724T09:30:00,30.32,1h,M7.3,FLARE_20240724_0800_M7.3,1
1373,20240724,20240724T10:00:00,20240724T11:00:00,NONE,-1.0,NONE,C1.6,QUIET_20240724_5,0
1374,20240724,20240724T12:00:00,20240724T13:00:00,NONE,-1.0,NONE,C3.3,QUIET_20240724_6,0
1375,20240724,20240724T14:00:00,20240724T15:00:00,NONE,-1.0,NONE,C3.7,QUIET_20240724_7,0
1376,20240724,20240724T16:00:00,20240724T17:00:00,20240724T17:30:00,30.97,1h,M2.3,FLARE_20240724_1600_M2.3,1
1377,20240724,20240724T18:00:00,20240724T19:00:00,NONE,-1.0,NONE,C4.2,QUIET_20240724_9,0
1378,20240724,20240724T20:00:00,20240724T21:00:00,NONE,-1.0,NONE,C3.6,QUIET_20240724_10,0
1379,20240724,20240724T22:00:00,20240724T23:00:00,NONE,-1.0,NONE,C2.6,QUIET_20240724_11,0
1380,20240725,20240725T00:00:00,20240725T01:00:00,20240725T01:45:00,45.96,1h,M5.7,FLARE_20240725_0000_M5.7,1
1381,20240725,20240725T02:00:00,20240725T03:00:00,NONE,-1.0,NONE,C4.3,QUIET_20240725_1,0
1382,20240725,20240725T04:00:00,20240725T05:00:00,NONE,-1.0,NONE,C1.6,QUIET_20240725_2,0
1383,20240725,20240725T06:00:00,20240725T07:00:00,NONE,-1.0,NONE,C4.8,QUIET_20240725_3,0
1384,20240725,20240725T08:00:00,20240725T09:00:00,20240725T09:53:00,53.85,1h,M2.8,FLARE_20240725_0800_M2.8,1
1385,20240725,20240725T10:00:00,20240725T11:00:00,NONE,-1.0,NONE,C2.7,QUIET_20240725_5,0
1386,20240725,20240725T12:00:00,20240725T13:00:00,NONE,-1.0,NONE,C2.8,QUIET_20240725_6,0
1387,20240725,20240725T14:00:00,20240725T15:00:00,NONE,-1.0,NONE,C1.0,QUIET_20240725_7,0
1388,20240725,20240725T16:00:00,20240725T17:00:00,20240725T17:30:00,30.1,1h,M2.3,FLARE_20240725_1600_M2.3,1
1389,20240725,20240725T18:00:00,20240725T19:00:00,NONE,-1.0,NONE,C3.0,QUIET_20240725_9,0
1390,20240725,20240725T20:00:00,20240725T21:00:00,NONE,-1.0,NONE,C4.1,QUIET_20240725_10,0
1391,20240725,20240725T22:00:00,20240725T23:00:00,NONE,-1.0,NONE,C1.1,QUIET_20240725_11,0
1392,20240726,20240726T00:00:00,20240726T01:00:00,20240726T01:45:00,45.01,1h,M7.8,FLARE_20240726_0000_M7.8,1
1393,20240726,20240726T02:00:00,20240726T03:00:00,NONE,-1.0,NONE,C2.8,QUIET_20240726_1,0
1394,20240726,20240726T04:00:00,20240726T05:00:00,NONE,-1.0,NONE,C1.7,QUIET_20240726_2,0
1395,20240726,20240726T06:00:00,20240726T07:00:00,NONE,-1.0,NONE,C1.6,QUIET_20240726_3,0
1396,20240726,20240726T08:00:00,20240726T09:00:00,20240726T09:55:00,55.55,1h,M8.4,FLARE_20240726_0800_M8.4,1
1397,20240726,20240726T10:00:00,20240726T11:00:00,NONE,-1.0,NONE,C4.6,QUIET_20240726_5,0
1398,20240726,20240726T12:00:00,20240726T13:00:00,NONE,-1.0,NONE,C3.1,QUIET_20240726_6,0
1399,20240726,20240726T14:00:00,20240726T15:00:00,NONE,-1.0,NONE,C3.8,QUIET_20240726_7,0
1400,20240726,20240726T16:00:00,20240726T17:00:00,20240726T17:17:00,17.84,1h,M6.4,FLARE_20240726_1600_M6.4,1
1401,20240726,20240726T18:00:00,20240726T19:00:00,NONE,-1.0,NONE,C1.2,QUIET_20240726_9,0
1402,20240726,20240726T20:00:00,20240726T21:00:00,NONE,-1.0,NONE,C2.6,QUIET_20240726_10,0
1403,20240726,20240726T22:00:00,20240726T23:00:00,NONE,-1.0,NONE,C1.2,QUIET_20240726_11,0
1404,20240727,20240727T00:00:00,20240727T01:00:00,20240727T01:48:00,48.88,1h,M2.7,FLARE_20240727_0000_M2.7,1
1405,20240727,20240727T02:00:00,20240727T03:00:00,NONE,-1.0,NONE,C4.3,QUIET_20240727_1,0
1406,20240727,20240727T04:00:00,20240727T05:00:00,NONE,-1.0,NONE,C4.8,QUIET_20240727_2,0
1407,20240727,20240727T06:00:00,20240727T07:00:00,NONE,-1.0,NONE,C4.7,QUIET_20240727_3,0
1408,20240727,20240727T08:00:00,20240727T09:00:00,20240727T09:34:00,34.32,1h,M1.3,FLARE_20240727_0800_M1.3,1
1409,20240727,20240727T10:00:00,20240727T11:00:00,NONE,-1.0,NONE,C2.4,QUIET_20240727_5,0
1410,20240727,20240727T12:00:00,20240727T13:00:00,NONE,-1.0,NONE,C2.6,QUIET_20240727_6,0
1411,20240727,20240727T14:00:00,20240727T15:00:00,NONE,-1.0,NONE,C2.3,QUIET_20240727_7,0
1412,20240727,20240727T16:00:00,20240727T17:00:00,20240727T17:20:00,20.26,1h,M8.8,FLARE_20240727_1600_M8.8,1
1413,20240727,20240727T18:00:00,20240727T19:00:00,NONE,-1.0,NONE,C2.3,QUIET_20240727_9,0
1414,20240727,20240727T20:00:00,20240727T21:00:00,NONE,-1.0,NONE,C1.4,QUIET_20240727_10,0
1415,20240727,20240727T22:00:00,20240727T23:00:00,NONE,-1.0,NONE,C1.5,QUIET_20240727_11,0
1416,20240728,20240728T00:00:00,20240728T01:00:00,20240728T01:31:00,31.78,1h,M6.3,FLARE_20240728_0000_M6.3,1
1417,20240728,20240728T02:00:00,20240728T03:00:00,NONE,-1.0,NONE,C2.8,QUIET_20240728_1,0
1418,20240728,20240728T04:00:00,20240728T05:00:00,NONE,-1.0,NONE,C3.2,QUIET_20240728_2,0
1419,20240728,20240728T06:00:00,20240728T07:00:00,NONE,-1.0,NONE,C1.3,QUIET_20240728_3,0
1420,20240728,20240728T08:00:00,20240728T09:00:00,20240728T09:42:00,42.24,1h,M7.3,FLARE_20240728_0800_M7.3,1
1421,20240728,20240728T10:00:00,20240728T11:00:00,NONE,-1.0,NONE,C1.6,QUIET_20240728_5,0
1422,20240728,20240728T12:00:00,20240728T13:00:00,NONE,-1.0,NONE,C2.0,QUIET_20240728_6,0
1423,20240728,20240728T14:00:00,20240728T15:00:00,NONE,-1.0,NONE,C1.5,QUIET_20240728_7,0
1424,20240728,20240728T16:00:00,20240728T17:00:00,20240728T17:34:00,34.3,1h,M7.3,FLARE_20240728_1600_M7.3,1
1425,20240728,20240728T18:00:00,20240728T19:00:00,NONE,-1.0,NONE,C1.4,QUIET_20240728_9,0
1426,20240728,20240728T20:00:00,20240728T21:00:00,NONE,-1.0,NONE,C4.3,QUIET_20240728_10,0
1427,20240728,20240728T22:00:00,20240728T23:00:00,NONE,-1.0,NONE,C4.3,QUIET_20240728_11,0
1428,20240729,20240729T00:00:00,20240729T01:00:00,20240729T01:48:00,48.62,1h,M3.8,FLARE_20240729_0000_M3.8,1
1429,20240729,20240729T02:00:00,20240729T03:00:00,NONE,-1.0,NONE,C2.1,QUIET_20240729_1,0
1430,20240729,20240729T04:00:00,20240729T05:00:00,NONE,-1.0,NONE,C4.4,QUIET_20240729_2,0
1431,20240729,20240729T06:00:00,20240729T07:00:00,NONE,-1.0,NONE,C2.4,QUIET_20240729_3,0
1432,20240729,20240729T08:00:00,20240729T09:00:00,20240729T09:55:00,55.05,1h,M3.1,FLARE_20240729_0800_M3.1,1
1433,20240729,20240729T10:00:00,20240729T11:00:00,NONE,-1.0,NONE,C1.0,QUIET_20240729_5,0
1434,20240729,20240729T12:00:00,20240729T13:00:00,NONE,-1.0,NONE,C3.6,QUIET_20240729_6,0
1435,20240729,20240729T14:00:00,20240729T15:00:00,NONE,-1.0,NONE,C4.7,QUIET_20240729_7,0
1436,20240729,20240729T16:00:00,20240729T17:00:00,20240729T17:19:00,19.72,1h,M7.7,FLARE_20240729_1600_M7.7,1
1437,20240729,20240729T18:00:00,20240729T19:00:00,NONE,-1.0,NONE,C2.0,QUIET_20240729_9,0
1438,20240729,20240729T20:00:00,20240729T21:00:00,NONE,-1.0,NONE,C3.5,QUIET_20240729_10,0
1439,20240729,20240729T22:00:00,20240729T23:00:00,NONE,-1.0,NONE,C1.0,QUIET_20240729_11,0
1440,20240730,20240730T00:00:00,20240730T01:00:00,20240730T01:52:00,52.98,1h,M8.7,FLARE_20240730_0000_M8.7,1
1441,20240730,20240730T02:00:00,20240730T03:00:00,NONE,-1.0,NONE,C1.5,QUIET_20240730_1,0
1442,20240730,20240730T04:00:00,20240730T05:00:00,NONE,-1.0,NONE,C2.7,QUIET_20240730_2,0
1443,20240730,20240730T06:00:00,20240730T07:00:00,NONE,-1.0,NONE,C3.5,QUIET_20240730_3,0
1444,20240730,20240730T08:00:00,20240730T09:00:00,20240730T09:52:00,52.06,1h,M7.4,FLARE_20240730_0800_M7.4,1
1445,20240730,20240730T10:00:00,20240730T11:00:00,NONE,-1.0,NONE,C2.8,QUIET_20240730_5,0
1446,20240730,20240730T12:00:00,20240730T13:00:00,NONE,-1.0,NONE,C3.1,QUIET_20240730_6,0
1447,20240730,20240730T14:00:00,20240730T15:00:00,NONE,-1.0,NONE,C3.7,QUIET_20240730_7,0
1448,20240730,20240730T16:00:00,20240730T17:00:00,20240730T17:39:00,39.86,1h,M5.4,FLARE_20240730_1600_M5.4,1
1449,20240730,20240730T18:00:00,20240730T19:00:00,NONE,-1.0,NONE,C3.1,QUIET_20240730_9,0
1450,20240730,20240730T20:00:00,20240730T21:00:00,NONE,-1.0,NONE,C4.6,QUIET_20240730_10,0
1451,20240730,20240730T22:00:00,20240730T23:00:00,NONE,-1.0,NONE,C4.3,QUIET_20240730_11,0
1452,20240731,20240731T00:00:00,20240731T01:00:00,20240731T01:34:00,34.18,1h,M3.3,FLARE_20240731_0000_M3.3,1
1453,20240731,20240731T02:00:00,20240731T03:00:00,NONE,-1.0,NONE,C3.4,QUIET_20240731_1,0
1454,20240731,20240731T04:00:00,20240731T05:00:00,NONE,-1.0,NONE,C4.2,QUIET_20240731_2,0
1455,20240731,20240731T06:00:00,20240731T07:00:00,NONE,-1.0,NONE,C2.1,QUIET_20240731_3,0
1456,20240731,20240731T08:00:00,20240731T09:00:00,20240731T09:50:00,50.51,1h,M4.1,FLARE_20240731_0800_M4.1,1
1457,20240731,20240731T10:00:00,20240731T11:00:00,NONE,-1.0,NONE,C3.8,QUIET_20240731_5,0
1458,20240731,20240731T12:00:00,20240731T13:00:00,NONE,-1.0,NONE,C2.0,QUIET_20240731_6,0
1459,20240731,20240731T14:00:00,20240731T15:00:00,NONE,-1.0,NONE,C4.4,QUIET_20240731_7,0
1460,20240731,20240731T16:00:00,20240731T17:00:00,20240731T17:19:00,19.53,1h,M2.1,FLARE_20240731_1600_M2.1,1
1461,20240731,20240731T18:00:00,20240731T19:00:00,NONE,-1.0,NONE,C1.3,QUIET_20240731_9,0
1462,20240731,20240731T20:00:00,20240731T21:00:00,NONE,-1.0,NONE,C4.4,QUIET_20240731_10,0
1463,20240731,20240731T22:00:00,20240731T23:00:00,NONE,-1.0,NONE,C4.1,QUIET_20240731_11,0
1464,20240801,20240801T00:00:00,20240801T01:00:00,20240801T01:44:00,44.85,1h,M5.8,FLARE_20240801_0000_M5.8,1
1465,20240801,20240801T02:00:00,20240801T03:00:00,NONE,-1.0,NONE,C3.3,QUIET_20240801_1,0
1466,20240801,20240801T04:00:00,20240801T05:00:00,NONE,-1.0,NONE,C2.4,QUIET_20240801_2,0
1467,20240801,20240801T06:00:00,20240801T07:00:00,NONE,-1.0,NONE,C3.0,QUIET_20240801_3,0
1468,20240801,20240801T08:00:00,20240801T09:00:00,20240801T09:39:00,39.77,1h,M2.5,FLARE_20240801_0800_M2.5,1
1469,20240801,20240801T10:00:00,20240801T11:00:00,NONE,-1.0,NONE,C2.2,QUIET_20240801_5,0
1470,20240801,20240801T12:00:00,20240801T13:00:00,NONE,-1.0,NONE,C4.7,QUIET_20240801_6,0
1471,20240801,20240801T14:00:00,20240801T15:00:00,NONE,-1.0,NONE,C3.2,QUIET_20240801_7,0
1472,20240801,20240801T16:00:00,20240801T17:00:00,20240801T17:26:00,26.57,1h,M2.4,FLARE_20240801_1600_M2.4,1
1473,20240801,20240801T18:00:00,20240801T19:00:00,NONE,-1.0,NONE,C4.6,QUIET_20240801_9,0
1474,20240801,20240801T20:00:00,20240801T21:00:00,NONE,-1.0,NONE,C4.6,QUIET_20240801_10,0
1475,20240801,20240801T22:00:00,20240801T23:00:00,NONE,-1.0,NONE,C1.4,QUIET_20240801_11,0
1476,20240802,20240802T00:00:00,20240802T01:00:00,20240802T01:16:00,16.98,1h,M2.2,FLARE_20240802_0000_M2.2,1
1477,20240802,20240802T02:00:00,20240802T03:00:00,NONE,-1.0,NONE,C2.3,QUIET_20240802_1,0
1478,20240802,20240802T04:00:00,20240802T05:00:00,NONE,-1.0,NONE,C4.7,QUIET_20240802_2,0
1479,20240802,20240802T06:00:00,20240802T07:00:00,NONE,-1.0,NONE,C3.0,QUIET_20240802_3,0
1480,20240802,20240802T08:00:00,20240802T09:00:00,20240802T09:54:00,54.07,1h,M7.0,FLARE_20240802_0800_M7.0,1
1481,20240802,20240802T10:00:00,20240802T11:00:00,NONE,-1.0,NONE,C2.8,QUIET_20240802_5,0
1482,20240802,20240802T12:00:00,20240802T13:00:00,NONE,-1.0,NONE,C1.1,QUIET_20240802_6,0
1483,20240802,20240802T14:00:00,20240802T15:00:00,NONE,-1.0,NONE,C3.5,QUIET_20240802_7,0
1484,20240802,20240802T16:00:00,20240802T17:00:00,20240802T17:31:00,31.61,1h,M5.1,FLARE_20240802_1600_M5.1,1
1485,20240802,20240802T18:00:00,20240802T19:00:00,NONE,-1.0,NONE,C3.1,QUIET_20240802_9,0
1486,20240802,20240802T20:00:00,20240802T21:00:00,NONE,-1.0,NONE,C1.1,QUIET_20240802_10,0
1487,20240802,20240802T22:00:00,20240802T23:00:00,NONE,-1.0,NONE,C3.7,QUIET_20240802_11,0
1488,20240803,20240803T00:00:00,20240803T01:00:00,20240803T01:25:00,25.3,1h,M1.6,FLARE_20240803_0000_M1.6,1
1489,20240803,20240803T02:00:00,20240803T03:00:00,NONE,-1.0,NONE,C3.2,QUIET_20240803_1,0
1490,20240803,20240803T04:00:00,20240803T05:00:00,NONE,-1.0,NONE,C4.1,QUIET_20240803_2,0
1491,20240803,20240803T06:00:00,20240803T07:00:00,NONE,-1.0,NONE,C3.8,QUIET_20240803_3,0
1492,20240803,20240803T08:00:00,20240803T09:00:00,20240803T09:38:00,38.12,1h,M1.0,FLARE_20240803_0800_M1.0,1
1493,20240803,20240803T10:00:00,20240803T11:00:00,NONE,-1.0,NONE,C2.3,QUIET_20240803_5,0
1494,20240803,20240803T12:00:00,20240803T13:00:00,NONE,-1.0,NONE,C3.1,QUIET_20240803_6,0
1495,20240803,20240803T14:00:00,20240803T15:00:00,NONE,-1.0,NONE,C3.2,QUIET_20240803_7,0
1496,20240803,20240803T16:00:00,20240803T17:00:00,20240803T17:22:00,22.1,1h,M1.8,FLARE_20240803_1600_M1.8,1
1497,20240803,20240803T18:00:00,20240803T19:00:00,NONE,-1.0,NONE,C3.7,QUIET_20240803_9,0
1498,20240803,20240803T20:00:00,20240803T21:00:00,NONE,-1.0,NONE,C2.6,QUIET_20240803_10,0
1499,20240803,20240803T22:00:00,20240803T23:00:00,NONE,-1.0,NONE,C3.1,QUIET_20240803_11,0
1500,20240804,20240804T00:00:00,20240804T01:00:00,20240804T01:34:00,34.53,1h,M8.2,FLARE_20240804_0000_M8.2,1
1501,20240804,20240804T02:00:00,20240804T03:00:00,NONE,-1.0,NONE,C1.8,QUIET_20240804_1,0
1502,20240804,20240804T04:00:00,20240804T05:00:00,NONE,-1.0,NONE,C3.2,QUIET_20240804_2,0
1503,20240804,20240804T06:00:00,20240804T07:00:00,NONE,-1.0,NONE,C4.2,QUIET_20240804_3,0
1504,20240804,20240804T08:00:00,20240804T09:00:00,20240804T09:53:00,53.16,1h,M4.2,FLARE_20240804_0800_M4.2,1
1505,20240804,20240804T10:00:00,20240804T11:00:00,NONE,-1.0,NONE,C3.5,QUIET_20240804_5,0
1506,20240804,20240804T12:00:00,20240804T13:00:00,NONE,-1.0,NONE,C4.5,QUIET_20240804_6,0
1507,20240804,20240804T14:00:00,20240804T15:00:00,NONE,-1.0,NONE,C4.5,QUIET_20240804_7,0
1508,20240804,20240804T16:00:00,20240804T17:00:00,20240804T17:37:00,37.11,1h,M7.3,FLARE_20240804_1600_M7.3,1
1509,20240804,20240804T18:00:00,20240804T19:00:00,NONE,-1.0,NONE,C1.0,QUIET_20240804_9,0
1510,20240804,20240804T20:00:00,20240804T21:00:00,NONE,-1.0,NONE,C3.0,QUIET_20240804_10,0
1511,20240804,20240804T22:00:00,20240804T23:00:00,NONE,-1.0,NONE,C3.4,QUIET_20240804_11,0
1512,20240805,20240805T00:00:00,20240805T01:00:00,20240805T01:37:00,37.95,1h,M8.3,FLARE_20240805_0000_M8.3,1
1513,20240805,20240805T02:00:00,20240805T03:00:00,NONE,-1.0,NONE,C1.5,QUIET_20240805_1,0
1514,20240805,20240805T04:00:00,20240805T05:00:00,NONE,-1.0,NONE,C4.4,QUIET_20240805_2,0
1515,20240805,20240805T06:00:00,20240805T07:00:00,NONE,-1.0,NONE,C1.2,QUIET_20240805_3,0
1516,20240805,20240805T08:00:00,20240805T09:00:00,20240805T09:28:00,28.06,1h,M8.2,FLARE_20240805_0800_M8.2,1
1517,20240805,20240805T10:00:00,20240805T11:00:00,NONE,-1.0,NONE,C4.5,QUIET_20240805_5,0
1518,20240805,20240805T12:00:00,20240805T13:00:00,NONE,-1.0,NONE,C2.8,QUIET_20240805_6,0
1519,20240805,20240805T14:00:00,20240805T15:00:00,NONE,-1.0,NONE,C4.7,QUIET_20240805_7,0
1520,20240805,20240805T16:00:00,20240805T17:00:00,20240805T17:27:00,27.22,1h,M7.6,FLARE_20240805_1600_M7.6,1
1521,20240805,20240805T18:00:00,20240805T19:00:00,NONE,-1.0,NONE,C1.4,QUIET_20240805_9,0
1522,20240805,20240805T20:00:00,20240805T21:00:00,NONE,-1.0,NONE,C4.3,QUIET_20240805_10,0
1523,20240805,20240805T22:00:00,20240805T23:00:00,NONE,-1.0,NONE,C3.1,QUIET_20240805_11,0
1524,20240806,20240806T00:00:00,20240806T01:00:00,20240806T01:16:00,16.61,1h,M5.7,FLARE_20240806_0000_M5.7,1
1525,20240806,20240806T02:00:00,20240806T03:00:00,NONE,-1.0,NONE,C4.3,QUIET_20240806_1,0
1526,20240806,20240806T04:00:00,20240806T05:00:00,NONE,-1.0,NONE,C2.6,QUIET_20240806_2,0
1527,20240806,20240806T06:00:00,20240806T07:00:00,NONE,-1.0,NONE,C2.3,QUIET_20240806_3,0
1528,20240806,20240806T08:00:00,20240806T09:00:00,20240806T09:28:00,28.15,1h,M2.3,FLARE_20240806_0800_M2.3,1
1529,20240806,20240806T10:00:00,20240806T11:00:00,NONE,-1.0,NONE,C4.3,QUIET_20240806_5,0
1530,20240806,20240806T12:00:00,20240806T13:00:00,NONE,-1.0,NONE,C1.0,QUIET_20240806_6,0
1531,20240806,20240806T14:00:00,20240806T15:00:00,NONE,-1.0,NONE,C1.4,QUIET_20240806_7,0
1532,20240806,20240806T16:00:00,20240806T17:00:00,20240806T17:58:00,58.75,1h,M6.5,FLARE_20240806_1600_M6.5,1
1533,20240806,20240806T18:00:00,20240806T19:00:00,NONE,-1.0,NONE,C4.1,QUIET_20240806_9,0
1534,20240806,20240806T20:00:00,20240806T21:00:00,NONE,-1.0,NONE,C3.3,QUIET_20240806_10,0
1535,20240806,20240806T22:00:00,20240806T23:00:00,NONE,-1.0,NONE,C3.5,QUIET_20240806_11,0
1536,20240807,20240807T00:00:00,20240807T01:00:00,20240807T01:16:00,16.64,1h,M8.0,FLARE_20240807_0000_M8.0,1
1537,20240807,20240807T02:00:00,20240807T03:00:00,NONE,-1.0,NONE,C1.3,QUIET_20240807_1,0
1538,20240807,20240807T04:00:00,20240807T05:00:00,NONE,-1.0,NONE,C4.8,QUIET_20240807_2,0
1539,20240807,20240807T06:00:00,20240807T07:00:00,NONE,-1.0,NONE,C4.2,QUIET_20240807_3,0
1540,20240807,20240807T08:00:00,20240807T09:00:00,20240807T09:26:00,26.9,1h,M2.6,FLARE_20240807_0800_M2.6,1
1541,20240807,20240807T10:00:00,20240807T11:00:00,NONE,-1.0,NONE,C2.0,QUIET_20240807_5,0
1542,20240807,20240807T12:00:00,20240807T13:00:00,NONE,-1.0,NONE,C1.8,QUIET_20240807_6,0
1543,20240807,20240807T14:00:00,20240807T15:00:00,NONE,-1.0,NONE,C1.0,QUIET_20240807_7,0
1544,20240807,20240807T16:00:00,20240807T17:00:00,20240807T17:18:00,18.67,1h,M1.4,FLARE_20240807_1600_M1.4,1
1545,20240807,20240807T18:00:00,20240807T19:00:00,NONE,-1.0,NONE,C1.0,QUIET_20240807_9,0
1546,20240807,20240807T20:00:00,20240807T21:00:00,NONE,-1.0,NONE,C4.1,QUIET_20240807_10,0
1547,20240807,20240807T22:00:00,20240807T23:00:00,NONE,-1.0,NONE,C4.0,QUIET_20240807_11,0
1548,20240808,20240808T00:00:00,20240808T01:00:00,20240808T01:33:00,33.38,1h,M8.7,FLARE_20240808_0000_M8.7,1
1549,20240808,20240808T02:00:00,20240808T03:00:00,NONE,-1.0,NONE,C1.1,QUIET_20240808_1,0
1550,20240808,20240808T04:00:00,20240808T05:00:00,NONE,-1.0,NONE,C4.4,QUIET_20240808_2,0
1551,20240808,20240808T06:00:00,20240808T07:00:00,NONE,-1.0,NONE,C3.8,QUIET_20240808_3,0
1552,20240808,20240808T08:00:00,20240808T09:00:00,20240808T09:36:00,36.72,1h,M7.0,FLARE_20240808_0800_M7.0,1
1553,20240808,20240808T10:00:00,20240808T11:00:00,NONE,-1.0,NONE,C2.0,QUIET_20240808_5,0
1554,20240808,20240808T12:00:00,20240808T13:00:00,NONE,-1.0,NONE,C1.7,QUIET_20240808_6,0
1555,20240808,20240808T14:00:00,20240808T15:00:00,NONE,-1.0,NONE,C3.1,QUIET_20240808_7,0
1556,20240808,20240808T16:00:00,20240808T17:00:00,20240808T17:54:00,54.79,1h,M6.0,FLARE_20240808_1600_M6.0,1
1557,20240808,20240808T18:00:00,20240808T19:00:00,NONE,-1.0,NONE,C2.0,QUIET_20240808_9,0
1558,20240808,20240808T20:00:00,20240808T21:00:00,NONE,-1.0,NONE,C2.6,QUIET_20240808_10,0
1559,20240808,20240808T22:00:00,20240808T23:00:00,NONE,-1.0,NONE,C3.7,QUIET_20240808_11,0
1560,20240809,20240809T00:00:00,20240809T01:00:00,20240809T01:34:00,34.81,1h,M6.0,FLARE_20240809_0000_M6.0,1
1561,20240809,20240809T02:00:00,20240809T03:00:00,NONE,-1.0,NONE,C1.7,QUIET_20240809_1,0
1562,20240809,20240809T04:00:00,20240809T05:00:00,NONE,-1.0,NONE,C3.4,QUIET_20240809_2,0
1563,20240809,20240809T06:00:00,20240809T07:00:00,NONE,-1.0,NONE,C4.5,QUIET_20240809_3,0
1564,20240809,20240809T08:00:00,20240809T09:00:00,20240809T09:30:00,30.21,1h,M3.3,FLARE_20240809_0800_M3.3,1
1565,20240809,20240809T10:00:00,20240809T11:00:00,NONE,-1.0,NONE,C4.5,QUIET_20240809_5,0
1566,20240809,20240809T12:00:00,20240809T13:00:00,NONE,-1.0,NONE,C3.0,QUIET_20240809_6,0
1567,20240809,20240809T14:00:00,20240809T15:00:00,NONE,-1.0,NONE,C3.0,QUIET_20240809_7,0
1568,20240809,20240809T16:00:00,20240809T17:00:00,20240809T17:39:00,39.25,1h,M3.6,FLARE_20240809_1600_M3.6,1
1569,20240809,20240809T18:00:00,20240809T19:00:00,NONE,-1.0,NONE,C1.6,QUIET_20240809_9,0
1570,20240809,20240809T20:00:00,20240809T21:00:00,NONE,-1.0,NONE,C1.2,QUIET_20240809_10,0
1571,20240809,20240809T22:00:00,20240809T23:00:00,NONE,-1.0,NONE,C1.1,QUIET_20240809_11,0
1572,20240810,20240810T00:00:00,20240810T01:00:00,20240810T01:31:00,31.78,1h,M1.6,FLARE_20240810_0000_M1.6,1
1573,20240810,20240810T02:00:00,20240810T03:00:00,NONE,-1.0,NONE,C2.7,QUIET_20240810_1,0
1574,20240810,20240810T04:00:00,20240810T05:00:00,NONE,-1.0,NONE,C2.4,QUIET_20240810_2,0
1575,20240810,20240810T06:00:00,20240810T07:00:00,NONE,-1.0,NONE,C1.1,QUIET_20240810_3,0
1576,20240810,20240810T08:00:00,20240810T09:00:00,20240810T09:49:00,49.5,1h,M4.5,FLARE_20240810_0800_M4.5,1
1577,20240810,20240810T10:00:00,20240810T11:00:00,NONE,-1.0,NONE,C1.0,QUIET_20240810_5,0
1578,20240810,20240810T12:00:00,20240810T13:00:00,NONE,-1.0,NONE,C1.3,QUIET_20240810_6,0
1579,20240810,20240810T14:00:00,20240810T15:00:00,NONE,-1.0,NONE,C2.6,QUIET_20240810_7,0
1580,20240810,20240810T16:00:00,20240810T17:00:00,20240810T17:18:00,18.3,1h,M6.1,FLARE_20240810_1600_M6.1,1
1581,20240810,20240810T18:00:00,20240810T19:00:00,NONE,-1.0,NONE,C4.2,QUIET_20240810_9,0
1582,20240810,20240810T20:00:00,20240810T21:00:00,NONE,-1.0,NONE,C1.5,QUIET_20240810_10,0
1583,20240810,20240810T22:00:00,20240810T23:00:00,NONE,-1.0,NONE,C4.5,QUIET_20240810_11,0
1584,20240811,20240811T00:00:00,20240811T01:00:00,20240811T01:25:00,25.26,1h,M5.3,FLARE_20240811_0000_M5.3,1
1585,20240811,20240811T02:00:00,20240811T03:00:00,NONE,-1.0,NONE,C3.0,QUIET_20240811_1,0
1586,20240811,20240811T04:00:00,20240811T05:00:00,NONE,-1.0,NONE,C3.0,QUIET_20240811_2,0
1587,20240811,20240811T06:00:00,20240811T07:00:00,NONE,-1.0,NONE,C2.5,QUIET_20240811_3,0
1588,20240811,20240811T08:00:00,20240811T09:00:00,20240811T09:42:00,42.1,1h,M4.3,FLARE_20240811_0800_M4.3,1
1589,20240811,20240811T10:00:00,20240811T11:00:00,NONE,-1.0,NONE,C3.8,QUIET_20240811_5,0
1590,20240811,20240811T12:00:00,20240811T13:00:00,NONE,-1.0,NONE,C4.4,QUIET_20240811_6,0
1591,20240811,20240811T14:00:00,20240811T15:00:00,NONE,-1.0,NONE,C4.0,QUIET_20240811_7,0
1592,20240811,20240811T16:00:00,20240811T17:00:00,20240811T17:18:00,18.67,1h,M1.3,FLARE_20240811_1600_M1.3,1
1593,20240811,20240811T18:00:00,20240811T19:00:00,NONE,-1.0,NONE,C1.1,QUIET_20240811_9,0
1594,20240811,20240811T20:00:00,20240811T21:00:00,NONE,-1.0,NONE,C1.8,QUIET_20240811_10,0
1595,20240811,20240811T22:00:00,20240811T23:00:00,NONE,-1.0,NONE,C3.2,QUIET_20240811_11,0
1596,20240812,20240812T00:00:00,20240812T01:00:00,20240812T01:39:00,39.58,1h,M6.7,FLARE_20240812_0000_M6.7,1
1597,20240812,20240812T02:00:00,20240812T03:00:00,NONE,-1.0,NONE,C1.2,QUIET_20240812_1,0
1598,20240812,20240812T04:00:00,20240812T05:00:00,NONE,-1.0,NONE,C4.7,QUIET_20240812_2,0
1599,20240812,20240812T06:00:00,20240812T07:00:00,NONE,-1.0,NONE,C1.4,QUIET_20240812_3,0
1600,20240812,20240812T08:00:00,20240812T09:00:00,20240812T09:44:00,44.2,1h,M3.3,FLARE_20240812_0800_M3.3,1
1601,20240812,20240812T10:00:00,20240812T11:00:00,NONE,-1.0,NONE,C4.5,QUIET_20240812_5,0
1602,20240812,20240812T12:00:00,20240812T13:00:00,NONE,-1.0,NONE,C1.4,QUIET_20240812_6,0
1603,20240812,20240812T14:00:00,20240812T15:00:00,NONE,-1.0,NONE,C3.0,QUIET_20240812_7,0
1604,20240812,20240812T16:00:00,20240812T17:00:00,20240812T17:38:00,38.75,1h,M6.3,FLARE_20240812_1600_M6.3,1
1605,20240812,20240812T18:00:00,20240812T19:00:00,NONE,-1.0,NONE,C3.8,QUIET_20240812_9,0
1606,20240812,20240812T20:00:00,20240812T21:00:00,NONE,-1.0,NONE,C3.2,QUIET_20240812_10,0
1607,20240812,20240812T22:00:00,20240812T23:00:00,NONE,-1.0,NONE,C4.6,QUIET_20240812_11,0
1608,20240813,20240813T00:00:00,20240813T01:00:00,20240813T01:20:00,20.76,1h,M4.7,FLARE_20240813_0000_M4.7,1
1609,20240813,20240813T02:00:00,20240813T03:00:00,NONE,-1.0,NONE,C4.3,QUIET_20240813_1,0
1610,20240813,20240813T04:00:00,20240813T05:00:00,NONE,-1.0,NONE,C1.3,QUIET_20240813_2,0
1611,20240813,20240813T06:00:00,20240813T07:00:00,NONE,-1.0,NONE,C2.3,QUIET_20240813_3,0
1612,20240813,20240813T08:00:00,20240813T09:00:00,20240813T09:25:00,25.79,1h,M6.8,FLARE_20240813_0800_M6.8,1
1613,20240813,20240813T10:00:00,20240813T11:00:00,NONE,-1.0,NONE,C3.8,QUIET_20240813_5,0
1614,20240813,20240813T12:00:00,20240813T13:00:00,NONE,-1.0,NONE,C3.1,QUIET_20240813_6,0
1615,20240813,20240813T14:00:00,20240813T15:00:00,NONE,-1.0,NONE,C2.8,QUIET_20240813_7,0
1616,20240813,20240813T16:00:00,20240813T17:00:00,20240813T17:47:00,47.33,1h,M5.2,FLARE_20240813_1600_M5.2,1
1617,20240813,20240813T18:00:00,20240813T19:00:00,NONE,-1.0,NONE,C3.0,QUIET_20240813_9,0
1618,20240813,20240813T20:00:00,20240813T21:00:00,NONE,-1.0,NONE,C2.7,QUIET_20240813_10,0
1619,20240813,20240813T22:00:00,20240813T23:00:00,NONE,-1.0,NONE,C2.3,QUIET_20240813_11,0
1620,20240814,20240814T00:00:00,20240814T01:00:00,20240814T01:53:00,53.22,1h,M1.6,FLARE_20240814_0000_M1.6,1
1621,20240814,20240814T02:00:00,20240814T03:00:00,NONE,-1.0,NONE,C4.2,QUIET_20240814_1,0
1622,20240814,20240814T04:00:00,20240814T05:00:00,NONE,-1.0,NONE,C1.1,QUIET_20240814_2,0
1623,20240814,20240814T06:00:00,20240814T07:00:00,NONE,-1.0,NONE,C3.4,QUIET_20240814_3,0
1624,20240814,20240814T08:00:00,20240814T09:00:00,20240814T09:27:00,27.25,1h,M1.4,FLARE_20240814_0800_M1.4,1
1625,20240814,20240814T10:00:00,20240814T11:00:00,NONE,-1.0,NONE,C4.2,QUIET_20240814_5,0
1626,20240814,20240814T12:00:00,20240814T13:00:00,NONE,-1.0,NONE,C2.8,QUIET_20240814_6,0
1627,20240814,20240814T14:00:00,20240814T15:00:00,NONE,-1.0,NONE,C3.2,QUIET_20240814_7,0
1628,20240814,20240814T16:00:00,20240814T17:00:00,20240814T17:30:00,30.29,1h,M6.7,FLARE_20240814_1600_M6.7,1
1629,20240814,20240814T18:00:00,20240814T19:00:00,NONE,-1.0,NONE,C2.0,QUIET_20240814_9,0
1630,20240814,20240814T20:00:00,20240814T21:00:00,NONE,-1.0,NONE,C2.2,QUIET_20240814_10,0
1631,20240814,20240814T22:00:00,20240814T23:00:00,NONE,-1.0,NONE,C1.4,QUIET_20240814_11,0
1632,20240815,20240815T00:00:00,20240815T01:00:00,20240815T01:19:00,19.03,1h,M6.3,FLARE_20240815_0000_M6.3,1
1633,20240815,20240815T02:00:00,20240815T03:00:00,NONE,-1.0,NONE,C2.3,QUIET_20240815_1,0
1634,20240815,20240815T04:00:00,20240815T05:00:00,NONE,-1.0,NONE,C1.3,QUIET_20240815_2,0
1635,20240815,20240815T06:00:00,20240815T07:00:00,NONE,-1.0,NONE,C1.3,QUIET_20240815_3,0
1636,20240815,20240815T08:00:00,20240815T09:00:00,20240815T09:26:00,26.53,1h,M1.8,FLARE_20240815_0800_M1.8,1
1637,20240815,20240815T10:00:00,20240815T11:00:00,NONE,-1.0,NONE,C2.4,QUIET_20240815_5,0
1638,20240815,20240815T12:00:00,20240815T13:00:00,NONE,-1.0,NONE,C2.7,QUIET_20240815_6,0
1639,20240815,20240815T14:00:00,20240815T15:00:00,NONE,-1.0,NONE,C2.6,QUIET_20240815_7,0
1640,20240815,20240815T16:00:00,20240815T17:00:00,20240815T17:34:00,34.39,1h,M3.2,FLARE_20240815_1600_M3.2,1
1641,20240815,20240815T18:00:00,20240815T19:00:00,NONE,-1.0,NONE,C3.5,QUIET_20240815_9,0
1642,20240815,20240815T20:00:00,20240815T21:00:00,NONE,-1.0,NONE,C1.2,QUIET_20240815_10,0
1643,20240815,20240815T22:00:00,20240815T23:00:00,NONE,-1.0,NONE,C2.0,QUIET_20240815_11,0
1644,20240816,20240816T00:00:00,20240816T01:00:00,20240816T01:43:00,43.06,1h,M8.1,FLARE_20240816_0000_M8.1,1
1645,20240816,20240816T02:00:00,20240816T03:00:00,NONE,-1.0,NONE,C1.8,QUIET_20240816_1,0
1646,20240816,20240816T04:00:00,20240816T05:00:00,NONE,-1.0,NONE,C1.7,QUIET_20240816_2,0
1647,20240816,20240816T06:00:00,20240816T07:00:00,NONE,-1.0,NONE,C1.0,QUIET_20240816_3,0
1648,20240816,20240816T08:00:00,20240816T09:00:00,20240816T09:42:00,42.87,1h,M5.4,FLARE_20240816_0800_M5.4,1
1649,20240816,20240816T10:00:00,20240816T11:00:00,NONE,-1.0,NONE,C4.8,QUIET_20240816_5,0
1650,20240816,20240816T12:00:00,20240816T13:00:00,NONE,-1.0,NONE,C4.7,QUIET_20240816_6,0
1651,20240816,20240816T14:00:00,20240816T15:00:00,NONE,-1.0,NONE,C2.8,QUIET_20240816_7,0
1652,20240816,20240816T16:00:00,20240816T17:00:00,20240816T17:41:00,41.38,1h,M7.6,FLARE_20240816_1600_M7.6,1
1653,20240816,20240816T18:00:00,20240816T19:00:00,NONE,-1.0,NONE,C2.6,QUIET_20240816_9,0
1654,20240816,20240816T20:00:00,20240816T21:00:00,NONE,-1.0,NONE,C2.5,QUIET_20240816_10,0
1655,20240816,20240816T22:00:00,20240816T23:00:00,NONE,-1.0,NONE,C3.6,QUIET_20240816_11,0
1656,20240817,20240817T00:00:00,20240817T01:00:00,20240817T01:40:00,40.84,1h,M2.4,FLARE_20240817_0000_M2.4,1
1657,20240817,20240817T02:00:00,20240817T03:00:00,NONE,-1.0,NONE,C2.5,QUIET_20240817_1,0
1658,20240817,20240817T04:00:00,20240817T05:00:00,NONE,-1.0,NONE,C4.6,QUIET_20240817_2,0
1659,20240817,20240817T06:00:00,20240817T07:00:00,NONE,-1.0,NONE,C3.0,QUIET_20240817_3,0
1660,20240817,20240817T08:00:00,20240817T09:00:00,20240817T09:31:00,31.61,1h,M7.7,FLARE_20240817_0800_M7.7,1
1661,20240817,20240817T10:00:00,20240817T11:00:00,NONE,-1.0,NONE,C3.8,QUIET_20240817_5,0
1662,20240817,20240817T12:00:00,20240817T13:00:00,NONE,-1.0,NONE,C3.8,QUIET_20240817_6,0
1663,20240817,20240817T14:00:00,20240817T15:00:00,NONE,-1.0,NONE,C1.1,QUIET_20240817_7,0
1664,20240817,20240817T16:00:00,20240817T17:00:00,20240817T17:56:00,56.82,1h,M4.4,FLARE_20240817_1600_M4.4,1
1665,20240817,20240817T18:00:00,20240817T19:00:00,NONE,-1.0,NONE,C4.3,QUIET_20240817_9,0
1666,20240817,20240817T20:00:00,20240817T21:00:00,NONE,-1.0,NONE,C2.4,QUIET_20240817_10,0
1667,20240817,20240817T22:00:00,20240817T23:00:00,NONE,-1.0,NONE,C4.7,QUIET_20240817_11,0
1668,20240818,20240818T00:00:00,20240818T01:00:00,20240818T01:31:00,31.78,1h,M8.4,FLARE_20240818_0000_M8.4,1
1669,20240818,20240818T02:00:00,20240818T03:00:00,NONE,-1.0,NONE,C3.7,QUIET_20240818_1,0
1670,20240818,20240818T04:00:00,20240818T05:00:00,NONE,-1.0,NONE,C3.4,QUIET_20240818_2,0
1671,20240818,20240818T06:00:00,20240818T07:00:00,NONE,-1.0,NONE,C3.1,QUIET_20240818_3,0
1672,20240818,20240818T08:00:00,20240818T09:00:00,20240818T09:55:00,55.73,1h,M6.6,FLARE_20240818_0800_M6.6,1
1673,20240818,20240818T10:00:00,20240818T11:00:00,NONE,-1.0,NONE,C4.4,QUIET_20240818_5,0
1674,20240818,20240818T12:00:00,20240818T13:00:00,NONE,-1.0,NONE,C4.0,QUIET_20240818_6,0
1675,20240818,20240818T14:00:00,20240818T15:00:00,NONE,-1.0,NONE,C2.4,QUIET_20240818_7,0
1676,20240818,20240818T16:00:00,20240818T17:00:00,20240818T17:30:00,30.33,1h,M1.1,FLARE_20240818_1600_M1.1,1
1677,20240818,20240818T18:00:00,20240818T19:00:00,NONE,-1.0,NONE,C2.6,QUIET_20240818_9,0
1678,20240818,20240818T20:00:00,20240818T21:00:00,NONE,-1.0,NONE,C1.1,QUIET_20240818_10,0
1679,20240818,20240818T22:00:00,20240818T23:00:00,NONE,-1.0,NONE,C1.3,QUIET_20240818_11,0
1680,20240819,20240819T00:00:00,20240819T01:00:00,20240819T01:37:00,37.96,1h,M5.1,FLARE_20240819_0000_M5.1,1
1681,20240819,20240819T02:00:00,20240819T03:00:00,NONE,-1.0,NONE,C4.6,QUIET_20240819_1,0
1682,20240819,20240819T04:00:00,20240819T05:00:00,NONE,-1.0,NONE,C2.4,QUIET_20240819_2,0
1683,20240819,20240819T06:00:00,20240819T07:00:00,NONE,-1.0,NONE,C2.4,QUIET_20240819_3,0
1684,20240819,20240819T08:00:00,20240819T09:00:00,20240819T09:43:00,43.89,1h,M1.0,FLARE_20240819_0800_M1.0,1
1685,20240819,20240819T10:00:00,20240819T11:00:00,NONE,-1.0,NONE,C2.0,QUIET_20240819_5,0
1686,20240819,20240819T12:00:00,20240819T13:00:00,NONE,-1.0,NONE,C3.0,QUIET_20240819_6,0
1687,20240819,20240819T14:00:00,20240819T15:00:00,NONE,-1.0,NONE,C3.0,QUIET_20240819_7,0
1688,20240819,20240819T16:00:00,20240819T17:00:00,20240819T17:36:00,36.11,1h,M8.4,FLARE_20240819_1600_M8.4,1
1689,20240819,20240819T18:00:00,20240819T19:00:00,NONE,-1.0,NONE,C3.3,QUIET_20240819_9,0
1690,20240819,20240819T20:00:00,20240819T21:00:00,NONE,-1.0,NONE,C4.2,QUIET_20240819_10,0
1691,20240819,20240819T22:00:00,20240819T23:00:00,NONE,-1.0,NONE,C3.1,QUIET_20240819_11,0
1692,20240820,20240820T00:00:00,20240820T01:00:00,20240820T01:44:00,44.36,1h,M2.5,FLARE_20240820_0000_M2.5,1
1693,20240820,20240820T02:00:00,20240820T03:00:00,NONE,-1.0,NONE,C3.3,QUIET_20240820_1,0
1694,20240820,20240820T04:00:00,20240820T05:00:00,NONE,-1.0,NONE,C4.7,QUIET_20240820_2,0
1695,20240820,20240820T06:00:00,20240820T07:00:00,NONE,-1.0,NONE,C2.3,QUIET_20240820_3,0
1696,20240820,20240820T08:00:00,20240820T09:00:00,20240820T09:46:00,46.09,1h,M3.5,FLARE_20240820_0800_M3.5,1
1697,20240820,20240820T10:00:00,20240820T11:00:00,NONE,-1.0,NONE,C1.4,QUIET_20240820_5,0
1698,20240820,20240820T12:00:00,20240820T13:00:00,NONE,-1.0,NONE,C3.5,QUIET_20240820_6,0
1699,20240820,20240820T14:00:00,20240820T15:00:00,NONE,-1.0,NONE,C1.7,QUIET_20240820_7,0
1700,20240820,20240820T16:00:00,20240820T17:00:00,20240820T17:21:00,21.65,1h,M1.1,FLARE_20240820_1600_M1.1,1
1701,20240820,20240820T18:00:00,20240820T19:00:00,NONE,-1.0,NONE,C1.8,QUIET_20240820_9,0
1702,20240820,20240820T20:00:00,20240820T21:00:00,NONE,-1.0,NONE,C2.6,QUIET_20240820_10,0
1703,20240820,20240820T22:00:00,20240820T23:00:00,NONE,-1.0,NONE,C1.8,QUIET_20240820_11,0
1704,20240821,20240821T00:00:00,20240821T01:00:00,20240821T01:22:00,22.8,1h,M3.4,FLARE_20240821_0000_M3.4,1
1705,20240821,20240821T02:00:00,20240821T03:00:00,NONE,-1.0,NONE,C1.4,QUIET_20240821_1,0
1706,20240821,20240821T04:00:00,20240821T05:00:00,NONE,-1.0,NONE,C2.6,QUIET_20240821_2,0
1707,20240821,20240821T06:00:00,20240821T07:00:00,NONE,-1.0,NONE,C4.0,QUIET_20240821_3,0
1708,20240821,20240821T08:00:00,20240821T09:00:00,20240821T09:45:00,45.61,1h,M7.6,FLARE_20240821_0800_M7.6,1
1709,20240821,20240821T10:00:00,20240821T11:00:00,NONE,-1.0,NONE,C4.7,QUIET_20240821_5,0
1710,20240821,20240821T12:00:00,20240821T13:00:00,NONE,-1.0,NONE,C3.4,QUIET_20240821_6,0
1711,20240821,20240821T14:00:00,20240821T15:00:00,NONE,-1.0,NONE,C3.2,QUIET_20240821_7,0
1712,20240821,20240821T16:00:00,20240821T17:00:00,20240821T17:19:00,19.47,1h,M2.7,FLARE_20240821_1600_M2.7,1
1713,20240821,20240821T18:00:00,20240821T19:00:00,NONE,-1.0,NONE,C4.8,QUIET_20240821_9,0
1714,20240821,20240821T20:00:00,20240821T21:00:00,NONE,-1.0,NONE,C4.6,QUIET_20240821_10,0
1715,20240821,20240821T22:00:00,20240821T23:00:00,NONE,-1.0,NONE,C1.3,QUIET_20240821_11,0
1716,20240822,20240822T00:00:00,20240822T01:00:00,20240822T01:16:00,16.41,1h,M8.5,FLARE_20240822_0000_M8.5,1
1717,20240822,20240822T02:00:00,20240822T03:00:00,NONE,-1.0,NONE,C2.3,QUIET_20240822_1,0
1718,20240822,20240822T04:00:00,20240822T05:00:00,NONE,-1.0,NONE,C2.8,QUIET_20240822_2,0
1719,20240822,20240822T06:00:00,20240822T07:00:00,NONE,-1.0,NONE,C1.4,QUIET_20240822_3,0
1720,20240822,20240822T08:00:00,20240822T09:00:00,20240822T09:30:00,30.65,1h,M1.5,FLARE_20240822_0800_M1.5,1
1721,20240822,20240822T10:00:00,20240822T11:00:00,NONE,-1.0,NONE,C1.1,QUIET_20240822_5,0
1722,20240822,20240822T12:00:00,20240822T13:00:00,NONE,-1.0,NONE,C2.5,QUIET_20240822_6,0
1723,20240822,20240822T14:00:00,20240822T15:00:00,NONE,-1.0,NONE,C2.3,QUIET_20240822_7,0
1724,20240822,20240822T16:00:00,20240822T17:00:00,20240822T17:44:00,44.49,1h,M3.8,FLARE_20240822_1600_M3.8,1
1725,20240822,20240822T18:00:00,20240822T19:00:00,NONE,-1.0,NONE,C3.1,QUIET_20240822_9,0
1726,20240822,20240822T20:00:00,20240822T21:00:00,NONE,-1.0,NONE,C4.1,QUIET_20240822_10,0
1727,20240822,20240822T22:00:00,20240822T23:00:00,NONE,-1.0,NONE,C2.7,QUIET_20240822_11,0
1728,20240823,20240823T00:00:00,20240823T01:00:00,20240823T01:36:00,36.72,1h,M2.6,FLARE_20240823_0000_M2.6,1
1729,20240823,20240823T02:00:00,20240823T03:00:00,NONE,-1.0,NONE,C4.0,QUIET_20240823_1,0
1730,20240823,20240823T04:00:00,20240823T05:00:00,NONE,-1.0,NONE,C3.4,QUIET_20240823_2,0
1731,20240823,20240823T06:00:00,20240823T07:00:00,NONE,-1.0,NONE,C3.2,QUIET_20240823_3,0
1732,20240823,20240823T08:00:00,20240823T09:00:00,20240823T09:15:00,15.08,1h,M4.1,FLARE_20240823_0800_M4.1,1
1733,20240823,20240823T10:00:00,20240823T11:00:00,NONE,-1.0,NONE,C4.2,QUIET_20240823_5,0
1734,20240823,20240823T12:00:00,20240823T13:00:00,NONE,-1.0,NONE,C3.5,QUIET_20240823_6,0
1735,20240823,20240823T14:00:00,20240823T15:00:00,NONE,-1.0,NONE,C4.7,QUIET_20240823_7,0
1736,20240823,20240823T16:00:00,20240823T17:00:00,20240823T17:43:00,43.6,1h,M6.4,FLARE_20240823_1600_M6.4,1
1737,20240823,20240823T18:00:00,20240823T19:00:00,NONE,-1.0,NONE,C3.3,QUIET_20240823_9,0
1738,20240823,20240823T20:00:00,20240823T21:00:00,NONE,-1.0,NONE,C3.3,QUIET_20240823_10,0
1739,20240823,20240823T22:00:00,20240823T23:00:00,NONE,-1.0,NONE,C3.2,QUIET_20240823_11,0
1740,20240824,20240824T00:00:00,20240824T01:00:00,20240824T01:56:00,56.53,1h,M8.0,FLARE_20240824_0000_M8.0,1
1741,20240824,20240824T02:00:00,20240824T03:00:00,NONE,-1.0,NONE,C4.0,QUIET_20240824_1,0
1742,20240824,20240824T04:00:00,20240824T05:00:00,NONE,-1.0,NONE,C4.3,QUIET_20240824_2,0
1743,20240824,20240824T06:00:00,20240824T07:00:00,NONE,-1.0,NONE,C4.2,QUIET_20240824_3,0
1744,20240824,20240824T08:00:00,20240824T09:00:00,20240824T09:40:00,40.22,1h,M6.0,FLARE_20240824_0800_M6.0,1
1745,20240824,20240824T10:00:00,20240824T11:00:00,NONE,-1.0,NONE,C3.4,QUIET_20240824_5,0
1746,20240824,20240824T12:00:00,20240824T13:00:00,NONE,-1.0,NONE,C2.2,QUIET_20240824_6,0
1747,20240824,20240824T14:00:00,20240824T15:00:00,NONE,-1.0,NONE,C1.4,QUIET_20240824_7,0
1748,20240824,20240824T16:00:00,20240824T17:00:00,20240824T17:51:00,51.31,1h,M6.5,FLARE_20240824_1600_M6.5,1
1749,20240824,20240824T18:00:00,20240824T19:00:00,NONE,-1.0,NONE,C4.8,QUIET_20240824_9,0
1750,20240824,20240824T20:00:00,20240824T21:00:00,NONE,-1.0,NONE,C2.1,QUIET_20240824_10,0
1751,20240824,20240824T22:00:00,20240824T23:00:00,NONE,-1.0,NONE,C2.1,QUIET_20240824_11,0
1752,20240825,20240825T00:00:00,20240825T01:00:00,20240825T01:26:00,26.33,1h,M8.1,FLARE_20240825_0000_M8.1,1
1753,20240825,20240825T02:00:00,20240825T03:00:00,NONE,-1.0,NONE,C1.4,QUIET_20240825_1,0
1754,20240825,20240825T04:00:00,20240825T05:00:00,NONE,-1.0,NONE,C4.8,QUIET_20240825_2,0
1755,20240825,20240825T06:00:00,20240825T07:00:00,NONE,-1.0,NONE,C1.5,QUIET_20240825_3,0
1756,20240825,20240825T08:00:00,20240825T09:00:00,20240825T09:54:00,54.46,1h,M5.0,FLARE_20240825_0800_M5.0,1
1757,20240825,20240825T10:00:00,20240825T11:00:00,NONE,-1.0,NONE,C2.3,QUIET_20240825_5,0
1758,20240825,20240825T12:00:00,20240825T13:00:00,NONE,-1.0,NONE,C1.0,QUIET_20240825_6,0
1759,20240825,20240825T14:00:00,20240825T15:00:00,NONE,-1.0,NONE,C1.4,QUIET_20240825_7,0
1760,20240825,20240825T16:00:00,20240825T17:00:00,20240825T17:21:00,21.67,1h,M1.2,FLARE_20240825_1600_M1.2,1
1761,20240825,20240825T18:00:00,20240825T19:00:00,NONE,-1.0,NONE,C3.5,QUIET_20240825_9,0
1762,20240825,20240825T20:00:00,20240825T21:00:00,NONE,-1.0,NONE,C2.8,QUIET_20240825_10,0
1763,20240825,20240825T22:00:00,20240825T23:00:00,NONE,-1.0,NONE,C3.2,QUIET_20240825_11,0
1764,20240826,20240826T00:00:00,20240826T01:00:00,20240826T01:43:00,43.17,1h,M8.2,FLARE_20240826_0000_M8.2,1
1765,20240826,20240826T02:00:00,20240826T03:00:00,NONE,-1.0,NONE,C1.1,QUIET_20240826_1,0
1766,20240826,20240826T04:00:00,20240826T05:00:00,NONE,-1.0,NONE,C4.3,QUIET_20240826_2,0
1767,20240826,20240826T06:00:00,20240826T07:00:00,NONE,-1.0,NONE,C4.8,QUIET_20240826_3,0
1768,20240826,20240826T08:00:00,20240826T09:00:00,20240826T09:45:00,45.86,1h,M6.4,FLARE_20240826_0800_M6.4,1
1769,20240826,20240826T10:00:00,20240826T11:00:00,NONE,-1.0,NONE,C1.7,QUIET_20240826_5,0
1770,20240826,20240826T12:00:00,20240826T13:00:00,NONE,-1.0,NONE,C3.6,QUIET_20240826_6,0
1771,20240826,20240826T14:00:00,20240826T15:00:00,NONE,-1.0,NONE,C3.8,QUIET_20240826_7,0
1772,20240826,20240826T16:00:00,20240826T17:00:00,20240826T17:39:00,39.08,1h,M3.8,FLARE_20240826_1600_M3.8,1
1773,20240826,20240826T18:00:00,20240826T19:00:00,NONE,-1.0,NONE,C4.2,QUIET_20240826_9,0
1774,20240826,20240826T20:00:00,20240826T21:00:00,NONE,-1.0,NONE,C3.1,QUIET_20240826_10,0
1775,20240826,20240826T22:00:00,20240826T23:00:00,NONE,-1.0,NONE,C4.6,QUIET_20240826_11,0
1776,20240827,20240827T00:00:00,20240827T01:00:00,20240827T01:39:00,39.82,1h,M6.2,FLARE_20240827_0000_M6.2,1
1777,20240827,20240827T02:00:00,20240827T03:00:00,NONE,-1.0,NONE,C2.4,QUIET_20240827_1,0
1778,20240827,20240827T04:00:00,20240827T05:00:00,NONE,-1.0,NONE,C1.4,QUIET_20240827_2,0
1779,20240827,20240827T06:00:00,20240827T07:00:00,NONE,-1.0,NONE,C3.7,QUIET_20240827_3,0
1780,20240827,20240827T08:00:00,20240827T09:00:00,20240827T09:19:00,19.87,1h,M2.5,FLARE_20240827_0800_M2.5,1
1781,20240827,20240827T10:00:00,20240827T11:00:00,NONE,-1.0,NONE,C3.5,QUIET_20240827_5,0
1782,20240827,20240827T12:00:00,20240827T13:00:00,NONE,-1.0,NONE,C2.7,QUIET_20240827_6,0
1783,20240827,20240827T14:00:00,20240827T15:00:00,NONE,-1.0,NONE,C2.7,QUIET_20240827_7,0
1784,20240827,20240827T16:00:00,20240827T17:00:00,20240827T17:28:00,28.87,1h,M2.6,FLARE_20240827_1600_M2.6,1
1785,20240827,20240827T18:00:00,20240827T19:00:00,NONE,-1.0,NONE,C1.6,QUIET_20240827_9,0
1786,20240827,20240827T20:00:00,20240827T21:00:00,NONE,-1.0,NONE,C2.8,QUIET_20240827_10,0
1787,20240827,20240827T22:00:00,20240827T23:00:00,NONE,-1.0,NONE,C1.1,QUIET_20240827_11,0
1788,20240828,20240828T00:00:00,20240828T01:00:00,20240828T01:50:00,50.8,1h,M1.1,FLARE_20240828_0000_M1.1,1
1789,20240828,20240828T02:00:00,20240828T03:00:00,NONE,-1.0,NONE,C1.5,QUIET_20240828_1,0
1790,20240828,20240828T04:00:00,20240828T05:00:00,NONE,-1.0,NONE,C2.5,QUIET_20240828_2,0
1791,20240828,20240828T06:00:00,20240828T07:00:00,NONE,-1.0,NONE,C4.5,QUIET_20240828_3,0
1792,20240828,20240828T08:00:00,20240828T09:00:00,20240828T09:58:00,58.43,1h,M4.8,FLARE_20240828_0800_M4.8,1
1793,20240828,20240828T10:00:00,20240828T11:00:00,NONE,-1.0,NONE,C3.8,QUIET_20240828_5,0
1794,20240828,20240828T12:00:00,20240828T13:00:00,NONE,-1.0,NONE,C3.1,QUIET_20240828_6,0
1795,20240828,20240828T14:00:00,20240828T15:00:00,NONE,-1.0,NONE,C3.5,QUIET_20240828_7,0
1796,20240828,20240828T16:00:00,20240828T17:00:00,20240828T17:31:00,31.8,1h,M3.8,FLARE_20240828_1600_M3.8,1
1797,20240828,20240828T18:00:00,20240828T19:00:00,NONE,-1.0,NONE,C1.7,QUIET_20240828_9,0
1798,20240828,20240828T20:00:00,20240828T21:00:00,NONE,-1.0,NONE,C2.4,QUIET_20240828_10,0
1799,20240828,20240828T22:00:00,20240828T23:00:00,NONE,-1.0,NONE,C3.7,QUIET_20240828_11,0
1800,20240829,20240829T00:00:00,20240829T01:00:00,20240829T01:41:00,41.45,1h,M2.3,FLARE_20240829_0000_M2.3,1
1801,20240829,20240829T02:00:00,20240829T03:00:00,NONE,-1.0,NONE,C3.2,QUIET_20240829_1,0
1802,20240829,20240829T04:00:00,20240829T05:00:00,NONE,-1.0,NONE,C1.6,QUIET_20240829_2,0
1803,20240829,20240829T06:00:00,20240829T07:00:00,NONE,-1.0,NONE,C2.5,QUIET_20240829_3,0
1804,20240829,20240829T08:00:00,20240829T09:00:00,20240829T09:22:00,22.28,1h,M5.5,FLARE_20240829_0800_M5.5,1
1805,20240829,20240829T10:00:00,20240829T11:00:00,NONE,-1.0,NONE,C3.0,QUIET_20240829_5,0
1806,20240829,20240829T12:00:00,20240829T13:00:00,NONE,-1.0,NONE,C1.3,QUIET_20240829_6,0
1807,20240829,20240829T14:00:00,20240829T15:00:00,NONE,-1.0,NONE,C2.2,QUIET_20240829_7,0
1808,20240829,20240829T16:00:00,20240829T17:00:00,20240829T17:21:00,21.43,1h,M5.0,FLARE_20240829_1600_M5.0,1
1809,20240829,20240829T18:00:00,20240829T19:00:00,NONE,-1.0,NONE,C1.3,QUIET_20240829_9,0
1810,20240829,20240829T20:00:00,20240829T21:00:00,NONE,-1.0,NONE,C1.5,QUIET_20240829_10,0
1811,20240829,20240829T22:00:00,20240829T23:00:00,NONE,-1.0,NONE,C3.4,QUIET_20240829_11,0
1812,20240830,20240830T00:00:00,20240830T01:00:00,20240830T01:17:00,17.36,1h,M5.5,FLARE_20240830_0000_M5.5,1
1813,20240830,20240830T02:00:00,20240830T03:00:00,NONE,-1.0,NONE,C4.0,QUIET_20240830_1,0
1814,20240830,20240830T04:00:00,20240830T05:00:00,NONE,-1.0,NONE,C3.1,QUIET_20240830_2,0
1815,20240830,20240830T06:00:00,20240830T07:00:00,NONE,-1.0,NONE,C3.5,QUIET_20240830_3,0
1816,20240830,20240830T08:00:00,20240830T09:00:00,20240830T09:38:00,38.77,1h,M1.1,FLARE_20240830_0800_M1.1,1
1817,20240830,20240830T10:00:00,20240830T11:00:00,NONE,-1.0,NONE,C4.8,QUIET_20240830_5,0
1818,20240830,20240830T12:00:00,20240830T13:00:00,NONE,-1.0,NONE,C4.3,QUIET_20240830_6,0
1819,20240830,20240830T14:00:00,20240830T15:00:00,NONE,-1.0,NONE,C2.0,QUIET_20240830_7,0
1820,20240830,20240830T16:00:00,20240830T17:00:00,20240830T17:18:00,18.97,1h,M1.7,FLARE_20240830_1600_M1.7,1
1821,20240830,20240830T18:00:00,20240830T19:00:00,NONE,-1.0,NONE,C4.4,QUIET_20240830_9,0
1822,20240830,20240830T20:00:00,20240830T21:00:00,NONE,-1.0,NONE,C1.1,QUIET_20240830_10,0
1823,20240830,20240830T22:00:00,20240830T23:00:00,NONE,-1.0,NONE,C2.2,QUIET_20240830_11,0
1824,20240831,20240831T00:00:00,20240831T01:00:00,20240831T01:30:00,30.33,1h,M4.5,FLARE_20240831_0000_M4.5,1
1825,20240831,20240831T02:00:00,20240831T03:00:00,NONE,-1.0,NONE,C2.3,QUIET_20240831_1,0
1826,20240831,20240831T04:00:00,20240831T05:00:00,NONE,-1.0,NONE,C2.2,QUIET_20240831_2,0
1827,20240831,20240831T06:00:00,20240831T07:00:00,NONE,-1.0,NONE,C2.8,QUIET_20240831_3,0
1828,20240831,20240831T08:00:00,20240831T09:00:00,20240831T09:34:00,34.53,1h,M2.7,FLARE_20240831_0800_M2.7,1
1829,20240831,20240831T10:00:00,20240831T11:00:00,NONE,-1.0,NONE,C2.7,QUIET_20240831_5,0
1830,20240831,20240831T12:00:00,20240831T13:00:00,NONE,-1.0,NONE,C1.7,QUIET_20240831_6,0
1831,20240831,20240831T14:00:00,20240831T15:00:00,NONE,-1.0,NONE,C1.0,QUIET_20240831_7,0
1832,20240831,20240831T16:00:00,20240831T17:00:00,20240831T17:47:00,47.22,1h,M5.8,FLARE_20240831_1600_M5.8,1
1833,20240831,20240831T18:00:00,20240831T19:00:00,NONE,-1.0,NONE,C1.5,QUIET_20240831_9,0
1834,20240831,20240831T20:00:00,20240831T21:00:00,NONE,-1.0,NONE,C1.3,QUIET_20240831_10,0
1835,20240831,20240831T22:00:00,20240831T23:00:00,NONE,-1.0,NONE,C4.7,QUIET_20240831_11,0
1836,20240901,20240901T00:00:00,20240901T01:00:00,20240901T01:15:00,15.11,1h,M6.8,FLARE_20240901_0000_M6.8,1
1837,20240901,20240901T02:00:00,20240901T03:00:00,NONE,-1.0,NONE,C3.5,QUIET_20240901_1,0
1838,20240901,20240901T04:00:00,20240901T05:00:00,NONE,-1.0,NONE,C1.0,QUIET_20240901_2,0
1839,20240901,20240901T06:00:00,20240901T07:00:00,NONE,-1.0,NONE,C4.1,QUIET_20240901_3,0
1840,20240901,20240901T08:00:00,20240901T09:00:00,20240901T09:20:00,20.1,1h,M1.7,FLARE_20240901_0800_M1.7,1
1841,20240901,20240901T10:00:00,20240901T11:00:00,NONE,-1.0,NONE,C1.7,QUIET_20240901_5,0
1842,20240901,20240901T12:00:00,20240901T13:00:00,NONE,-1.0,NONE,C2.0,QUIET_20240901_6,0
1843,20240901,20240901T14:00:00,20240901T15:00:00,NONE,-1.0,NONE,C1.5,QUIET_20240901_7,0
1844,20240901,20240901T16:00:00,20240901T17:00:00,20240901T17:50:00,50.58,1h,M7.6,FLARE_20240901_1600_M7.6,1
1845,20240901,20240901T18:00:00,20240901T19:00:00,NONE,-1.0,NONE,C2.7,QUIET_20240901_9,0
1846,20240901,20240901T20:00:00,20240901T21:00:00,NONE,-1.0,NONE,C3.3,QUIET_20240901_10,0
1847,20240901,20240901T22:00:00,20240901T23:00:00,NONE,-1.0,NONE,C2.1,QUIET_20240901_11,0
1848,20240902,20240902T00:00:00,20240902T01:00:00,20240902T01:34:00,34.45,1h,M1.6,FLARE_20240902_0000_M1.6,1
1849,20240902,20240902T02:00:00,20240902T03:00:00,NONE,-1.0,NONE,C2.1,QUIET_20240902_1,0
1850,20240902,20240902T04:00:00,20240902T05:00:00,NONE,-1.0,NONE,C2.2,QUIET_20240902_2,0
1851,20240902,20240902T06:00:00,20240902T07:00:00,NONE,-1.0,NONE,C4.3,QUIET_20240902_3,0
1852,20240902,20240902T08:00:00,20240902T09:00:00,20240902T09:16:00,16.39,1h,M6.6,FLARE_20240902_0800_M6.6,1
1853,20240902,20240902T10:00:00,20240902T11:00:00,NONE,-1.0,NONE,C3.7,QUIET_20240902_5,0
1854,20240902,20240902T12:00:00,20240902T13:00:00,NONE,-1.0,NONE,C1.5,QUIET_20240902_6,0
1855,20240902,20240902T14:00:00,20240902T15:00:00,NONE,-1.0,NONE,C2.4,QUIET_20240902_7,0
1856,20240902,20240902T16:00:00,20240902T17:00:00,20240902T17:17:00,17.47,1h,M2.3,FLARE_20240902_1600_M2.3,1
1857,20240902,20240902T18:00:00,20240902T19:00:00,NONE,-1.0,NONE,C3.2,QUIET_20240902_9,0
1858,20240902,20240902T20:00:00,20240902T21:00:00,NONE,-1.0,NONE,C2.8,QUIET_20240902_10,0
1859,20240902,20240902T22:00:00,20240902T23:00:00,NONE,-1.0,NONE,C1.2,QUIET_20240902_11,0
1860,20240903,20240903T00:00:00,20240903T01:00:00,20240903T01:19:00,19.0,1h,M3.8,FLARE_20240903_0000_M3.8,1
1861,20240903,20240903T02:00:00,20240903T03:00:00,NONE,-1.0,NONE,C4.4,QUIET_20240903_1,0
1862,20240903,20240903T04:00:00,20240903T05:00:00,NONE,-1.0,NONE,C1.2,QUIET_20240903_2,0
1863,20240903,20240903T06:00:00,20240903T07:00:00,NONE,-1.0,NONE,C4.1,QUIET_20240903_3,0
1864,20240903,20240903T08:00:00,20240903T09:00:00,20240903T09:40:00,40.41,1h,M2.5,FLARE_20240903_0800_M2.5,1
1865,20240903,20240903T10:00:00,20240903T11:00:00,NONE,-1.0,NONE,C3.4,QUIET_20240903_5,0
1866,20240903,20240903T12:00:00,20240903T13:00:00,NONE,-1.0,NONE,C2.0,QUIET_20240903_6,0
1867,20240903,20240903T14:00:00,20240903T15:00:00,NONE,-1.0,NONE,C3.5,QUIET_20240903_7,0
1868,20240903,20240903T16:00:00,20240903T17:00:00,20240903T17:44:00,44.68,1h,M7.0,FLARE_20240903_1600_M7.0,1
1869,20240903,20240903T18:00:00,20240903T19:00:00,NONE,-1.0,NONE,C1.0,QUIET_20240903_9,0
1870,20240903,20240903T20:00:00,20240903T21:00:00,NONE,-1.0,NONE,C1.0,QUIET_20240903_10,0
1871,20240903,20240903T22:00:00,20240903T23:00:00,NONE,-1.0,NONE,C2.8,QUIET_20240903_11,0
1872,20240904,20240904T00:00:00,20240904T01:00:00,20240904T01:28:00,28.51,1h,M2.8,FLARE_20240904_0000_M2.8,1
1873,20240904,20240904T02:00:00,20240904T03:00:00,NONE,-1.0,NONE,C2.4,QUIET_20240904_1,0
1874,20240904,20240904T04:00:00,20240904T05:00:00,NONE,-1.0,NONE,C2.6,QUIET_20240904_2,0
1875,20240904,20240904T06:00:00,20240904T07:00:00,NONE,-1.0,NONE,C4.2,QUIET_20240904_3,0
1876,20240904,20240904T08:00:00,20240904T09:00:00,20240904T09:26:00,26.85,1h,M6.5,FLARE_20240904_0800_M6.5,1
1877,20240904,20240904T10:00:00,20240904T11:00:00,NONE,-1.0,NONE,C1.3,QUIET_20240904_5,0
1878,20240904,20240904T12:00:00,20240904T13:00:00,NONE,-1.0,NONE,C1.4,QUIET_20240904_6,0
1879,20240904,20240904T14:00:00,20240904T15:00:00,NONE,-1.0,NONE,C1.0,QUIET_20240904_7,0
1880,20240904,20240904T16:00:00,20240904T17:00:00,20240904T17:41:00,41.98,1h,M2.1,FLARE_20240904_1600_M2.1,1
1881,20240904,20240904T18:00:00,20240904T19:00:00,NONE,-1.0,NONE,C1.3,QUIET_20240904_9,0
1882,20240904,20240904T20:00:00,20240904T21:00:00,NONE,-1.0,NONE,C4.6,QUIET_20240904_10,0
1883,20240904,20240904T22:00:00,20240904T23:00:00,NONE,-1.0,NONE,C2.0,QUIET_20240904_11,0
1884,20240905,20240905T00:00:00,20240905T01:00:00,20240905T01:45:00,45.55,1h,M2.7,FLARE_20240905_0000_M2.7,1
1885,20240905,20240905T02:00:00,20240905T03:00:00,NONE,-1.0,NONE,C2.3,QUIET_20240905_1,0
1886,20240905,20240905T04:00:00,20240905T05:00:00,NONE,-1.0,NONE,C2.4,QUIET_20240905_2,0
1887,20240905,20240905T06:00:00,20240905T07:00:00,NONE,-1.0,NONE,C4.0,QUIET_20240905_3,0
1888,20240905,20240905T08:00:00,20240905T09:00:00,20240905T09:53:00,53.7,1h,M1.4,FLARE_20240905_0800_M1.4,1
1889,20240905,20240905T10:00:00,20240905T11:00:00,NONE,-1.0,NONE,C2.4,QUIET_20240905_5,0
1890,20240905,20240905T12:00:00,20240905T13:00:00,NONE,-1.0,NONE,C4.2,QUIET_20240905_6,0
1891,20240905,20240905T14:00:00,20240905T15:00:00,NONE,-1.0,NONE,C3.2,QUIET_20240905_7,0
1892,20240905,20240905T16:00:00,20240905T17:00:00,20240905T17:33:00,33.9,1h,M1.3,FLARE_20240905_1600_M1.3,1
1893,20240905,20240905T18:00:00,20240905T19:00:00,NONE,-1.0,NONE,C4.4,QUIET_20240905_9,0
1894,20240905,20240905T20:00:00,20240905T21:00:00,NONE,-1.0,NONE,C3.8,QUIET_20240905_10,0
1895,20240905,20240905T22:00:00,20240905T23:00:00,NONE,-1.0,NONE,C1.2,QUIET_20240905_11,0
1896,20240906,20240906T00:00:00,20240906T01:00:00,20240906T01:16:00,16.88,1h,M2.5,FLARE_20240906_0000_M2.5,1
1897,20240906,20240906T02:00:00,20240906T03:00:00,NONE,-1.0,NONE,C1.0,QUIET_20240906_1,0
1898,20240906,20240906T04:00:00,20240906T05:00:00,NONE,-1.0,NONE,C3.0,QUIET_20240906_2,0
1899,20240906,20240906T06:00:00,20240906T07:00:00,NONE,-1.0,NONE,C2.0,QUIET_20240906_3,0
1900,20240906,20240906T08:00:00,20240906T09:00:00,20240906T09:19:00,19.27,1h,M7.1,FLARE_20240906_0800_M7.1,1
1901,20240906,20240906T10:00:00,20240906T11:00:00,NONE,-1.0,NONE,C4.1,QUIET_20240906_5,0
1902,20240906,20240906T12:00:00,20240906T13:00:00,NONE,-1.0,NONE,C4.8,QUIET_20240906_6,0
1903,20240906,20240906T14:00:00,20240906T15:00:00,NONE,-1.0,NONE,C1.3,QUIET_20240906_7,0
1904,20240906,20240906T16:00:00,20240906T17:00:00,20240906T17:38:00,38.18,1h,M3.0,FLARE_20240906_1600_M3.0,1
1905,20240906,20240906T18:00:00,20240906T19:00:00,NONE,-1.0,NONE,C1.3,QUIET_20240906_9,0
1906,20240906,20240906T20:00:00,20240906T21:00:00,NONE,-1.0,NONE,C4.0,QUIET_20240906_10,0
1907,20240906,20240906T22:00:00,20240906T23:00:00,NONE,-1.0,NONE,C3.7,QUIET_20240906_11,0
1908,20240907,20240907T00:00:00,20240907T01:00:00,20240907T01:46:00,46.31,1h,M8.1,FLARE_20240907_0000_M8.1,1
1909,20240907,20240907T02:00:00,20240907T03:00:00,NONE,-1.0,NONE,C4.1,QUIET_20240907_1,0
1910,20240907,20240907T04:00:00,20240907T05:00:00,NONE,-1.0,NONE,C3.5,QUIET_20240907_2,0
1911,20240907,20240907T06:00:00,20240907T07:00:00,NONE,-1.0,NONE,C3.2,QUIET_20240907_3,0
1912,20240907,20240907T08:00:00,20240907T09:00:00,20240907T09:46:00,46.58,1h,M4.6,FLARE_20240907_0800_M4.6,1
1913,20240907,20240907T10:00:00,20240907T11:00:00,NONE,-1.0,NONE,C3.1,QUIET_20240907_5,0
1914,20240907,20240907T12:00:00,20240907T13:00:00,NONE,-1.0,NONE,C4.2,QUIET_20240907_6,0
1915,20240907,20240907T14:00:00,20240907T15:00:00,NONE,-1.0,NONE,C3.3,QUIET_20240907_7,0
1916,20240907,20240907T16:00:00,20240907T17:00:00,20240907T17:39:00,39.6,1h,M5.5,FLARE_20240907_1600_M5.5,1
1917,20240907,20240907T18:00:00,20240907T19:00:00,NONE,-1.0,NONE,C1.3,QUIET_20240907_9,0
1918,20240907,20240907T20:00:00,20240907T21:00:00,NONE,-1.0,NONE,C1.6,QUIET_20240907_10,0
1919,20240907,20240907T22:00:00,20240907T23:00:00,NONE,-1.0,NONE,C2.7,QUIET_20240907_11,0
1920,20240908,20240908T00:00:00,20240908T01:00:00,20240908T01:46:00,46.14,1h,M1.5,FLARE_20240908_0000_M1.5,1
1921,20240908,20240908T02:00:00,20240908T03:00:00,NONE,-1.0,NONE,C2.4,QUIET_20240908_1,0
1922,20240908,20240908T04:00:00,20240908T05:00:00,NONE,-1.0,NONE,C3.5,QUIET_20240908_2,0
1923,20240908,20240908T06:00:00,20240908T07:00:00,NONE,-1.0,NONE,C2.0,QUIET_20240908_3,0
1924,20240908,20240908T08:00:00,20240908T09:00:00,20240908T09:17:00,17.88,1h,M6.8,FLARE_20240908_0800_M6.8,1
1925,20240908,20240908T10:00:00,20240908T11:00:00,NONE,-1.0,NONE,C4.5,QUIET_20240908_5,0
1926,20240908,20240908T12:00:00,20240908T13:00:00,NONE,-1.0,NONE,C2.1,QUIET_20240908_6,0
1927,20240908,20240908T14:00:00,20240908T15:00:00,NONE,-1.0,NONE,C3.7,QUIET_20240908_7,0
1928,20240908,20240908T16:00:00,20240908T17:00:00,20240908T17:28:00,28.63,1h,M3.3,FLARE_20240908_1600_M3.3,1
1929,20240908,20240908T18:00:00,20240908T19:00:00,NONE,-1.0,NONE,C4.6,QUIET_20240908_9,0
1930,20240908,20240908T20:00:00,20240908T21:00:00,NONE,-1.0,NONE,C3.5,QUIET_20240908_10,0
1931,20240908,20240908T22:00:00,20240908T23:00:00,NONE,-1.0,NONE,C2.2,QUIET_20240908_11,0
1932,20240909,20240909T00:00:00,20240909T01:00:00,20240909T01:18:00,18.25,1h,M4.3,FLARE_20240909_0000_M4.3,1
1933,20240909,20240909T02:00:00,20240909T03:00:00,NONE,-1.0,NONE,C4.7,QUIET_20240909_1,0
1934,20240909,20240909T04:00:00,20240909T05:00:00,NONE,-1.0,NONE,C4.4,QUIET_20240909_2,0
1935,20240909,20240909T06:00:00,20240909T07:00:00,NONE,-1.0,NONE,C3.7,QUIET_20240909_3,0
1936,20240909,20240909T08:00:00,20240909T09:00:00,20240909T09:15:00,15.63,1h,M5.2,FLARE_20240909_0800_M5.2,1
1937,20240909,20240909T10:00:00,20240909T11:00:00,NONE,-1.0,NONE,C2.2,QUIET_20240909_5,0
1938,20240909,20240909T12:00:00,20240909T13:00:00,NONE,-1.0,NONE,C3.7,QUIET_20240909_6,0
1939,20240909,20240909T14:00:00,20240909T15:00:00,NONE,-1.0,NONE,C1.0,QUIET_20240909_7,0
1940,20240909,20240909T16:00:00,20240909T17:00:00,20240909T17:39:00,39.97,1h,M3.4,FLARE_20240909_1600_M3.4,1
1941,20240909,20240909T18:00:00,20240909T19:00:00,NONE,-1.0,NONE,C4.1,QUIET_20240909_9,0
1942,20240909,20240909T20:00:00,20240909T21:00:00,NONE,-1.0,NONE,C4.6,QUIET_20240909_10,0
1943,20240909,20240909T22:00:00,20240909T23:00:00,NONE,-1.0,NONE,C1.1,QUIET_20240909_11,0
1944,20240910,20240910T00:00:00,20240910T01:00:00,20240910T01:25:00,25.17,1h,M4.2,FLARE_20240910_0000_M4.2,1
1945,20240910,20240910T02:00:00,20240910T03:00:00,NONE,-1.0,NONE,C3.2,QUIET_20240910_1,0
1946,20240910,20240910T04:00:00,20240910T05:00:00,NONE,-1.0,NONE,C2.3,QUIET_20240910_2,0
1947,20240910,20240910T06:00:00,20240910T07:00:00,NONE,-1.0,NONE,C4.0,QUIET_20240910_3,0
1948,20240910,20240910T08:00:00,20240910T09:00:00,20240910T09:33:00,33.02,1h,M2.2,FLARE_20240910_0800_M2.2,1
1949,20240910,20240910T10:00:00,20240910T11:00:00,NONE,-1.0,NONE,C2.0,QUIET_20240910_5,0
1950,20240910,20240910T12:00:00,20240910T13:00:00,NONE,-1.0,NONE,C2.1,QUIET_20240910_6,0
1951,20240910,20240910T14:00:00,20240910T15:00:00,NONE,-1.0,NONE,C2.8,QUIET_20240910_7,0
1952,20240910,20240910T16:00:00,20240910T17:00:00,20240910T17:32:00,32.54,1h,M7.8,FLARE_20240910_1600_M7.8,1
1953,20240910,20240910T18:00:00,20240910T19:00:00,NONE,-1.0,NONE,C1.3,QUIET_20240910_9,0
1954,20240910,20240910T20:00:00,20240910T21:00:00,NONE,-1.0,NONE,C2.4,QUIET_20240910_10,0
1955,20240910,20240910T22:00:00,20240910T23:00:00,NONE,-1.0,NONE,C1.7,QUIET_20240910_11,0
1956,20240911,20240911T00:00:00,20240911T01:00:00,20240911T01:47:00,47.85,1h,M8.2,FLARE_20240911_0000_M8.2,1
1957,20240911,20240911T02:00:00,20240911T03:00:00,NONE,-1.0,NONE,C1.5,QUIET_20240911_1,0
1958,20240911,20240911T04:00:00,20240911T05:00:00,NONE,-1.0,NONE,C2.4,QUIET_20240911_2,0
1959,20240911,20240911T06:00:00,20240911T07:00:00,NONE,-1.0,NONE,C1.5,QUIET_20240911_3,0
1960,20240911,20240911T08:00:00,20240911T09:00:00,20240911T09:30:00,30.45,1h,M4.0,FLARE_20240911_0800_M4.0,1
1961,20240911,20240911T10:00:00,20240911T11:00:00,NONE,-1.0,NONE,C4.7,QUIET_20240911_5,0
1962,20240911,20240911T12:00:00,20240911T13:00:00,NONE,-1.0,NONE,C2.3,QUIET_20240911_6,0
1963,20240911,20240911T14:00:00,20240911T15:00:00,NONE,-1.0,NONE,C1.7,QUIET_20240911_7,0
1964,20240911,20240911T16:00:00,20240911T17:00:00,20240911T17:31:00,31.1,1h,M7.6,FLARE_20240911_1600_M7.6,1
1965,20240911,20240911T18:00:00,20240911T19:00:00,NONE,-1.0,NONE,C1.8,QUIET_20240911_9,0
1966,20240911,20240911T20:00:00,20240911T21:00:00,NONE,-1.0,NONE,C3.5,QUIET_20240911_10,0
1967,20240911,20240911T22:00:00,20240911T23:00:00,NONE,-1.0,NONE,C1.7,QUIET_20240911_11,0
1968,20240912,20240912T00:00:00,20240912T01:00:00,20240912T01:47:00,47.07,1h,M8.8,FLARE_20240912_0000_M8.8,1
1969,20240912,20240912T02:00:00,20240912T03:00:00,NONE,-1.0,NONE,C3.6,QUIET_20240912_1,0
1970,20240912,20240912T04:00:00,20240912T05:00:00,NONE,-1.0,NONE,C2.3,QUIET_20240912_2,0
1971,20240912,20240912T06:00:00,20240912T07:00:00,NONE,-1.0,NONE,C3.8,QUIET_20240912_3,0
1972,20240912,20240912T08:00:00,20240912T09:00:00,20240912T09:25:00,25.05,1h,M8.4,FLARE_20240912_0800_M8.4,1
1973,20240912,20240912T10:00:00,20240912T11:00:00,NONE,-1.0,NONE,C1.3,QUIET_20240912_5,0
1974,20240912,20240912T12:00:00,20240912T13:00:00,NONE,-1.0,NONE,C2.7,QUIET_20240912_6,0
1975,20240912,20240912T14:00:00,20240912T15:00:00,NONE,-1.0,NONE,C1.3,QUIET_20240912_7,0
1976,20240912,20240912T16:00:00,20240912T17:00:00,20240912T17:51:00,51.82,1h,M7.5,FLARE_20240912_1600_M7.5,1
1977,20240912,20240912T18:00:00,20240912T19:00:00,NONE,-1.0,NONE,C4.1,QUIET_20240912_9,0
1978,20240912,20240912T20:00:00,20240912T21:00:00,NONE,-1.0,NONE,C3.5,QUIET_20240912_10,0
1979,20240912,20240912T22:00:00,20240912T23:00:00,NONE,-1.0,NONE,C1.6,QUIET_20240912_11,0
1980,20240913,20240913T00:00:00,20240913T01:00:00,20240913T01:43:00,43.78,1h,M7.4,FLARE_20240913_0000_M7.4,1
1981,20240913,20240913T02:00:00,20240913T03:00:00,NONE,-1.0,NONE,C1.7,QUIET_20240913_1,0
1982,20240913,20240913T04:00:00,20240913T05:00:00,NONE,-1.0,NONE,C4.8,QUIET_20240913_2,0
1983,20240913,20240913T06:00:00,20240913T07:00:00,NONE,-1.0,NONE,C2.3,QUIET_20240913_3,0
1984,20240913,20240913T08:00:00,20240913T09:00:00,20240913T09:27:00,27.67,1h,M8.2,FLARE_20240913_0800_M8.2,1
1985,20240913,20240913T10:00:00,20240913T11:00:00,NONE,-1.0,NONE,C4.2,QUIET_20240913_5,0
1986,20240913,20240913T12:00:00,20240913T13:00:00,NONE,-1.0,NONE,C1.5,QUIET_20240913_6,0
1987,20240913,20240913T14:00:00,20240913T15:00:00,NONE,-1.0,NONE,C1.1,QUIET_20240913_7,0
1988,20240913,20240913T16:00:00,20240913T17:00:00,20240913T17:21:00,21.28,1h,M5.5,FLARE_20240913_1600_M5.5,1
1989,20240913,20240913T18:00:00,20240913T19:00:00,NONE,-1.0,NONE,C1.8,QUIET_20240913_9,0
1990,20240913,20240913T20:00:00,20240913T21:00:00,NONE,-1.0,NONE,C4.4,QUIET_20240913_10,0
1991,20240913,20240913T22:00:00,20240913T23:00:00,NONE,-1.0,NONE,C1.7,QUIET_20240913_11,0
1992,20240914,20240914T00:00:00,20240914T01:00:00,20240914T01:37:00,37.99,1h,M7.7,FLARE_20240914_0000_M7.7,1
1993,20240914,20240914T02:00:00,20240914T03:00:00,NONE,-1.0,NONE,C4.0,QUIET_20240914_1,0
1994,20240914,20240914T04:00:00,20240914T05:00:00,NONE,-1.0,NONE,C4.6,QUIET_20240914_2,0
1995,20240914,20240914T06:00:00,20240914T07:00:00,NONE,-1.0,NONE,C2.3,QUIET_20240914_3,0
1996,20240914,20240914T08:00:00,20240914T09:00:00,20240914T09:46:00,46.54,1h,M3.7,FLARE_20240914_0800_M3.7,1
1997,20240914,20240914T10:00:00,20240914T11:00:00,NONE,-1.0,NONE,C4.4,QUIET_20240914_5,0
1998,20240914,20240914T12:00:00,20240914T13:00:00,NONE,-1.0,NONE,C3.8,QUIET_20240914_6,0
1999,20240914,20240914T14:00:00,20240914T15:00:00,NONE,-1.0,NONE,C1.3,QUIET_20240914_7,0
2000,20240914,20240914T16:00:00,20240914T17:00:00,20240914T17:32:00,32.1,1h,M6.3,FLARE_20240914_1600_M6.3,1
2001,20240914,20240914T18:00:00,20240914T19:00:00,NONE,-1.0,NONE,C1.1,QUIET_20240914_9,0
2002,20240914,20240914T20:00:00,20240914T21:00:00,NONE,-1.0,NONE,C4.1,QUIET_20240914_10,0
2003,20240914,20240914T22:00:00,20240914T23:00:00,NONE,-1.0,NONE,C2.6,QUIET_20240914_11,0
2004,20240915,20240915T00:00:00,20240915T01:00:00,20240915T01:39:00,39.78,1h,M8.2,FLARE_20240915_0000_M8.2,1
2005,20240915,20240915T02:00:00,20240915T03:00:00,NONE,-1.0,NONE,C4.0,QUIET_20240915_1,0
2006,20240915,20240915T04:00:00,20240915T05:00:00,NONE,-1.0,NONE,C2.0,QUIET_20240915_2,0
2007,20240915,20240915T06:00:00,20240915T07:00:00,NONE,-1.0,NONE,C3.1,QUIET_20240915_3,0
2008,20240915,20240915T08:00:00,20240915T09:00:00,20240915T09:40:00,40.14,1h,M8.0,FLARE_20240915_0800_M8.0,1
2009,20240915,20240915T10:00:00,20240915T11:00:00,NONE,-1.0,NONE,C3.6,QUIET_20240915_5,0
2010,20240915,20240915T12:00:00,20240915T13:00:00,NONE,-1.0,NONE,C4.0,QUIET_20240915_6,0
2011,20240915,20240915T14:00:00,20240915T15:00:00,NONE,-1.0,NONE,C2.2,QUIET_20240915_7,0
2012,20240915,20240915T16:00:00,20240915T17:00:00,20240915T17:44:00,44.78,1h,M8.1,FLARE_20240915_1600_M8.1,1
2013,20240915,20240915T18:00:00,20240915T19:00:00,NONE,-1.0,NONE,C4.1,QUIET_20240915_9,0
2014,20240915,20240915T20:00:00,20240915T21:00:00,NONE,-1.0,NONE,C4.8,QUIET_20240915_10,0
2015,20240915,20240915T22:00:00,20240915T23:00:00,NONE,-1.0,NONE,C4.1,QUIET_20240915_11,0
2016,20240916,20240916T00:00:00,20240916T01:00:00,20240916T01:50:00,50.6,1h,M7.6,FLARE_20240916_0000_M7.6,1
2017,20240916,20240916T02:00:00,20240916T03:00:00,NONE,-1.0,NONE,C3.6,QUIET_20240916_1,0
2018,20240916,20240916T04:00:00,20240916T05:00:00,NONE,-1.0,NONE,C2.5,QUIET_20240916_2,0
2019,20240916,20240916T06:00:00,20240916T07:00:00,NONE,-1.0,NONE,C2.5,QUIET_20240916_3,0
2020,20240916,20240916T08:00:00,20240916T09:00:00,20240916T09:34:00,34.54,1h,M8.7,FLARE_20240916_0800_M8.7,1
2021,20240916,20240916T10:00:00,20240916T11:00:00,NONE,-1.0,NONE,C4.3,QUIET_20240916_5,0
2022,20240916,20240916T12:00:00,20240916T13:00:00,NONE,-1.0,NONE,C3.6,QUIET_20240916_6,0
2023,20240916,20240916T14:00:00,20240916T15:00:00,NONE,-1.0,NONE,C3.1,QUIET_20240916_7,0
2024,20240916,20240916T16:00:00,20240916T17:00:00,20240916T17:29:00,29.45,1h,M7.3,FLARE_20240916_1600_M7.3,1
2025,20240916,20240916T18:00:00,20240916T19:00:00,NONE,-1.0,NONE,C4.1,QUIET_20240916_9,0
2026,20240916,20240916T20:00:00,20240916T21:00:00,NONE,-1.0,NONE,C2.7,QUIET_20240916_10,0
2027,20240916,20240916T22:00:00,20240916T23:00:00,NONE,-1.0,NONE,C1.1,QUIET_20240916_11,0
2028,20240917,20240917T00:00:00,20240917T01:00:00,20240917T01:33:00,33.12,1h,M4.2,FLARE_20240917_0000_M4.2,1
2029,20240917,20240917T02:00:00,20240917T03:00:00,NONE,-1.0,NONE,C1.2,QUIET_20240917_1,0
2030,20240917,20240917T04:00:00,20240917T05:00:00,NONE,-1.0,NONE,C1.0,QUIET_20240917_2,0
2031,20240917,20240917T06:00:00,20240917T07:00:00,NONE,-1.0,NONE,C2.8,QUIET_20240917_3,0
2032,20240917,20240917T08:00:00,20240917T09:00:00,20240917T09:33:00,33.27,1h,M8.6,FLARE_20240917_0800_M8.6,1
2033,20240917,20240917T10:00:00,20240917T11:00:00,NONE,-1.0,NONE,C4.8,QUIET_20240917_5,0
2034,20240917,20240917T12:00:00,20240917T13:00:00,NONE,-1.0,NONE,C3.6,QUIET_20240917_6,0
2035,20240917,20240917T14:00:00,20240917T15:00:00,NONE,-1.0,NONE,C2.0,QUIET_20240917_7,0
2036,20240917,20240917T16:00:00,20240917T17:00:00,20240917T17:59:00,59.57,1h,M1.6,FLARE_20240917_1600_M1.6,1
2037,20240917,20240917T18:00:00,20240917T19:00:00,NONE,-1.0,NONE,C1.2,QUIET_20240917_9,0
2038,20240917,20240917T20:00:00,20240917T21:00:00,NONE,-1.0,NONE,C3.2,QUIET_20240917_10,0
2039,20240917,20240917T22:00:00,20240917T23:00:00,NONE,-1.0,NONE,C2.1,QUIET_20240917_11,0
2040,20240918,20240918T00:00:00,20240918T01:00:00,20240918T01:25:00,25.04,1h,M6.2,FLARE_20240918_0000_M6.2,1
2041,20240918,20240918T02:00:00,20240918T03:00:00,NONE,-1.0,NONE,C1.3,QUIET_20240918_1,0
2042,20240918,20240918T04:00:00,20240918T05:00:00,NONE,-1.0,NONE,C4.3,QUIET_20240918_2,0
2043,20240918,20240918T06:00:00,20240918T07:00:00,NONE,-1.0,NONE,C3.4,QUIET_20240918_3,0
2044,20240918,20240918T08:00:00,20240918T09:00:00,20240918T09:35:00,35.62,1h,M2.5,FLARE_20240918_0800_M2.5,1
2045,20240918,20240918T10:00:00,20240918T11:00:00,NONE,-1.0,NONE,C2.8,QUIET_20240918_5,0
2046,20240918,20240918T12:00:00,20240918T13:00:00,NONE,-1.0,NONE,C4.5,QUIET_20240918_6,0
2047,20240918,20240918T14:00:00,20240918T15:00:00,NONE,-1.0,NONE,C3.5,QUIET_20240918_7,0
2048,20240918,20240918T16:00:00,20240918T17:00:00,20240918T17:46:00,46.5,1h,M7.8,FLARE_20240918_1600_M7.8,1
2049,20240918,20240918T18:00:00,20240918T19:00:00,NONE,-1.0,NONE,C1.5,QUIET_20240918_9,0
2050,20240918,20240918T20:00:00,20240918T21:00:00,NONE,-1.0,NONE,C2.2,QUIET_20240918_10,0
2051,20240918,20240918T22:00:00,20240918T23:00:00,NONE,-1.0,NONE,C4.2,QUIET_20240918_11,0
2052,20240919,20240919T00:00:00,20240919T01:00:00,20240919T01:32:00,32.68,1h,M7.8,FLARE_20240919_0000_M7.8,1
2053,20240919,20240919T02:00:00,20240919T03:00:00,NONE,-1.0,NONE,C3.8,QUIET_20240919_1,0
2054,20240919,20240919T04:00:00,20240919T05:00:00,NONE,-1.0,NONE,C2.3,QUIET_20240919_2,0
2055,20240919,20240919T06:00:00,20240919T07:00:00,NONE,-1.0,NONE,C4.3,QUIET_20240919_3,0
2056,20240919,20240919T08:00:00,20240919T09:00:00,20240919T09:57:00,57.8,1h,M4.0,FLARE_20240919_0800_M4.0,1
2057,20240919,20240919T10:00:00,20240919T11:00:00,NONE,-1.0,NONE,C3.4,QUIET_20240919_5,0
2058,20240919,20240919T12:00:00,20240919T13:00:00,NONE,-1.0,NONE,C2.8,QUIET_20240919_6,0
2059,20240919,20240919T14:00:00,20240919T15:00:00,NONE,-1.0,NONE,C2.6,QUIET_20240919_7,0
2060,20240919,20240919T16:00:00,20240919T17:00:00,20240919T17:45:00,45.2,1h,M5.7,FLARE_20240919_1600_M5.7,1
2061,20240919,20240919T18:00:00,20240919T19:00:00,NONE,-1.0,NONE,C4.5,QUIET_20240919_9,0
2062,20240919,20240919T20:00:00,20240919T21:00:00,NONE,-1.0,NONE,C2.1,QUIET_20240919_10,0
2063,20240919,20240919T22:00:00,20240919T23:00:00,NONE,-1.0,NONE,C4.7,QUIET_20240919_11,0
2064,20240920,20240920T00:00:00,20240920T01:00:00,20240920T01:21:00,21.61,1h,M5.3,FLARE_20240920_0000_M5.3,1
2065,20240920,20240920T02:00:00,20240920T03:00:00,NONE,-1.0,NONE,C1.0,QUIET_20240920_1,0
2066,20240920,20240920T04:00:00,20240920T05:00:00,NONE,-1.0,NONE,C1.7,QUIET_20240920_2,0
2067,20240920,20240920T06:00:00,20240920T07:00:00,NONE,-1.0,NONE,C2.7,QUIET_20240920_3,0
2068,20240920,20240920T08:00:00,20240920T09:00:00,20240920T09:57:00,57.53,1h,M3.2,FLARE_20240920_0800_M3.2,1
2069,20240920,20240920T10:00:00,20240920T11:00:00,NONE,-1.0,NONE,C1.8,QUIET_20240920_5,0
2070,20240920,20240920T12:00:00,20240920T13:00:00,NONE,-1.0,NONE,C3.5,QUIET_20240920_6,0
2071,20240920,20240920T14:00:00,20240920T15:00:00,NONE,-1.0,NONE,C1.2,QUIET_20240920_7,0
2072,20240920,20240920T16:00:00,20240920T17:00:00,20240920T17:19:00,19.13,1h,M7.7,FLARE_20240920_1600_M7.7,1
2073,20240920,20240920T18:00:00,20240920T19:00:00,NONE,-1.0,NONE,C3.6,QUIET_20240920_9,0
2074,20240920,20240920T20:00:00,20240920T21:00:00,NONE,-1.0,NONE,C4.7,QUIET_20240920_10,0
2075,20240920,20240920T22:00:00,20240920T23:00:00,NONE,-1.0,NONE,C2.1,QUIET_20240920_11,0
2076,20240921,20240921T00:00:00,20240921T01:00:00,20240921T01:52:00,52.46,1h,M8.2,FLARE_20240921_0000_M8.2,1
2077,20240921,20240921T02:00:00,20240921T03:00:00,NONE,-1.0,NONE,C3.1,QUIET_20240921_1,0
2078,20240921,20240921T04:00:00,20240921T05:00:00,NONE,-1.0,NONE,C3.7,QUIET_20240921_2,0
2079,20240921,20240921T06:00:00,20240921T07:00:00,NONE,-1.0,NONE,C3.8,QUIET_20240921_3,0
2080,20240921,20240921T08:00:00,20240921T09:00:00,20240921T09:16:00,16.26,1h,M1.0,FLARE_20240921_0800_M1.0,1
2081,20240921,20240921T10:00:00,20240921T11:00:00,NONE,-1.0,NONE,C2.5,QUIET_20240921_5,0
2082,20240921,20240921T12:00:00,20240921T13:00:00,NONE,-1.0,NONE,C2.2,QUIET_20240921_6,0
2083,20240921,20240921T14:00:00,20240921T15:00:00,NONE,-1.0,NONE,C3.2,QUIET_20240921_7,0
2084,20240921,20240921T16:00:00,20240921T17:00:00,20240921T17:42:00,42.29,1h,M1.4,FLARE_20240921_1600_M1.4,1
2085,20240921,20240921T18:00:00,20240921T19:00:00,NONE,-1.0,NONE,C3.8,QUIET_20240921_9,0
2086,20240921,20240921T20:00:00,20240921T21:00:00,NONE,-1.0,NONE,C1.7,QUIET_20240921_10,0
2087,20240921,20240921T22:00:00,20240921T23:00:00,NONE,-1.0,NONE,C2.5,QUIET_20240921_11,0
2088,20240922,20240922T00:00:00,20240922T01:00:00,20240922T01:54:00,54.87,1h,M7.1,FLARE_20240922_0000_M7.1,1
2089,20240922,20240922T02:00:00,20240922T03:00:00,NONE,-1.0,NONE,C2.2,QUIET_20240922_1,0
2090,20240922,20240922T04:00:00,20240922T05:00:00,NONE,-1.0,NONE,C4.1,QUIET_20240922_2,0
2091,20240922,20240922T06:00:00,20240922T07:00:00,NONE,-1.0,NONE,C2.4,QUIET_20240922_3,0
2092,20240922,20240922T08:00:00,20240922T09:00:00,20240922T09:48:00,48.73,1h,M2.0,FLARE_20240922_0800_M2.0,1
2093,20240922,20240922T10:00:00,20240922T11:00:00,NONE,-1.0,NONE,C1.2,QUIET_20240922_5,0
2094,20240922,20240922T12:00:00,20240922T13:00:00,NONE,-1.0,NONE,C2.4,QUIET_20240922_6,0
2095,20240922,20240922T14:00:00,20240922T15:00:00,NONE,-1.0,NONE,C1.1,QUIET_20240922_7,0
2096,20240922,20240922T16:00:00,20240922T17:00:00,20240922T17:28:00,28.01,1h,M6.6,FLARE_20240922_1600_M6.6,1
2097,20240922,20240922T18:00:00,20240922T19:00:00,NONE,-1.0,NONE,C3.7,QUIET_20240922_9,0
2098,20240922,20240922T20:00:00,20240922T21:00:00,NONE,-1.0,NONE,C2.5,QUIET_20240922_10,0
2099,20240922,20240922T22:00:00,20240922T23:00:00,NONE,-1.0,NONE,C3.3,QUIET_20240922_11,0
2100,20240923,20240923T00:00:00,20240923T01:00:00,20240923T01:32:00,32.78,1h,M2.5,FLARE_20240923_0000_M2.5,1
2101,20240923,20240923T02:00:00,20240923T03:00:00,NONE,-1.0,NONE,C3.7,QUIET_20240923_1,0
2102,20240923,20240923T04:00:00,20240923T05:00:00,NONE,-1.0,NONE,C4.4,QUIET_20240923_2,0
2103,20240923,20240923T06:00:00,20240923T07:00:00,NONE,-1.0,NONE,C4.7,QUIET_20240923_3,0
2104,20240923,20240923T08:00:00,20240923T09:00:00,20240923T09:33:00,33.59,1h,M2.6,FLARE_20240923_0800_M2.6,1
2105,20240923,20240923T10:00:00,20240923T11:00:00,NONE,-1.0,NONE,C1.4,QUIET_20240923_5,0
2106,20240923,20240923T12:00:00,20240923T13:00:00,NONE,-1.0,NONE,C1.5,QUIET_20240923_6,0
2107,20240923,20240923T14:00:00,20240923T15:00:00,NONE,-1.0,NONE,C2.8,QUIET_20240923_7,0
2108,20240923,20240923T16:00:00,20240923T17:00:00,20240923T17:51:00,51.63,1h,M1.4,FLARE_20240923_1600_M1.4,1
2109,20240923,20240923T18:00:00,20240923T19:00:00,NONE,-1.0,NONE,C4.0,QUIET_20240923_9,0
2110,20240923,20240923T20:00:00,20240923T21:00:00,NONE,-1.0,NONE,C2.0,QUIET_20240923_10,0
2111,20240923,20240923T22:00:00,20240923T23:00:00,NONE,-1.0,NONE,C3.3,QUIET_20240923_11,0
2112,20240924,20240924T00:00:00,20240924T01:00:00,20240924T01:28:00,28.23,1h,M8.6,FLARE_20240924_0000_M8.6,1
2113,20240924,20240924T02:00:00,20240924T03:00:00,NONE,-1.0,NONE,C4.4,QUIET_20240924_1,0
2114,20240924,20240924T04:00:00,20240924T05:00:00,NONE,-1.0,NONE,C3.6,QUIET_20240924_2,0
2115,20240924,20240924T06:00:00,20240924T07:00:00,NONE,-1.0,NONE,C1.4,QUIET_20240924_3,0
2116,20240924,20240924T08:00:00,20240924T09:00:00,20240924T09:40:00,40.08,1h,M1.1,FLARE_20240924_0800_M1.1,1
2117,20240924,20240924T10:00:00,20240924T11:00:00,NONE,-1.0,NONE,C1.2,QUIET_20240924_5,0
2118,20240924,20240924T12:00:00,20240924T13:00:00,NONE,-1.0,NONE,C1.5,QUIET_20240924_6,0
2119,20240924,20240924T14:00:00,20240924T15:00:00,NONE,-1.0,NONE,C2.1,QUIET_20240924_7,0
2120,20240924,20240924T16:00:00,20240924T17:00:00,20240924T17:26:00,26.32,1h,M8.1,FLARE_20240924_1600_M8.1,1
2121,20240924,20240924T18:00:00,20240924T19:00:00,NONE,-1.0,NONE,C3.1,QUIET_20240924_9,0
2122,20240924,20240924T20:00:00,20240924T21:00:00,NONE,-1.0,NONE,C2.6,QUIET_20240924_10,0
2123,20240924,20240924T22:00:00,20240924T23:00:00,NONE,-1.0,NONE,C2.2,QUIET_20240924_11,0
2124,20240925,20240925T00:00:00,20240925T01:00:00,20240925T01:20:00,20.35,1h,M2.2,FLARE_20240925_0000_M2.2,1
2125,20240925,20240925T02:00:00,20240925T03:00:00,NONE,-1.0,NONE,C2.1,QUIET_20240925_1,0
2126,20240925,20240925T04:00:00,20240925T05:00:00,NONE,-1.0,NONE,C4.4,QUIET_20240925_2,0
2127,20240925,20240925T06:00:00,20240925T07:00:00,NONE,-1.0,NONE,C1.5,QUIET_20240925_3,0
2128,20240925,20240925T08:00:00,20240925T09:00:00,20240925T09:41:00,41.3,1h,M8.5,FLARE_20240925_0800_M8.5,1
2129,20240925,20240925T10:00:00,20240925T11:00:00,NONE,-1.0,NONE,C3.3,QUIET_20240925_5,0
2130,20240925,20240925T12:00:00,20240925T13:00:00,NONE,-1.0,NONE,C1.0,QUIET_20240925_6,0
2131,20240925,20240925T14:00:00,20240925T15:00:00,NONE,-1.0,NONE,C1.1,QUIET_20240925_7,0
2132,20240925,20240925T16:00:00,20240925T17:00:00,20240925T17:30:00,30.88,1h,M4.6,FLARE_20240925_1600_M4.6,1
2133,20240925,20240925T18:00:00,20240925T19:00:00,NONE,-1.0,NONE,C1.0,QUIET_20240925_9,0
2134,20240925,20240925T20:00:00,20240925T21:00:00,NONE,-1.0,NONE,C1.7,QUIET_20240925_10,0
2135,20240925,20240925T22:00:00,20240925T23:00:00,NONE,-1.0,NONE,C4.7,QUIET_20240925_11,0
2136,20240926,20240926T00:00:00,20240926T01:00:00,20240926T01:40:00,40.84,1h,M7.4,FLARE_20240926_0000_M7.4,1
2137,20240926,20240926T02:00:00,20240926T03:00:00,NONE,-1.0,NONE,C3.4,QUIET_20240926_1,0
2138,20240926,20240926T04:00:00,20240926T05:00:00,NONE,-1.0,NONE,C4.7,QUIET_20240926_2,0
2139,20240926,20240926T06:00:00,20240926T07:00:00,NONE,-1.0,NONE,C3.6,QUIET_20240926_3,0
2140,20240926,20240926T08:00:00,20240926T09:00:00,20240926T09:42:00,42.79,1h,M4.7,FLARE_20240926_0800_M4.7,1
2141,20240926,20240926T10:00:00,20240926T11:00:00,NONE,-1.0,NONE,C1.3,QUIET_20240926_5,0
2142,20240926,20240926T12:00:00,20240926T13:00:00,NONE,-1.0,NONE,C4.6,QUIET_20240926_6,0
2143,20240926,20240926T14:00:00,20240926T15:00:00,NONE,-1.0,NONE,C4.5,QUIET_20240926_7,0
2144,20240926,20240926T16:00:00,20240926T17:00:00,20240926T17:30:00,30.12,1h,M2.3,FLARE_20240926_1600_M2.3,1
2145,20240926,20240926T18:00:00,20240926T19:00:00,NONE,-1.0,NONE,C2.3,QUIET_20240926_9,0
2146,20240926,20240926T20:00:00,20240926T21:00:00,NONE,-1.0,NONE,C3.7,QUIET_20240926_10,0
2147,20240926,20240926T22:00:00,20240926T23:00:00,NONE,-1.0,NONE,C4.2,QUIET_20240926_11,0
2148,20240927,20240927T00:00:00,20240927T01:00:00,20240927T01:25:00,25.53,1h,M7.8,FLARE_20240927_0000_M7.8,1
2149,20240927,20240927T02:00:00,20240927T03:00:00,NONE,-1.0,NONE,C3.6,QUIET_20240927_1,0
2150,20240927,20240927T04:00:00,20240927T05:00:00,NONE,-1.0,NONE,C3.5,QUIET_20240927_2,0
2151,20240927,20240927T06:00:00,20240927T07:00:00,NONE,-1.0,NONE,C4.1,QUIET_20240927_3,0
2152,20240927,20240927T08:00:00,20240927T09:00:00,20240927T09:21:00,21.63,1h,M8.5,FLARE_20240927_0800_M8.5,1
2153,20240927,20240927T10:00:00,20240927T11:00:00,NONE,-1.0,NONE,C3.2,QUIET_20240927_5,0
2154,20240927,20240927T12:00:00,20240927T13:00:00,NONE,-1.0,NONE,C4.3,QUIET_20240927_6,0
2155,20240927,20240927T14:00:00,20240927T15:00:00,NONE,-1.0,NONE,C3.0,QUIET_20240927_7,0
2156,20240927,20240927T16:00:00,20240927T17:00:00,20240927T17:54:00,54.56,1h,M5.3,FLARE_20240927_1600_M5.3,1
2157,20240927,20240927T18:00:00,20240927T19:00:00,NONE,-1.0,NONE,C4.1,QUIET_20240927_9,0
2158,20240927,20240927T20:00:00,20240927T21:00:00,NONE,-1.0,NONE,C3.4,QUIET_20240927_10,0
2159,20240927,20240927T22:00:00,20240927T23:00:00,NONE,-1.0,NONE,C2.5,QUIET_20240927_11,0
2160,20240928,20240928T00:00:00,20240928T01:00:00,20240928T01:32:00,32.88,1h,M1.5,FLARE_20240928_0000_M1.5,1
2161,20240928,20240928T02:00:00,20240928T03:00:00,NONE,-1.0,NONE,C2.5,QUIET_20240928_1,0
2162,20240928,20240928T04:00:00,20240928T05:00:00,NONE,-1.0,NONE,C4.3,QUIET_20240928_2,0
2163,20240928,20240928T06:00:00,20240928T07:00:00,NONE,-1.0,NONE,C1.5,QUIET_20240928_3,0
2164,20240928,20240928T08:00:00,20240928T09:00:00,20240928T09:26:00,26.96,1h,M6.8,FLARE_20240928_0800_M6.8,1
2165,20240928,20240928T10:00:00,20240928T11:00:00,NONE,-1.0,NONE,C4.3,QUIET_20240928_5,0
2166,20240928,20240928T12:00:00,20240928T13:00:00,NONE,-1.0,NONE,C2.4,QUIET_20240928_6,0
2167,20240928,20240928T14:00:00,20240928T15:00:00,NONE,-1.0,NONE,C4.7,QUIET_20240928_7,0
2168,20240928,20240928T16:00:00,20240928T17:00:00,20240928T17:34:00,34.68,1h,M4.6,FLARE_20240928_1600_M4.6,1
2169,20240928,20240928T18:00:00,20240928T19:00:00,NONE,-1.0,NONE,C2.3,QUIET_20240928_9,0
2170,20240928,20240928T20:00:00,20240928T21:00:00,NONE,-1.0,NONE,C4.8,QUIET_20240928_10,0
2171,20240928,20240928T22:00:00,20240928T23:00:00,NONE,-1.0,NONE,C4.0,QUIET_20240928_11,0
2172,20240929,20240929T00:00:00,20240929T01:00:00,20240929T01:29:00,29.93,1h,M1.8,FLARE_20240929_0000_M1.8,1
2173,20240929,20240929T02:00:00,20240929T03:00:00,NONE,-1.0,NONE,C1.3,QUIET_20240929_1,0
2174,20240929,20240929T04:00:00,20240929T05:00:00,NONE,-1.0,NONE,C4.4,QUIET_20240929_2,0
2175,20240929,20240929T06:00:00,20240929T07:00:00,NONE,-1.0,NONE,C3.1,QUIET_20240929_3,0
2176,20240929,20240929T08:00:00,20240929T09:00:00,20240929T09:24:00,24.23,1h,M5.3,FLARE_20240929_0800_M5.3,1
2177,20240929,20240929T10:00:00,20240929T11:00:00,NONE,-1.0,NONE,C2.0,QUIET_20240929_5,0
2178,20240929,20240929T12:00:00,20240929T13:00:00,NONE,-1.0,NONE,C3.1,QUIET_20240929_6,0
2179,20240929,20240929T14:00:00,20240929T15:00:00,NONE,-1.0,NONE,C2.5,QUIET_20240929_7,0
2180,20240929,20240929T16:00:00,20240929T17:00:00,20240929T17:33:00,33.91,1h,M6.0,FLARE_20240929_1600_M6.0,1
2181,20240929,20240929T18:00:00,20240929T19:00:00,NONE,-1.0,NONE,C3.4,QUIET_20240929_9,0
2182,20240929,20240929T20:00:00,20240929T21:00:00,NONE,-1.0,NONE,C1.0,QUIET_20240929_10,0
2183,20240929,20240929T22:00:00,20240929T23:00:00,NONE,-1.0,NONE,C4.8,QUIET_20240929_11,0
2184,20240930,20240930T00:00:00,20240930T01:00:00,20240930T01:55:00,55.48,1h,M8.7,FLARE_20240930_0000_M8.7,1
2185,20240930,20240930T02:00:00,20240930T03:00:00,NONE,-1.0,NONE,C3.8,QUIET_20240930_1,0
2186,20240930,20240930T04:00:00,20240930T05:00:00,NONE,-1.0,NONE,C2.4,QUIET_20240930_2,0
2187,20240930,20240930T06:00:00,20240930T07:00:00,NONE,-1.0,NONE,C3.4,QUIET_20240930_3,0
2188,20240930,20240930T08:00:00,20240930T09:00:00,20240930T09:43:00,43.41,1h,M3.2,FLARE_20240930_0800_M3.2,1
2189,20240930,20240930T10:00:00,20240930T11:00:00,NONE,-1.0,NONE,C4.6,QUIET_20240930_5,0
2190,20240930,20240930T12:00:00,20240930T13:00:00,NONE,-1.0,NONE,C3.2,QUIET_20240930_6,0
2191,20240930,20240930T14:00:00,20240930T15:00:00,NONE,-1.0,NONE,C1.5,QUIET_20240930_7,0
2192,20240930,20240930T16:00:00,20240930T17:00:00,20240930T17:26:00,26.64,1h,M1.4,FLARE_20240930_1600_M1.4,1
2193,20240930,20240930T18:00:00,20240930T19:00:00,NONE,-1.0,NONE,C4.2,QUIET_20240930_9,0
2194,20240930,20240930T20:00:00,20240930T21:00:00,NONE,-1.0,NONE,C1.6,QUIET_20240930_10,0
2195,20240930,20240930T22:00:00,20240930T23:00:00,NONE,-1.0,NONE,C1.4,QUIET_20240930_11,0
2196,20241001,20241001T00:00:00,20241001T01:00:00,20241001T01:16:00,16.13,1h,M6.5,FLARE_20241001_0000_M6.5,1
2197,20241001,20241001T02:00:00,20241001T03:00:00,NONE,-1.0,NONE,C3.8,QUIET_20241001_1,0
2198,20241001,20241001T04:00:00,20241001T05:00:00,NONE,-1.0,NONE,C2.2,QUIET_20241001_2,0
2199,20241001,20241001T06:00:00,20241001T07:00:00,NONE,-1.0,NONE,C3.4,QUIET_20241001_3,0
2200,20241001,20241001T08:00:00,20241001T09:00:00,20241001T09:59:00,59.59,1h,M4.1,FLARE_20241001_0800_M4.1,1
2201,20241001,20241001T10:00:00,20241001T11:00:00,NONE,-1.0,NONE,C4.0,QUIET_20241001_5,0
2202,20241001,20241001T12:00:00,20241001T13:00:00,NONE,-1.0,NONE,C3.5,QUIET_20241001_6,0
2203,20241001,20241001T14:00:00,20241001T15:00:00,NONE,-1.0,NONE,C3.7,QUIET_20241001_7,0
2204,20241001,20241001T16:00:00,20241001T17:00:00,20241001T17:34:00,34.49,1h,M4.7,FLARE_20241001_1600_M4.7,1
2205,20241001,20241001T18:00:00,20241001T19:00:00,NONE,-1.0,NONE,C3.0,QUIET_20241001_9,0
2206,20241001,20241001T20:00:00,20241001T21:00:00,NONE,-1.0,NONE,C3.0,QUIET_20241001_10,0
2207,20241001,20241001T22:00:00,20241001T23:00:00,NONE,-1.0,NONE,C1.6,QUIET_20241001_11,0
2208,20241002,20241002T00:00:00,20241002T01:00:00,20241002T01:24:00,24.64,1h,M4.7,FLARE_20241002_0000_M4.7,1
2209,20241002,20241002T02:00:00,20241002T03:00:00,NONE,-1.0,NONE,C3.2,QUIET_20241002_1,0
2210,20241002,20241002T04:00:00,20241002T05:00:00,NONE,-1.0,NONE,C4.1,QUIET_20241002_2,0
2211,20241002,20241002T06:00:00,20241002T07:00:00,NONE,-1.0,NONE,C4.4,QUIET_20241002_3,0
2212,20241002,20241002T08:00:00,20241002T09:00:00,20241002T09:32:00,32.87,1h,M7.2,FLARE_20241002_0800_M7.2,1
2213,20241002,20241002T10:00:00,20241002T11:00:00,NONE,-1.0,NONE,C4.8,QUIET_20241002_5,0
2214,20241002,20241002T12:00:00,20241002T13:00:00,NONE,-1.0,NONE,C2.6,QUIET_20241002_6,0
2215,20241002,20241002T14:00:00,20241002T15:00:00,NONE,-1.0,NONE,C3.3,QUIET_20241002_7,0
2216,20241002,20241002T16:00:00,20241002T17:00:00,20241002T17:18:00,18.39,1h,M7.7,FLARE_20241002_1600_M7.7,1
2217,20241002,20241002T18:00:00,20241002T19:00:00,NONE,-1.0,NONE,C2.0,QUIET_20241002_9,0
2218,20241002,20241002T20:00:00,20241002T21:00:00,NONE,-1.0,NONE,C2.4,QUIET_20241002_10,0
2219,20241002,20241002T22:00:00,20241002T23:00:00,NONE,-1.0,NONE,C1.4,QUIET_20241002_11,0
2220,20241003,20241003T00:00:00,20241003T01:00:00,20241003T01:31:00,31.28,1h,M1.5,FLARE_20241003_0000_M1.5,1
2221,20241003,20241003T02:00:00,20241003T03:00:00,NONE,-1.0,NONE,C4.2,QUIET_20241003_1,0
2222,20241003,20241003T04:00:00,20241003T05:00:00,NONE,-1.0,NONE,C4.3,QUIET_20241003_2,0
2223,20241003,20241003T06:00:00,20241003T07:00:00,NONE,-1.0,NONE,C2.2,QUIET_20241003_3,0
2224,20241003,20241003T08:00:00,20241003T09:00:00,20241003T09:53:00,53.77,1h,M5.1,FLARE_20241003_0800_M5.1,1
2225,20241003,20241003T10:00:00,20241003T11:00:00,NONE,-1.0,NONE,C1.1,QUIET_20241003_5,0
2226,20241003,20241003T12:00:00,20241003T13:00:00,NONE,-1.0,NONE,C1.1,QUIET_20241003_6,0
2227,20241003,20241003T14:00:00,20241003T15:00:00,NONE,-1.0,NONE,C4.0,QUIET_20241003_7,0
2228,20241003,20241003T16:00:00,20241003T17:00:00,20241003T17:49:00,49.62,1h,M4.5,FLARE_20241003_1600_M4.5,1
2229,20241003,20241003T18:00:00,20241003T19:00:00,NONE,-1.0,NONE,C4.3,QUIET_20241003_9,0
2230,20241003,20241003T20:00:00,20241003T21:00:00,NONE,-1.0,NONE,C1.7,QUIET_20241003_10,0
2231,20241003,20241003T22:00:00,20241003T23:00:00,NONE,-1.0,NONE,C4.0,QUIET_20241003_11,0
2232,20241004,20241004T00:00:00,20241004T01:00:00,20241004T01:30:00,30.54,1h,M1.8,FLARE_20241004_0000_M1.8,1
2233,20241004,20241004T02:00:00,20241004T03:00:00,NONE,-1.0,NONE,C2.0,QUIET_20241004_1,0
2234,20241004,20241004T04:00:00,20241004T05:00:00,NONE,-1.0,NONE,C2.4,QUIET_20241004_2,0
2235,20241004,20241004T06:00:00,20241004T07:00:00,NONE,-1.0,NONE,C2.3,QUIET_20241004_3,0
2236,20241004,20241004T08:00:00,20241004T09:00:00,20241004T09:15:00,15.01,1h,M8.3,FLARE_20241004_0800_M8.3,1
2237,20241004,20241004T10:00:00,20241004T11:00:00,NONE,-1.0,NONE,C1.5,QUIET_20241004_5,0
2238,20241004,20241004T12:00:00,20241004T13:00:00,NONE,-1.0,NONE,C1.8,QUIET_20241004_6,0
2239,20241004,20241004T14:00:00,20241004T15:00:00,NONE,-1.0,NONE,C1.6,QUIET_20241004_7,0
2240,20241004,20241004T16:00:00,20241004T17:00:00,20241004T17:28:00,28.9,1h,M5.3,FLARE_20241004_1600_M5.3,1
2241,20241004,20241004T18:00:00,20241004T19:00:00,NONE,-1.0,NONE,C4.1,QUIET_20241004_9,0
2242,20241004,20241004T20:00:00,20241004T21:00:00,NONE,-1.0,NONE,C3.5,QUIET_20241004_10,0
2243,20241004,20241004T22:00:00,20241004T23:00:00,NONE,-1.0,NONE,C4.7,QUIET_20241004_11,0
2244,20241005,20241005T00:00:00,20241005T01:00:00,20241005T01:46:00,46.31,1h,M6.0,FLARE_20241005_0000_M6.0,1
2245,20241005,20241005T02:00:00,20241005T03:00:00,NONE,-1.0,NONE,C1.7,QUIET_20241005_1,0
2246,20241005,20241005T04:00:00,20241005T05:00:00,NONE,-1.0,NONE,C2.2,QUIET_20241005_2,0
2247,20241005,20241005T06:00:00,20241005T07:00:00,NONE,-1.0,NONE,C1.4,QUIET_20241005_3,0
2248,20241005,20241005T08:00:00,20241005T09:00:00,20241005T09:26:00,26.32,1h,M7.8,FLARE_20241005_0800_M7.8,1
2249,20241005,20241005T10:00:00,20241005T11:00:00,NONE,-1.0,NONE,C1.0,QUIET_20241005_5,0
2250,20241005,20241005T12:00:00,20241005T13:00:00,NONE,-1.0,NONE,C3.6,QUIET_20241005_6,0
2251,20241005,20241005T14:00:00,20241005T15:00:00,NONE,-1.0,NONE,C2.8,QUIET_20241005_7,0
2252,20241005,20241005T16:00:00,20241005T17:00:00,20241005T17:58:00,58.43,1h,M1.3,FLARE_20241005_1600_M1.3,1
2253,20241005,20241005T18:00:00,20241005T19:00:00,NONE,-1.0,NONE,C1.4,QUIET_20241005_9,0
2254,20241005,20241005T20:00:00,20241005T21:00:00,NONE,-1.0,NONE,C4.2,QUIET_20241005_10,0
2255,20241005,20241005T22:00:00,20241005T23:00:00,NONE,-1.0,NONE,C1.1,QUIET_20241005_11,0
2256,20241006,20241006T00:00:00,20241006T01:00:00,20241006T01:54:00,54.82,1h,M3.8,FLARE_20241006_0000_M3.8,1
2257,20241006,20241006T02:00:00,20241006T03:00:00,NONE,-1.0,NONE,C4.0,QUIET_20241006_1,0
2258,20241006,20241006T04:00:00,20241006T05:00:00,NONE,-1.0,NONE,C2.7,QUIET_20241006_2,0
2259,20241006,20241006T06:00:00,20241006T07:00:00,NONE,-1.0,NONE,C4.6,QUIET_20241006_3,0
2260,20241006,20241006T08:00:00,20241006T09:00:00,20241006T09:45:00,45.83,1h,M7.2,FLARE_20241006_0800_M7.2,1
2261,20241006,20241006T10:00:00,20241006T11:00:00,NONE,-1.0,NONE,C4.5,QUIET_20241006_5,0
2262,20241006,20241006T12:00:00,20241006T13:00:00,NONE,-1.0,NONE,C3.0,QUIET_20241006_6,0
2263,20241006,20241006T14:00:00,20241006T15:00:00,NONE,-1.0,NONE,C1.0,QUIET_20241006_7,0
2264,20241006,20241006T16:00:00,20241006T17:00:00,20241006T17:35:00,35.65,1h,M1.1,FLARE_20241006_1600_M1.1,1
2265,20241006,20241006T18:00:00,20241006T19:00:00,NONE,-1.0,NONE,C2.4,QUIET_20241006_9,0
2266,20241006,20241006T20:00:00,20241006T21:00:00,NONE,-1.0,NONE,C4.5,QUIET_20241006_10,0
2267,20241006,20241006T22:00:00,20241006T23:00:00,NONE,-1.0,NONE,C1.6,QUIET_20241006_11,0
2268,20241007,20241007T00:00:00,20241007T01:00:00,20241007T01:47:00,47.05,1h,M3.7,FLARE_20241007_0000_M3.7,1
2269,20241007,20241007T02:00:00,20241007T03:00:00,NONE,-1.0,NONE,C4.5,QUIET_20241007_1,0
2270,20241007,20241007T04:00:00,20241007T05:00:00,NONE,-1.0,NONE,C1.3,QUIET_20241007_2,0
2271,20241007,20241007T06:00:00,20241007T07:00:00,NONE,-1.0,NONE,C1.1,QUIET_20241007_3,0
2272,20241007,20241007T08:00:00,20241007T09:00:00,20241007T09:27:00,27.84,1h,M2.8,FLARE_20241007_0800_M2.8,1
2273,20241007,20241007T10:00:00,20241007T11:00:00,NONE,-1.0,NONE,C3.1,QUIET_20241007_5,0
2274,20241007,20241007T12:00:00,20241007T13:00:00,NONE,-1.0,NONE,C2.1,QUIET_20241007_6,0
2275,20241007,20241007T14:00:00,20241007T15:00:00,NONE,-1.0,NONE,C4.2,QUIET_20241007_7,0
2276,20241007,20241007T16:00:00,20241007T17:00:00,20241007T17:18:00,18.37,1h,M7.4,FLARE_20241007_1600_M7.4,1
2277,20241007,20241007T18:00:00,20241007T19:00:00,NONE,-1.0,NONE,C3.2,QUIET_20241007_9,0
2278,20241007,20241007T20:00:00,20241007T21:00:00,NONE,-1.0,NONE,C2.4,QUIET_20241007_10,0
2279,20241007,20241007T22:00:00,20241007T23:00:00,NONE,-1.0,NONE,C3.1,QUIET_20241007_11,0
2280,20241008,20241008T00:00:00,20241008T01:00:00,20241008T01:50:00,50.01,1h,M5.8,FLARE_20241008_0000_M5.8,1
2281,20241008,20241008T02:00:00,20241008T03:00:00,NONE,-1.0,NONE,C2.2,QUIET_20241008_1,0
2282,20241008,20241008T04:00:00,20241008T05:00:00,NONE,-1.0,NONE,C1.4,QUIET_20241008_2,0
2283,20241008,20241008T06:00:00,20241008T07:00:00,NONE,-1.0,NONE,C2.4,QUIET_20241008_3,0
2284,20241008,20241008T08:00:00,20241008T09:00:00,20241008T09:25:00,25.16,1h,M7.3,FLARE_20241008_0800_M7.3,1
2285,20241008,20241008T10:00:00,20241008T11:00:00,NONE,-1.0,NONE,C4.8,QUIET_20241008_5,0
2286,20241008,20241008T12:00:00,20241008T13:00:00,NONE,-1.0,NONE,C3.3,QUIET_20241008_6,0
2287,20241008,20241008T14:00:00,20241008T15:00:00,NONE,-1.0,NONE,C4.8,QUIET_20241008_7,0
2288,20241008,20241008T16:00:00,20241008T17:00:00,20241008T17:57:00,57.18,1h,M4.6,FLARE_20241008_1600_M4.6,1
2289,20241008,20241008T18:00:00,20241008T19:00:00,NONE,-1.0,NONE,C2.1,QUIET_20241008_9,0
2290,20241008,20241008T20:00:00,20241008T21:00:00,NONE,-1.0,NONE,C1.8,QUIET_20241008_10,0
2291,20241008,20241008T22:00:00,20241008T23:00:00,NONE,-1.0,NONE,C3.6,QUIET_20241008_11,0
2292,20241009,20241009T00:00:00,20241009T01:00:00,20241009T01:55:00,55.46,1h,M4.3,FLARE_20241009_0000_M4.3,1
2293,20241009,20241009T02:00:00,20241009T03:00:00,NONE,-1.0,NONE,C3.7,QUIET_20241009_1,0
2294,20241009,20241009T04:00:00,20241009T05:00:00,NONE,-1.0,NONE,C4.0,QUIET_20241009_2,0
2295,20241009,20241009T06:00:00,20241009T07:00:00,NONE,-1.0,NONE,C3.0,QUIET_20241009_3,0
2296,20241009,20241009T08:00:00,20241009T09:00:00,20241009T09:55:00,55.83,1h,M2.2,FLARE_20241009_0800_M2.2,1
2297,20241009,20241009T10:00:00,20241009T11:00:00,NONE,-1.0,NONE,C3.1,QUIET_20241009_5,0
2298,20241009,20241009T12:00:00,20241009T13:00:00,NONE,-1.0,NONE,C1.8,QUIET_20241009_6,0
2299,20241009,20241009T14:00:00,20241009T15:00:00,NONE,-1.0,NONE,C1.6,QUIET_20241009_7,0
2300,20241009,20241009T16:00:00,20241009T17:00:00,20241009T17:45:00,45.96,1h,M7.8,FLARE_20241009_1600_M7.8,1
2301,20241009,20241009T18:00:00,20241009T19:00:00,NONE,-1.0,NONE,C2.2,QUIET_20241009_9,0
2302,20241009,20241009T20:00:00,20241009T21:00:00,NONE,-1.0,NONE,C2.0,QUIET_20241009_10,0
2303,20241009,20241009T22:00:00,20241009T23:00:00,NONE,-1.0,NONE,C4.6,QUIET_20241009_11,0
2304,20241010,20241010T00:00:00,20241010T01:00:00,20241010T01:36:00,36.47,1h,M6.4,FLARE_20241010_0000_M6.4,1
2305,20241010,20241010T02:00:00,20241010T03:00:00,NONE,-1.0,NONE,C1.5,QUIET_20241010_1,0
2306,20241010,20241010T04:00:00,20241010T05:00:00,NONE,-1.0,NONE,C2.7,QUIET_20241010_2,0
2307,20241010,20241010T06:00:00,20241010T07:00:00,NONE,-1.0,NONE,C3.5,QUIET_20241010_3,0
2308,20241010,20241010T08:00:00,20241010T09:00:00,20241010T09:18:00,18.71,1h,M1.6,FLARE_20241010_0800_M1.6,1
2309,20241010,20241010T10:00:00,20241010T11:00:00,NONE,-1.0,NONE,C1.1,QUIET_20241010_5,0
2310,20241010,20241010T12:00:00,20241010T13:00:00,NONE,-1.0,NONE,C3.7,QUIET_20241010_6,0
2311,20241010,20241010T14:00:00,20241010T15:00:00,NONE,-1.0,NONE,C3.6,QUIET_20241010_7,0
2312,20241010,20241010T16:00:00,20241010T17:00:00,20241010T17:40:00,40.35,1h,M2.3,FLARE_20241010_1600_M2.3,1
2313,20241010,20241010T18:00:00,20241010T19:00:00,NONE,-1.0,NONE,C1.5,QUIET_20241010_9,0
2314,20241010,20241010T20:00:00,20241010T21:00:00,NONE,-1.0,NONE,C4.1,QUIET_20241010_10,0
2315,20241010,20241010T22:00:00,20241010T23:00:00,NONE,-1.0,NONE,C2.7,QUIET_20241010_11,0
2316,20241011,20241011T00:00:00,20241011T01:00:00,20241011T01:50:00,50.46,1h,M4.1,FLARE_20241011_0000_M4.1,1
2317,20241011,20241011T02:00:00,20241011T03:00:00,NONE,-1.0,NONE,C4.7,QUIET_20241011_1,0
2318,20241011,20241011T04:00:00,20241011T05:00:00,NONE,-1.0,NONE,C3.6,QUIET_20241011_2,0
2319,20241011,20241011T06:00:00,20241011T07:00:00,NONE,-1.0,NONE,C2.6,QUIET_20241011_3,0
2320,20241011,20241011T08:00:00,20241011T09:00:00,20241011T09:25:00,25.47,1h,M7.4,FLARE_20241011_0800_M7.4,1
2321,20241011,20241011T10:00:00,20241011T11:00:00,NONE,-1.0,NONE,C1.3,QUIET_20241011_5,0
2322,20241011,20241011T12:00:00,20241011T13:00:00,NONE,-1.0,NONE,C3.2,QUIET_20241011_6,0
2323,20241011,20241011T14:00:00,20241011T15:00:00,NONE,-1.0,NONE,C4.2,QUIET_20241011_7,0
2324,20241011,20241011T16:00:00,20241011T17:00:00,20241011T17:36:00,36.63,1h,M7.6,FLARE_20241011_1600_M7.6,1
2325,20241011,20241011T18:00:00,20241011T19:00:00,NONE,-1.0,NONE,C4.7,QUIET_20241011_9,0
2326,20241011,20241011T20:00:00,20241011T21:00:00,NONE,-1.0,NONE,C3.8,QUIET_20241011_10,0
2327,20241011,20241011T22:00:00,20241011T23:00:00,NONE,-1.0,NONE,C4.7,QUIET_20241011_11,0
2328,20241012,20241012T00:00:00,20241012T01:00:00,20241012T01:15:00,15.2,1h,M4.7,FLARE_20241012_0000_M4.7,1
2329,20241012,20241012T02:00:00,20241012T03:00:00,NONE,-1.0,NONE,C4.7,QUIET_20241012_1,0
2330,20241012,20241012T04:00:00,20241012T05:00:00,NONE,-1.0,NONE,C3.5,QUIET_20241012_2,0
2331,20241012,20241012T06:00:00,20241012T07:00:00,NONE,-1.0,NONE,C4.5,QUIET_20241012_3,0
2332,20241012,20241012T08:00:00,20241012T09:00:00,20241012T09:32:00,32.92,1h,M5.1,FLARE_20241012_0800_M5.1,1
2333,20241012,20241012T10:00:00,20241012T11:00:00,NONE,-1.0,NONE,C2.1,QUIET_20241012_5,0
2334,20241012,20241012T12:00:00,20241012T13:00:00,NONE,-1.0,NONE,C2.5,QUIET_20241012_6,0
2335,20241012,20241012T14:00:00,20241012T15:00:00,NONE,-1.0,NONE,C3.3,QUIET_20241012_7,0
2336,20241012,20241012T16:00:00,20241012T17:00:00,20241012T17:49:00,49.52,1h,M8.5,FLARE_20241012_1600_M8.5,1
2337,20241012,20241012T18:00:00,20241012T19:00:00,NONE,-1.0,NONE,C4.5,QUIET_20241012_9,0
2338,20241012,20241012T20:00:00,20241012T21:00:00,NONE,-1.0,NONE,C4.1,QUIET_20241012_10,0
2339,20241012,20241012T22:00:00,20241012T23:00:00,NONE,-1.0,NONE,C4.2,QUIET_20241012_11,0
2340,20241013,20241013T00:00:00,20241013T01:00:00,20241013T01:49:00,49.28,1h,M1.3,FLARE_20241013_0000_M1.3,1
2341,20241013,20241013T02:00:00,20241013T03:00:00,NONE,-1.0,NONE,C1.2,QUIET_20241013_1,0
2342,20241013,20241013T04:00:00,20241013T05:00:00,NONE,-1.0,NONE,C3.4,QUIET_20241013_2,0
2343,20241013,20241013T06:00:00,20241013T07:00:00,NONE,-1.0,NONE,C1.2,QUIET_20241013_3,0
2344,20241013,20241013T08:00:00,20241013T09:00:00,20241013T09:58:00,58.95,1h,M5.5,FLARE_20241013_0800_M5.5,1
2345,20241013,20241013T10:00:00,20241013T11:00:00,NONE,-1.0,NONE,C1.1,QUIET_20241013_5,0
2346,20241013,20241013T12:00:00,20241013T13:00:00,NONE,-1.0,NONE,C2.3,QUIET_20241013_6,0
2347,20241013,20241013T14:00:00,20241013T15:00:00,NONE,-1.0,NONE,C3.7,QUIET_20241013_7,0
2348,20241013,20241013T16:00:00,20241013T17:00:00,20241013T17:48:00,48.26,1h,M8.6,FLARE_20241013_1600_M8.6,1
2349,20241013,20241013T18:00:00,20241013T19:00:00,NONE,-1.0,NONE,C2.7,QUIET_20241013_9,0
2350,20241013,20241013T20:00:00,20241013T21:00:00,NONE,-1.0,NONE,C4.4,QUIET_20241013_10,0
2351,20241013,20241013T22:00:00,20241013T23:00:00,NONE,-1.0,NONE,C3.0,QUIET_20241013_11,0
2352,20241014,20241014T00:00:00,20241014T01:00:00,20241014T01:48:00,48.71,1h,M6.6,FLARE_20241014_0000_M6.6,1
2353,20241014,20241014T02:00:00,20241014T03:00:00,NONE,-1.0,NONE,C2.6,QUIET_20241014_1,0
2354,20241014,20241014T04:00:00,20241014T05:00:00,NONE,-1.0,NONE,C3.1,QUIET_20241014_2,0
2355,20241014,20241014T06:00:00,20241014T07:00:00,NONE,-1.0,NONE,C1.7,QUIET_20241014_3,0
2356,20241014,20241014T08:00:00,20241014T09:00:00,20241014T09:15:00,15.21,1h,M6.0,FLARE_20241014_0800_M6.0,1
2357,20241014,20241014T10:00:00,20241014T11:00:00,NONE,-1.0,NONE,C4.2,QUIET_20241014_5,0
2358,20241014,20241014T12:00:00,20241014T13:00:00,NONE,-1.0,NONE,C4.0,QUIET_20241014_6,0
2359,20241014,20241014T14:00:00,20241014T15:00:00,NONE,-1.0,NONE,C4.1,QUIET_20241014_7,0
2360,20241014,20241014T16:00:00,20241014T17:00:00,20241014T17:57:00,57.41,1h,M5.8,FLARE_20241014_1600_M5.8,1
2361,20241014,20241014T18:00:00,20241014T19:00:00,NONE,-1.0,NONE,C2.8,QUIET_20241014_9,0
2362,20241014,20241014T20:00:00,20241014T21:00:00,NONE,-1.0,NONE,C2.3,QUIET_20241014_10,0
2363,20241014,20241014T22:00:00,20241014T23:00:00,NONE,-1.0,NONE,C3.4,QUIET_20241014_11,0
2364,20241015,20241015T00:00:00,20241015T01:00:00,20241015T01:32:00,32.3,1h,M5.5,FLARE_20241015_0000_M5.5,1
2365,20241015,20241015T02:00:00,20241015T03:00:00,NONE,-1.0,NONE,C4.8,QUIET_20241015_1,0
2366,20241015,20241015T04:00:00,20241015T05:00:00,NONE,-1.0,NONE,C3.0,QUIET_20241015_2,0
2367,20241015,20241015T06:00:00,20241015T07:00:00,NONE,-1.0,NONE,C2.0,QUIET_20241015_3,0
2368,20241015,20241015T08:00:00,20241015T09:00:00,20241015T09:20:00,20.85,1h,M2.3,FLARE_20241015_0800_M2.3,1
2369,20241015,20241015T10:00:00,20241015T11:00:00,NONE,-1.0,NONE,C1.5,QUIET_20241015_5,0
2370,20241015,20241015T12:00:00,20241015T13:00:00,NONE,-1.0,NONE,C1.0,QUIET_20241015_6,0
2371,20241015,20241015T14:00:00,20241015T15:00:00,NONE,-1.0,NONE,C2.6,QUIET_20241015_7,0
2372,20241015,20241015T16:00:00,20241015T17:00:00,20241015T17:57:00,57.39,1h,M8.5,FLARE_20241015_1600_M8.5,1
2373,20241015,20241015T18:00:00,20241015T19:00:00,NONE,-1.0,NONE,C4.5,QUIET_20241015_9,0
2374,20241015,20241015T20:00:00,20241015T21:00:00,NONE,-1.0,NONE,C4.7,QUIET_20241015_10,0
2375,20241015,20241015T22:00:00,20241015T23:00:00,NONE,-1.0,NONE,C2.2,QUIET_20241015_11,0
2376,20241016,20241016T00:00:00,20241016T01:00:00,20241016T01:58:00,58.84,1h,M2.5,FLARE_20241016_0000_M2.5,1
2377,20241016,20241016T02:00:00,20241016T03:00:00,NONE,-1.0,NONE,C3.1,QUIET_20241016_1,0
2378,20241016,20241016T04:00:00,20241016T05:00:00,NONE,-1.0,NONE,C3.8,QUIET_20241016_2,0
2379,20241016,20241016T06:00:00,20241016T07:00:00,NONE,-1.0,NONE,C4.6,QUIET_20241016_3,0
2380,20241016,20241016T08:00:00,20241016T09:00:00,20241016T09:23:00,23.56,1h,M6.4,FLARE_20241016_0800_M6.4,1
2381,20241016,20241016T10:00:00,20241016T11:00:00,NONE,-1.0,NONE,C2.4,QUIET_20241016_5,0
2382,20241016,20241016T12:00:00,20241016T13:00:00,NONE,-1.0,NONE,C3.0,QUIET_20241016_6,0
2383,20241016,20241016T14:00:00,20241016T15:00:00,NONE,-1.0,NONE,C1.6,QUIET_20241016_7,0
2384,20241016,20241016T16:00:00,20241016T17:00:00,20241016T17:31:00,31.01,1h,M3.4,FLARE_20241016_1600_M3.4,1
2385,20241016,20241016T18:00:00,20241016T19:00:00,NONE,-1.0,NONE,C2.7,QUIET_20241016_9,0
2386,20241016,20241016T20:00:00,20241016T21:00:00,NONE,-1.0,NONE,C3.7,QUIET_20241016_10,0
2387,20241016,20241016T22:00:00,20241016T23:00:00,NONE,-1.0,NONE,C2.8,QUIET_20241016_11,0
2388,20241017,20241017T00:00:00,20241017T01:00:00,20241017T01:46:00,46.37,1h,M3.7,FLARE_20241017_0000_M3.7,1
2389,20241017,20241017T02:00:00,20241017T03:00:00,NONE,-1.0,NONE,C3.6,QUIET_20241017_1,0
2390,20241017,20241017T04:00:00,20241017T05:00:00,NONE,-1.0,NONE,C1.2,QUIET_20241017_2,0
2391,20241017,20241017T06:00:00,20241017T07:00:00,NONE,-1.0,NONE,C4.2,QUIET_20241017_3,0
2392,20241017,20241017T08:00:00,20241017T09:00:00,20241017T09:36:00,36.19,1h,M6.3,FLARE_20241017_0800_M6.3,1
2393,20241017,20241017T10:00:00,20241017T11:00:00,NONE,-1.0,NONE,C4.7,QUIET_20241017_5,0
2394,20241017,20241017T12:00:00,20241017T13:00:00,NONE,-1.0,NONE,C2.3,QUIET_20241017_6,0
2395,20241017,20241017T14:00:00,20241017T15:00:00,NONE,-1.0,NONE,C1.6,QUIET_20241017_7,0
2396,20241017,20241017T16:00:00,20241017T17:00:00,20241017T17:34:00,34.16,1h,M4.2,FLARE_20241017_1600_M4.2,1
2397,20241017,20241017T18:00:00,20241017T19:00:00,NONE,-1.0,NONE,C2.0,QUIET_20241017_9,0
2398,20241017,20241017T20:00:00,20241017T21:00:00,NONE,-1.0,NONE,C1.7,QUIET_20241017_10,0
2399,20241017,20241017T22:00:00,20241017T23:00:00,NONE,-1.0,NONE,C3.4,QUIET_20241017_11,0
2400,20241018,20241018T00:00:00,20241018T01:00:00,20241018T01:29:00,29.02,1h,M2.7,FLARE_20241018_0000_M2.7,1
2401,20241018,20241018T02:00:00,20241018T03:00:00,NONE,-1.0,NONE,C3.6,QUIET_20241018_1,0
2402,20241018,20241018T04:00:00,20241018T05:00:00,NONE,-1.0,NONE,C3.6,QUIET_20241018_2,0
2403,20241018,20241018T06:00:00,20241018T07:00:00,NONE,-1.0,NONE,C3.3,QUIET_20241018_3,0
2404,20241018,20241018T08:00:00,20241018T09:00:00,20241018T09:46:00,46.68,1h,M5.7,FLARE_20241018_0800_M5.7,1
2405,20241018,20241018T10:00:00,20241018T11:00:00,NONE,-1.0,NONE,C2.0,QUIET_20241018_5,0
2406,20241018,20241018T12:00:00,20241018T13:00:00,NONE,-1.0,NONE,C2.2,QUIET_20241018_6,0
2407,20241018,20241018T14:00:00,20241018T15:00:00,NONE,-1.0,NONE,C3.0,QUIET_20241018_7,0
2408,20241018,20241018T16:00:00,20241018T17:00:00,20241018T17:31:00,31.59,1h,M6.0,FLARE_20241018_1600_M6.0,1
2409,20241018,20241018T18:00:00,20241018T19:00:00,NONE,-1.0,NONE,C4.4,QUIET_20241018_9,0
2410,20241018,20241018T20:00:00,20241018T21:00:00,NONE,-1.0,NONE,C3.2,QUIET_20241018_10,0
2411,20241018,20241018T22:00:00,20241018T23:00:00,NONE,-1.0,NONE,C4.2,QUIET_20241018_11,0
2412,20241019,20241019T00:00:00,20241019T01:00:00,20241019T01:44:00,44.45,1h,M7.1,FLARE_20241019_0000_M7.1,1
2413,20241019,20241019T02:00:00,20241019T03:00:00,NONE,-1.0,NONE,C3.4,QUIET_20241019_1,0
2414,20241019,20241019T04:00:00,20241019T05:00:00,NONE,-1.0,NONE,C2.6,QUIET_20241019_2,0
2415,20241019,20241019T06:00:00,20241019T07:00:00,NONE,-1.0,NONE,C4.2,QUIET_20241019_3,0
2416,20241019,20241019T08:00:00,20241019T09:00:00,20241019T09:55:00,55.53,1h,M7.5,FLARE_20241019_0800_M7.5,1
2417,20241019,20241019T10:00:00,20241019T11:00:00,NONE,-1.0,NONE,C3.5,QUIET_20241019_5,0
2418,20241019,20241019T12:00:00,20241019T13:00:00,NONE,-1.0,NONE,C3.3,QUIET_20241019_6,0
2419,20241019,20241019T14:00:00,20241019T15:00:00,NONE,-1.0,NONE,C1.7,QUIET_20241019_7,0
2420,20241019,20241019T16:00:00,20241019T17:00:00,20241019T17:26:00,26.97,1h,M5.8,FLARE_20241019_1600_M5.8,1
2421,20241019,20241019T18:00:00,20241019T19:00:00,NONE,-1.0,NONE,C4.7,QUIET_20241019_9,0
2422,20241019,20241019T20:00:00,20241019T21:00:00,NONE,-1.0,NONE,C1.6,QUIET_20241019_10,0
2423,20241019,20241019T22:00:00,20241019T23:00:00,NONE,-1.0,NONE,C3.8,QUIET_20241019_11,0
2424,20241020,20241020T00:00:00,20241020T01:00:00,20241020T01:41:00,41.09,1h,M5.4,FLARE_20241020_0000_M5.4,1
2425,20241020,20241020T02:00:00,20241020T03:00:00,NONE,-1.0,NONE,C2.2,QUIET_20241020_1,0
2426,20241020,20241020T04:00:00,20241020T05:00:00,NONE,-1.0,NONE,C3.5,QUIET_20241020_2,0
2427,20241020,20241020T06:00:00,20241020T07:00:00,NONE,-1.0,NONE,C4.3,QUIET_20241020_3,0
2428,20241020,20241020T08:00:00,20241020T09:00:00,20241020T09:40:00,40.85,1h,M1.6,FLARE_20241020_0800_M1.6,1
2429,20241020,20241020T10:00:00,20241020T11:00:00,NONE,-1.0,NONE,C1.6,QUIET_20241020_5,0
2430,20241020,20241020T12:00:00,20241020T13:00:00,NONE,-1.0,NONE,C3.0,QUIET_20241020_6,0
2431,20241020,20241020T14:00:00,20241020T15:00:00,NONE,-1.0,NONE,C2.2,QUIET_20241020_7,0
2432,20241020,20241020T16:00:00,20241020T17:00:00,20241020T17:30:00,30.79,1h,M6.7,FLARE_20241020_1600_M6.7,1
2433,20241020,20241020T18:00:00,20241020T19:00:00,NONE,-1.0,NONE,C1.6,QUIET_20241020_9,0
2434,20241020,20241020T20:00:00,20241020T21:00:00,NONE,-1.0,NONE,C4.0,QUIET_20241020_10,0
2435,20241020,20241020T22:00:00,20241020T23:00:00,NONE,-1.0,NONE,C4.8,QUIET_20241020_11,0
2436,20241021,20241021T00:00:00,20241021T01:00:00,20241021T01:17:00,17.17,1h,M3.1,FLARE_20241021_0000_M3.1,1
2437,20241021,20241021T02:00:00,20241021T03:00:00,NONE,-1.0,NONE,C4.8,QUIET_20241021_1,0
2438,20241021,20241021T04:00:00,20241021T05:00:00,NONE,-1.0,NONE,C1.1,QUIET_20241021_2,0
2439,20241021,20241021T06:00:00,20241021T07:00:00,NONE,-1.0,NONE,C2.4,QUIET_20241021_3,0
2440,20241021,20241021T08:00:00,20241021T09:00:00,20241021T09:39:00,39.02,1h,M3.3,FLARE_20241021_0800_M3.3,1
2441,20241021,20241021T10:00:00,20241021T11:00:00,NONE,-1.0,NONE,C1.0,QUIET_20241021_5,0
2442,20241021,20241021T12:00:00,20241021T13:00:00,NONE,-1.0,NONE,C4.1,QUIET_20241021_6,0
2443,20241021,20241021T14:00:00,20241021T15:00:00,NONE,-1.0,NONE,C4.2,QUIET_20241021_7,0
2444,20241021,20241021T16:00:00,20241021T17:00:00,20241021T17:37:00,37.5,1h,M4.0,FLARE_20241021_1600_M4.0,1
2445,20241021,20241021T18:00:00,20241021T19:00:00,NONE,-1.0,NONE,C4.0,QUIET_20241021_9,0
2446,20241021,20241021T20:00:00,20241021T21:00:00,NONE,-1.0,NONE,C2.7,QUIET_20241021_10,0
2447,20241021,20241021T22:00:00,20241021T23:00:00,NONE,-1.0,NONE,C1.2,QUIET_20241021_11,0
2448,20241022,20241022T00:00:00,20241022T01:00:00,20241022T01:25:00,25.19,1h,M5.0,FLARE_20241022_0000_M5.0,1
2449,20241022,20241022T02:00:00,20241022T03:00:00,NONE,-1.0,NONE,C1.4,QUIET_20241022_1,0
2450,20241022,20241022T04:00:00,20241022T05:00:00,NONE,-1.0,NONE,C1.5,QUIET_20241022_2,0
2451,20241022,20241022T06:00:00,20241022T07:00:00,NONE,-1.0,NONE,C4.1,QUIET_20241022_3,0
2452,20241022,20241022T08:00:00,20241022T09:00:00,20241022T09:37:00,37.49,1h,M3.3,FLARE_20241022_0800_M3.3,1
2453,20241022,20241022T10:00:00,20241022T11:00:00,NONE,-1.0,NONE,C2.3,QUIET_20241022_5,0
2454,20241022,20241022T12:00:00,20241022T13:00:00,NONE,-1.0,NONE,C2.2,QUIET_20241022_6,0
2455,20241022,20241022T14:00:00,20241022T15:00:00,NONE,-1.0,NONE,C2.6,QUIET_20241022_7,0
2456,20241022,20241022T16:00:00,20241022T17:00:00,20241022T17:38:00,38.6,1h,M5.2,FLARE_20241022_1600_M5.2,1
2457,20241022,20241022T18:00:00,20241022T19:00:00,NONE,-1.0,NONE,C1.2,QUIET_20241022_9,0
2458,20241022,20241022T20:00:00,20241022T21:00:00,NONE,-1.0,NONE,C1.8,QUIET_20241022_10,0
2459,20241022,20241022T22:00:00,20241022T23:00:00,NONE,-1.0,NONE,C4.6,QUIET_20241022_11,0
2460,20241023,20241023T00:00:00,20241023T01:00:00,20241023T01:23:00,23.39,1h,M3.5,FLARE_20241023_0000_M3.5,1
2461,20241023,20241023T02:00:00,20241023T03:00:00,NONE,-1.0,NONE,C1.7,QUIET_20241023_1,0
2462,20241023,20241023T04:00:00,20241023T05:00:00,NONE,-1.0,NONE,C2.1,QUIET_20241023_2,0
2463,20241023,20241023T06:00:00,20241023T07:00:00,NONE,-1.0,NONE,C4.7,QUIET_20241023_3,0
2464,20241023,20241023T08:00:00,20241023T09:00:00,20241023T09:39:00,39.84,1h,M8.0,FLARE_20241023_0800_M8.0,1
2465,20241023,20241023T10:00:00,20241023T11:00:00,NONE,-1.0,NONE,C2.1,QUIET_20241023_5,0
2466,20241023,20241023T12:00:00,20241023T13:00:00,NONE,-1.0,NONE,C1.5,QUIET_20241023_6,0
2467,20241023,20241023T14:00:00,20241023T15:00:00,NONE,-1.0,NONE,C3.7,QUIET_20241023_7,0
2468,20241023,20241023T16:00:00,20241023T17:00:00,20241023T17:32:00,32.81,1h,M1.3,FLARE_20241023_1600_M1.3,1
2469,20241023,20241023T18:00:00,20241023T19:00:00,NONE,-1.0,NONE,C2.8,QUIET_20241023_9,0
2470,20241023,20241023T20:00:00,20241023T21:00:00,NONE,-1.0,NONE,C2.4,QUIET_20241023_10,0
2471,20241023,20241023T22:00:00,20241023T23:00:00,NONE,-1.0,NONE,C2.4,QUIET_20241023_11,0
2472,20241024,20241024T00:00:00,20241024T01:00:00,20241024T01:34:00,34.86,1h,M4.7,FLARE_20241024_0000_M4.7,1
2473,20241024,20241024T02:00:00,20241024T03:00:00,NONE,-1.0,NONE,C4.2,QUIET_20241024_1,0
2474,20241024,20241024T04:00:00,20241024T05:00:00,NONE,-1.0,NONE,C2.3,QUIET_20241024_2,0
2475,20241024,20241024T06:00:00,20241024T07:00:00,NONE,-1.0,NONE,C2.8,QUIET_20241024_3,0
2476,20241024,20241024T08:00:00,20241024T09:00:00,20241024T09:24:00,24.46,1h,M8.5,FLARE_20241024_0800_M8.5,1
2477,20241024,20241024T10:00:00,20241024T11:00:00,NONE,-1.0,NONE,C4.7,QUIET_20241024_5,0
2478,20241024,20241024T12:00:00,20241024T13:00:00,NONE,-1.0,NONE,C4.3,QUIET_20241024_6,0
2479,20241024,20241024T14:00:00,20241024T15:00:00,NONE,-1.0,NONE,C2.0,QUIET_20241024_7,0
2480,20241024,20241024T16:00:00,20241024T17:00:00,20241024T17:29:00,29.74,1h,M1.8,FLARE_20241024_1600_M1.8,1
2481,20241024,20241024T18:00:00,20241024T19:00:00,NONE,-1.0,NONE,C4.4,QUIET_20241024_9,0
2482,20241024,20241024T20:00:00,20241024T21:00:00,NONE,-1.0,NONE,C3.2,QUIET_20241024_10,0
2483,20241024,20241024T22:00:00,20241024T23:00:00,NONE,-1.0,NONE,C2.5,QUIET_20241024_11,0
2484,20241025,20241025T00:00:00,20241025T01:00:00,20241025T01:17:00,17.04,1h,M8.1,FLARE_20241025_0000_M8.1,1
2485,20241025,20241025T02:00:00,20241025T03:00:00,NONE,-1.0,NONE,C4.0,QUIET_20241025_1,0
2486,20241025,20241025T04:00:00,20241025T05:00:00,NONE,-1.0,NONE,C4.7,QUIET_20241025_2,0
2487,20241025,20241025T06:00:00,20241025T07:00:00,NONE,-1.0,NONE,C1.6,QUIET_20241025_3,0
2488,20241025,20241025T08:00:00,20241025T09:00:00,20241025T09:40:00,40.6,1h,M6.3,FLARE_20241025_0800_M6.3,1
2489,20241025,20241025T10:00:00,20241025T11:00:00,NONE,-1.0,NONE,C2.1,QUIET_20241025_5,0
2490,20241025,20241025T12:00:00,20241025T13:00:00,NONE,-1.0,NONE,C3.7,QUIET_20241025_6,0
2491,20241025,20241025T14:00:00,20241025T15:00:00,NONE,-1.0,NONE,C1.3,QUIET_20241025_7,0
2492,20241025,20241025T16:00:00,20241025T17:00:00,20241025T17:26:00,26.42,1h,M2.0,FLARE_20241025_1600_M2.0,1
2493,20241025,20241025T18:00:00,20241025T19:00:00,NONE,-1.0,NONE,C2.5,QUIET_20241025_9,0
2494,20241025,20241025T20:00:00,20241025T21:00:00,NONE,-1.0,NONE,C2.6,QUIET_20241025_10,0
2495,20241025,20241025T22:00:00,20241025T23:00:00,NONE,-1.0,NONE,C1.8,QUIET_20241025_11,0
2496,20241026,20241026T00:00:00,20241026T01:00:00,20241026T01:47:00,47.35,1h,M6.3,FLARE_20241026_0000_M6.3,1
2497,20241026,20241026T02:00:00,20241026T03:00:00,NONE,-1.0,NONE,C2.8,QUIET_20241026_1,0
2498,20241026,20241026T04:00:00,20241026T05:00:00,NONE,-1.0,NONE,C3.2,QUIET_20241026_2,0
2499,20241026,20241026T06:00:00,20241026T07:00:00,NONE,-1.0,NONE,C3.7,QUIET_20241026_3,0
2500,20241026,20241026T08:00:00,20241026T09:00:00,20241026T09:56:00,56.47,1h,M4.8,FLARE_20241026_0800_M4.8,1
2501,20241026,20241026T10:00:00,20241026T11:00:00,NONE,-1.0,NONE,C4.4,QUIET_20241026_5,0
2502,20241026,20241026T12:00:00,20241026T13:00:00,NONE,-1.0,NONE,C3.1,QUIET_20241026_6,0
2503,20241026,20241026T14:00:00,20241026T15:00:00,NONE,-1.0,NONE,C3.5,QUIET_20241026_7,0
2504,20241026,20241026T16:00:00,20241026T17:00:00,20241026T17:26:00,26.1,1h,M8.8,FLARE_20241026_1600_M8.8,1
2505,20241026,20241026T18:00:00,20241026T19:00:00,NONE,-1.0,NONE,C3.0,QUIET_20241026_9,0
2506,20241026,20241026T20:00:00,20241026T21:00:00,NONE,-1.0,NONE,C2.7,QUIET_20241026_10,0
2507,20241026,20241026T22:00:00,20241026T23:00:00,NONE,-1.0,NONE,C2.1,QUIET_20241026_11,0
2508,20241027,20241027T00:00:00,20241027T01:00:00,20241027T01:32:00,32.44,1h,M2.7,FLARE_20241027_0000_M2.7,1
2509,20241027,20241027T02:00:00,20241027T03:00:00,NONE,-1.0,NONE,C4.2,QUIET_20241027_1,0
2510,20241027,20241027T04:00:00,20241027T05:00:00,NONE,-1.0,NONE,C1.3,QUIET_20241027_2,0
2511,20241027,20241027T06:00:00,20241027T07:00:00,NONE,-1.0,NONE,C1.3,QUIET_20241027_3,0
2512,20241027,20241027T08:00:00,20241027T09:00:00,20241027T09:48:00,48.43,1h,M4.5,FLARE_20241027_0800_M4.5,1
2513,20241027,20241027T10:00:00,20241027T11:00:00,NONE,-1.0,NONE,C2.7,QUIET_20241027_5,0
2514,20241027,20241027T12:00:00,20241027T13:00:00,NONE,-1.0,NONE,C3.2,QUIET_20241027_6,0
2515,20241027,20241027T14:00:00,20241027T15:00:00,NONE,-1.0,NONE,C3.2,QUIET_20241027_7,0
2516,20241027,20241027T16:00:00,20241027T17:00:00,20241027T17:31:00,31.96,1h,M7.4,FLARE_20241027_1600_M7.4,1
2517,20241027,20241027T18:00:00,20241027T19:00:00,NONE,-1.0,NONE,C2.1,QUIET_20241027_9,0
2518,20241027,20241027T20:00:00,20241027T21:00:00,NONE,-1.0,NONE,C1.8,QUIET_20241027_10,0
2519,20241027,20241027T22:00:00,20241027T23:00:00,NONE,-1.0,NONE,C4.3,QUIET_20241027_11,0
2520,20241028,20241028T00:00:00,20241028T01:00:00,20241028T01:34:00,34.94,1h,M5.2,FLARE_20241028_0000_M5.2,1
2521,20241028,20241028T02:00:00,20241028T03:00:00,NONE,-1.0,NONE,C4.8,QUIET_20241028_1,0
2522,20241028,20241028T04:00:00,20241028T05:00:00,NONE,-1.0,NONE,C2.8,QUIET_20241028_2,0
2523,20241028,20241028T06:00:00,20241028T07:00:00,NONE,-1.0,NONE,C3.7,QUIET_20241028_3,0
2524,20241028,20241028T08:00:00,20241028T09:00:00,20241028T09:57:00,57.08,1h,M4.0,FLARE_20241028_0800_M4.0,1
2525,20241028,20241028T10:00:00,20241028T11:00:00,NONE,-1.0,NONE,C1.6,QUIET_20241028_5,0
2526,20241028,20241028T12:00:00,20241028T13:00:00,NONE,-1.0,NONE,C3.0,QUIET_20241028_6,0
2527,20241028,20241028T14:00:00,20241028T15:00:00,NONE,-1.0,NONE,C3.4,QUIET_20241028_7,0
2528,20241028,20241028T16:00:00,20241028T17:00:00,20241028T17:48:00,48.97,1h,M2.2,FLARE_20241028_1600_M2.2,1
2529,20241028,20241028T18:00:00,20241028T19:00:00,NONE,-1.0,NONE,C4.4,QUIET_20241028_9,0
2530,20241028,20241028T20:00:00,20241028T21:00:00,NONE,-1.0,NONE,C2.4,QUIET_20241028_10,0
2531,20241028,20241028T22:00:00,20241028T23:00:00,NONE,-1.0,NONE,C2.8,QUIET_20241028_11,0
2532,20241029,20241029T00:00:00,20241029T01:00:00,20241029T01:31:00,31.21,1h,M3.4,FLARE_20241029_0000_M3.4,1
2533,20241029,20241029T02:00:00,20241029T03:00:00,NONE,-1.0,NONE,C2.5,QUIET_20241029_1,0
2534,20241029,20241029T04:00:00,20241029T05:00:00,NONE,-1.0,NONE,C4.8,QUIET_20241029_2,0
2535,20241029,20241029T06:00:00,20241029T07:00:00,NONE,-1.0,NONE,C3.3,QUIET_20241029_3,0
2536,20241029,20241029T08:00:00,20241029T09:00:00,20241029T09:52:00,52.32,1h,M1.5,FLARE_20241029_0800_M1.5,1
2537,20241029,20241029T10:00:00,20241029T11:00:00,NONE,-1.0,NONE,C2.4,QUIET_20241029_5,0
2538,20241029,20241029T12:00:00,20241029T13:00:00,NONE,-1.0,NONE,C4.6,QUIET_20241029_6,0
2539,20241029,20241029T14:00:00,20241029T15:00:00,NONE,-1.0,NONE,C2.4,QUIET_20241029_7,0
2540,20241029,20241029T16:00:00,20241029T17:00:00,20241029T17:21:00,21.38,1h,M8.8,FLARE_20241029_1600_M8.8,1
2541,20241029,20241029T18:00:00,20241029T19:00:00,NONE,-1.0,NONE,C2.5,QUIET_20241029_9,0
2542,20241029,20241029T20:00:00,20241029T21:00:00,NONE,-1.0,NONE,C1.2,QUIET_20241029_10,0
2543,20241029,20241029T22:00:00,20241029T23:00:00,NONE,-1.0,NONE,C2.7,QUIET_20241029_11,0
2544,20241030,20241030T00:00:00,20241030T01:00:00,20241030T01:43:00,43.55,1h,M8.2,FLARE_20241030_0000_M8.2,1
2545,20241030,20241030T02:00:00,20241030T03:00:00,NONE,-1.0,NONE,C4.1,QUIET_20241030_1,0
2546,20241030,20241030T04:00:00,20241030T05:00:00,NONE,-1.0,NONE,C2.2,QUIET_20241030_2,0
2547,20241030,20241030T06:00:00,20241030T07:00:00,NONE,-1.0,NONE,C4.5,QUIET_20241030_3,0
2548,20241030,20241030T08:00:00,20241030T09:00:00,20241030T09:28:00,28.46,1h,M8.2,FLARE_20241030_0800_M8.2,1
2549,20241030,20241030T10:00:00,20241030T11:00:00,NONE,-1.0,NONE,C3.5,QUIET_20241030_5,0
2550,20241030,20241030T12:00:00,20241030T13:00:00,NONE,-1.0,NONE,C3.4,QUIET_20241030_6,0
2551,20241030,20241030T14:00:00,20241030T15:00:00,NONE,-1.0,NONE,C4.2,QUIET_20241030_7,0
2552,20241030,20241030T16:00:00,20241030T17:00:00,20241030T17:15:00,15.12,1h,M6.3,FLARE_20241030_1600_M6.3,1
2553,20241030,20241030T18:00:00,20241030T19:00:00,NONE,-1.0,NONE,C1.3,QUIET_20241030_9,0
2554,20241030,20241030T20:00:00,20241030T21:00:00,NONE,-1.0,NONE,C4.3,QUIET_20241030_10,0
2555,20241030,20241030T22:00:00,20241030T23:00:00,NONE,-1.0,NONE,C1.6,QUIET_20241030_11,0
2556,20241031,20241031T00:00:00,20241031T01:00:00,20241031T01:29:00,29.05,1h,M3.7,FLARE_20241031_0000_M3.7,1
2557,20241031,20241031T02:00:00,20241031T03:00:00,NONE,-1.0,NONE,C2.2,QUIET_20241031_1,0
2558,20241031,20241031T04:00:00,20241031T05:00:00,NONE,-1.0,NONE,C2.0,QUIET_20241031_2,0
2559,20241031,20241031T06:00:00,20241031T07:00:00,NONE,-1.0,NONE,C4.5,QUIET_20241031_3,0
2560,20241031,20241031T08:00:00,20241031T09:00:00,20241031T09:52:00,52.43,1h,M8.2,FLARE_20241031_0800_M8.2,1
2561,20241031,20241031T10:00:00,20241031T11:00:00,NONE,-1.0,NONE,C3.1,QUIET_20241031_5,0
2562,20241031,20241031T12:00:00,20241031T13:00:00,NONE,-1.0,NONE,C3.1,QUIET_20241031_6,0
2563,20241031,20241031T14:00:00,20241031T15:00:00,NONE,-1.0,NONE,C2.1,QUIET_20241031_7,0
2564,20241031,20241031T16:00:00,20241031T17:00:00,20241031T17:35:00,35.42,1h,M3.2,FLARE_20241031_1600_M3.2,1
2565,20241031,20241031T18:00:00,20241031T19:00:00,NONE,-1.0,NONE,C3.8,QUIET_20241031_9,0
2566,20241031,20241031T20:00:00,20241031T21:00:00,NONE,-1.0,NONE,C4.0,QUIET_20241031_10,0
2567,20241031,20241031T22:00:00,20241031T23:00:00,NONE,-1.0,NONE,C2.8,QUIET_20241031_11,0
2568,20241101,20241101T00:00:00,20241101T01:00:00,20241101T01:38:00,38.88,1h,M3.6,FLARE_20241101_0000_M3.6,1
2569,20241101,20241101T02:00:00,20241101T03:00:00,NONE,-1.0,NONE,C2.0,QUIET_20241101_1,0
2570,20241101,20241101T04:00:00,20241101T05:00:00,NONE,-1.0,NONE,C2.6,QUIET_20241101_2,0
2571,20241101,20241101T06:00:00,20241101T07:00:00,NONE,-1.0,NONE,C3.4,QUIET_20241101_3,0
2572,20241101,20241101T08:00:00,20241101T09:00:00,20241101T09:52:00,52.85,1h,M3.2,FLARE_20241101_0800_M3.2,1
2573,20241101,20241101T10:00:00,20241101T11:00:00,NONE,-1.0,NONE,C4.1,QUIET_20241101_5,0
2574,20241101,20241101T12:00:00,20241101T13:00:00,NONE,-1.0,NONE,C4.6,QUIET_20241101_6,0
2575,20241101,20241101T14:00:00,20241101T15:00:00,NONE,-1.0,NONE,C3.0,QUIET_20241101_7,0
2576,20241101,20241101T16:00:00,20241101T17:00:00,20241101T17:53:00,53.53,1h,M8.0,FLARE_20241101_1600_M8.0,1
2577,20241101,20241101T18:00:00,20241101T19:00:00,NONE,-1.0,NONE,C1.8,QUIET_20241101_9,0
2578,20241101,20241101T20:00:00,20241101T21:00:00,NONE,-1.0,NONE,C4.1,QUIET_20241101_10,0
2579,20241101,20241101T22:00:00,20241101T23:00:00,NONE,-1.0,NONE,C3.4,QUIET_20241101_11,0
2580,20241102,20241102T00:00:00,20241102T01:00:00,20241102T01:53:00,53.48,1h,M3.3,FLARE_20241102_0000_M3.3,1
2581,20241102,20241102T02:00:00,20241102T03:00:00,NONE,-1.0,NONE,C3.8,QUIET_20241102_1,0
2582,20241102,20241102T04:00:00,20241102T05:00:00,NONE,-1.0,NONE,C1.8,QUIET_20241102_2,0
2583,20241102,20241102T06:00:00,20241102T07:00:00,NONE,-1.0,NONE,C2.4,QUIET_20241102_3,0
2584,20241102,20241102T08:00:00,20241102T09:00:00,20241102T09:53:00,53.09,1h,M5.6,FLARE_20241102_0800_M5.6,1
2585,20241102,20241102T10:00:00,20241102T11:00:00,NONE,-1.0,NONE,C1.0,QUIET_20241102_5,0
2586,20241102,20241102T12:00:00,20241102T13:00:00,NONE,-1.0,NONE,C2.5,QUIET_20241102_6,0
2587,20241102,20241102T14:00:00,20241102T15:00:00,NONE,-1.0,NONE,C4.8,QUIET_20241102_7,0
2588,20241102,20241102T16:00:00,20241102T17:00:00,20241102T17:49:00,49.81,1h,M4.3,FLARE_20241102_1600_M4.3,1
2589,20241102,20241102T18:00:00,20241102T19:00:00,NONE,-1.0,NONE,C1.7,QUIET_20241102_9,0
2590,20241102,20241102T20:00:00,20241102T21:00:00,NONE,-1.0,NONE,C2.0,QUIET_20241102_10,0
2591,20241102,20241102T22:00:00,20241102T23:00:00,NONE,-1.0,NONE,C3.5,QUIET_20241102_11,0
2592,20241103,20241103T00:00:00,20241103T01:00:00,20241103T01:44:00,44.1,1h,M3.6,FLARE_20241103_0000_M3.6,1
2593,20241103,20241103T02:00:00,20241103T03:00:00,NONE,-1.0,NONE,C2.2,QUIET_20241103_1,0
2594,20241103,20241103T04:00:00,20241103T05:00:00,NONE,-1.0,NONE,C4.7,QUIET_20241103_2,0
2595,20241103,20241103T06:00:00,20241103T07:00:00,NONE,-1.0,NONE,C2.7,QUIET_20241103_3,0
2596,20241103,20241103T08:00:00,20241103T09:00:00,20241103T09:32:00,32.51,1h,M2.0,FLARE_20241103_0800_M2.0,1
2597,20241103,20241103T10:00:00,20241103T11:00:00,NONE,-1.0,NONE,C4.8,QUIET_20241103_5,0
2598,20241103,20241103T12:00:00,20241103T13:00:00,NONE,-1.0,NONE,C2.7,QUIET_20241103_6,0
2599,20241103,20241103T14:00:00,20241103T15:00:00,NONE,-1.0,NONE,C3.5,QUIET_20241103_7,0
2600,20241103,20241103T16:00:00,20241103T17:00:00,20241103T17:39:00,39.17,1h,M3.8,FLARE_20241103_1600_M3.8,1
2601,20241103,20241103T18:00:00,20241103T19:00:00,NONE,-1.0,NONE,C3.2,QUIET_20241103_9,0
2602,20241103,20241103T20:00:00,20241103T21:00:00,NONE,-1.0,NONE,C3.8,QUIET_20241103_10,0
2603,20241103,20241103T22:00:00,20241103T23:00:00,NONE,-1.0,NONE,C4.0,QUIET_20241103_11,0
2604,20241104,20241104T00:00:00,20241104T01:00:00,20241104T01:31:00,31.61,1h,M5.2,FLARE_20241104_0000_M5.2,1
2605,20241104,20241104T02:00:00,20241104T03:00:00,NONE,-1.0,NONE,C4.1,QUIET_20241104_1,0
2606,20241104,20241104T04:00:00,20241104T05:00:00,NONE,-1.0,NONE,C2.8,QUIET_20241104_2,0
2607,20241104,20241104T06:00:00,20241104T07:00:00,NONE,-1.0,NONE,C1.0,QUIET_20241104_3,0
2608,20241104,20241104T08:00:00,20241104T09:00:00,20241104T09:24:00,24.79,1h,M1.7,FLARE_20241104_0800_M1.7,1
2609,20241104,20241104T10:00:00,20241104T11:00:00,NONE,-1.0,NONE,C2.6,QUIET_20241104_5,0
2610,20241104,20241104T12:00:00,20241104T13:00:00,NONE,-1.0,NONE,C1.0,QUIET_20241104_6,0
2611,20241104,20241104T14:00:00,20241104T15:00:00,NONE,-1.0,NONE,C1.6,QUIET_20241104_7,0
2612,20241104,20241104T16:00:00,20241104T17:00:00,20241104T17:52:00,52.52,1h,M1.7,FLARE_20241104_1600_M1.7,1
2613,20241104,20241104T18:00:00,20241104T19:00:00,NONE,-1.0,NONE,C3.6,QUIET_20241104_9,0
2614,20241104,20241104T20:00:00,20241104T21:00:00,NONE,-1.0,NONE,C2.4,QUIET_20241104_10,0
2615,20241104,20241104T22:00:00,20241104T23:00:00,NONE,-1.0,NONE,C4.2,QUIET_20241104_11,0
2616,20241105,20241105T00:00:00,20241105T01:00:00,20241105T01:37:00,37.79,1h,M7.3,FLARE_20241105_0000_M7.3,1
2617,20241105,20241105T02:00:00,20241105T03:00:00,NONE,-1.0,NONE,C2.1,QUIET_20241105_1,0
2618,20241105,20241105T04:00:00,20241105T05:00:00,NONE,-1.0,NONE,C2.7,QUIET_20241105_2,0
2619,20241105,20241105T06:00:00,20241105T07:00:00,NONE,-1.0,NONE,C4.3,QUIET_20241105_3,0
2620,20241105,20241105T08:00:00,20241105T09:00:00,20241105T09:39:00,39.13,1h,M8.8,FLARE_20241105_0800_M8.8,1
2621,20241105,20241105T10:00:00,20241105T11:00:00,NONE,-1.0,NONE,C4.8,QUIET_20241105_5,0
2622,20241105,20241105T12:00:00,20241105T13:00:00,NONE,-1.0,NONE,C4.7,QUIET_20241105_6,0
2623,20241105,20241105T14:00:00,20241105T15:00:00,NONE,-1.0,NONE,C4.7,QUIET_20241105_7,0
2624,20241105,20241105T16:00:00,20241105T17:00:00,20241105T17:15:00,15.51,1h,M7.4,FLARE_20241105_1600_M7.4,1
2625,20241105,20241105T18:00:00,20241105T19:00:00,NONE,-1.0,NONE,C1.5,QUIET_20241105_9,0
2626,20241105,20241105T20:00:00,20241105T21:00:00,NONE,-1.0,NONE,C2.3,QUIET_20241105_10,0
2627,20241105,20241105T22:00:00,20241105T23:00:00,NONE,-1.0,NONE,C2.6,QUIET_20241105_11,0
2628,20241106,20241106T00:00:00,20241106T01:00:00,20241106T01:28:00,28.59,1h,M8.2,FLARE_20241106_0000_M8.2,1
2629,20241106,20241106T02:00:00,20241106T03:00:00,NONE,-1.0,NONE,C4.6,QUIET_20241106_1,0
2630,20241106,20241106T04:00:00,20241106T05:00:00,NONE,-1.0,NONE,C1.2,QUIET_20241106_2,0
2631,20241106,20241106T06:00:00,20241106T07:00:00,NONE,-1.0,NONE,C2.2,QUIET_20241106_3,0
2632,20241106,20241106T08:00:00,20241106T09:00:00,20241106T09:18:00,18.18,1h,M1.8,FLARE_20241106_0800_M1.8,1
2633,20241106,20241106T10:00:00,20241106T11:00:00,NONE,-1.0,NONE,C4.6,QUIET_20241106_5,0
2634,20241106,20241106T12:00:00,20241106T13:00:00,NONE,-1.0,NONE,C4.5,QUIET_20241106_6,0
2635,20241106,20241106T14:00:00,20241106T15:00:00,NONE,-1.0,NONE,C4.8,QUIET_20241106_7,0
2636,20241106,20241106T16:00:00,20241106T17:00:00,20241106T17:35:00,35.41,1h,M2.2,FLARE_20241106_1600_M2.2,1
2637,20241106,20241106T18:00:00,20241106T19:00:00,NONE,-1.0,NONE,C4.6,QUIET_20241106_9,0
2638,20241106,20241106T20:00:00,20241106T21:00:00,NONE,-1.0,NONE,C4.8,QUIET_20241106_10,0
2639,20241106,20241106T22:00:00,20241106T23:00:00,NONE,-1.0,NONE,C2.5,QUIET_20241106_11,0
2640,20241107,20241107T00:00:00,20241107T01:00:00,20241107T01:17:00,17.48,1h,M8.3,FLARE_20241107_0000_M8.3,1
2641,20241107,20241107T02:00:00,20241107T03:00:00,NONE,-1.0,NONE,C3.5,QUIET_20241107_1,0
2642,20241107,20241107T04:00:00,20241107T05:00:00,NONE,-1.0,NONE,C4.8,QUIET_20241107_2,0
2643,20241107,20241107T06:00:00,20241107T07:00:00,NONE,-1.0,NONE,C2.6,QUIET_20241107_3,0
2644,20241107,20241107T08:00:00,20241107T09:00:00,20241107T09:32:00,32.56,1h,M8.6,FLARE_20241107_0800_M8.6,1
2645,20241107,20241107T10:00:00,20241107T11:00:00,NONE,-1.0,NONE,C2.6,QUIET_20241107_5,0
2646,20241107,20241107T12:00:00,20241107T13:00:00,NONE,-1.0,NONE,C4.6,QUIET_20241107_6,0
2647,20241107,20241107T14:00:00,20241107T15:00:00,NONE,-1.0,NONE,C3.8,QUIET_20241107_7,0
2648,20241107,20241107T16:00:00,20241107T17:00:00,20241107T17:54:00,54.9,1h,M5.4,FLARE_20241107_1600_M5.4,1
2649,20241107,20241107T18:00:00,20241107T19:00:00,NONE,-1.0,NONE,C1.1,QUIET_20241107_9,0
2650,20241107,20241107T20:00:00,20241107T21:00:00,NONE,-1.0,NONE,C1.4,QUIET_20241107_10,0
2651,20241107,20241107T22:00:00,20241107T23:00:00,NONE,-1.0,NONE,C3.0,QUIET_20241107_11,0
2652,20241108,20241108T00:00:00,20241108T01:00:00,20241108T01:51:00,51.77,1h,M1.6,FLARE_20241108_0000_M1.6,1
2653,20241108,20241108T02:00:00,20241108T03:00:00,NONE,-1.0,NONE,C3.6,QUIET_20241108_1,0
2654,20241108,20241108T04:00:00,20241108T05:00:00,NONE,-1.0,NONE,C2.8,QUIET_20241108_2,0
2655,20241108,20241108T06:00:00,20241108T07:00:00,NONE,-1.0,NONE,C3.4,QUIET_20241108_3,0
2656,20241108,20241108T08:00:00,20241108T09:00:00,20241108T09:59:00,59.81,1h,M3.2,FLARE_20241108_0800_M3.2,1
2657,20241108,20241108T10:00:00,20241108T11:00:00,NONE,-1.0,NONE,C1.7,QUIET_20241108_5,0
2658,20241108,20241108T12:00:00,20241108T13:00:00,NONE,-1.0,NONE,C2.3,QUIET_20241108_6,0
2659,20241108,20241108T14:00:00,20241108T15:00:00,NONE,-1.0,NONE,C4.3,QUIET_20241108_7,0
2660,20241108,20241108T16:00:00,20241108T17:00:00,20241108T17:31:00,31.13,1h,M4.4,FLARE_20241108_1600_M4.4,1
2661,20241108,20241108T18:00:00,20241108T19:00:00,NONE,-1.0,NONE,C4.8,QUIET_20241108_9,0
2662,20241108,20241108T20:00:00,20241108T21:00:00,NONE,-1.0,NONE,C2.7,QUIET_20241108_10,0
2663,20241108,20241108T22:00:00,20241108T23:00:00,NONE,-1.0,NONE,C2.4,QUIET_20241108_11,0
2664,20241109,20241109T00:00:00,20241109T01:00:00,20241109T01:34:00,34.64,1h,M7.5,FLARE_20241109_0000_M7.5,1
2665,20241109,20241109T02:00:00,20241109T03:00:00,NONE,-1.0,NONE,C2.5,QUIET_20241109_1,0
2666,20241109,20241109T04:00:00,20241109T05:00:00,NONE,-1.0,NONE,C2.4,QUIET_20241109_2,0
2667,20241109,20241109T06:00:00,20241109T07:00:00,NONE,-1.0,NONE,C4.0,QUIET_20241109_3,0
2668,20241109,20241109T08:00:00,20241109T09:00:00,20241109T09:16:00,16.39,1h,M7.3,FLARE_20241109_0800_M7.3,1
2669,20241109,20241109T10:00:00,20241109T11:00:00,NONE,-1.0,NONE,C4.2,QUIET_20241109_5,0
2670,20241109,20241109T12:00:00,20241109T13:00:00,NONE,-1.0,NONE,C2.3,QUIET_20241109_6,0
2671,20241109,20241109T14:00:00,20241109T15:00:00,NONE,-1.0,NONE,C4.7,QUIET_20241109_7,0
2672,20241109,20241109T16:00:00,20241109T17:00:00,20241109T17:31:00,31.83,1h,M2.5,FLARE_20241109_1600_M2.5,1
2673,20241109,20241109T18:00:00,20241109T19:00:00,NONE,-1.0,NONE,C1.3,QUIET_20241109_9,0
2674,20241109,20241109T20:00:00,20241109T21:00:00,NONE,-1.0,NONE,C1.0,QUIET_20241109_10,0
2675,20241109,20241109T22:00:00,20241109T23:00:00,NONE,-1.0,NONE,C1.8,QUIET_20241109_11,0
2676,20241110,20241110T00:00:00,20241110T01:00:00,20241110T01:59:00,59.61,1h,M4.4,FLARE_20241110_0000_M4.4,1
2677,20241110,20241110T02:00:00,20241110T03:00:00,NONE,-1.0,NONE,C1.1,QUIET_20241110_1,0
2678,20241110,20241110T04:00:00,20241110T05:00:00,NONE,-1.0,NONE,C2.1,QUIET_20241110_2,0
2679,20241110,20241110T06:00:00,20241110T07:00:00,NONE,-1.0,NONE,C2.6,QUIET_20241110_3,0
2680,20241110,20241110T08:00:00,20241110T09:00:00,20241110T09:27:00,27.01,1h,M8.5,FLARE_20241110_0800_M8.5,1
2681,20241110,20241110T10:00:00,20241110T11:00:00,NONE,-1.0,NONE,C4.8,QUIET_20241110_5,0
2682,20241110,20241110T12:00:00,20241110T13:00:00,NONE,-1.0,NONE,C1.2,QUIET_20241110_6,0
2683,20241110,20241110T14:00:00,20241110T15:00:00,NONE,-1.0,NONE,C2.7,QUIET_20241110_7,0
2684,20241110,20241110T16:00:00,20241110T17:00:00,20241110T17:45:00,45.18,1h,M7.5,FLARE_20241110_1600_M7.5,1
2685,20241110,20241110T18:00:00,20241110T19:00:00,NONE,-1.0,NONE,C3.0,QUIET_20241110_9,0
2686,20241110,20241110T20:00:00,20241110T21:00:00,NONE,-1.0,NONE,C4.4,QUIET_20241110_10,0
2687,20241110,20241110T22:00:00,20241110T23:00:00,NONE,-1.0,NONE,C1.3,QUIET_20241110_11,0
2688,20241111,20241111T00:00:00,20241111T01:00:00,20241111T01:52:00,52.32,1h,M4.1,FLARE_20241111_0000_M4.1,1
2689,20241111,20241111T02:00:00,20241111T03:00:00,NONE,-1.0,NONE,C4.8,QUIET_20241111_1,0
2690,20241111,20241111T04:00:00,20241111T05:00:00,NONE,-1.0,NONE,C3.4,QUIET_20241111_2,0
2691,20241111,20241111T06:00:00,20241111T07:00:00,NONE,-1.0,NONE,C4.0,QUIET_20241111_3,0
2692,20241111,20241111T08:00:00,20241111T09:00:00,20241111T09:55:00,55.1,1h,M6.7,FLARE_20241111_0800_M6.7,1
2693,20241111,20241111T10:00:00,20241111T11:00:00,NONE,-1.0,NONE,C2.2,QUIET_20241111_5,0
2694,20241111,20241111T12:00:00,20241111T13:00:00,NONE,-1.0,NONE,C3.8,QUIET_20241111_6,0
2695,20241111,20241111T14:00:00,20241111T15:00:00,NONE,-1.0,NONE,C1.4,QUIET_20241111_7,0
2696,20241111,20241111T16:00:00,20241111T17:00:00,20241111T17:41:00,41.28,1h,M5.6,FLARE_20241111_1600_M5.6,1
2697,20241111,20241111T18:00:00,20241111T19:00:00,NONE,-1.0,NONE,C2.0,QUIET_20241111_9,0
2698,20241111,20241111T20:00:00,20241111T21:00:00,NONE,-1.0,NONE,C2.5,QUIET_20241111_10,0
2699,20241111,20241111T22:00:00,20241111T23:00:00,NONE,-1.0,NONE,C4.7,QUIET_20241111_11,0
2700,20241112,20241112T00:00:00,20241112T01:00:00,20241112T01:37:00,37.85,1h,M2.2,FLARE_20241112_0000_M2.2,1
2701,20241112,20241112T02:00:00,20241112T03:00:00,NONE,-1.0,NONE,C4.1,QUIET_20241112_1,0
2702,20241112,20241112T04:00:00,20241112T05:00:00,NONE,-1.0,NONE,C3.2,QUIET_20241112_2,0
2703,20241112,20241112T06:00:00,20241112T07:00:00,NONE,-1.0,NONE,C2.8,QUIET_20241112_3,0
2704,20241112,20241112T08:00:00,20241112T09:00:00,20241112T09:17:00,17.39,1h,M5.0,FLARE_20241112_0800_M5.0,1
2705,20241112,20241112T10:00:00,20241112T11:00:00,NONE,-1.0,NONE,C3.1,QUIET_20241112_5,0
2706,20241112,20241112T12:00:00,20241112T13:00:00,NONE,-1.0,NONE,C3.6,QUIET_20241112_6,0
2707,20241112,20241112T14:00:00,20241112T15:00:00,NONE,-1.0,NONE,C4.0,QUIET_20241112_7,0
2708,20241112,20241112T16:00:00,20241112T17:00:00,20241112T17:57:00,57.86,1h,M6.5,FLARE_20241112_1600_M6.5,1
2709,20241112,20241112T18:00:00,20241112T19:00:00,NONE,-1.0,NONE,C3.3,QUIET_20241112_9,0
2710,20241112,20241112T20:00:00,20241112T21:00:00,NONE,-1.0,NONE,C2.4,QUIET_20241112_10,0
2711,20241112,20241112T22:00:00,20241112T23:00:00,NONE,-1.0,NONE,C2.6,QUIET_20241112_11,0
2712,20241113,20241113T00:00:00,20241113T01:00:00,20241113T01:45:00,45.5,1h,M1.1,FLARE_20241113_0000_M1.1,1
2713,20241113,20241113T02:00:00,20241113T03:00:00,NONE,-1.0,NONE,C4.7,QUIET_20241113_1,0
2714,20241113,20241113T04:00:00,20241113T05:00:00,NONE,-1.0,NONE,C3.4,QUIET_20241113_2,0
2715,20241113,20241113T06:00:00,20241113T07:00:00,NONE,-1.0,NONE,C4.7,QUIET_20241113_3,0
2716,20241113,20241113T08:00:00,20241113T09:00:00,20241113T09:56:00,56.15,1h,M6.0,FLARE_20241113_0800_M6.0,1
2717,20241113,20241113T10:00:00,20241113T11:00:00,NONE,-1.0,NONE,C4.2,QUIET_20241113_5,0
2718,20241113,20241113T12:00:00,20241113T13:00:00,NONE,-1.0,NONE,C2.3,QUIET_20241113_6,0
2719,20241113,20241113T14:00:00,20241113T15:00:00,NONE,-1.0,NONE,C4.0,QUIET_20241113_7,0
2720,20241113,20241113T16:00:00,20241113T17:00:00,20241113T17:25:00,25.89,1h,M5.1,FLARE_20241113_1600_M5.1,1
2721,20241113,20241113T18:00:00,20241113T19:00:00,NONE,-1.0,NONE,C2.5,QUIET_20241113_9,0
2722,20241113,20241113T20:00:00,20241113T21:00:00,NONE,-1.0,NONE,C1.6,QUIET_20241113_10,0
2723,20241113,20241113T22:00:00,20241113T23:00:00,NONE,-1.0,NONE,C4.3,QUIET_20241113_11,0
2724,20241114,20241114T00:00:00,20241114T01:00:00,20241114T01:31:00,31.94,1h,M4.5,FLARE_20241114_0000_M4.5,1
2725,20241114,20241114T02:00:00,20241114T03:00:00,NONE,-1.0,NONE,C2.2,QUIET_20241114_1,0
2726,20241114,20241114T04:00:00,20241114T05:00:00,NONE,-1.0,NONE,C1.4,QUIET_20241114_2,0
2727,20241114,20241114T06:00:00,20241114T07:00:00,NONE,-1.0,NONE,C1.3,QUIET_20241114_3,0
2728,20241114,20241114T08:00:00,20241114T09:00:00,20241114T09:59:00,59.43,1h,M7.7,FLARE_20241114_0800_M7.7,1
2729,20241114,20241114T10:00:00,20241114T11:00:00,NONE,-1.0,NONE,C4.4,QUIET_20241114_5,0
2730,20241114,20241114T12:00:00,20241114T13:00:00,NONE,-1.0,NONE,C1.6,QUIET_20241114_6,0
2731,20241114,20241114T14:00:00,20241114T15:00:00,NONE,-1.0,NONE,C2.6,QUIET_20241114_7,0
2732,20241114,20241114T16:00:00,20241114T17:00:00,20241114T17:28:00,28.5,1h,M4.5,FLARE_20241114_1600_M4.5,1
2733,20241114,20241114T18:00:00,20241114T19:00:00,NONE,-1.0,NONE,C4.1,QUIET_20241114_9,0
2734,20241114,20241114T20:00:00,20241114T21:00:00,NONE,-1.0,NONE,C3.4,QUIET_20241114_10,0
2735,20241114,20241114T22:00:00,20241114T23:00:00,NONE,-1.0,NONE,C4.4,QUIET_20241114_11,0
2736,20241115,20241115T00:00:00,20241115T01:00:00,20241115T01:21:00,21.02,1h,M8.4,FLARE_20241115_0000_M8.4,1
2737,20241115,20241115T02:00:00,20241115T03:00:00,NONE,-1.0,NONE,C3.3,QUIET_20241115_1,0
2738,20241115,20241115T04:00:00,20241115T05:00:00,NONE,-1.0,NONE,C2.3,QUIET_20241115_2,0
2739,20241115,20241115T06:00:00,20241115T07:00:00,NONE,-1.0,NONE,C1.3,QUIET_20241115_3,0
2740,20241115,20241115T08:00:00,20241115T09:00:00,20241115T09:54:00,54.07,1h,M3.0,FLARE_20241115_0800_M3.0,1
2741,20241115,20241115T10:00:00,20241115T11:00:00,NONE,-1.0,NONE,C4.6,QUIET_20241115_5,0
2742,20241115,20241115T12:00:00,20241115T13:00:00,NONE,-1.0,NONE,C3.8,QUIET_20241115_6,0
2743,20241115,20241115T14:00:00,20241115T15:00:00,NONE,-1.0,NONE,C4.7,QUIET_20241115_7,0
2744,20241115,20241115T16:00:00,20241115T17:00:00,20241115T17:33:00,33.49,1h,M7.3,FLARE_20241115_1600_M7.3,1
2745,20241115,20241115T18:00:00,20241115T19:00:00,NONE,-1.0,NONE,C4.4,QUIET_20241115_9,0
2746,20241115,20241115T20:00:00,20241115T21:00:00,NONE,-1.0,NONE,C4.4,QUIET_20241115_10,0
2747,20241115,20241115T22:00:00,20241115T23:00:00,NONE,-1.0,NONE,C4.6,QUIET_20241115_11,0
2748,20241116,20241116T00:00:00,20241116T01:00:00,20241116T01:20:00,20.77,1h,M8.8,FLARE_20241116_0000_M8.8,1
2749,20241116,20241116T02:00:00,20241116T03:00:00,NONE,-1.0,NONE,C2.5,QUIET_20241116_1,0
2750,20241116,20241116T04:00:00,20241116T05:00:00,NONE,-1.0,NONE,C1.5,QUIET_20241116_2,0
2751,20241116,20241116T06:00:00,20241116T07:00:00,NONE,-1.0,NONE,C2.8,QUIET_20241116_3,0
2752,20241116,20241116T08:00:00,20241116T09:00:00,20241116T09:37:00,37.47,1h,M1.1,FLARE_20241116_0800_M1.1,1
2753,20241116,20241116T10:00:00,20241116T11:00:00,NONE,-1.0,NONE,C3.6,QUIET_20241116_5,0
2754,20241116,20241116T12:00:00,20241116T13:00:00,NONE,-1.0,NONE,C4.3,QUIET_20241116_6,0
2755,20241116,20241116T14:00:00,20241116T15:00:00,NONE,-1.0,NONE,C4.2,QUIET_20241116_7,0
2756,20241116,20241116T16:00:00,20241116T17:00:00,20241116T17:28:00,28.13,1h,M2.5,FLARE_20241116_1600_M2.5,1
2757,20241116,20241116T18:00:00,20241116T19:00:00,NONE,-1.0,NONE,C2.2,QUIET_20241116_9,0
2758,20241116,20241116T20:00:00,20241116T21:00:00,NONE,-1.0,NONE,C3.7,QUIET_20241116_10,0
2759,20241116,20241116T22:00:00,20241116T23:00:00,NONE,-1.0,NONE,C4.4,QUIET_20241116_11,0
2760,20241117,20241117T00:00:00,20241117T01:00:00,20241117T01:53:00,53.89,1h,M8.0,FLARE_20241117_0000_M8.0,1
2761,20241117,20241117T02:00:00,20241117T03:00:00,NONE,-1.0,NONE,C3.2,QUIET_20241117_1,0
2762,20241117,20241117T04:00:00,20241117T05:00:00,NONE,-1.0,NONE,C4.2,QUIET_20241117_2,0
2763,20241117,20241117T06:00:00,20241117T07:00:00,NONE,-1.0,NONE,C1.1,QUIET_20241117_3,0
2764,20241117,20241117T08:00:00,20241117T09:00:00,20241117T09:27:00,27.58,1h,M4.8,FLARE_20241117_0800_M4.8,1
2765,20241117,20241117T10:00:00,20241117T11:00:00,NONE,-1.0,NONE,C2.2,QUIET_20241117_5,0
2766,20241117,20241117T12:00:00,20241117T13:00:00,NONE,-1.0,NONE,C4.3,QUIET_20241117_6,0
2767,20241117,20241117T14:00:00,20241117T15:00:00,NONE,-1.0,NONE,C1.0,QUIET_20241117_7,0
2768,20241117,20241117T16:00:00,20241117T17:00:00,20241117T17:40:00,40.07,1h,M8.3,FLARE_20241117_1600_M8.3,1
2769,20241117,20241117T18:00:00,20241117T19:00:00,NONE,-1.0,NONE,C1.8,QUIET_20241117_9,0
2770,20241117,20241117T20:00:00,20241117T21:00:00,NONE,-1.0,NONE,C1.1,QUIET_20241117_10,0
2771,20241117,20241117T22:00:00,20241117T23:00:00,NONE,-1.0,NONE,C2.7,QUIET_20241117_11,0
2772,20241118,20241118T00:00:00,20241118T01:00:00,20241118T01:45:00,45.21,1h,M4.5,FLARE_20241118_0000_M4.5,1
2773,20241118,20241118T02:00:00,20241118T03:00:00,NONE,-1.0,NONE,C2.0,QUIET_20241118_1,0
2774,20241118,20241118T04:00:00,20241118T05:00:00,NONE,-1.0,NONE,C3.5,QUIET_20241118_2,0
2775,20241118,20241118T06:00:00,20241118T07:00:00,NONE,-1.0,NONE,C2.1,QUIET_20241118_3,0
2776,20241118,20241118T08:00:00,20241118T09:00:00,20241118T09:41:00,41.42,1h,M5.5,FLARE_20241118_0800_M5.5,1
2777,20241118,20241118T10:00:00,20241118T11:00:00,NONE,-1.0,NONE,C3.8,QUIET_20241118_5,0
2778,20241118,20241118T12:00:00,20241118T13:00:00,NONE,-1.0,NONE,C4.8,QUIET_20241118_6,0
2779,20241118,20241118T14:00:00,20241118T15:00:00,NONE,-1.0,NONE,C3.1,QUIET_20241118_7,0
2780,20241118,20241118T16:00:00,20241118T17:00:00,20241118T17:20:00,20.69,1h,M6.7,FLARE_20241118_1600_M6.7,1
2781,20241118,20241118T18:00:00,20241118T19:00:00,NONE,-1.0,NONE,C1.6,QUIET_20241118_9,0
2782,20241118,20241118T20:00:00,20241118T21:00:00,NONE,-1.0,NONE,C3.5,QUIET_20241118_10,0
2783,20241118,20241118T22:00:00,20241118T23:00:00,NONE,-1.0,NONE,C2.0,QUIET_20241118_11,0
2784,20241119,20241119T00:00:00,20241119T01:00:00,20241119T01:40:00,40.72,1h,M2.2,FLARE_20241119_0000_M2.2,1
2785,20241119,20241119T02:00:00,20241119T03:00:00,NONE,-1.0,NONE,C1.1,QUIET_20241119_1,0
2786,20241119,20241119T04:00:00,20241119T05:00:00,NONE,-1.0,NONE,C3.1,QUIET_20241119_2,0
2787,20241119,20241119T06:00:00,20241119T07:00:00,NONE,-1.0,NONE,C4.6,QUIET_20241119_3,0
2788,20241119,20241119T08:00:00,20241119T09:00:00,20241119T09:15:00,15.78,1h,M3.2,FLARE_20241119_0800_M3.2,1
2789,20241119,20241119T10:00:00,20241119T11:00:00,NONE,-1.0,NONE,C4.4,QUIET_20241119_5,0
2790,20241119,20241119T12:00:00,20241119T13:00:00,NONE,-1.0,NONE,C1.2,QUIET_20241119_6,0
2791,20241119,20241119T14:00:00,20241119T15:00:00,NONE,-1.0,NONE,C2.5,QUIET_20241119_7,0
2792,20241119,20241119T16:00:00,20241119T17:00:00,20241119T17:32:00,32.67,1h,M4.7,FLARE_20241119_1600_M4.7,1
2793,20241119,20241119T18:00:00,20241119T19:00:00,NONE,-1.0,NONE,C4.2,QUIET_20241119_9,0
2794,20241119,20241119T20:00:00,20241119T21:00:00,NONE,-1.0,NONE,C2.4,QUIET_20241119_10,0
2795,20241119,20241119T22:00:00,20241119T23:00:00,NONE,-1.0,NONE,C4.8,QUIET_20241119_11,0
2796,20241120,20241120T00:00:00,20241120T01:00:00,20241120T01:55:00,55.62,1h,M5.0,FLARE_20241120_0000_M5.0,1
2797,20241120,20241120T02:00:00,20241120T03:00:00,NONE,-1.0,NONE,C4.4,QUIET_20241120_1,0
2798,20241120,20241120T04:00:00,20241120T05:00:00,NONE,-1.0,NONE,C3.6,QUIET_20241120_2,0
2799,20241120,20241120T06:00:00,20241120T07:00:00,NONE,-1.0,NONE,C1.2,QUIET_20241120_3,0
2800,20241120,20241120T08:00:00,20241120T09:00:00,20241120T09:21:00,21.69,1h,M4.6,FLARE_20241120_0800_M4.6,1
2801,20241120,20241120T10:00:00,20241120T11:00:00,NONE,-1.0,NONE,C4.6,QUIET_20241120_5,0
2802,20241120,20241120T12:00:00,20241120T13:00:00,NONE,-1.0,NONE,C4.0,QUIET_20241120_6,0
2803,20241120,20241120T14:00:00,20241120T15:00:00,NONE,-1.0,NONE,C3.0,QUIET_20241120_7,0
2804,20241120,20241120T16:00:00,20241120T17:00:00,20241120T17:47:00,47.5,1h,M4.6,FLARE_20241120_1600_M4.6,1
2805,20241120,20241120T18:00:00,20241120T19:00:00,NONE,-1.0,NONE,C1.6,QUIET_20241120_9,0
2806,20241120,20241120T20:00:00,20241120T21:00:00,NONE,-1.0,NONE,C1.5,QUIET_20241120_10,0
2807,20241120,20241120T22:00:00,20241120T23:00:00,NONE,-1.0,NONE,C2.2,QUIET_20241120_11,0
2808,20241121,20241121T00:00:00,20241121T01:00:00,20241121T01:25:00,25.2,1h,M7.5,FLARE_20241121_0000_M7.5,1
2809,20241121,20241121T02:00:00,20241121T03:00:00,NONE,-1.0,NONE,C3.6,QUIET_20241121_1,0
2810,20241121,20241121T04:00:00,20241121T05:00:00,NONE,-1.0,NONE,C3.7,QUIET_20241121_2,0
2811,20241121,20241121T06:00:00,20241121T07:00:00,NONE,-1.0,NONE,C2.8,QUIET_20241121_3,0
2812,20241121,20241121T08:00:00,20241121T09:00:00,20241121T09:51:00,51.02,1h,M1.4,FLARE_20241121_0800_M1.4,1
2813,20241121,20241121T10:00:00,20241121T11:00:00,NONE,-1.0,NONE,C4.7,QUIET_20241121_5,0
2814,20241121,20241121T12:00:00,20241121T13:00:00,NONE,-1.0,NONE,C4.2,QUIET_20241121_6,0
2815,20241121,20241121T14:00:00,20241121T15:00:00,NONE,-1.0,NONE,C2.1,QUIET_20241121_7,0
2816,20241121,20241121T16:00:00,20241121T17:00:00,20241121T17:42:00,42.49,1h,M2.1,FLARE_20241121_1600_M2.1,1
2817,20241121,20241121T18:00:00,20241121T19:00:00,NONE,-1.0,NONE,C2.3,QUIET_20241121_9,0
2818,20241121,20241121T20:00:00,20241121T21:00:00,NONE,-1.0,NONE,C3.7,QUIET_20241121_10,0
2819,20241121,20241121T22:00:00,20241121T23:00:00,NONE,-1.0,NONE,C2.3,QUIET_20241121_11,0
2820,20241122,20241122T00:00:00,20241122T01:00:00,20241122T01:28:00,28.69,1h,M8.3,FLARE_20241122_0000_M8.3,1
2821,20241122,20241122T02:00:00,20241122T03:00:00,NONE,-1.0,NONE,C4.7,QUIET_20241122_1,0
2822,20241122,20241122T04:00:00,20241122T05:00:00,NONE,-1.0,NONE,C4.6,QUIET_20241122_2,0
2823,20241122,20241122T06:00:00,20241122T07:00:00,NONE,-1.0,NONE,C3.6,QUIET_20241122_3,0
2824,20241122,20241122T08:00:00,20241122T09:00:00,20241122T09:45:00,45.57,1h,M2.6,FLARE_20241122_0800_M2.6,1
2825,20241122,20241122T10:00:00,20241122T11:00:00,NONE,-1.0,NONE,C4.8,QUIET_20241122_5,0
2826,20241122,20241122T12:00:00,20241122T13:00:00,NONE,-1.0,NONE,C4.0,QUIET_20241122_6,0
2827,20241122,20241122T14:00:00,20241122T15:00:00,NONE,-1.0,NONE,C3.5,QUIET_20241122_7,0
2828,20241122,20241122T16:00:00,20241122T17:00:00,20241122T17:59:00,59.54,1h,M7.7,FLARE_20241122_1600_M7.7,1
2829,20241122,20241122T18:00:00,20241122T19:00:00,NONE,-1.0,NONE,C2.3,QUIET_20241122_9,0
2830,20241122,20241122T20:00:00,20241122T21:00:00,NONE,-1.0,NONE,C3.6,QUIET_20241122_10,0
2831,20241122,20241122T22:00:00,20241122T23:00:00,NONE,-1.0,NONE,C1.8,QUIET_20241122_11,0
2832,20241123,20241123T00:00:00,20241123T01:00:00,20241123T01:42:00,42.02,1h,M5.3,FLARE_20241123_0000_M5.3,1
2833,20241123,20241123T02:00:00,20241123T03:00:00,NONE,-1.0,NONE,C4.3,QUIET_20241123_1,0
2834,20241123,20241123T04:00:00,20241123T05:00:00,NONE,-1.0,NONE,C4.4,QUIET_20241123_2,0
2835,20241123,20241123T06:00:00,20241123T07:00:00,NONE,-1.0,NONE,C2.6,QUIET_20241123_3,0
2836,20241123,20241123T08:00:00,20241123T09:00:00,20241123T09:41:00,41.95,1h,M2.8,FLARE_20241123_0800_M2.8,1
2837,20241123,20241123T10:00:00,20241123T11:00:00,NONE,-1.0,NONE,C4.8,QUIET_20241123_5,0
2838,20241123,20241123T12:00:00,20241123T13:00:00,NONE,-1.0,NONE,C1.8,QUIET_20241123_6,0
2839,20241123,20241123T14:00:00,20241123T15:00:00,NONE,-1.0,NONE,C1.6,QUIET_20241123_7,0
2840,20241123,20241123T16:00:00,20241123T17:00:00,20241123T17:23:00,23.3,1h,M7.5,FLARE_20241123_1600_M7.5,1
2841,20241123,20241123T18:00:00,20241123T19:00:00,NONE,-1.0,NONE,C1.1,QUIET_20241123_9,0
2842,20241123,20241123T20:00:00,20241123T21:00:00,NONE,-1.0,NONE,C2.6,QUIET_20241123_10,0
2843,20241123,20241123T22:00:00,20241123T23:00:00,NONE,-1.0,NONE,C3.0,QUIET_20241123_11,0
2844,20241124,20241124T00:00:00,20241124T01:00:00,20241124T01:49:00,49.12,1h,M3.5,FLARE_20241124_0000_M3.5,1
2845,20241124,20241124T02:00:00,20241124T03:00:00,NONE,-1.0,NONE,C4.7,QUIET_20241124_1,0
2846,20241124,20241124T04:00:00,20241124T05:00:00,NONE,-1.0,NONE,C2.5,QUIET_20241124_2,0
2847,20241124,20241124T06:00:00,20241124T07:00:00,NONE,-1.0,NONE,C1.0,QUIET_20241124_3,0
2848,20241124,20241124T08:00:00,20241124T09:00:00,20241124T09:28:00,28.61,1h,M7.1,FLARE_20241124_0800_M7.1,1
2849,20241124,20241124T10:00:00,20241124T11:00:00,NONE,-1.0,NONE,C2.4,QUIET_20241124_5,0
2850,20241124,20241124T12:00:00,20241124T13:00:00,NONE,-1.0,NONE,C1.6,QUIET_20241124_6,0
2851,20241124,20241124T14:00:00,20241124T15:00:00,NONE,-1.0,NONE,C1.2,QUIET_20241124_7,0
2852,20241124,20241124T16:00:00,20241124T17:00:00,20241124T17:18:00,18.06,1h,M1.6,FLARE_20241124_1600_M1.6,1
2853,20241124,20241124T18:00:00,20241124T19:00:00,NONE,-1.0,NONE,C1.7,QUIET_20241124_9,0
2854,20241124,20241124T20:00:00,20241124T21:00:00,NONE,-1.0,NONE,C2.2,QUIET_20241124_10,0
2855,20241124,20241124T22:00:00,20241124T23:00:00,NONE,-1.0,NONE,C3.5,QUIET_20241124_11,0
2856,20241125,20241125T00:00:00,20241125T01:00:00,20241125T01:32:00,32.67,1h,M7.4,FLARE_20241125_0000_M7.4,1
2857,20241125,20241125T02:00:00,20241125T03:00:00,NONE,-1.0,NONE,C1.0,QUIET_20241125_1,0
2858,20241125,20241125T04:00:00,20241125T05:00:00,NONE,-1.0,NONE,C2.5,QUIET_20241125_2,0
2859,20241125,20241125T06:00:00,20241125T07:00:00,NONE,-1.0,NONE,C2.3,QUIET_20241125_3,0
2860,20241125,20241125T08:00:00,20241125T09:00:00,20241125T09:44:00,44.44,1h,M8.4,FLARE_20241125_0800_M8.4,1
2861,20241125,20241125T10:00:00,20241125T11:00:00,NONE,-1.0,NONE,C1.3,QUIET_20241125_5,0
2862,20241125,20241125T12:00:00,20241125T13:00:00,NONE,-1.0,NONE,C3.2,QUIET_20241125_6,0
2863,20241125,20241125T14:00:00,20241125T15:00:00,NONE,-1.0,NONE,C1.1,QUIET_20241125_7,0
2864,20241125,20241125T16:00:00,20241125T17:00:00,20241125T17:42:00,42.04,1h,M1.1,FLARE_20241125_1600_M1.1,1
2865,20241125,20241125T18:00:00,20241125T19:00:00,NONE,-1.0,NONE,C3.5,QUIET_20241125_9,0
2866,20241125,20241125T20:00:00,20241125T21:00:00,NONE,-1.0,NONE,C1.1,QUIET_20241125_10,0
2867,20241125,20241125T22:00:00,20241125T23:00:00,NONE,-1.0,NONE,C4.4,QUIET_20241125_11,0
2868,20241126,20241126T00:00:00,20241126T01:00:00,20241126T01:46:00,46.47,1h,M4.5,FLARE_20241126_0000_M4.5,1
2869,20241126,20241126T02:00:00,20241126T03:00:00,NONE,-1.0,NONE,C1.5,QUIET_20241126_1,0
2870,20241126,20241126T04:00:00,20241126T05:00:00,NONE,-1.0,NONE,C3.5,QUIET_20241126_2,0
2871,20241126,20241126T06:00:00,20241126T07:00:00,NONE,-1.0,NONE,C2.6,QUIET_20241126_3,0
2872,20241126,20241126T08:00:00,20241126T09:00:00,20241126T09:55:00,55.98,1h,M4.5,FLARE_20241126_0800_M4.5,1
2873,20241126,20241126T10:00:00,20241126T11:00:00,NONE,-1.0,NONE,C3.1,QUIET_20241126_5,0
2874,20241126,20241126T12:00:00,20241126T13:00:00,NONE,-1.0,NONE,C2.4,QUIET_20241126_6,0
2875,20241126,20241126T14:00:00,20241126T15:00:00,NONE,-1.0,NONE,C1.5,QUIET_20241126_7,0
2876,20241126,20241126T16:00:00,20241126T17:00:00,20241126T17:59:00,59.21,1h,M1.0,FLARE_20241126_1600_M1.0,1
2877,20241126,20241126T18:00:00,20241126T19:00:00,NONE,-1.0,NONE,C4.0,QUIET_20241126_9,0
2878,20241126,20241126T20:00:00,20241126T21:00:00,NONE,-1.0,NONE,C3.5,QUIET_20241126_10,0
2879,20241126,20241126T22:00:00,20241126T23:00:00,NONE,-1.0,NONE,C3.2,QUIET_20241126_11,0
2880,20241127,20241127T00:00:00,20241127T01:00:00,20241127T01:41:00,41.04,1h,M5.0,FLARE_20241127_0000_M5.0,1
2881,20241127,20241127T02:00:00,20241127T03:00:00,NONE,-1.0,NONE,C2.4,QUIET_20241127_1,0
2882,20241127,20241127T04:00:00,20241127T05:00:00,NONE,-1.0,NONE,C3.4,QUIET_20241127_2,0
2883,20241127,20241127T06:00:00,20241127T07:00:00,NONE,-1.0,NONE,C4.5,QUIET_20241127_3,0
2884,20241127,20241127T08:00:00,20241127T09:00:00,20241127T09:26:00,26.45,1h,M2.1,FLARE_20241127_0800_M2.1,1
2885,20241127,20241127T10:00:00,20241127T11:00:00,NONE,-1.0,NONE,C3.0,QUIET_20241127_5,0
2886,20241127,20241127T12:00:00,20241127T13:00:00,NONE,-1.0,NONE,C3.8,QUIET_20241127_6,0
2887,20241127,20241127T14:00:00,20241127T15:00:00,NONE,-1.0,NONE,C4.4,QUIET_20241127_7,0
2888,20241127,20241127T16:00:00,20241127T17:00:00,20241127T17:34:00,34.18,1h,M1.0,FLARE_20241127_1600_M1.0,1
2889,20241127,20241127T18:00:00,20241127T19:00:00,NONE,-1.0,NONE,C1.7,QUIET_20241127_9,0
2890,20241127,20241127T20:00:00,20241127T21:00:00,NONE,-1.0,NONE,C4.1,QUIET_20241127_10,0
2891,20241127,20241127T22:00:00,20241127T23:00:00,NONE,-1.0,NONE,C2.1,QUIET_20241127_11,0
2892,20241128,20241128T00:00:00,20241128T01:00:00,20241128T01:54:00,54.72,1h,M6.2,FLARE_20241128_0000_M6.2,1
2893,20241128,20241128T02:00:00,20241128T03:00:00,NONE,-1.0,NONE,C3.2,QUIET_20241128_1,0
2894,20241128,20241128T04:00:00,20241128T05:00:00,NONE,-1.0,NONE,C1.3,QUIET_20241128_2,0
2895,20241128,20241128T06:00:00,20241128T07:00:00,NONE,-1.0,NONE,C2.2,QUIET_20241128_3,0
2896,20241128,20241128T08:00:00,20241128T09:00:00,20241128T09:22:00,22.54,1h,M3.3,FLARE_20241128_0800_M3.3,1
2897,20241128,20241128T10:00:00,20241128T11:00:00,NONE,-1.0,NONE,C4.8,QUIET_20241128_5,0
2898,20241128,20241128T12:00:00,20241128T13:00:00,NONE,-1.0,NONE,C1.2,QUIET_20241128_6,0
2899,20241128,20241128T14:00:00,20241128T15:00:00,NONE,-1.0,NONE,C1.5,QUIET_20241128_7,0
2900,20241128,20241128T16:00:00,20241128T17:00:00,20241128T17:57:00,57.4,1h,M6.1,FLARE_20241128_1600_M6.1,1
2901,20241128,20241128T18:00:00,20241128T19:00:00,NONE,-1.0,NONE,C4.7,QUIET_20241128_9,0
2902,20241128,20241128T20:00:00,20241128T21:00:00,NONE,-1.0,NONE,C3.0,QUIET_20241128_10,0
2903,20241128,20241128T22:00:00,20241128T23:00:00,NONE,-1.0,NONE,C4.1,QUIET_20241128_11,0
2904,20241129,20241129T00:00:00,20241129T01:00:00,20241129T01:58:00,58.15,1h,M5.1,FLARE_20241129_0000_M5.1,1
2905,20241129,20241129T02:00:00,20241129T03:00:00,NONE,-1.0,NONE,C2.7,QUIET_20241129_1,0
2906,20241129,20241129T04:00:00,20241129T05:00:00,NONE,-1.0,NONE,C4.0,QUIET_20241129_2,0
2907,20241129,20241129T06:00:00,20241129T07:00:00,NONE,-1.0,NONE,C2.7,QUIET_20241129_3,0
2908,20241129,20241129T08:00:00,20241129T09:00:00,20241129T09:58:00,58.5,1h,M8.2,FLARE_20241129_0800_M8.2,1
2909,20241129,20241129T10:00:00,20241129T11:00:00,NONE,-1.0,NONE,C4.2,QUIET_20241129_5,0
2910,20241129,20241129T12:00:00,20241129T13:00:00,NONE,-1.0,NONE,C3.1,QUIET_20241129_6,0
2911,20241129,20241129T14:00:00,20241129T15:00:00,NONE,-1.0,NONE,C4.3,QUIET_20241129_7,0
2912,20241129,20241129T16:00:00,20241129T17:00:00,20241129T17:30:00,30.9,1h,M6.0,FLARE_20241129_1600_M6.0,1
2913,20241129,20241129T18:00:00,20241129T19:00:00,NONE,-1.0,NONE,C3.7,QUIET_20241129_9,0
2914,20241129,20241129T20:00:00,20241129T21:00:00,NONE,-1.0,NONE,C2.7,QUIET_20241129_10,0
2915,20241129,20241129T22:00:00,20241129T23:00:00,NONE,-1.0,NONE,C3.7,QUIET_20241129_11,0
2916,20241130,20241130T00:00:00,20241130T01:00:00,20241130T01:45:00,45.63,1h,M6.4,FLARE_20241130_0000_M6.4,1
2917,20241130,20241130T02:00:00,20241130T03:00:00,NONE,-1.0,NONE,C3.8,QUIET_20241130_1,0
2918,20241130,20241130T04:00:00,20241130T05:00:00,NONE,-1.0,NONE,C1.7,QUIET_20241130_2,0
2919,20241130,20241130T06:00:00,20241130T07:00:00,NONE,-1.0,NONE,C1.0,QUIET_20241130_3,0
2920,20241130,20241130T08:00:00,20241130T09:00:00,20241130T09:45:00,45.62,1h,M6.1,FLARE_20241130_0800_M6.1,1
2921,20241130,20241130T10:00:00,20241130T11:00:00,NONE,-1.0,NONE,C3.8,QUIET_20241130_5,0
2922,20241130,20241130T12:00:00,20241130T13:00:00,NONE,-1.0,NONE,C2.4,QUIET_20241130_6,0
2923,20241130,20241130T14:00:00,20241130T15:00:00,NONE,-1.0,NONE,C3.7,QUIET_20241130_7,0
2924,20241130,20241130T16:00:00,20241130T17:00:00,20241130T17:51:00,51.68,1h,M3.5,FLARE_20241130_1600_M3.5,1
2925,20241130,20241130T18:00:00,20241130T19:00:00,NONE,-1.0,NONE,C4.7,QUIET_20241130_9,0
2926,20241130,20241130T20:00:00,20241130T21:00:00,NONE,-1.0,NONE,C3.7,QUIET_20241130_10,0
2927,20241130,20241130T22:00:00,20241130T23:00:00,NONE,-1.0,NONE,C1.4,QUIET_20241130_11,0
2928,20241201,20241201T00:00:00,20241201T01:00:00,20241201T01:27:00,27.74,1h,M8.8,FLARE_20241201_0000_M8.8,1
2929,20241201,20241201T02:00:00,20241201T03:00:00,NONE,-1.0,NONE,C3.4,QUIET_20241201_1,0
2930,20241201,20241201T04:00:00,20241201T05:00:00,NONE,-1.0,NONE,C2.5,QUIET_20241201_2,0
2931,20241201,20241201T06:00:00,20241201T07:00:00,NONE,-1.0,NONE,C1.4,QUIET_20241201_3,0
2932,20241201,20241201T08:00:00,20241201T09:00:00,20241201T09:30:00,30.32,1h,M6.1,FLARE_20241201_0800_M6.1,1
2933,20241201,20241201T10:00:00,20241201T11:00:00,NONE,-1.0,NONE,C2.6,QUIET_20241201_5,0
2934,20241201,20241201T12:00:00,20241201T13:00:00,NONE,-1.0,NONE,C2.0,QUIET_20241201_6,0
2935,20241201,20241201T14:00:00,20241201T15:00:00,NONE,-1.0,NONE,C4.3,QUIET_20241201_7,0
2936,20241201,20241201T16:00:00,20241201T17:00:00,20241201T17:42:00,42.56,1h,M1.5,FLARE_20241201_1600_M1.5,1
2937,20241201,20241201T18:00:00,20241201T19:00:00,NONE,-1.0,NONE,C1.7,QUIET_20241201_9,0
2938,20241201,20241201T20:00:00,20241201T21:00:00,NONE,-1.0,NONE,C2.8,QUIET_20241201_10,0
2939,20241201,20241201T22:00:00,20241201T23:00:00,NONE,-1.0,NONE,C4.3,QUIET_20241201_11,0
2940,20241202,20241202T00:00:00,20241202T01:00:00,20241202T01:23:00,23.71,1h,M6.2,FLARE_20241202_0000_M6.2,1
2941,20241202,20241202T02:00:00,20241202T03:00:00,NONE,-1.0,NONE,C4.2,QUIET_20241202_1,0
2942,20241202,20241202T04:00:00,20241202T05:00:00,NONE,-1.0,NONE,C1.4,QUIET_20241202_2,0
2943,20241202,20241202T06:00:00,20241202T07:00:00,NONE,-1.0,NONE,C1.6,QUIET_20241202_3,0
2944,20241202,20241202T08:00:00,20241202T09:00:00,20241202T09:58:00,58.36,1h,M6.4,FLARE_20241202_0800_M6.4,1
2945,20241202,20241202T10:00:00,20241202T11:00:00,NONE,-1.0,NONE,C1.2,QUIET_20241202_5,0
2946,20241202,20241202T12:00:00,20241202T13:00:00,NONE,-1.0,NONE,C3.1,QUIET_20241202_6,0
2947,20241202,20241202T14:00:00,20241202T15:00:00,NONE,-1.0,NONE,C3.8,QUIET_20241202_7,0
2948,20241202,20241202T16:00:00,20241202T17:00:00,20241202T17:16:00,16.08,1h,M4.0,FLARE_20241202_1600_M4.0,1
2949,20241202,20241202T18:00:00,20241202T19:00:00,NONE,-1.0,NONE,C3.1,QUIET_20241202_9,0
2950,20241202,20241202T20:00:00,20241202T21:00:00,NONE,-1.0,NONE,C2.6,QUIET_20241202_10,0
2951,20241202,20241202T22:00:00,20241202T23:00:00,NONE,-1.0,NONE,C1.4,QUIET_20241202_11,0
2952,20241203,20241203T00:00:00,20241203T01:00:00,20241203T01:35:00,35.05,1h,M3.8,FLARE_20241203_0000_M3.8,1
2953,20241203,20241203T02:00:00,20241203T03:00:00,NONE,-1.0,NONE,C2.3,QUIET_20241203_1,0
2954,20241203,20241203T04:00:00,20241203T05:00:00,NONE,-1.0,NONE,C1.5,QUIET_20241203_2,0
2955,20241203,20241203T06:00:00,20241203T07:00:00,NONE,-1.0,NONE,C2.8,QUIET_20241203_3,0
2956,20241203,20241203T08:00:00,20241203T09:00:00,20241203T09:20:00,20.08,1h,M4.3,FLARE_20241203_0800_M4.3,1
2957,20241203,20241203T10:00:00,20241203T11:00:00,NONE,-1.0,NONE,C2.0,QUIET_20241203_5,0
2958,20241203,20241203T12:00:00,20241203T13:00:00,NONE,-1.0,NONE,C2.5,QUIET_20241203_6,0
2959,20241203,20241203T14:00:00,20241203T15:00:00,NONE,-1.0,NONE,C4.6,QUIET_20241203_7,0
2960,20241203,20241203T16:00:00,20241203T17:00:00,20241203T17:50:00,50.3,1h,M4.4,FLARE_20241203_1600_M4.4,1
2961,20241203,20241203T18:00:00,20241203T19:00:00,NONE,-1.0,NONE,C1.0,QUIET_20241203_9,0
2962,20241203,20241203T20:00:00,20241203T21:00:00,NONE,-1.0,NONE,C4.5,QUIET_20241203_10,0
2963,20241203,20241203T22:00:00,20241203T23:00:00,NONE,-1.0,NONE,C3.5,QUIET_20241203_11,0
2964,20241204,20241204T00:00:00,20241204T01:00:00,20241204T01:48:00,48.83,1h,M1.8,FLARE_20241204_0000_M1.8,1
2965,20241204,20241204T02:00:00,20241204T03:00:00,NONE,-1.0,NONE,C3.1,QUIET_20241204_1,0
2966,20241204,20241204T04:00:00,20241204T05:00:00,NONE,-1.0,NONE,C3.4,QUIET_20241204_2,0
2967,20241204,20241204T06:00:00,20241204T07:00:00,NONE,-1.0,NONE,C2.0,QUIET_20241204_3,0
2968,20241204,20241204T08:00:00,20241204T09:00:00,20241204T09:17:00,17.9,1h,M2.5,FLARE_20241204_0800_M2.5,1
2969,20241204,20241204T10:00:00,20241204T11:00:00,NONE,-1.0,NONE,C1.4,QUIET_20241204_5,0
2970,20241204,20241204T12:00:00,20241204T13:00:00,NONE,-1.0,NONE,C4.7,QUIET_20241204_6,0
2971,20241204,20241204T14:00:00,20241204T15:00:00,NONE,-1.0,NONE,C4.2,QUIET_20241204_7,0
2972,20241204,20241204T16:00:00,20241204T17:00:00,20241204T17:35:00,35.61,1h,M8.0,FLARE_20241204_1600_M8.0,1
2973,20241204,20241204T18:00:00,20241204T19:00:00,NONE,-1.0,NONE,C1.2,QUIET_20241204_9,0
2974,20241204,20241204T20:00:00,20241204T21:00:00,NONE,-1.0,NONE,C3.6,QUIET_20241204_10,0
2975,20241204,20241204T22:00:00,20241204T23:00:00,NONE,-1.0,NONE,C1.6,QUIET_20241204_11,0
2976,20241205,20241205T00:00:00,20241205T01:00:00,20241205T01:40:00,40.87,1h,M8.4,FLARE_20241205_0000_M8.4,1
2977,20241205,20241205T02:00:00,20241205T03:00:00,NONE,-1.0,NONE,C2.0,QUIET_20241205_1,0
2978,20241205,20241205T04:00:00,20241205T05:00:00,NONE,-1.0,NONE,C4.2,QUIET_20241205_2,0
2979,20241205,20241205T06:00:00,20241205T07:00:00,NONE,-1.0,NONE,C1.7,QUIET_20241205_3,0
2980,20241205,20241205T08:00:00,20241205T09:00:00,20241205T09:18:00,18.86,1h,M2.6,FLARE_20241205_0800_M2.6,1
2981,20241205,20241205T10:00:00,20241205T11:00:00,NONE,-1.0,NONE,C1.8,QUIET_20241205_5,0
2982,20241205,20241205T12:00:00,20241205T13:00:00,NONE,-1.0,NONE,C1.3,QUIET_20241205_6,0
2983,20241205,20241205T14:00:00,20241205T15:00:00,NONE,-1.0,NONE,C4.8,QUIET_20241205_7,0
2984,20241205,20241205T16:00:00,20241205T17:00:00,20241205T17:25:00,25.95,1h,M1.2,FLARE_20241205_1600_M1.2,1
2985,20241205,20241205T18:00:00,20241205T19:00:00,NONE,-1.0,NONE,C2.1,QUIET_20241205_9,0
2986,20241205,20241205T20:00:00,20241205T21:00:00,NONE,-1.0,NONE,C4.3,QUIET_20241205_10,0
2987,20241205,20241205T22:00:00,20241205T23:00:00,NONE,-1.0,NONE,C2.7,QUIET_20241205_11,0
2988,20241206,20241206T00:00:00,20241206T01:00:00,20241206T01:40:00,40.24,1h,M6.4,FLARE_20241206_0000_M6.4,1
2989,20241206,20241206T02:00:00,20241206T03:00:00,NONE,-1.0,NONE,C4.1,QUIET_20241206_1,0
2990,20241206,20241206T04:00:00,20241206T05:00:00,NONE,-1.0,NONE,C1.6,QUIET_20241206_2,0
2991,20241206,20241206T06:00:00,20241206T07:00:00,NONE,-1.0,NONE,C3.4,QUIET_20241206_3,0
2992,20241206,20241206T08:00:00,20241206T09:00:00,20241206T09:40:00,40.64,1h,M2.0,FLARE_20241206_0800_M2.0,1
2993,20241206,20241206T10:00:00,20241206T11:00:00,NONE,-1.0,NONE,C1.6,QUIET_20241206_5,0
2994,20241206,20241206T12:00:00,20241206T13:00:00,NONE,-1.0,NONE,C2.1,QUIET_20241206_6,0
2995,20241206,20241206T14:00:00,20241206T15:00:00,NONE,-1.0,NONE,C1.0,QUIET_20241206_7,0
2996,20241206,20241206T16:00:00,20241206T17:00:00,20241206T17:35:00,35.82,1h,M4.0,FLARE_20241206_1600_M4.0,1
2997,20241206,20241206T18:00:00,20241206T19:00:00,NONE,-1.0,NONE,C1.5,QUIET_20241206_9,0
2998,20241206,20241206T20:00:00,20241206T21:00:00,NONE,-1.0,NONE,C3.0,QUIET_20241206_10,0
2999,20241206,20241206T22:00:00,20241206T23:00:00,NONE,-1.0,NONE,C2.6,QUIET_20241206_11,0
