sequence_id,date,window_idx,start_time,end_time,duration_sec,hel1os_archive,solexs_archive,peak_counts,background_counts,snr,goes_class,binary_major_flare
0,20260612,0,20260612T00:00:00,20260612T01:00:00,3600,HLS_20260612_lev1_V111.zip,AL1_SLX_L1_20260612_v1.0.zip,7.467294216156006,0.6027058362960815,64.880859375,M8.1,1
1,20260612,1,20260612T02:00:00,20260612T03:00:00,3600,HLS_20260612_lev1_V111.zip,AL1_SLX_L1_20260612_v1.0.zip,0.7318316102027893,0.40210792422294617,9.476113319396973,C1.2,0
2,20260612,2,20260612T04:00:00,20260612T05:00:00,3600,HLS_20260612_lev1_V111.zip,AL1_SLX_L1_20260612_v1.0.zip,0.7439085841178894,0.40175604820251465,10.230908393859863,C3.6,0
3,20260612,3,20260612T06:00:00,20260612T07:00:00,3600,HLS_20260612_lev1_V111.zip,AL1_SLX_L1_20260612_v1.0.zip,0.6996303200721741,0.4012609124183655,8.721210479736328,C1.3,0
4,20260612,4,20260612T08:00:00,20260612T09:00:00,3600,HLS_20260612_lev1_V111.zip,AL1_SLX_L1_20260612_v1.0.zip,0.7132861018180847,0.40039658546447754,9.31380558013916,C1.1,0
5,20260612,5,20260612T10:00:00,20260612T11:00:00,3600,HLS_20260612_lev1_V111.zip,AL1_SLX_L1_20260612_v1.0.zip,7.448730945587158,0.6089279651641846,64.03529357910156,M8.5,1
6,20260612,6,20260612T12:00:00,20260612T13:00:00,3600,HLS_20260612_lev1_V111.zip,AL1_SLX_L1_20260612_v1.0.zip,0.775557816028595,0.40175652503967285,9.338170051574707,C2.1,0
7,20260612,7,20260612T14:00:00,20260612T15:00:00,3600,HLS_20260612_lev1_V111.zip,AL1_SLX_L1_20260612_v1.0.zip,0.7361620664596558,0.40353038907051086,9.714516639709473,C4.1,0
8,20260612,8,20260612T16:00:00,20260612T17:00:00,3600,HLS_20260612_lev1_V111.zip,AL1_SLX_L1_20260612_v1.0.zip,0.6956154704093933,0.3995739221572876,8.81501293182373,C4.2,0
9,20260612,9,20260612T18:00:00,20260612T19:00:00,3600,HLS_20260612_lev1_V111.zip,AL1_SLX_L1_20260612_v1.0.zip,0.6807414293289185,0.3984890878200531,8.121564865112305,C2.5,0
10,20260612,10,20260612T20:00:00,20260612T21:00:00,3600,HLS_20260612_lev1_V111.zip,AL1_SLX_L1_20260612_v1.0.zip,7.472898483276367,0.5908049941062927,60.81296157836914,M5.5,1
11,20260612,11,20260612T22:00:00,20260612T23:00:00,3600,HLS_20260612_lev1_V111.zip,AL1_SLX_L1_20260612_v1.0.zip,0.7841211557388306,0.400919646024704,9.999130249023438,C4.8,0
12,20240529,0,20240529T00:00:00,20240529T01:00:00,3600,HLS_20240529_lev1_V111.zip,AL1_SLX_L1_20240529_v1.0.zip,0.7017576694488525,0.4022146463394165,8.432446479797363,C3.3,0
13,20240529,1,20240529T02:00:00,20240529T03:00:00,3600,HLS_20240529_lev1_V111.zip,AL1_SLX_L1_20240529_v1.0.zip,0.6921554207801819,0.40614745020866394,8.408190727233887,C3.6,0
14,20240529,2,20240529T04:00:00,20240529T05:00:00,3600,HLS_20240529_lev1_V111.zip,AL1_SLX_L1_20240529_v1.0.zip,0.6942552924156189,0.39850205183029175,8.320295333862305,C3.0,0
15,20240529,3,20240529T06:00:00,20240529T07:00:00,3600,HLS_20240529_lev1_V111.zip,AL1_SLX_L1_20240529_v1.0.zip,7.416576862335205,0.6029000282287598,58.7401008605957,M3.0,1
16,20240529,4,20240529T08:00:00,20240529T09:00:00,3600,HLS_20240529_lev1_V111.zip,AL1_SLX_L1_20240529_v1.0.zip,0.7091124653816223,0.4060046374797821,9.313433647155762,C1.2,0
17,20240529,5,20240529T10:00:00,20240529T11:00:00,3600,HLS_20240529_lev1_V111.zip,AL1_SLX_L1_20240529_v1.0.zip,0.7620438933372498,0.396872878074646,9.325471878051758,C3.6,0
18,20240529,6,20240529T12:00:00,20240529T13:00:00,3600,HLS_20240529_lev1_V111.zip,AL1_SLX_L1_20240529_v1.0.zip,0.6962166428565979,0.396356999874115,9.085762023925781,C4.8,0
19,20240529,7,20240529T14:00:00,20240529T15:00:00,3600,HLS_20240529_lev1_V111.zip,AL1_SLX_L1_20240529_v1.0.zip,7.383884429931641,0.6032825708389282,62.51737976074219,M6.6,1
20,20240529,8,20240529T16:00:00,20240529T17:00:00,3600,HLS_20240529_lev1_V111.zip,AL1_SLX_L1_20240529_v1.0.zip,7.465270042419434,0.6020545363426208,60.68354034423828,M2.3,1
21,20240529,9,20240529T18:00:00,20240529T19:00:00,3600,HLS_20240529_lev1_V111.zip,AL1_SLX_L1_20240529_v1.0.zip,0.7125000357627869,0.39827269315719604,8.726171493530273,C2.7,0
22,20240529,10,20240529T20:00:00,20240529T21:00:00,3600,HLS_20240529_lev1_V111.zip,AL1_SLX_L1_20240529_v1.0.zip,0.6801213622093201,0.39796769618988037,9.02152156829834,C4.2,0
23,20240529,11,20240529T22:00:00,20240529T23:00:00,3600,HLS_20240529_lev1_V111.zip,AL1_SLX_L1_20240529_v1.0.zip,0.7031077146530151,0.4062045216560364,8.782439231872559,C1.4,0
24,20240528,0,20240528T00:00:00,20240528T01:00:00,3600,HLS_20240528_lev1_V111.zip,AL1_SLX_L1_20240528_v1.0.zip,0.7013197541236877,0.3998202383518219,8.788152694702148,C3.7,0
25,20240528,1,20240528T02:00:00,20240528T03:00:00,3600,HLS_20240528_lev1_V111.zip,AL1_SLX_L1_20240528_v1.0.zip,7.411186218261719,0.6017528772354126,61.233577728271484,M5.8,1
26,20240528,2,20240528T04:00:00,20240528T05:00:00,3600,HLS_20240528_lev1_V111.zip,AL1_SLX_L1_20240528_v1.0.zip,0.6874362230300903,0.4024934768676758,8.355956077575684,C2.0,0
27,20240528,3,20240528T06:00:00,20240528T07:00:00,3600,HLS_20240528_lev1_V111.zip,AL1_SLX_L1_20240528_v1.0.zip,0.7062052488327026,0.40620216727256775,9.70284652709961,C3.3,0
28,20240528,4,20240528T08:00:00,20240528T09:00:00,3600,HLS_20240528_lev1_V111.zip,AL1_SLX_L1_20240528_v1.0.zip,0.7441478371620178,0.40147650241851807,9.457842826843262,C4.2,0
29,20240528,5,20240528T10:00:00,20240528T11:00:00,3600,HLS_20240528_lev1_V111.zip,AL1_SLX_L1_20240528_v1.0.zip,0.7182149291038513,0.4051143229007721,9.507331848144531,C3.7,0
30,20240528,6,20240528T12:00:00,20240528T13:00:00,3600,HLS_20240528_lev1_V111.zip,AL1_SLX_L1_20240528_v1.0.zip,7.371377944946289,0.6120069622993469,62.23670959472656,M3.6,1
31,20240528,7,20240528T14:00:00,20240528T15:00:00,3600,HLS_20240528_lev1_V111.zip,AL1_SLX_L1_20240528_v1.0.zip,0.7264053821563721,0.3992234170436859,9.604748725891113,C4.5,0
32,20240528,8,20240528T16:00:00,20240528T17:00:00,3600,HLS_20240528_lev1_V111.zip,AL1_SLX_L1_20240528_v1.0.zip,0.6919485330581665,0.4009193181991577,8.721806526184082,C3.8,0
33,20240528,9,20240528T18:00:00,20240528T19:00:00,3600,HLS_20240528_lev1_V111.zip,AL1_SLX_L1_20240528_v1.0.zip,0.7215535044670105,0.3939669728279114,9.336463928222656,C3.1,0
34,20240528,10,20240528T20:00:00,20240528T21:00:00,3600,HLS_20240528_lev1_V111.zip,AL1_SLX_L1_20240528_v1.0.zip,0.7096453905105591,0.40135133266448975,8.572793960571289,C4.8,0
35,20240528,11,20240528T22:00:00,20240528T23:00:00,3600,HLS_20240528_lev1_V111.zip,AL1_SLX_L1_20240528_v1.0.zip,7.360749244689941,0.5976749658584595,63.72049331665039,M6.8,1
36,20260518,0,20260518T00:00:00,20260518T01:00:00,3600,HLS_20260518_lev1_V111.zip,AL1_SLX_L1_20260518_v1.0.zip,0.727392852306366,0.4018103778362274,9.161744117736816,C1.6,0
37,20260518,1,20260518T02:00:00,20260518T03:00:00,3600,HLS_20260518_lev1_V111.zip,AL1_SLX_L1_20260518_v1.0.zip,0.7326827645301819,0.40286895632743835,8.436261177062988,C1.2,0
38,20260518,2,20260518T04:00:00,20260518T05:00:00,3600,HLS_20260518_lev1_V111.zip,AL1_SLX_L1_20260518_v1.0.zip,0.6840037107467651,0.39521217346191406,8.186178207397461,C2.5,0
39,20260518,3,20260518T06:00:00,20260518T07:00:00,3600,HLS_20260518_lev1_V111.zip,AL1_SLX_L1_20260518_v1.0.zip,0.7296830415725708,0.4042971730232239,9.552973747253418,C2.4,0
40,20260518,4,20260518T08:00:00,20260518T09:00:00,3600,HLS_20260518_lev1_V111.zip,AL1_SLX_L1_20260518_v1.0.zip,7.402419090270996,0.5979886054992676,68.4964599609375,M5.7,1
41,20260518,5,20260518T10:00:00,20260518T11:00:00,3600,HLS_20260518_lev1_V111.zip,AL1_SLX_L1_20260518_v1.0.zip,0.7047190070152283,0.397744745016098,8.846309661865234,C3.3,0
42,20260518,6,20260518T12:00:00,20260518T13:00:00,3600,HLS_20260518_lev1_V111.zip,AL1_SLX_L1_20260518_v1.0.zip,0.7252618670463562,0.3993116617202759,9.118647575378418,C3.3,0
43,20260518,7,20260518T14:00:00,20260518T15:00:00,3600,HLS_20260518_lev1_V111.zip,AL1_SLX_L1_20260518_v1.0.zip,0.6905698776245117,0.40406879782676697,8.618147850036621,C1.2,0
44,20260518,8,20260518T16:00:00,20260518T17:00:00,3600,HLS_20260518_lev1_V111.zip,AL1_SLX_L1_20260518_v1.0.zip,0.7365215420722961,0.40432289242744446,9.615987777709961,C3.6,0
45,20260518,9,20260518T18:00:00,20260518T19:00:00,3600,HLS_20260518_lev1_V111.zip,AL1_SLX_L1_20260518_v1.0.zip,7.340914249420166,0.5995042324066162,62.83094024658203,M3.8,1
46,20260518,10,20260518T20:00:00,20260518T21:00:00,3600,HLS_20260518_lev1_V111.zip,AL1_SLX_L1_20260518_v1.0.zip,0.7022834420204163,0.40156257152557373,8.844934463500977,C4.4,0
47,20260518,11,20260518T22:00:00,20260518T23:00:00,3600,HLS_20260518_lev1_V111.zip,AL1_SLX_L1_20260518_v1.0.zip,0.6822423338890076,0.4017580449581146,8.729426383972168,C4.3,0
48,20260618,0,20260618T00:00:00,20260618T01:00:00,3600,HLS_20260618_lev1_V111.zip,AL1_SLX_L1_20260618_v1.0.zip,0.7331412434577942,0.39728203415870667,9.470720291137695,C3.7,0
49,20260618,1,20260618T02:00:00,20260618T03:00:00,3600,HLS_20260618_lev1_V111.zip,AL1_SLX_L1_20260618_v1.0.zip,0.6914258003234863,0.40214070677757263,8.268884658813477,C2.8,0
50,20260618,2,20260618T04:00:00,20260618T05:00:00,3600,HLS_20260618_lev1_V111.zip,AL1_SLX_L1_20260618_v1.0.zip,7.375343322753906,0.6194724440574646,64.14020538330078,M7.5,1
51,20260618,3,20260618T06:00:00,20260618T07:00:00,3600,HLS_20260618_lev1_V111.zip,AL1_SLX_L1_20260618_v1.0.zip,0.746334969997406,0.3955267071723938,9.129615783691406,C3.8,0
52,20260618,4,20260618T08:00:00,20260618T09:00:00,3600,HLS_20260618_lev1_V111.zip,AL1_SLX_L1_20260618_v1.0.zip,0.7226192951202393,0.39889785647392273,9.623781204223633,C4.8,0
53,20260618,5,20260618T10:00:00,20260618T11:00:00,3600,HLS_20260618_lev1_V111.zip,AL1_SLX_L1_20260618_v1.0.zip,0.7092635035514832,0.39598971605300903,8.977568626403809,C3.0,0
54,20260618,6,20260618T12:00:00,20260618T13:00:00,3600,HLS_20260618_lev1_V111.zip,AL1_SLX_L1_20260618_v1.0.zip,0.6813311576843262,0.39954251050949097,8.456950187683105,C3.1,0
55,20260618,7,20260618T14:00:00,20260618T15:00:00,3600,HLS_20260618_lev1_V111.zip,AL1_SLX_L1_20260618_v1.0.zip,7.451979637145996,0.5988382697105408,62.17546463012695,M1.7,1
56,20260618,8,20260618T16:00:00,20260618T17:00:00,3600,HLS_20260618_lev1_V111.zip,AL1_SLX_L1_20260618_v1.0.zip,0.6830319166183472,0.39770573377609253,8.395784378051758,C3.2,0
57,20260618,9,20260618T18:00:00,20260618T19:00:00,3600,HLS_20260618_lev1_V111.zip,AL1_SLX_L1_20260618_v1.0.zip,0.695980429649353,0.39961034059524536,8.23080062866211,C1.7,0
58,20260618,10,20260618T20:00:00,20260618T21:00:00,3600,HLS_20260618_lev1_V111.zip,AL1_SLX_L1_20260618_v1.0.zip,0.7101571559906006,0.3995189368724823,8.57300853729248,C1.0,0
59,20260618,11,20260618T22:00:00,20260618T23:00:00,3600,HLS_20260618_lev1_V111.zip,AL1_SLX_L1_20260618_v1.0.zip,0.7665607929229736,0.39827102422714233,9.705322265625,C3.3,0
60,20260603,0,20260603T00:00:00,20260603T01:00:00,3600,HLS_20260603_lev1_V111.zip,AL1_SLX_L1_20260603_v1.0.zip,7.392235279083252,0.5932844281196594,58.763755798339844,M5.3,1
61,20260603,1,20260603T02:00:00,20260603T03:00:00,3600,HLS_20260603_lev1_V111.zip,AL1_SLX_L1_20260603_v1.0.zip,0.7379111647605896,0.4041479527950287,9.037238121032715,C3.6,0
62,20260603,2,20260603T04:00:00,20260603T05:00:00,3600,HLS_20260603_lev1_V111.zip,AL1_SLX_L1_20260603_v1.0.zip,0.7184224128723145,0.40004485845565796,8.915809631347656,C3.4,0
63,20260603,3,20260603T06:00:00,20260603T07:00:00,3600,HLS_20260603_lev1_V111.zip,AL1_SLX_L1_20260603_v1.0.zip,7.4488043785095215,0.6016272902488708,59.7509651184082,M1.0,1
64,20260603,4,20260603T08:00:00,20260603T09:00:00,3600,HLS_20260603_lev1_V111.zip,AL1_SLX_L1_20260603_v1.0.zip,0.7056860327720642,0.39800795912742615,9.570953369140625,C1.5,0
65,20260603,5,20260603T10:00:00,20260603T11:00:00,3600,HLS_20260603_lev1_V111.zip,AL1_SLX_L1_20260603_v1.0.zip,7.38004207611084,0.5957827568054199,62.994571685791016,M3.5,1
66,20260603,6,20260603T12:00:00,20260603T13:00:00,3600,HLS_20260603_lev1_V111.zip,AL1_SLX_L1_20260603_v1.0.zip,0.7274360060691833,0.40824440121650696,9.19233226776123,C1.5,0
67,20260603,7,20260603T14:00:00,20260603T15:00:00,3600,HLS_20260603_lev1_V111.zip,AL1_SLX_L1_20260603_v1.0.zip,7.463865280151367,0.5951955318450928,68.05345916748047,M4.7,1
68,20260603,8,20260603T16:00:00,20260603T17:00:00,3600,HLS_20260603_lev1_V111.zip,AL1_SLX_L1_20260603_v1.0.zip,0.7106998562812805,0.39772507548332214,9.480597496032715,C2.3,0
69,20260603,9,20260603T18:00:00,20260603T19:00:00,3600,HLS_20260603_lev1_V111.zip,AL1_SLX_L1_20260603_v1.0.zip,0.701483428478241,0.39613044261932373,8.558234214782715,C4.2,0
70,20260603,10,20260603T20:00:00,20260603T21:00:00,3600,HLS_20260603_lev1_V111.zip,AL1_SLX_L1_20260603_v1.0.zip,7.3390326499938965,0.6007525324821472,59.27079391479492,M3.4,1
71,20260603,11,20260603T22:00:00,20260603T23:00:00,3600,HLS_20260603_lev1_V111.zip,AL1_SLX_L1_20260603_v1.0.zip,0.7663131356239319,0.3970591723918915,9.759203910827637,C2.8,0
72,20240531,0,20240531T00:00:00,20240531T01:00:00,3600,HLS_20240531_lev1_V111.zip,AL1_SLX_L1_20240531_v1.0.zip,0.7012642621994019,0.4052456319332123,8.798562049865723,C1.4,0
73,20240531,1,20240531T02:00:00,20240531T03:00:00,3600,HLS_20240531_lev1_V111.zip,AL1_SLX_L1_20240531_v1.0.zip,0.7094259858131409,0.4035453796386719,9.275191307067871,C3.4,0
74,20240531,2,20240531T04:00:00,20240531T05:00:00,3600,HLS_20240531_lev1_V111.zip,AL1_SLX_L1_20240531_v1.0.zip,0.7297969460487366,0.39722076058387756,8.8909273147583,C2.6,0
75,20240531,3,20240531T06:00:00,20240531T07:00:00,3600,HLS_20240531_lev1_V111.zip,AL1_SLX_L1_20240531_v1.0.zip,7.388847827911377,0.5993803143501282,61.084163665771484,M1.3,1
76,20240531,4,20240531T08:00:00,20240531T09:00:00,3600,HLS_20240531_lev1_V111.zip,AL1_SLX_L1_20240531_v1.0.zip,0.7025135159492493,0.3967960476875305,7.9165449142456055,C4.0,0
77,20240531,5,20240531T10:00:00,20240531T11:00:00,3600,HLS_20240531_lev1_V111.zip,AL1_SLX_L1_20240531_v1.0.zip,0.6815435290336609,0.40104538202285767,8.44765853881836,C1.3,0
78,20240531,6,20240531T12:00:00,20240531T13:00:00,3600,HLS_20240531_lev1_V111.zip,AL1_SLX_L1_20240531_v1.0.zip,0.7205182313919067,0.40381672978401184,8.503493309020996,C2.2,0
79,20240531,7,20240531T14:00:00,20240531T15:00:00,3600,HLS_20240531_lev1_V111.zip,AL1_SLX_L1_20240531_v1.0.zip,7.359470844268799,0.5943223834037781,64.35079956054688,M1.4,1
80,20240531,8,20240531T16:00:00,20240531T17:00:00,3600,HLS_20240531_lev1_V111.zip,AL1_SLX_L1_20240531_v1.0.zip,7.39390230178833,0.6055557131767273,68.69190979003906,M8.3,1
81,20240531,9,20240531T18:00:00,20240531T19:00:00,3600,HLS_20240531_lev1_V111.zip,AL1_SLX_L1_20240531_v1.0.zip,0.7449466586112976,0.4061020016670227,8.72177791595459,C4.1,0
82,20240531,10,20240531T20:00:00,20240531T21:00:00,3600,HLS_20240531_lev1_V111.zip,AL1_SLX_L1_20240531_v1.0.zip,0.6962461471557617,0.4004211127758026,8.780129432678223,C4.5,0
83,20240531,11,20240531T22:00:00,20240531T23:00:00,3600,HLS_20240531_lev1_V111.zip,AL1_SLX_L1_20240531_v1.0.zip,0.6617389917373657,0.4093986451625824,8.689608573913574,C2.8,0
84,20260629,0,20260629T00:00:00,20260629T01:00:00,3600,HLS_20260629_lev1_V111.zip,AL1_SLX_L1_20260629_v1.0.zip,0.7239863276481628,0.400093674659729,9.34893798828125,C3.5,0
85,20260629,1,20260629T02:00:00,20260629T03:00:00,3600,HLS_20260629_lev1_V111.zip,AL1_SLX_L1_20260629_v1.0.zip,7.379171848297119,0.5999031662940979,61.37022399902344,M4.7,1
86,20260629,2,20260629T04:00:00,20260629T05:00:00,3600,HLS_20260629_lev1_V111.zip,AL1_SLX_L1_20260629_v1.0.zip,0.7355320453643799,0.4010568857192993,8.565848350524902,C3.8,0
87,20260629,3,20260629T06:00:00,20260629T07:00:00,3600,HLS_20260629_lev1_V111.zip,AL1_SLX_L1_20260629_v1.0.zip,7.427224159240723,0.607440173625946,61.40531539916992,M2.5,1
88,20260629,4,20260629T08:00:00,20260629T09:00:00,3600,HLS_20260629_lev1_V111.zip,AL1_SLX_L1_20260629_v1.0.zip,0.7067623138427734,0.4023042619228363,9.178726196289062,C2.1,0
89,20260629,5,20260629T10:00:00,20260629T11:00:00,3600,HLS_20260629_lev1_V111.zip,AL1_SLX_L1_20260629_v1.0.zip,0.7553158402442932,0.3942887783050537,8.921305656433105,C1.6,0
90,20260629,6,20260629T12:00:00,20260629T13:00:00,3600,HLS_20260629_lev1_V111.zip,AL1_SLX_L1_20260629_v1.0.zip,7.3703460693359375,0.5979981422424316,59.53477096557617,M7.4,1
91,20260629,7,20260629T14:00:00,20260629T15:00:00,3600,HLS_20260629_lev1_V111.zip,AL1_SLX_L1_20260629_v1.0.zip,7.3906168937683105,0.6027387380599976,59.207618713378906,M1.2,1
92,20260629,8,20260629T16:00:00,20260629T17:00:00,3600,HLS_20260629_lev1_V111.zip,AL1_SLX_L1_20260629_v1.0.zip,0.692228376865387,0.39582428336143494,8.30757999420166,C3.1,0
93,20260629,9,20260629T18:00:00,20260629T19:00:00,3600,HLS_20260629_lev1_V111.zip,AL1_SLX_L1_20260629_v1.0.zip,0.7505080103874207,0.40219175815582275,9.807333946228027,C3.7,0
94,20260629,10,20260629T20:00:00,20260629T21:00:00,3600,HLS_20260629_lev1_V111.zip,AL1_SLX_L1_20260629_v1.0.zip,0.6898276805877686,0.3995189666748047,8.976076126098633,C1.8,0
95,20260629,11,20260629T22:00:00,20260629T23:00:00,3600,HLS_20260629_lev1_V111.zip,AL1_SLX_L1_20260629_v1.0.zip,7.336634635925293,0.5989556312561035,59.41788101196289,M3.5,1
96,20260529,0,20260529T00:00:00,20260529T01:00:00,3600,HLS_20260529_lev1_V111.zip,AL1_SLX_L1_20260529_v1.0.zip,0.6960222721099854,0.40598297119140625,9.188793182373047,C3.0,0
97,20260529,1,20260529T02:00:00,20260529T03:00:00,3600,HLS_20260529_lev1_V111.zip,AL1_SLX_L1_20260529_v1.0.zip,0.7063707709312439,0.397825688123703,8.156137466430664,C4.4,0
98,20260529,2,20260529T04:00:00,20260529T05:00:00,3600,HLS_20260529_lev1_V111.zip,AL1_SLX_L1_20260529_v1.0.zip,0.7540790438652039,0.3976640999317169,9.29051399230957,C1.3,0
99,20260529,3,20260529T06:00:00,20260529T07:00:00,3600,HLS_20260529_lev1_V111.zip,AL1_SLX_L1_20260529_v1.0.zip,7.407922267913818,0.5860922932624817,62.62910842895508,M3.4,1
100,20260529,4,20260529T08:00:00,20260529T09:00:00,3600,HLS_20260529_lev1_V111.zip,AL1_SLX_L1_20260529_v1.0.zip,7.474978446960449,0.6011704802513123,63.45989227294922,M7.0,1
101,20260529,5,20260529T10:00:00,20260529T11:00:00,3600,HLS_20260529_lev1_V111.zip,AL1_SLX_L1_20260529_v1.0.zip,0.7230914831161499,0.40221497416496277,9.465170860290527,C2.3,0
102,20260529,6,20260529T12:00:00,20260529T13:00:00,3600,HLS_20260529_lev1_V111.zip,AL1_SLX_L1_20260529_v1.0.zip,0.7402917146682739,0.39403748512268066,9.376628875732422,C1.6,0
103,20260529,7,20260529T14:00:00,20260529T15:00:00,3600,HLS_20260529_lev1_V111.zip,AL1_SLX_L1_20260529_v1.0.zip,7.314845561981201,0.5938521027565002,61.87527847290039,M4.2,1
104,20260529,8,20260529T16:00:00,20260529T17:00:00,3600,HLS_20260529_lev1_V111.zip,AL1_SLX_L1_20260529_v1.0.zip,0.710936963558197,0.3998693525791168,8.959728240966797,C2.3,0
105,20260529,9,20260529T18:00:00,20260529T19:00:00,3600,HLS_20260529_lev1_V111.zip,AL1_SLX_L1_20260529_v1.0.zip,7.320450305938721,0.6055155396461487,60.498104095458984,M6.1,1
106,20260529,10,20260529T20:00:00,20260529T21:00:00,3600,HLS_20260529_lev1_V111.zip,AL1_SLX_L1_20260529_v1.0.zip,0.7129382491111755,0.40665191411972046,9.350015640258789,C2.6,0
107,20260529,11,20260529T22:00:00,20260529T23:00:00,3600,HLS_20260529_lev1_V111.zip,AL1_SLX_L1_20260529_v1.0.zip,0.706922709941864,0.39270904660224915,9.102834701538086,C4.6,0
108,20260514,0,20260514T00:00:00,20260514T01:00:00,3600,HLS_20260514_lev1_V111.zip,AL1_SLX_L1_20260514_v1.0.zip,0.7394502758979797,0.39770299196243286,9.349353790283203,C3.0,0
109,20260514,1,20260514T02:00:00,20260514T03:00:00,3600,HLS_20260514_lev1_V111.zip,AL1_SLX_L1_20260514_v1.0.zip,0.69961017370224,0.3974105417728424,8.903463363647461,C4.5,0
110,20260514,2,20260514T04:00:00,20260514T05:00:00,3600,HLS_20260514_lev1_V111.zip,AL1_SLX_L1_20260514_v1.0.zip,7.5265984535217285,0.5912672281265259,61.52767562866211,M3.8,1
111,20260514,3,20260514T06:00:00,20260514T07:00:00,3600,HLS_20260514_lev1_V111.zip,AL1_SLX_L1_20260514_v1.0.zip,0.7240661382675171,0.39911362528800964,8.688949584960938,C1.3,0
112,20260514,4,20260514T08:00:00,20260514T09:00:00,3600,HLS_20260514_lev1_V111.zip,AL1_SLX_L1_20260514_v1.0.zip,0.6881335973739624,0.39768069982528687,8.109373092651367,C1.7,0
113,20260514,5,20260514T10:00:00,20260514T11:00:00,3600,HLS_20260514_lev1_V111.zip,AL1_SLX_L1_20260514_v1.0.zip,0.7278462648391724,0.39658188819885254,9.021919250488281,C1.1,0
114,20260514,6,20260514T12:00:00,20260514T13:00:00,3600,HLS_20260514_lev1_V111.zip,AL1_SLX_L1_20260514_v1.0.zip,0.729114294052124,0.40204542875289917,9.014199256896973,C4.5,0
115,20260514,7,20260514T14:00:00,20260514T15:00:00,3600,HLS_20260514_lev1_V111.zip,AL1_SLX_L1_20260514_v1.0.zip,7.412268161773682,0.6018763780593872,60.69750213623047,M8.0,1
116,20260514,8,20260514T16:00:00,20260514T17:00:00,3600,HLS_20260514_lev1_V111.zip,AL1_SLX_L1_20260514_v1.0.zip,0.6930930018424988,0.3959204852581024,9.100312232971191,C4.8,0
117,20260514,9,20260514T18:00:00,20260514T19:00:00,3600,HLS_20260514_lev1_V111.zip,AL1_SLX_L1_20260514_v1.0.zip,0.7094654440879822,0.39824241399765015,8.379101753234863,C1.6,0
118,20260514,10,20260514T20:00:00,20260514T21:00:00,3600,HLS_20260514_lev1_V111.zip,AL1_SLX_L1_20260514_v1.0.zip,0.6998463273048401,0.4015764594078064,8.724000930786133,C3.2,0
119,20260514,11,20260514T22:00:00,20260514T23:00:00,3600,HLS_20260514_lev1_V111.zip,AL1_SLX_L1_20260514_v1.0.zip,0.7724993824958801,0.3952173888683319,9.302019119262695,C2.1,0
120,20240518,0,20240518T00:00:00,20240518T01:00:00,3600,HLS_20240518_lev1_V111.zip,AL1_SLX_L1_20240518_v1.0.zip,7.510216236114502,0.5911372303962708,68.0644760131836,M7.2,1
121,20240518,1,20240518T02:00:00,20240518T03:00:00,3600,HLS_20240518_lev1_V111.zip,AL1_SLX_L1_20240518_v1.0.zip,0.7132136821746826,0.40184342861175537,8.793079376220703,C1.6,0
122,20240518,2,20240518T04:00:00,20240518T05:00:00,3600,HLS_20240518_lev1_V111.zip,AL1_SLX_L1_20240518_v1.0.zip,0.7004719972610474,0.40118277072906494,8.920734405517578,C1.7,0
123,20240518,3,20240518T06:00:00,20240518T07:00:00,3600,HLS_20240518_lev1_V111.zip,AL1_SLX_L1_20240518_v1.0.zip,0.714918851852417,0.40073248744010925,8.629179000854492,C4.4,0
124,20240518,4,20240518T08:00:00,20240518T09:00:00,3600,HLS_20240518_lev1_V111.zip,AL1_SLX_L1_20240518_v1.0.zip,0.6835927963256836,0.3969823122024536,8.183271408081055,C3.0,0
125,20240518,5,20240518T10:00:00,20240518T11:00:00,3600,HLS_20240518_lev1_V111.zip,AL1_SLX_L1_20240518_v1.0.zip,7.377047061920166,0.5947648882865906,63.24159622192383,M4.3,1
126,20240518,6,20240518T12:00:00,20240518T13:00:00,3600,HLS_20240518_lev1_V111.zip,AL1_SLX_L1_20240518_v1.0.zip,0.7123746871948242,0.4048905074596405,8.845955848693848,C3.2,0
127,20240518,7,20240518T14:00:00,20240518T15:00:00,3600,HLS_20240518_lev1_V111.zip,AL1_SLX_L1_20240518_v1.0.zip,0.7230067253112793,0.40228572487831116,8.899282455444336,C2.5,0
128,20240518,8,20240518T16:00:00,20240518T17:00:00,3600,HLS_20240518_lev1_V111.zip,AL1_SLX_L1_20240518_v1.0.zip,0.702385425567627,0.401448130607605,8.75511646270752,C4.1,0
129,20240518,9,20240518T18:00:00,20240518T19:00:00,3600,HLS_20240518_lev1_V111.zip,AL1_SLX_L1_20240518_v1.0.zip,0.7457358837127686,0.401274174451828,9.606155395507812,C3.1,0
130,20240518,10,20240518T20:00:00,20240518T21:00:00,3600,HLS_20240518_lev1_V111.zip,AL1_SLX_L1_20240518_v1.0.zip,7.372899532318115,0.5873253345489502,60.02791213989258,M4.4,1
131,20240518,11,20240518T22:00:00,20240518T23:00:00,3600,HLS_20240518_lev1_V111.zip,AL1_SLX_L1_20240518_v1.0.zip,0.7042660117149353,0.39347487688064575,8.730955123901367,C1.5,0
132,20260627,0,20260627T00:00:00,20260627T01:00:00,3600,HLS_20260627_lev1_V111.zip,AL1_SLX_L1_20260627_v1.0.zip,0.7392093539237976,0.39861229062080383,9.702223777770996,C1.0,0
133,20260627,1,20260627T02:00:00,20260627T03:00:00,3600,HLS_20260627_lev1_V111.zip,AL1_SLX_L1_20260627_v1.0.zip,0.7492099404335022,0.4033053517341614,9.351101875305176,C4.3,0
134,20260627,2,20260627T04:00:00,20260627T05:00:00,3600,HLS_20260627_lev1_V111.zip,AL1_SLX_L1_20260627_v1.0.zip,0.6778757572174072,0.3945581018924713,8.455904006958008,C1.2,0
135,20260627,3,20260627T06:00:00,20260627T07:00:00,3600,HLS_20260627_lev1_V111.zip,AL1_SLX_L1_20260627_v1.0.zip,7.335019111633301,0.6015813946723938,59.802398681640625,M7.3,1
136,20260627,4,20260627T08:00:00,20260627T09:00:00,3600,HLS_20260627_lev1_V111.zip,AL1_SLX_L1_20260627_v1.0.zip,0.735158383846283,0.39901337027549744,9.145005226135254,C1.6,0
137,20260627,5,20260627T10:00:00,20260627T11:00:00,3600,HLS_20260627_lev1_V111.zip,AL1_SLX_L1_20260627_v1.0.zip,0.6791647672653198,0.3940809667110443,8.320901870727539,C4.3,0
138,20260627,6,20260627T12:00:00,20260627T13:00:00,3600,HLS_20260627_lev1_V111.zip,AL1_SLX_L1_20260627_v1.0.zip,0.7042285799980164,0.4025574028491974,8.593367576599121,C2.0,0
139,20260627,7,20260627T14:00:00,20260627T15:00:00,3600,HLS_20260627_lev1_V111.zip,AL1_SLX_L1_20260627_v1.0.zip,7.423537254333496,0.6022069454193115,63.99623107910156,M6.8,1
140,20260627,8,20260627T16:00:00,20260627T17:00:00,3600,HLS_20260627_lev1_V111.zip,AL1_SLX_L1_20260627_v1.0.zip,7.328759670257568,0.5945068597793579,58.894168853759766,M5.4,1
141,20260627,9,20260627T18:00:00,20260627T19:00:00,3600,HLS_20260627_lev1_V111.zip,AL1_SLX_L1_20260627_v1.0.zip,0.6797618865966797,0.40473225712776184,8.663633346557617,C1.7,0
142,20260627,10,20260627T20:00:00,20260627T21:00:00,3600,HLS_20260627_lev1_V111.zip,AL1_SLX_L1_20260627_v1.0.zip,0.7241111993789673,0.39339378476142883,9.475570678710938,C2.4,0
143,20260627,11,20260627T22:00:00,20260627T23:00:00,3600,HLS_20260627_lev1_V111.zip,AL1_SLX_L1_20260627_v1.0.zip,0.7356728315353394,0.40030723810195923,9.460655212402344,C3.4,0
144,20260701,0,20260701T00:00:00,20260701T01:00:00,3600,HLS_20260701_lev1_V111.zip,AL1_SLX_L1_20260701_v1.0.zip,0.6947327852249146,0.3941282629966736,8.533014297485352,C1.3,0
145,20260701,1,20260701T02:00:00,20260701T03:00:00,3600,HLS_20260701_lev1_V111.zip,AL1_SLX_L1_20260701_v1.0.zip,7.41668701171875,0.6054478287696838,61.138511657714844,M7.0,1
146,20260701,2,20260701T04:00:00,20260701T05:00:00,3600,HLS_20260701_lev1_V111.zip,AL1_SLX_L1_20260701_v1.0.zip,0.6914150714874268,0.40229129791259766,8.549786567687988,C3.8,0
147,20260701,3,20260701T06:00:00,20260701T07:00:00,3600,HLS_20260701_lev1_V111.zip,AL1_SLX_L1_20260701_v1.0.zip,7.356795787811279,0.5895521640777588,61.72285842895508,M6.8,1
148,20260701,4,20260701T08:00:00,20260701T09:00:00,3600,HLS_20260701_lev1_V111.zip,AL1_SLX_L1_20260701_v1.0.zip,0.674714207649231,0.3972127437591553,8.90444564819336,C3.7,0
149,20260701,5,20260701T10:00:00,20260701T11:00:00,3600,HLS_20260701_lev1_V111.zip,AL1_SLX_L1_20260701_v1.0.zip,0.7423242330551147,0.4059477746486664,8.986896514892578,C1.2,0
150,20260701,6,20260701T12:00:00,20260701T13:00:00,3600,HLS_20260701_lev1_V111.zip,AL1_SLX_L1_20260701_v1.0.zip,7.404370307922363,0.6104307174682617,63.51243209838867,M5.6,1
151,20260701,7,20260701T14:00:00,20260701T15:00:00,3600,HLS_20260701_lev1_V111.zip,AL1_SLX_L1_20260701_v1.0.zip,7.441799640655518,0.6089636087417603,61.780303955078125,M8.0,1
152,20260701,8,20260701T16:00:00,20260701T17:00:00,3600,HLS_20260701_lev1_V111.zip,AL1_SLX_L1_20260701_v1.0.zip,0.7191956043243408,0.4027530550956726,8.770095825195312,C4.3,0
153,20260701,9,20260701T18:00:00,20260701T19:00:00,3600,HLS_20260701_lev1_V111.zip,AL1_SLX_L1_20260701_v1.0.zip,0.743141233921051,0.3997562527656555,9.361812591552734,C4.8,0
154,20260701,10,20260701T20:00:00,20260701T21:00:00,3600,HLS_20260701_lev1_V111.zip,AL1_SLX_L1_20260701_v1.0.zip,0.7368606328964233,0.40276244282722473,8.97116756439209,C3.1,0
155,20260701,11,20260701T22:00:00,20260701T23:00:00,3600,HLS_20260701_lev1_V111.zip,AL1_SLX_L1_20260701_v1.0.zip,7.368109703063965,0.6010200381278992,61.04722595214844,M5.8,1
156,20260702,0,20260702T00:00:00,20260702T01:00:00,3600,HLS_20260702_lev1_V111.zip,AL1_SLX_L1_20260702_v1.0.zip,0.6866225004196167,0.40365082025527954,7.946606159210205,C1.6,0
157,20260702,1,20260702T02:00:00,20260702T03:00:00,3600,HLS_20260702_lev1_V111.zip,AL1_SLX_L1_20260702_v1.0.zip,0.7172949910163879,0.39776360988616943,8.671770095825195,C2.7,0
158,20260702,2,20260702T04:00:00,20260702T05:00:00,3600,HLS_20260702_lev1_V111.zip,AL1_SLX_L1_20260702_v1.0.zip,0.7106591463088989,0.4028678238391876,8.995403289794922,C3.8,0
159,20260702,3,20260702T06:00:00,20260702T07:00:00,3600,HLS_20260702_lev1_V111.zip,AL1_SLX_L1_20260702_v1.0.zip,0.6939777135848999,0.40501707792282104,8.714122772216797,C3.6,0
160,20260702,4,20260702T08:00:00,20260702T09:00:00,3600,HLS_20260702_lev1_V111.zip,AL1_SLX_L1_20260702_v1.0.zip,7.346107482910156,0.6070787310600281,60.74666976928711,M2.4,1
161,20260702,5,20260702T10:00:00,20260702T11:00:00,3600,HLS_20260702_lev1_V111.zip,AL1_SLX_L1_20260702_v1.0.zip,0.739161491394043,0.401175320148468,9.217554092407227,C4.1,0
162,20260702,6,20260702T12:00:00,20260702T13:00:00,3600,HLS_20260702_lev1_V111.zip,AL1_SLX_L1_20260702_v1.0.zip,0.7154933214187622,0.4046146273612976,9.133702278137207,C3.6,0
163,20260702,7,20260702T14:00:00,20260702T15:00:00,3600,HLS_20260702_lev1_V111.zip,AL1_SLX_L1_20260702_v1.0.zip,0.7117627859115601,0.40240269899368286,9.250611305236816,C2.4,0
164,20260702,8,20260702T16:00:00,20260702T17:00:00,3600,HLS_20260702_lev1_V111.zip,AL1_SLX_L1_20260702_v1.0.zip,0.7275310158729553,0.39760181307792664,9.180509567260742,C4.0,0
165,20260702,9,20260702T18:00:00,20260702T19:00:00,3600,HLS_20260702_lev1_V111.zip,AL1_SLX_L1_20260702_v1.0.zip,7.554263114929199,0.5896816253662109,63.84169387817383,M4.7,1
166,20260702,10,20260702T20:00:00,20260702T21:00:00,3600,HLS_20260702_lev1_V111.zip,AL1_SLX_L1_20260702_v1.0.zip,0.7352049946784973,0.3996591866016388,8.808581352233887,C3.0,0
167,20260702,11,20260702T22:00:00,20260702T23:00:00,3600,HLS_20260702_lev1_V111.zip,AL1_SLX_L1_20260702_v1.0.zip,0.7143498063087463,0.4046572148799896,8.895330429077148,C2.5,0
168,20260511,0,20260511T00:00:00,20260511T01:00:00,3600,HLS_20260511_lev1_V111.zip,AL1_SLX_L1_20260511_v1.0.zip,0.6852039098739624,0.4027751684188843,8.639214515686035,C1.8,0
169,20260511,1,20260511T02:00:00,20260511T03:00:00,3600,HLS_20260511_lev1_V111.zip,AL1_SLX_L1_20260511_v1.0.zip,0.6976203918457031,0.3949816823005676,9.036689758300781,C2.8,0
170,20260511,2,20260511T04:00:00,20260511T05:00:00,3600,HLS_20260511_lev1_V111.zip,AL1_SLX_L1_20260511_v1.0.zip,7.38630485534668,0.6004790663719177,62.06987380981445,M8.0,1
171,20260511,3,20260511T06:00:00,20260511T07:00:00,3600,HLS_20260511_lev1_V111.zip,AL1_SLX_L1_20260511_v1.0.zip,7.393171310424805,0.5980719923973083,57.15364074707031,M8.8,1
172,20260511,4,20260511T08:00:00,20260511T09:00:00,3600,HLS_20260511_lev1_V111.zip,AL1_SLX_L1_20260511_v1.0.zip,0.7006234526634216,0.40168315172195435,9.164081573486328,C4.1,0
173,20260511,5,20260511T10:00:00,20260511T11:00:00,3600,HLS_20260511_lev1_V111.zip,AL1_SLX_L1_20260511_v1.0.zip,0.7359870076179504,0.40545329451560974,8.945730209350586,C3.0,0
174,20260511,6,20260511T12:00:00,20260511T13:00:00,3600,HLS_20260511_lev1_V111.zip,AL1_SLX_L1_20260511_v1.0.zip,0.6885682940483093,0.39844009280204773,8.766075134277344,C4.2,0
175,20260511,7,20260511T14:00:00,20260511T15:00:00,3600,HLS_20260511_lev1_V111.zip,AL1_SLX_L1_20260511_v1.0.zip,7.407182216644287,0.5937602519989014,58.612667083740234,M7.6,1
176,20260511,8,20260511T16:00:00,20260511T17:00:00,3600,HLS_20260511_lev1_V111.zip,AL1_SLX_L1_20260511_v1.0.zip,0.7351746559143066,0.400767982006073,9.236139297485352,C1.2,0
177,20260511,9,20260511T18:00:00,20260511T19:00:00,3600,HLS_20260511_lev1_V111.zip,AL1_SLX_L1_20260511_v1.0.zip,0.7088186740875244,0.4064425230026245,9.521272659301758,C2.1,0
178,20260511,10,20260511T20:00:00,20260511T21:00:00,3600,HLS_20260511_lev1_V111.zip,AL1_SLX_L1_20260511_v1.0.zip,0.7373892664909363,0.4051753282546997,8.988977432250977,C2.6,0
179,20260511,11,20260511T22:00:00,20260511T23:00:00,3600,HLS_20260511_lev1_V111.zip,AL1_SLX_L1_20260511_v1.0.zip,0.6768762469291687,0.3980139195919037,9.232889175415039,C2.8,0
180,20240520,0,20240520T00:00:00,20240520T01:00:00,3600,HLS_20240520_lev1_V111.zip,AL1_SLX_L1_20240520_v1.0.zip,7.421446323394775,0.5980086326599121,60.078758239746094,M4.7,1
181,20240520,1,20240520T02:00:00,20240520T03:00:00,3600,HLS_20240520_lev1_V111.zip,AL1_SLX_L1_20240520_v1.0.zip,0.6882034540176392,0.40311431884765625,8.427576065063477,C2.1,0
182,20240520,2,20240520T04:00:00,20240520T05:00:00,3600,HLS_20240520_lev1_V111.zip,AL1_SLX_L1_20240520_v1.0.zip,0.7155047655105591,0.4011179804801941,9.07680892944336,C1.6,0
183,20240520,3,20240520T06:00:00,20240520T07:00:00,3600,HLS_20240520_lev1_V111.zip,AL1_SLX_L1_20240520_v1.0.zip,0.7138713598251343,0.3999951183795929,9.058241844177246,C1.5,0
184,20240520,4,20240520T08:00:00,20240520T09:00:00,3600,HLS_20240520_lev1_V111.zip,AL1_SLX_L1_20240520_v1.0.zip,0.7226680517196655,0.4010712504386902,8.870352745056152,C2.0,0
185,20240520,5,20240520T10:00:00,20240520T11:00:00,3600,HLS_20240520_lev1_V111.zip,AL1_SLX_L1_20240520_v1.0.zip,7.410932540893555,0.5997030138969421,59.686100006103516,M5.3,1
186,20240520,6,20240520T12:00:00,20240520T13:00:00,3600,HLS_20240520_lev1_V111.zip,AL1_SLX_L1_20240520_v1.0.zip,0.7192578911781311,0.40136897563934326,9.299820899963379,C1.5,0
187,20240520,7,20240520T14:00:00,20240520T15:00:00,3600,HLS_20240520_lev1_V111.zip,AL1_SLX_L1_20240520_v1.0.zip,0.7059125304222107,0.4030917286872864,9.133668899536133,C3.3,0
188,20240520,8,20240520T16:00:00,20240520T17:00:00,3600,HLS_20240520_lev1_V111.zip,AL1_SLX_L1_20240520_v1.0.zip,0.7823619842529297,0.39627787470817566,9.300619125366211,C3.4,0
189,20240520,9,20240520T18:00:00,20240520T19:00:00,3600,HLS_20240520_lev1_V111.zip,AL1_SLX_L1_20240520_v1.0.zip,0.731757640838623,0.40293949842453003,9.143074989318848,C4.6,0
190,20240520,10,20240520T20:00:00,20240520T21:00:00,3600,HLS_20240520_lev1_V111.zip,AL1_SLX_L1_20240520_v1.0.zip,7.3628926277160645,0.5960050821304321,64.48832702636719,M8.1,1
191,20240520,11,20240520T22:00:00,20240520T23:00:00,3600,HLS_20240520_lev1_V111.zip,AL1_SLX_L1_20240520_v1.0.zip,0.772404670715332,0.3988158404827118,9.722600936889648,C3.1,0
192,20260508,0,20260508T00:00:00,20260508T01:00:00,3600,HLS_20260508_lev1_V111.zip,AL1_SLX_L1_20260508_v1.0.zip,0.7059142589569092,0.4038230776786804,8.317339897155762,C1.4,0
193,20260508,1,20260508T02:00:00,20260508T03:00:00,3600,HLS_20260508_lev1_V111.zip,AL1_SLX_L1_20260508_v1.0.zip,0.7044586539268494,0.40539976954460144,8.51296615600586,C4.0,0
194,20260508,2,20260508T04:00:00,20260508T05:00:00,3600,HLS_20260508_lev1_V111.zip,AL1_SLX_L1_20260508_v1.0.zip,0.7606710195541382,0.3914627730846405,8.980753898620605,C1.8,0
195,20260508,3,20260508T06:00:00,20260508T07:00:00,3600,HLS_20260508_lev1_V111.zip,AL1_SLX_L1_20260508_v1.0.zip,7.481428623199463,0.6034948229789734,61.355953216552734,M2.7,1
196,20260508,4,20260508T08:00:00,20260508T09:00:00,3600,HLS_20260508_lev1_V111.zip,AL1_SLX_L1_20260508_v1.0.zip,0.7235186696052551,0.3969074487686157,8.93098258972168,C4.5,0
197,20260508,5,20260508T10:00:00,20260508T11:00:00,3600,HLS_20260508_lev1_V111.zip,AL1_SLX_L1_20260508_v1.0.zip,0.7125726938247681,0.39660218358039856,8.813316345214844,C1.5,0
198,20260508,6,20260508T12:00:00,20260508T13:00:00,3600,HLS_20260508_lev1_V111.zip,AL1_SLX_L1_20260508_v1.0.zip,0.6848339438438416,0.396398663520813,8.379231452941895,C2.3,0
199,20260508,7,20260508T14:00:00,20260508T15:00:00,3600,HLS_20260508_lev1_V111.zip,AL1_SLX_L1_20260508_v1.0.zip,0.6993056535720825,0.40614888072013855,8.453688621520996,C4.2,0
200,20260508,8,20260508T16:00:00,20260508T17:00:00,3600,HLS_20260508_lev1_V111.zip,AL1_SLX_L1_20260508_v1.0.zip,7.310845375061035,0.5966717004776001,61.45676803588867,M8.3,1
201,20260508,9,20260508T18:00:00,20260508T19:00:00,3600,HLS_20260508_lev1_V111.zip,AL1_SLX_L1_20260508_v1.0.zip,0.7010143995285034,0.40359991788864136,8.814244270324707,C1.7,0
202,20260508,10,20260508T20:00:00,20260508T21:00:00,3600,HLS_20260508_lev1_V111.zip,AL1_SLX_L1_20260508_v1.0.zip,0.7445209622383118,0.40666553378105164,9.617700576782227,C3.4,0
203,20260508,11,20260508T22:00:00,20260508T23:00:00,3600,HLS_20260508_lev1_V111.zip,AL1_SLX_L1_20260508_v1.0.zip,0.6997358798980713,0.3986891508102417,8.867246627807617,C4.1,0
204,20260613,0,20260613T00:00:00,20260613T01:00:00,3600,HLS_20260613_lev1_V111.zip,AL1_SLX_L1_20260613_v1.0.zip,0.6840907335281372,0.40496766567230225,8.888494491577148,C4.5,0
205,20260613,1,20260613T02:00:00,20260613T03:00:00,3600,HLS_20260613_lev1_V111.zip,AL1_SLX_L1_20260613_v1.0.zip,7.3923211097717285,0.600827157497406,57.94566345214844,M6.7,1
206,20260613,2,20260613T04:00:00,20260613T05:00:00,3600,HLS_20260613_lev1_V111.zip,AL1_SLX_L1_20260613_v1.0.zip,0.7038727402687073,0.3942479193210602,8.534382820129395,C2.3,0
207,20260613,3,20260613T06:00:00,20260613T07:00:00,3600,HLS_20260613_lev1_V111.zip,AL1_SLX_L1_20260613_v1.0.zip,7.387289047241211,0.5995124578475952,63.260223388671875,M5.2,1
208,20260613,4,20260613T08:00:00,20260613T09:00:00,3600,HLS_20260613_lev1_V111.zip,AL1_SLX_L1_20260613_v1.0.zip,0.7064582705497742,0.3994311988353729,9.160906791687012,C3.8,0
209,20260613,5,20260613T10:00:00,20260613T11:00:00,3600,HLS_20260613_lev1_V111.zip,AL1_SLX_L1_20260613_v1.0.zip,0.7221824526786804,0.39839890599250793,8.962255477905273,C2.6,0
210,20260613,6,20260613T12:00:00,20260613T13:00:00,3600,HLS_20260613_lev1_V111.zip,AL1_SLX_L1_20260613_v1.0.zip,7.434854984283447,0.5975127220153809,63.410400390625,M6.6,1
211,20260613,7,20260613T14:00:00,20260613T15:00:00,3600,HLS_20260613_lev1_V111.zip,AL1_SLX_L1_20260613_v1.0.zip,7.3436503410339355,0.5967648029327393,63.033966064453125,M1.8,1
212,20260613,8,20260613T16:00:00,20260613T17:00:00,3600,HLS_20260613_lev1_V111.zip,AL1_SLX_L1_20260613_v1.0.zip,0.707968533039093,0.4034978151321411,8.350435256958008,C4.7,0
213,20260613,9,20260613T18:00:00,20260613T19:00:00,3600,HLS_20260613_lev1_V111.zip,AL1_SLX_L1_20260613_v1.0.zip,0.7014179825782776,0.39940863847732544,8.426278114318848,C4.6,0
214,20260613,10,20260613T20:00:00,20260613T21:00:00,3600,HLS_20260613_lev1_V111.zip,AL1_SLX_L1_20260613_v1.0.zip,0.7582868933677673,0.3977596163749695,9.4910306930542,C3.8,0
215,20260613,11,20260613T22:00:00,20260613T23:00:00,3600,HLS_20260613_lev1_V111.zip,AL1_SLX_L1_20260613_v1.0.zip,7.42622709274292,0.5948653221130371,63.74462890625,M1.7,1
216,20260512,0,20260512T00:00:00,20260512T01:00:00,3600,HLS_20260512_lev1_V111.zip,AL1_SLX_L1_20260512_v1.0.zip,0.7307869791984558,0.39970770478248596,9.825141906738281,C3.2,0
217,20260512,1,20260512T02:00:00,20260512T03:00:00,3600,HLS_20260512_lev1_V111.zip,AL1_SLX_L1_20260512_v1.0.zip,0.7029685378074646,0.3965287506580353,7.989487648010254,C1.1,0
218,20260512,2,20260512T04:00:00,20260512T05:00:00,3600,HLS_20260512_lev1_V111.zip,AL1_SLX_L1_20260512_v1.0.zip,0.7930497527122498,0.40284964442253113,9.610366821289062,C2.0,0
219,20260512,3,20260512T06:00:00,20260512T07:00:00,3600,HLS_20260512_lev1_V111.zip,AL1_SLX_L1_20260512_v1.0.zip,0.6999601721763611,0.39239823818206787,8.348230361938477,C2.7,0
220,20260512,4,20260512T08:00:00,20260512T09:00:00,3600,HLS_20260512_lev1_V111.zip,AL1_SLX_L1_20260512_v1.0.zip,7.387094974517822,0.5961043834686279,62.550376892089844,M3.8,1
221,20260512,5,20260512T10:00:00,20260512T11:00:00,3600,HLS_20260512_lev1_V111.zip,AL1_SLX_L1_20260512_v1.0.zip,0.7049421668052673,0.4052790701389313,8.494898796081543,C1.3,0
222,20260512,6,20260512T12:00:00,20260512T13:00:00,3600,HLS_20260512_lev1_V111.zip,AL1_SLX_L1_20260512_v1.0.zip,0.7485297918319702,0.38956236839294434,9.065537452697754,C4.1,0
223,20260512,7,20260512T14:00:00,20260512T15:00:00,3600,HLS_20260512_lev1_V111.zip,AL1_SLX_L1_20260512_v1.0.zip,0.7167772650718689,0.39787429571151733,8.794075012207031,C3.1,0
224,20260512,8,20260512T16:00:00,20260512T17:00:00,3600,HLS_20260512_lev1_V111.zip,AL1_SLX_L1_20260512_v1.0.zip,0.7399371266365051,0.4004499912261963,9.53544807434082,C2.6,0
225,20260512,9,20260512T18:00:00,20260512T19:00:00,3600,HLS_20260512_lev1_V111.zip,AL1_SLX_L1_20260512_v1.0.zip,7.406540870666504,0.6112727522850037,61.937564849853516,M6.6,1
226,20260512,10,20260512T20:00:00,20260512T21:00:00,3600,HLS_20260512_lev1_V111.zip,AL1_SLX_L1_20260512_v1.0.zip,0.7034780979156494,0.40228283405303955,9.450963020324707,C1.5,0
227,20260512,11,20260512T22:00:00,20260512T23:00:00,3600,HLS_20260512_lev1_V111.zip,AL1_SLX_L1_20260512_v1.0.zip,0.7003422975540161,0.394631564617157,9.20607852935791,C3.6,0
228,20260519,0,20260519T00:00:00,20260519T01:00:00,3600,HLS_20260519_lev1_V111.zip,AL1_SLX_L1_20260519_v1.0.zip,0.7471857666969299,0.39873573184013367,9.679131507873535,C2.5,0
229,20260519,1,20260519T02:00:00,20260519T03:00:00,3600,HLS_20260519_lev1_V111.zip,AL1_SLX_L1_20260519_v1.0.zip,0.7699925303459167,0.39911314845085144,9.773862838745117,C4.5,0
230,20260519,2,20260519T04:00:00,20260519T05:00:00,3600,HLS_20260519_lev1_V111.zip,AL1_SLX_L1_20260519_v1.0.zip,7.406112194061279,0.6022474765777588,67.13043212890625,M7.1,1
231,20260519,3,20260519T06:00:00,20260519T07:00:00,3600,HLS_20260519_lev1_V111.zip,AL1_SLX_L1_20260519_v1.0.zip,7.355766296386719,0.595349133014679,63.65007781982422,M7.5,1
232,20260519,4,20260519T08:00:00,20260519T09:00:00,3600,HLS_20260519_lev1_V111.zip,AL1_SLX_L1_20260519_v1.0.zip,0.6780794262886047,0.40875035524368286,9.38987922668457,C2.6,0
233,20260519,5,20260519T10:00:00,20260519T11:00:00,3600,HLS_20260519_lev1_V111.zip,AL1_SLX_L1_20260519_v1.0.zip,0.6973117589950562,0.3996955156326294,8.790492057800293,C2.7,0
234,20260519,6,20260519T12:00:00,20260519T13:00:00,3600,HLS_20260519_lev1_V111.zip,AL1_SLX_L1_20260519_v1.0.zip,0.7505397200584412,0.40144217014312744,8.652667045593262,C4.7,0
235,20260519,7,20260519T14:00:00,20260519T15:00:00,3600,HLS_20260519_lev1_V111.zip,AL1_SLX_L1_20260519_v1.0.zip,7.421618461608887,0.600955069065094,60.026695251464844,M8.8,1
236,20260519,8,20260519T16:00:00,20260519T17:00:00,3600,HLS_20260519_lev1_V111.zip,AL1_SLX_L1_20260519_v1.0.zip,0.7534013390541077,0.40552642941474915,8.787958145141602,C1.5,0
237,20260519,9,20260519T18:00:00,20260519T19:00:00,3600,HLS_20260519_lev1_V111.zip,AL1_SLX_L1_20260519_v1.0.zip,0.8123334050178528,0.4016951620578766,10.138434410095215,C2.4,0
238,20260519,10,20260519T20:00:00,20260519T21:00:00,3600,HLS_20260519_lev1_V111.zip,AL1_SLX_L1_20260519_v1.0.zip,0.7381636500358582,0.401947557926178,9.204394340515137,C4.5,0
239,20260519,11,20260519T22:00:00,20260519T23:00:00,3600,HLS_20260519_lev1_V111.zip,AL1_SLX_L1_20260519_v1.0.zip,0.7482633590698242,0.39940834045410156,9.017877578735352,C4.4,0
240,20260620,0,20260620T00:00:00,20260620T01:00:00,3600,HLS_20260620_lev1_V111.zip,AL1_SLX_L1_20260620_v1.0.zip,7.348114967346191,0.597460925579071,57.827266693115234,M5.6,1
241,20260620,1,20260620T02:00:00,20260620T03:00:00,3600,HLS_20260620_lev1_V111.zip,AL1_SLX_L1_20260620_v1.0.zip,0.7170653939247131,0.39917418360710144,9.45801830291748,C3.6,0
242,20260620,2,20260620T04:00:00,20260620T05:00:00,3600,HLS_20260620_lev1_V111.zip,AL1_SLX_L1_20260620_v1.0.zip,0.7190567851066589,0.39628082513809204,8.912941932678223,C4.6,0
243,20260620,3,20260620T06:00:00,20260620T07:00:00,3600,HLS_20260620_lev1_V111.zip,AL1_SLX_L1_20260620_v1.0.zip,0.7606969475746155,0.40146270394325256,9.15628433227539,C4.7,0
244,20260620,4,20260620T08:00:00,20260620T09:00:00,3600,HLS_20260620_lev1_V111.zip,AL1_SLX_L1_20260620_v1.0.zip,0.6873194575309753,0.39666980504989624,8.934638977050781,C2.2,0
245,20260620,5,20260620T10:00:00,20260620T11:00:00,3600,HLS_20260620_lev1_V111.zip,AL1_SLX_L1_20260620_v1.0.zip,7.434764385223389,0.6000397801399231,62.03767013549805,M1.7,1
246,20260620,6,20260620T12:00:00,20260620T13:00:00,3600,HLS_20260620_lev1_V111.zip,AL1_SLX_L1_20260620_v1.0.zip,0.7135041952133179,0.4070514440536499,9.621785163879395,C4.2,0
247,20260620,7,20260620T14:00:00,20260620T15:00:00,3600,HLS_20260620_lev1_V111.zip,AL1_SLX_L1_20260620_v1.0.zip,0.6950157284736633,0.3999793529510498,8.7759428024292,C4.1,0
248,20260620,8,20260620T16:00:00,20260620T17:00:00,3600,HLS_20260620_lev1_V111.zip,AL1_SLX_L1_20260620_v1.0.zip,0.7156974673271179,0.3984224200248718,9.164664268493652,C4.1,0
249,20260620,9,20260620T18:00:00,20260620T19:00:00,3600,HLS_20260620_lev1_V111.zip,AL1_SLX_L1_20260620_v1.0.zip,0.6950634717941284,0.39844462275505066,8.98980712890625,C4.4,0
250,20260620,10,20260620T20:00:00,20260620T21:00:00,3600,HLS_20260620_lev1_V111.zip,AL1_SLX_L1_20260620_v1.0.zip,7.488195896148682,0.6085692048072815,57.982200622558594,M3.1,1
251,20260620,11,20260620T22:00:00,20260620T23:00:00,3600,HLS_20260620_lev1_V111.zip,AL1_SLX_L1_20260620_v1.0.zip,0.7185779809951782,0.4057277739048004,9.021949768066406,C2.5,0
252,20240523,0,20240523T00:00:00,20240523T01:00:00,3600,HLS_20240523_lev1_V111.zip,AL1_SLX_L1_20240523_v1.0.zip,0.6677483916282654,0.39573463797569275,8.304940223693848,C4.8,0
253,20240523,1,20240523T02:00:00,20240523T03:00:00,3600,HLS_20240523_lev1_V111.zip,AL1_SLX_L1_20240523_v1.0.zip,0.6697321534156799,0.4003385305404663,7.973141193389893,C2.0,0
254,20240523,2,20240523T04:00:00,20240523T05:00:00,3600,HLS_20240523_lev1_V111.zip,AL1_SLX_L1_20240523_v1.0.zip,0.7348761558532715,0.39602988958358765,9.064727783203125,C2.4,0
255,20240523,3,20240523T06:00:00,20240523T07:00:00,3600,HLS_20240523_lev1_V111.zip,AL1_SLX_L1_20240523_v1.0.zip,7.417478561401367,0.6080606579780579,63.45714569091797,M2.8,1
256,20240523,4,20240523T08:00:00,20240523T09:00:00,3600,HLS_20240523_lev1_V111.zip,AL1_SLX_L1_20240523_v1.0.zip,0.7095758318901062,0.39835792779922485,8.793421745300293,C3.0,0
257,20240523,5,20240523T10:00:00,20240523T11:00:00,3600,HLS_20240523_lev1_V111.zip,AL1_SLX_L1_20240523_v1.0.zip,0.7405045628547668,0.3914131224155426,8.987691879272461,C4.0,0
258,20240523,6,20240523T12:00:00,20240523T13:00:00,3600,HLS_20240523_lev1_V111.zip,AL1_SLX_L1_20240523_v1.0.zip,0.678219735622406,0.39705631136894226,8.701032638549805,C1.6,0
259,20240523,7,20240523T14:00:00,20240523T15:00:00,3600,HLS_20240523_lev1_V111.zip,AL1_SLX_L1_20240523_v1.0.zip,7.469883918762207,0.5997726321220398,64.95288848876953,M5.6,1
260,20240523,8,20240523T16:00:00,20240523T17:00:00,3600,HLS_20240523_lev1_V111.zip,AL1_SLX_L1_20240523_v1.0.zip,7.377249717712402,0.6008805632591248,64.40371704101562,M5.1,1
261,20240523,9,20240523T18:00:00,20240523T19:00:00,3600,HLS_20240523_lev1_V111.zip,AL1_SLX_L1_20240523_v1.0.zip,0.6961373090744019,0.3963112235069275,8.64900016784668,C2.5,0
262,20240523,10,20240523T20:00:00,20240523T21:00:00,3600,HLS_20240523_lev1_V111.zip,AL1_SLX_L1_20240523_v1.0.zip,0.7072733640670776,0.4021129608154297,8.680267333984375,C2.3,0
263,20240523,11,20240523T22:00:00,20240523T23:00:00,3600,HLS_20240523_lev1_V111.zip,AL1_SLX_L1_20240523_v1.0.zip,0.7273818850517273,0.3968978226184845,9.224018096923828,C4.5,0
264,20260703,0,20260703T00:00:00,20260703T01:00:00,3600,HLS_20260703_lev1_V111.zip,AL1_SLX_L1_20260703_v1.0.zip,0.727554976940155,0.40088799595832825,9.093320846557617,C3.0,0
265,20260703,1,20260703T02:00:00,20260703T03:00:00,3600,HLS_20260703_lev1_V111.zip,AL1_SLX_L1_20260703_v1.0.zip,7.434902667999268,0.6024259924888611,64.22430419921875,M6.5,1
266,20260703,2,20260703T04:00:00,20260703T05:00:00,3600,HLS_20260703_lev1_V111.zip,AL1_SLX_L1_20260703_v1.0.zip,0.7134277820587158,0.3998878598213196,8.978654861450195,C4.1,0
267,20260703,3,20260703T06:00:00,20260703T07:00:00,3600,HLS_20260703_lev1_V111.zip,AL1_SLX_L1_20260703_v1.0.zip,7.351538181304932,0.605526864528656,62.75014877319336,M7.6,1
268,20260703,4,20260703T08:00:00,20260703T09:00:00,3600,HLS_20260703_lev1_V111.zip,AL1_SLX_L1_20260703_v1.0.zip,0.7165835499763489,0.39745137095451355,8.71965217590332,C2.5,0
269,20260703,5,20260703T10:00:00,20260703T11:00:00,3600,HLS_20260703_lev1_V111.zip,AL1_SLX_L1_20260703_v1.0.zip,0.7798675894737244,0.4007267355918884,9.693242073059082,C3.8,0
270,20260703,6,20260703T12:00:00,20260703T13:00:00,3600,HLS_20260703_lev1_V111.zip,AL1_SLX_L1_20260703_v1.0.zip,7.47052526473999,0.5955132842063904,59.12742233276367,M3.8,1
271,20260703,7,20260703T14:00:00,20260703T15:00:00,3600,HLS_20260703_lev1_V111.zip,AL1_SLX_L1_20260703_v1.0.zip,7.4470672607421875,0.5924263000488281,61.41066360473633,M3.0,1
272,20260703,8,20260703T16:00:00,20260703T17:00:00,3600,HLS_20260703_lev1_V111.zip,AL1_SLX_L1_20260703_v1.0.zip,0.7080956697463989,0.40433433651924133,8.468531608581543,C3.2,0
273,20260703,9,20260703T18:00:00,20260703T19:00:00,3600,HLS_20260703_lev1_V111.zip,AL1_SLX_L1_20260703_v1.0.zip,0.6664474010467529,0.390075147151947,8.62606143951416,C4.5,0
274,20260703,10,20260703T20:00:00,20260703T21:00:00,3600,HLS_20260703_lev1_V111.zip,AL1_SLX_L1_20260703_v1.0.zip,0.7769004702568054,0.3960162401199341,10.021044731140137,C3.6,0
275,20260703,11,20260703T22:00:00,20260703T23:00:00,3600,HLS_20260703_lev1_V111.zip,AL1_SLX_L1_20260703_v1.0.zip,7.353722095489502,0.5959092378616333,59.77302932739258,M2.4,1
276,20260525,0,20260525T00:00:00,20260525T01:00:00,3600,HLS_20260525_lev1_V111.zip,AL1_SLX_L1_20260525_v1.0.zip,0.7016266584396362,0.39859849214553833,9.06033992767334,C2.0,0
277,20260525,1,20260525T02:00:00,20260525T03:00:00,3600,HLS_20260525_lev1_V111.zip,AL1_SLX_L1_20260525_v1.0.zip,0.7138897180557251,0.4033859670162201,8.6432466506958,C3.7,0
278,20260525,2,20260525T04:00:00,20260525T05:00:00,3600,HLS_20260525_lev1_V111.zip,AL1_SLX_L1_20260525_v1.0.zip,0.692391574382782,0.3983681797981262,8.5716552734375,C1.0,0
279,20260525,3,20260525T06:00:00,20260525T07:00:00,3600,HLS_20260525_lev1_V111.zip,AL1_SLX_L1_20260525_v1.0.zip,7.468689441680908,0.6120915412902832,65.09290313720703,M6.6,1
280,20260525,4,20260525T08:00:00,20260525T09:00:00,3600,HLS_20260525_lev1_V111.zip,AL1_SLX_L1_20260525_v1.0.zip,7.4193596839904785,0.6116822957992554,61.788787841796875,M5.3,1
281,20260525,5,20260525T10:00:00,20260525T11:00:00,3600,HLS_20260525_lev1_V111.zip,AL1_SLX_L1_20260525_v1.0.zip,0.7136335968971252,0.3995015323162079,8.646220207214355,C2.1,0
282,20260525,6,20260525T12:00:00,20260525T13:00:00,3600,HLS_20260525_lev1_V111.zip,AL1_SLX_L1_20260525_v1.0.zip,0.7410489916801453,0.4002358913421631,9.231842994689941,C2.2,0
283,20260525,7,20260525T14:00:00,20260525T15:00:00,3600,HLS_20260525_lev1_V111.zip,AL1_SLX_L1_20260525_v1.0.zip,7.380303382873535,0.5990860462188721,61.06510543823242,M5.8,1
284,20260525,8,20260525T16:00:00,20260525T17:00:00,3600,HLS_20260525_lev1_V111.zip,AL1_SLX_L1_20260525_v1.0.zip,0.7298707962036133,0.39965543150901794,9.53935432434082,C1.4,0
285,20260525,9,20260525T18:00:00,20260525T19:00:00,3600,HLS_20260525_lev1_V111.zip,AL1_SLX_L1_20260525_v1.0.zip,7.530430316925049,0.601276159286499,64.59406280517578,M4.2,1
286,20260525,10,20260525T20:00:00,20260525T21:00:00,3600,HLS_20260525_lev1_V111.zip,AL1_SLX_L1_20260525_v1.0.zip,0.7075413465499878,0.393147736787796,9.00597095489502,C3.2,0
287,20260525,11,20260525T22:00:00,20260525T23:00:00,3600,HLS_20260525_lev1_V111.zip,AL1_SLX_L1_20260525_v1.0.zip,0.7186393737792969,0.4005993604660034,8.635915756225586,C1.4,0
288,20260521,0,20260521T00:00:00,20260521T01:00:00,3600,HLS_20260521_lev1_V111.zip,AL1_SLX_L1_20260521_v1.0.zip,0.7091507911682129,0.4049330949783325,9.008037567138672,C1.8,0
289,20260521,1,20260521T02:00:00,20260521T03:00:00,3600,HLS_20260521_lev1_V111.zip,AL1_SLX_L1_20260521_v1.0.zip,0.7013071775436401,0.40180346369743347,8.546953201293945,C4.6,0
290,20260521,2,20260521T04:00:00,20260521T05:00:00,3600,HLS_20260521_lev1_V111.zip,AL1_SLX_L1_20260521_v1.0.zip,7.495223522186279,0.600829005241394,62.40733337402344,M4.1,1
291,20260521,3,20260521T06:00:00,20260521T07:00:00,3600,HLS_20260521_lev1_V111.zip,AL1_SLX_L1_20260521_v1.0.zip,7.540875434875488,0.5989808440208435,61.449981689453125,M3.7,1
292,20260521,4,20260521T08:00:00,20260521T09:00:00,3600,HLS_20260521_lev1_V111.zip,AL1_SLX_L1_20260521_v1.0.zip,0.6893499493598938,0.4056132137775421,8.69877815246582,C1.5,0
293,20260521,5,20260521T10:00:00,20260521T11:00:00,3600,HLS_20260521_lev1_V111.zip,AL1_SLX_L1_20260521_v1.0.zip,0.721520185470581,0.3980594873428345,8.559393882751465,C2.7,0
294,20260521,6,20260521T12:00:00,20260521T13:00:00,3600,HLS_20260521_lev1_V111.zip,AL1_SLX_L1_20260521_v1.0.zip,0.6712186932563782,0.4021971821784973,8.26587963104248,C2.5,0
295,20260521,7,20260521T14:00:00,20260521T15:00:00,3600,HLS_20260521_lev1_V111.zip,AL1_SLX_L1_20260521_v1.0.zip,7.327922821044922,0.5964721441268921,60.54072189331055,M1.1,1
296,20260521,8,20260521T16:00:00,20260521T17:00:00,3600,HLS_20260521_lev1_V111.zip,AL1_SLX_L1_20260521_v1.0.zip,0.7403754591941833,0.39666423201560974,9.779792785644531,C2.3,0
297,20260521,9,20260521T18:00:00,20260521T19:00:00,3600,HLS_20260521_lev1_V111.zip,AL1_SLX_L1_20260521_v1.0.zip,0.7064283490180969,0.39714741706848145,8.65042495727539,C2.6,0
298,20260521,10,20260521T20:00:00,20260521T21:00:00,3600,HLS_20260521_lev1_V111.zip,AL1_SLX_L1_20260521_v1.0.zip,0.7332085967063904,0.3959164321422577,9.418212890625,C1.5,0
299,20260521,11,20260521T22:00:00,20260521T23:00:00,3600,HLS_20260521_lev1_V111.zip,AL1_SLX_L1_20260521_v1.0.zip,0.7184612154960632,0.40607666969299316,8.691615104675293,C3.8,0
300,20260610,0,20260610T00:00:00,20260610T01:00:00,3600,HLS_20260610_lev1_V111.zip,AL1_SLX_L1_20260610_v1.0.zip,7.375214099884033,0.6058659553527832,61.260257720947266,M8.5,1
301,20260610,1,20260610T02:00:00,20260610T03:00:00,3600,HLS_20260610_lev1_V111.zip,AL1_SLX_L1_20260610_v1.0.zip,0.6804490089416504,0.39690306782722473,9.050342559814453,C2.7,0
302,20260610,2,20260610T04:00:00,20260610T05:00:00,3600,HLS_20260610_lev1_V111.zip,AL1_SLX_L1_20260610_v1.0.zip,0.6955052018165588,0.40115582942962646,8.55560302734375,C2.3,0
303,20260610,3,20260610T06:00:00,20260610T07:00:00,3600,HLS_20260610_lev1_V111.zip,AL1_SLX_L1_20260610_v1.0.zip,0.7437028288841248,0.3965547978878021,9.760833740234375,C4.7,0
304,20260610,4,20260610T08:00:00,20260610T09:00:00,3600,HLS_20260610_lev1_V111.zip,AL1_SLX_L1_20260610_v1.0.zip,0.706998884677887,0.4018264710903168,8.141457557678223,C2.2,0
305,20260610,5,20260610T10:00:00,20260610T11:00:00,3600,HLS_20260610_lev1_V111.zip,AL1_SLX_L1_20260610_v1.0.zip,7.4142022132873535,0.6031469702720642,62.796878814697266,M3.2,1
306,20260610,6,20260610T12:00:00,20260610T13:00:00,3600,HLS_20260610_lev1_V111.zip,AL1_SLX_L1_20260610_v1.0.zip,0.71213299036026,0.40438464283943176,8.61073112487793,C4.8,0
307,20260610,7,20260610T14:00:00,20260610T15:00:00,3600,HLS_20260610_lev1_V111.zip,AL1_SLX_L1_20260610_v1.0.zip,0.7243579626083374,0.39662986993789673,9.270075798034668,C2.3,0
308,20260610,8,20260610T16:00:00,20260610T17:00:00,3600,HLS_20260610_lev1_V111.zip,AL1_SLX_L1_20260610_v1.0.zip,0.7152443528175354,0.4061112105846405,9.17198371887207,C2.8,0
309,20260610,9,20260610T18:00:00,20260610T19:00:00,3600,HLS_20260610_lev1_V111.zip,AL1_SLX_L1_20260610_v1.0.zip,0.7289690375328064,0.3988420367240906,8.445350646972656,C4.1,0
310,20260610,10,20260610T20:00:00,20260610T21:00:00,3600,HLS_20260610_lev1_V111.zip,AL1_SLX_L1_20260610_v1.0.zip,7.414888858795166,0.6042706966400146,60.848480224609375,M5.1,1
311,20260610,11,20260610T22:00:00,20260610T23:00:00,3600,HLS_20260610_lev1_V111.zip,AL1_SLX_L1_20260610_v1.0.zip,0.7324717044830322,0.4070380926132202,9.064412117004395,C3.2,0
312,20260515,0,20260515T00:00:00,20260515T01:00:00,3600,HLS_20260515_lev1_V111.zip,AL1_SLX_L1_20260515_v1.0.zip,0.7041346430778503,0.3988887369632721,8.614323616027832,C1.3,0
313,20260515,1,20260515T02:00:00,20260515T03:00:00,3600,HLS_20260515_lev1_V111.zip,AL1_SLX_L1_20260515_v1.0.zip,0.7198191285133362,0.4005123972892761,9.254018783569336,C3.3,0
314,20260515,2,20260515T04:00:00,20260515T05:00:00,3600,HLS_20260515_lev1_V111.zip,AL1_SLX_L1_20260515_v1.0.zip,0.7078115344047546,0.4006005823612213,8.748758316040039,C3.4,0
315,20260515,3,20260515T06:00:00,20260515T07:00:00,3600,HLS_20260515_lev1_V111.zip,AL1_SLX_L1_20260515_v1.0.zip,7.468765735626221,0.6042118668556213,66.96683502197266,M7.6,1
316,20260515,4,20260515T08:00:00,20260515T09:00:00,3600,HLS_20260515_lev1_V111.zip,AL1_SLX_L1_20260515_v1.0.zip,0.7202262282371521,0.40638047456741333,9.179655075073242,C2.8,0
317,20260515,5,20260515T10:00:00,20260515T11:00:00,3600,HLS_20260515_lev1_V111.zip,AL1_SLX_L1_20260515_v1.0.zip,0.6977359056472778,0.3964834213256836,8.826197624206543,C1.2,0
318,20260515,6,20260515T12:00:00,20260515T13:00:00,3600,HLS_20260515_lev1_V111.zip,AL1_SLX_L1_20260515_v1.0.zip,0.7000859379768372,0.3993511199951172,8.786422729492188,C1.2,0
319,20260515,7,20260515T14:00:00,20260515T15:00:00,3600,HLS_20260515_lev1_V111.zip,AL1_SLX_L1_20260515_v1.0.zip,7.398825645446777,0.6117563247680664,62.089942932128906,M7.2,1
320,20260515,8,20260515T16:00:00,20260515T17:00:00,3600,HLS_20260515_lev1_V111.zip,AL1_SLX_L1_20260515_v1.0.zip,7.3424973487854,0.5984160900115967,60.32971954345703,M8.1,1
321,20260515,9,20260515T18:00:00,20260515T19:00:00,3600,HLS_20260515_lev1_V111.zip,AL1_SLX_L1_20260515_v1.0.zip,0.7409653067588806,0.4013858437538147,9.768821716308594,C4.3,0
322,20260515,10,20260515T20:00:00,20260515T21:00:00,3600,HLS_20260515_lev1_V111.zip,AL1_SLX_L1_20260515_v1.0.zip,0.7191309928894043,0.3880033791065216,9.326885223388672,C1.8,0
323,20260515,11,20260515T22:00:00,20260515T23:00:00,3600,HLS_20260515_lev1_V111.zip,AL1_SLX_L1_20260515_v1.0.zip,0.707287073135376,0.39861366152763367,8.726425170898438,C2.5,0
324,20260611,0,20260611T00:00:00,20260611T01:00:00,3600,HLS_20260611_lev1_V111.zip,AL1_SLX_L1_20260611_v1.0.zip,0.7031942009925842,0.39973288774490356,8.623297691345215,C2.0,0
325,20260611,1,20260611T02:00:00,20260611T03:00:00,3600,HLS_20260611_lev1_V111.zip,AL1_SLX_L1_20260611_v1.0.zip,7.362766742706299,0.6063029766082764,58.567344665527344,M4.2,1
326,20260611,2,20260611T04:00:00,20260611T05:00:00,3600,HLS_20260611_lev1_V111.zip,AL1_SLX_L1_20260611_v1.0.zip,0.6911201477050781,0.3980177938938141,8.470415115356445,C2.2,0
327,20260611,3,20260611T06:00:00,20260611T07:00:00,3600,HLS_20260611_lev1_V111.zip,AL1_SLX_L1_20260611_v1.0.zip,7.406113147735596,0.6053952574729919,63.8481330871582,M6.3,1
328,20260611,4,20260611T08:00:00,20260611T09:00:00,3600,HLS_20260611_lev1_V111.zip,AL1_SLX_L1_20260611_v1.0.zip,0.7267756462097168,0.40309977531433105,9.34422779083252,C1.8,0
329,20260611,5,20260611T10:00:00,20260611T11:00:00,3600,HLS_20260611_lev1_V111.zip,AL1_SLX_L1_20260611_v1.0.zip,0.7055850028991699,0.396172434091568,9.099931716918945,C3.1,0
330,20260611,6,20260611T12:00:00,20260611T13:00:00,3600,HLS_20260611_lev1_V111.zip,AL1_SLX_L1_20260611_v1.0.zip,7.356561183929443,0.6073241233825684,59.132083892822266,M8.0,1
331,20260611,7,20260611T14:00:00,20260611T15:00:00,3600,HLS_20260611_lev1_V111.zip,AL1_SLX_L1_20260611_v1.0.zip,7.390556812286377,0.5937619805335999,60.1654052734375,M2.8,1
332,20260611,8,20260611T16:00:00,20260611T17:00:00,3600,HLS_20260611_lev1_V111.zip,AL1_SLX_L1_20260611_v1.0.zip,0.7094689011573792,0.402114599943161,8.523211479187012,C4.2,0
333,20260611,9,20260611T18:00:00,20260611T19:00:00,3600,HLS_20260611_lev1_V111.zip,AL1_SLX_L1_20260611_v1.0.zip,0.7328917980194092,0.40237921476364136,10.0047607421875,C4.8,0
334,20260611,10,20260611T20:00:00,20260611T21:00:00,3600,HLS_20260611_lev1_V111.zip,AL1_SLX_L1_20260611_v1.0.zip,0.712469220161438,0.40028220415115356,8.92282772064209,C1.4,0
335,20260611,11,20260611T22:00:00,20260611T23:00:00,3600,HLS_20260611_lev1_V111.zip,AL1_SLX_L1_20260611_v1.0.zip,7.300169467926025,0.5997004508972168,60.030418395996094,M5.5,1
336,20260607,0,20260607T00:00:00,20260607T01:00:00,3600,HLS_20260607_lev1_V111.zip,AL1_SLX_L1_20260607_v1.0.zip,0.7454084753990173,0.40630030632019043,9.012372016906738,C3.3,0
337,20260607,1,20260607T02:00:00,20260607T03:00:00,3600,HLS_20260607_lev1_V111.zip,AL1_SLX_L1_20260607_v1.0.zip,0.6862164735794067,0.39428216218948364,8.763470649719238,C4.5,0
338,20260607,2,20260607T04:00:00,20260607T05:00:00,3600,HLS_20260607_lev1_V111.zip,AL1_SLX_L1_20260607_v1.0.zip,0.702492356300354,0.39872100949287415,9.181666374206543,C4.4,0
339,20260607,3,20260607T06:00:00,20260607T07:00:00,3600,HLS_20260607_lev1_V111.zip,AL1_SLX_L1_20260607_v1.0.zip,7.432915687561035,0.5972928404808044,62.913818359375,M1.2,1
340,20260607,4,20260607T08:00:00,20260607T09:00:00,3600,HLS_20260607_lev1_V111.zip,AL1_SLX_L1_20260607_v1.0.zip,7.501551151275635,0.6027442812919617,62.72001266479492,M5.6,1
341,20260607,5,20260607T10:00:00,20260607T11:00:00,3600,HLS_20260607_lev1_V111.zip,AL1_SLX_L1_20260607_v1.0.zip,0.6643373370170593,0.4043268859386444,8.370589256286621,C2.6,0
342,20260607,6,20260607T12:00:00,20260607T13:00:00,3600,HLS_20260607_lev1_V111.zip,AL1_SLX_L1_20260607_v1.0.zip,0.6923218965530396,0.40283042192459106,8.502607345581055,C3.2,0
343,20260607,7,20260607T14:00:00,20260607T15:00:00,3600,HLS_20260607_lev1_V111.zip,AL1_SLX_L1_20260607_v1.0.zip,7.433184623718262,0.604633629322052,64.99942779541016,M6.8,1
344,20260607,8,20260607T16:00:00,20260607T17:00:00,3600,HLS_20260607_lev1_V111.zip,AL1_SLX_L1_20260607_v1.0.zip,0.725864589214325,0.4029080271720886,9.188652992248535,C4.1,0
345,20260607,9,20260607T18:00:00,20260607T19:00:00,3600,HLS_20260607_lev1_V111.zip,AL1_SLX_L1_20260607_v1.0.zip,7.403155326843262,0.5983309745788574,61.99054718017578,M3.8,1
346,20260607,10,20260607T20:00:00,20260607T21:00:00,3600,HLS_20260607_lev1_V111.zip,AL1_SLX_L1_20260607_v1.0.zip,0.6884837746620178,0.4017491936683655,8.206722259521484,C2.5,0
347,20260607,11,20260607T22:00:00,20260607T23:00:00,3600,HLS_20260607_lev1_V111.zip,AL1_SLX_L1_20260607_v1.0.zip,0.6997100710868835,0.3977873921394348,9.205204963684082,C1.6,0
348,20240519,0,20240519T00:00:00,20240519T01:00:00,3600,HLS_20240519_lev1_V111.zip,AL1_SLX_L1_20240519_v1.0.zip,0.7124356031417847,0.39541706442832947,9.341170310974121,C2.5,0
349,20240519,1,20240519T02:00:00,20240519T03:00:00,3600,HLS_20240519_lev1_V111.zip,AL1_SLX_L1_20240519_v1.0.zip,0.6916011571884155,0.39551082253456116,9.017545700073242,C2.4,0
350,20240519,2,20240519T04:00:00,20240519T05:00:00,3600,HLS_20240519_lev1_V111.zip,AL1_SLX_L1_20240519_v1.0.zip,7.4299235343933105,0.5952908396720886,70.01738739013672,M4.8,1
351,20240519,3,20240519T06:00:00,20240519T07:00:00,3600,HLS_20240519_lev1_V111.zip,AL1_SLX_L1_20240519_v1.0.zip,7.420170783996582,0.6046234965324402,63.188751220703125,M7.8,1
352,20240519,4,20240519T08:00:00,20240519T09:00:00,3600,HLS_20240519_lev1_V111.zip,AL1_SLX_L1_20240519_v1.0.zip,0.7259042859077454,0.3988996744155884,9.908726692199707,C3.0,0
353,20240519,5,20240519T10:00:00,20240519T11:00:00,3600,HLS_20240519_lev1_V111.zip,AL1_SLX_L1_20240519_v1.0.zip,0.8184162378311157,0.3941805958747864,9.918313980102539,C2.1,0
354,20240519,6,20240519T12:00:00,20240519T13:00:00,3600,HLS_20240519_lev1_V111.zip,AL1_SLX_L1_20240519_v1.0.zip,0.7295651435852051,0.39985203742980957,9.108433723449707,C3.2,0
355,20240519,7,20240519T14:00:00,20240519T15:00:00,3600,HLS_20240519_lev1_V111.zip,AL1_SLX_L1_20240519_v1.0.zip,7.363961219787598,0.6010041236877441,59.51314163208008,M7.8,1
356,20240519,8,20240519T16:00:00,20240519T17:00:00,3600,HLS_20240519_lev1_V111.zip,AL1_SLX_L1_20240519_v1.0.zip,0.6873799562454224,0.40637463331222534,8.811373710632324,C3.8,0
357,20240519,9,20240519T18:00:00,20240519T19:00:00,3600,HLS_20240519_lev1_V111.zip,AL1_SLX_L1_20240519_v1.0.zip,0.7506581544876099,0.4025743901729584,9.140774726867676,C1.1,0
358,20240519,10,20240519T20:00:00,20240519T21:00:00,3600,HLS_20240519_lev1_V111.zip,AL1_SLX_L1_20240519_v1.0.zip,0.6842338442802429,0.39812377095222473,8.47620964050293,C1.6,0
359,20240519,11,20240519T22:00:00,20240519T23:00:00,3600,HLS_20240519_lev1_V111.zip,AL1_SLX_L1_20240519_v1.0.zip,0.7114083766937256,0.4003462493419647,8.422962188720703,C2.5,0
360,20260704,0,20260704T00:00:00,20260704T01:00:00,3600,HLS_20260704_lev1_V111.zip,AL1_SLX_L1_20260704_v1.0.zip,7.362428188323975,0.6015762090682983,59.623046875,M3.4,1
361,20260704,1,20260704T02:00:00,20260704T03:00:00,3600,HLS_20260704_lev1_V111.zip,AL1_SLX_L1_20260704_v1.0.zip,0.6994141340255737,0.40149837732315063,8.450852394104004,C1.7,0
362,20260704,2,20260704T04:00:00,20260704T05:00:00,3600,HLS_20260704_lev1_V111.zip,AL1_SLX_L1_20260704_v1.0.zip,0.7246633172035217,0.400860071182251,8.613906860351562,C2.3,0
363,20260704,3,20260704T06:00:00,20260704T07:00:00,3600,HLS_20260704_lev1_V111.zip,AL1_SLX_L1_20260704_v1.0.zip,0.68963623046875,0.39844536781311035,8.674675941467285,C3.2,0
364,20260704,4,20260704T08:00:00,20260704T09:00:00,3600,HLS_20260704_lev1_V111.zip,AL1_SLX_L1_20260704_v1.0.zip,0.6973930597305298,0.4010581076145172,8.428586959838867,C3.0,0
365,20260704,5,20260704T10:00:00,20260704T11:00:00,3600,HLS_20260704_lev1_V111.zip,AL1_SLX_L1_20260704_v1.0.zip,7.417274475097656,0.5861734747886658,60.2910270690918,M6.4,1
366,20260704,6,20260704T12:00:00,20260704T13:00:00,3600,HLS_20260704_lev1_V111.zip,AL1_SLX_L1_20260704_v1.0.zip,0.7253559827804565,0.40193337202072144,8.832308769226074,C1.0,0
367,20260704,7,20260704T14:00:00,20260704T15:00:00,3600,HLS_20260704_lev1_V111.zip,AL1_SLX_L1_20260704_v1.0.zip,0.723487913608551,0.39785730838775635,8.907696723937988,C2.2,0
368,20260704,8,20260704T16:00:00,20260704T17:00:00,3600,HLS_20260704_lev1_V111.zip,AL1_SLX_L1_20260704_v1.0.zip,0.7396767139434814,0.40889739990234375,9.513808250427246,C2.6,0
369,20260704,9,20260704T18:00:00,20260704T19:00:00,3600,HLS_20260704_lev1_V111.zip,AL1_SLX_L1_20260704_v1.0.zip,0.7240481972694397,0.4130708575248718,9.500885009765625,C4.8,0
370,20260704,10,20260704T20:00:00,20260704T21:00:00,3600,HLS_20260704_lev1_V111.zip,AL1_SLX_L1_20260704_v1.0.zip,7.406671047210693,0.5974159836769104,62.77549743652344,M3.2,1
371,20260704,11,20260704T22:00:00,20260704T23:00:00,3600,HLS_20260704_lev1_V111.zip,AL1_SLX_L1_20260704_v1.0.zip,0.6835196614265442,0.4006505310535431,8.688393592834473,C4.2,0
372,20240517,0,20240517T00:00:00,20240517T01:00:00,3600,HLS_20240517_lev1_V111.zip,AL1_SLX_L1_20240517_v1.0.zip,0.7057418823242188,0.4000226557254791,8.421441078186035,C3.6,0
373,20240517,1,20240517T02:00:00,20240517T03:00:00,3600,HLS_20240517_lev1_V111.zip,AL1_SLX_L1_20240517_v1.0.zip,0.6849351525306702,0.3957119882106781,8.83458137512207,C3.0,0
374,20240517,2,20240517T04:00:00,20240517T05:00:00,3600,HLS_20240517_lev1_V111.zip,AL1_SLX_L1_20240517_v1.0.zip,0.7175582647323608,0.39723655581474304,9.155999183654785,C2.4,0
375,20240517,3,20240517T06:00:00,20240517T07:00:00,3600,HLS_20240517_lev1_V111.zip,AL1_SLX_L1_20240517_v1.0.zip,7.37453031539917,0.6056391000747681,58.51862716674805,M3.2,1
376,20240517,4,20240517T08:00:00,20240517T09:00:00,3600,HLS_20240517_lev1_V111.zip,AL1_SLX_L1_20240517_v1.0.zip,0.7221683859825134,0.39878952503204346,8.967580795288086,C1.2,0
377,20240517,5,20240517T10:00:00,20240517T11:00:00,3600,HLS_20240517_lev1_V111.zip,AL1_SLX_L1_20240517_v1.0.zip,0.7127671837806702,0.3962852954864502,8.363059997558594,C3.2,0
378,20240517,6,20240517T12:00:00,20240517T13:00:00,3600,HLS_20240517_lev1_V111.zip,AL1_SLX_L1_20240517_v1.0.zip,0.7206454873085022,0.40734097361564636,9.438923835754395,C4.6,0
379,20240517,7,20240517T14:00:00,20240517T15:00:00,3600,HLS_20240517_lev1_V111.zip,AL1_SLX_L1_20240517_v1.0.zip,7.404002666473389,0.5989199280738831,61.69853973388672,M6.4,1
380,20240517,8,20240517T16:00:00,20240517T17:00:00,3600,HLS_20240517_lev1_V111.zip,AL1_SLX_L1_20240517_v1.0.zip,7.4270806312561035,0.6029094457626343,61.91987609863281,M8.6,1
381,20240517,9,20240517T18:00:00,20240517T19:00:00,3600,HLS_20240517_lev1_V111.zip,AL1_SLX_L1_20240517_v1.0.zip,0.6827989220619202,0.39787575602531433,8.35152530670166,C2.1,0
382,20240517,10,20240517T20:00:00,20240517T21:00:00,3600,HLS_20240517_lev1_V111.zip,AL1_SLX_L1_20240517_v1.0.zip,0.7153315544128418,0.4032597839832306,8.798227310180664,C1.4,0
383,20240517,11,20240517T22:00:00,20240517T23:00:00,3600,HLS_20240517_lev1_V111.zip,AL1_SLX_L1_20240517_v1.0.zip,0.7308824062347412,0.39992398023605347,9.172778129577637,C1.7,0
384,20240530,0,20240530T00:00:00,20240530T01:00:00,3600,HLS_20240530_lev1_V111.zip,AL1_SLX_L1_20240530_v1.0.zip,0.7227087020874023,0.40714770555496216,8.591564178466797,C2.0,0
385,20240530,1,20240530T02:00:00,20240530T03:00:00,3600,HLS_20240530_lev1_V111.zip,AL1_SLX_L1_20240530_v1.0.zip,7.387821674346924,0.599398136138916,59.904212951660156,M7.1,1
386,20240530,2,20240530T04:00:00,20240530T05:00:00,3600,HLS_20240530_lev1_V111.zip,AL1_SLX_L1_20240530_v1.0.zip,0.7323337197303772,0.3997096121311188,9.007073402404785,C1.4,0
387,20240530,3,20240530T06:00:00,20240530T07:00:00,3600,HLS_20240530_lev1_V111.zip,AL1_SLX_L1_20240530_v1.0.zip,0.7246075868606567,0.4006318747997284,9.400837898254395,C2.6,0
388,20240530,4,20240530T08:00:00,20240530T09:00:00,3600,HLS_20240530_lev1_V111.zip,AL1_SLX_L1_20240530_v1.0.zip,0.6996917128562927,0.3990755081176758,9.245857238769531,C1.5,0
389,20240530,5,20240530T10:00:00,20240530T11:00:00,3600,HLS_20240530_lev1_V111.zip,AL1_SLX_L1_20240530_v1.0.zip,0.6980234980583191,0.4083564877510071,8.223010063171387,C2.2,0
390,20240530,6,20240530T12:00:00,20240530T13:00:00,3600,HLS_20240530_lev1_V111.zip,AL1_SLX_L1_20240530_v1.0.zip,7.37898588180542,0.6043398976325989,57.445556640625,M5.5,1
391,20240530,7,20240530T14:00:00,20240530T15:00:00,3600,HLS_20240530_lev1_V111.zip,AL1_SLX_L1_20240530_v1.0.zip,0.7091349363327026,0.39507806301116943,8.982255935668945,C4.2,0
392,20240530,8,20240530T16:00:00,20240530T17:00:00,3600,HLS_20240530_lev1_V111.zip,AL1_SLX_L1_20240530_v1.0.zip,0.7289007902145386,0.40256187319755554,8.867609024047852,C2.6,0
393,20240530,9,20240530T18:00:00,20240530T19:00:00,3600,HLS_20240530_lev1_V111.zip,AL1_SLX_L1_20240530_v1.0.zip,0.715910792350769,0.3951370120048523,8.689460754394531,C2.5,0
394,20240530,10,20240530T20:00:00,20240530T21:00:00,3600,HLS_20240530_lev1_V111.zip,AL1_SLX_L1_20240530_v1.0.zip,0.7035683989524841,0.4006166458129883,8.742520332336426,C1.3,0
395,20240530,11,20240530T22:00:00,20240530T23:00:00,3600,HLS_20240530_lev1_V111.zip,AL1_SLX_L1_20240530_v1.0.zip,7.383663177490234,0.600912868976593,58.703269958496094,M1.7,1
396,20240521,0,20240521T00:00:00,20240521T01:00:00,3600,HLS_20240521_lev1_V111.zip,AL1_SLX_L1_20240521_v1.0.zip,0.7146461606025696,0.4054207503795624,9.507033348083496,C4.2,0
397,20240521,1,20240521T02:00:00,20240521T03:00:00,3600,HLS_20240521_lev1_V111.zip,AL1_SLX_L1_20240521_v1.0.zip,0.6868225336074829,0.40450161695480347,8.65079402923584,C2.0,0
398,20240521,2,20240521T04:00:00,20240521T05:00:00,3600,HLS_20240521_lev1_V111.zip,AL1_SLX_L1_20240521_v1.0.zip,0.6911133527755737,0.40305936336517334,8.553985595703125,C3.6,0
399,20240521,3,20240521T06:00:00,20240521T07:00:00,3600,HLS_20240521_lev1_V111.zip,AL1_SLX_L1_20240521_v1.0.zip,7.34588098526001,0.5973122715950012,62.78207015991211,M4.2,1
400,20240521,4,20240521T08:00:00,20240521T09:00:00,3600,HLS_20240521_lev1_V111.zip,AL1_SLX_L1_20240521_v1.0.zip,7.371749401092529,0.5984829068183899,59.4459342956543,M3.7,1
401,20240521,5,20240521T10:00:00,20240521T11:00:00,3600,HLS_20240521_lev1_V111.zip,AL1_SLX_L1_20240521_v1.0.zip,0.7187265157699585,0.40045273303985596,8.883694648742676,C1.6,0
402,20240521,6,20240521T12:00:00,20240521T13:00:00,3600,HLS_20240521_lev1_V111.zip,AL1_SLX_L1_20240521_v1.0.zip,0.7707418203353882,0.3987538814544678,9.484020233154297,C4.3,0
403,20240521,7,20240521T14:00:00,20240521T15:00:00,3600,HLS_20240521_lev1_V111.zip,AL1_SLX_L1_20240521_v1.0.zip,7.416553497314453,0.5976753234863281,60.04460906982422,M6.5,1
404,20240521,8,20240521T16:00:00,20240521T17:00:00,3600,HLS_20240521_lev1_V111.zip,AL1_SLX_L1_20240521_v1.0.zip,0.7070052623748779,0.3961268663406372,8.635765075683594,C3.5,0
405,20240521,9,20240521T18:00:00,20240521T19:00:00,3600,HLS_20240521_lev1_V111.zip,AL1_SLX_L1_20240521_v1.0.zip,7.359058380126953,0.5955610871315002,57.64472579956055,M6.3,1
406,20240521,10,20240521T20:00:00,20240521T21:00:00,3600,HLS_20240521_lev1_V111.zip,AL1_SLX_L1_20240521_v1.0.zip,0.7283022999763489,0.4043290317058563,8.993637084960938,C2.6,0
407,20240521,11,20240521T22:00:00,20240521T23:00:00,3600,HLS_20240521_lev1_V111.zip,AL1_SLX_L1_20240521_v1.0.zip,0.7016512751579285,0.3990354835987091,8.837456703186035,C1.2,0
408,20260530,0,20260530T00:00:00,20260530T01:00:00,3600,HLS_20260530_lev1_V111.zip,AL1_SLX_L1_20260530_v1.0.zip,0.7419582605361938,0.4059965908527374,9.07453441619873,C3.2,0
409,20260530,1,20260530T02:00:00,20260530T03:00:00,3600,HLS_20260530_lev1_V111.zip,AL1_SLX_L1_20260530_v1.0.zip,0.6850470900535583,0.3954266309738159,8.891301155090332,C4.6,0
410,20260530,2,20260530T04:00:00,20260530T05:00:00,3600,HLS_20260530_lev1_V111.zip,AL1_SLX_L1_20260530_v1.0.zip,7.354837417602539,0.6005069613456726,60.41787338256836,M1.7,1
411,20260530,3,20260530T06:00:00,20260530T07:00:00,3600,HLS_20260530_lev1_V111.zip,AL1_SLX_L1_20260530_v1.0.zip,0.7072376608848572,0.4014902412891388,8.443471908569336,C2.0,0
412,20260530,4,20260530T08:00:00,20260530T09:00:00,3600,HLS_20260530_lev1_V111.zip,AL1_SLX_L1_20260530_v1.0.zip,0.7583213448524475,0.3951493203639984,9.07347583770752,C3.6,0
413,20260530,5,20260530T10:00:00,20260530T11:00:00,3600,HLS_20260530_lev1_V111.zip,AL1_SLX_L1_20260530_v1.0.zip,0.7400282621383667,0.3987613916397095,8.873271942138672,C4.2,0
414,20260530,6,20260530T12:00:00,20260530T13:00:00,3600,HLS_20260530_lev1_V111.zip,AL1_SLX_L1_20260530_v1.0.zip,0.7362890243530273,0.3964370787143707,9.210680961608887,C1.3,0
415,20260530,7,20260530T14:00:00,20260530T15:00:00,3600,HLS_20260530_lev1_V111.zip,AL1_SLX_L1_20260530_v1.0.zip,7.419630527496338,0.6028167009353638,62.29227828979492,M7.0,1
416,20260530,8,20260530T16:00:00,20260530T17:00:00,3600,HLS_20260530_lev1_V111.zip,AL1_SLX_L1_20260530_v1.0.zip,0.6983594298362732,0.39642998576164246,8.663314819335938,C1.4,0
417,20260530,9,20260530T18:00:00,20260530T19:00:00,3600,HLS_20260530_lev1_V111.zip,AL1_SLX_L1_20260530_v1.0.zip,0.6994044184684753,0.4035176932811737,8.270439147949219,C4.7,0
418,20260530,10,20260530T20:00:00,20260530T21:00:00,3600,HLS_20260530_lev1_V111.zip,AL1_SLX_L1_20260530_v1.0.zip,0.696336030960083,0.4009389579296112,8.78044319152832,C4.5,0
419,20260530,11,20260530T22:00:00,20260530T23:00:00,3600,HLS_20260530_lev1_V111.zip,AL1_SLX_L1_20260530_v1.0.zip,0.7038270831108093,0.3975139856338501,8.751506805419922,C1.1,0
420,20260516,0,20260516T00:00:00,20260516T01:00:00,3600,HLS_20260516_lev1_V111.zip,AL1_SLX_L1_20260516_v1.0.zip,7.36508321762085,0.6000404357910156,64.622802734375,M8.4,1
421,20260516,1,20260516T02:00:00,20260516T03:00:00,3600,HLS_20260516_lev1_V111.zip,AL1_SLX_L1_20260516_v1.0.zip,0.7465872764587402,0.39823928475379944,9.671222686767578,C2.2,0
422,20260516,2,20260516T04:00:00,20260516T05:00:00,3600,HLS_20260516_lev1_V111.zip,AL1_SLX_L1_20260516_v1.0.zip,0.6976713538169861,0.40513893961906433,8.638206481933594,C1.6,0
423,20260516,3,20260516T06:00:00,20260516T07:00:00,3600,HLS_20260516_lev1_V111.zip,AL1_SLX_L1_20260516_v1.0.zip,0.7062356472015381,0.397246778011322,8.53876781463623,C4.0,0
424,20260516,4,20260516T08:00:00,20260516T09:00:00,3600,HLS_20260516_lev1_V111.zip,AL1_SLX_L1_20260516_v1.0.zip,0.7294653058052063,0.4022376239299774,8.955119132995605,C4.3,0
425,20260516,5,20260516T10:00:00,20260516T11:00:00,3600,HLS_20260516_lev1_V111.zip,AL1_SLX_L1_20260516_v1.0.zip,7.314517974853516,0.5933956503868103,63.88530349731445,M7.5,1
426,20260516,6,20260516T12:00:00,20260516T13:00:00,3600,HLS_20260516_lev1_V111.zip,AL1_SLX_L1_20260516_v1.0.zip,0.7200295329093933,0.39750874042510986,9.205830574035645,C3.7,0
427,20260516,7,20260516T14:00:00,20260516T15:00:00,3600,HLS_20260516_lev1_V111.zip,AL1_SLX_L1_20260516_v1.0.zip,0.7260540127754211,0.40388908982276917,8.789230346679688,C3.4,0
428,20260516,8,20260516T16:00:00,20260516T17:00:00,3600,HLS_20260516_lev1_V111.zip,AL1_SLX_L1_20260516_v1.0.zip,0.7258715033531189,0.39568835496902466,9.2410888671875,C4.3,0
429,20260516,9,20260516T18:00:00,20260516T19:00:00,3600,HLS_20260516_lev1_V111.zip,AL1_SLX_L1_20260516_v1.0.zip,0.7545420527458191,0.4070756137371063,9.524024963378906,C1.0,0
430,20260516,10,20260516T20:00:00,20260516T21:00:00,3600,HLS_20260516_lev1_V111.zip,AL1_SLX_L1_20260516_v1.0.zip,7.456333637237549,0.6113422513008118,62.721309661865234,M1.0,1
431,20260516,11,20260516T22:00:00,20260516T23:00:00,3600,HLS_20260516_lev1_V111.zip,AL1_SLX_L1_20260516_v1.0.zip,0.6947702765464783,0.4113077223300934,8.883631706237793,C3.8,0
432,20240524,0,20240524T00:00:00,20240524T01:00:00,3600,HLS_20240524_lev1_V111.zip,AL1_SLX_L1_20240524_v1.0.zip,0.6931650638580322,0.3962036073207855,8.74235725402832,C4.3,0
433,20240524,1,20240524T02:00:00,20240524T03:00:00,3600,HLS_20240524_lev1_V111.zip,AL1_SLX_L1_20240524_v1.0.zip,0.75303053855896,0.4012318551540375,9.426830291748047,C1.4,0
434,20240524,2,20240524T04:00:00,20240524T05:00:00,3600,HLS_20240524_lev1_V111.zip,AL1_SLX_L1_20240524_v1.0.zip,0.7070045471191406,0.4008488357067108,8.547760963439941,C2.0,0
435,20240524,3,20240524T06:00:00,20240524T07:00:00,3600,HLS_20240524_lev1_V111.zip,AL1_SLX_L1_20240524_v1.0.zip,7.3568549156188965,0.5979365706443787,65.21153259277344,M5.7,1
436,20240524,4,20240524T08:00:00,20240524T09:00:00,3600,HLS_20240524_lev1_V111.zip,AL1_SLX_L1_20240524_v1.0.zip,0.7119150161743164,0.40299877524375916,9.12519359588623,C4.3,0
437,20240524,5,20240524T10:00:00,20240524T11:00:00,3600,HLS_20240524_lev1_V111.zip,AL1_SLX_L1_20240524_v1.0.zip,0.7813023328781128,0.40062928199768066,10.152466773986816,C3.4,0
438,20240524,6,20240524T12:00:00,20240524T13:00:00,3600,HLS_20240524_lev1_V111.zip,AL1_SLX_L1_20240524_v1.0.zip,0.7848542928695679,0.4025925397872925,10.010880470275879,C1.2,0
439,20240524,7,20240524T14:00:00,20240524T15:00:00,3600,HLS_20240524_lev1_V111.zip,AL1_SLX_L1_20240524_v1.0.zip,0.7196646332740784,0.3976013958454132,9.175637245178223,C1.1,0
440,20240524,8,20240524T16:00:00,20240524T17:00:00,3600,HLS_20240524_lev1_V111.zip,AL1_SLX_L1_20240524_v1.0.zip,7.433326721191406,0.598660945892334,59.17562484741211,M4.1,1
441,20240524,9,20240524T18:00:00,20240524T19:00:00,3600,HLS_20240524_lev1_V111.zip,AL1_SLX_L1_20240524_v1.0.zip,0.71101313829422,0.3957313597202301,9.438056945800781,C2.4,0
442,20240524,10,20240524T20:00:00,20240524T21:00:00,3600,HLS_20240524_lev1_V111.zip,AL1_SLX_L1_20240524_v1.0.zip,0.7188524603843689,0.4010893702507019,8.866166114807129,C1.1,0
443,20240524,11,20240524T22:00:00,20240524T23:00:00,3600,HLS_20240524_lev1_V111.zip,AL1_SLX_L1_20240524_v1.0.zip,0.718870997428894,0.39848262071609497,8.8086576461792,C2.0,0
444,20240526,0,20240526T00:00:00,20240526T01:00:00,3600,HLS_20240526_lev1_V111.zip,AL1_SLX_L1_20240526_v1.0.zip,0.7239832878112793,0.4037511944770813,9.222565650939941,C3.1,0
445,20240526,1,20240526T02:00:00,20240526T03:00:00,3600,HLS_20240526_lev1_V111.zip,AL1_SLX_L1_20240526_v1.0.zip,7.493844985961914,0.6014264822006226,64.15034484863281,M2.8,1
446,20240526,2,20240526T04:00:00,20240526T05:00:00,3600,HLS_20240526_lev1_V111.zip,AL1_SLX_L1_20240526_v1.0.zip,0.7447457909584045,0.4012987017631531,8.778497695922852,C1.3,0
447,20240526,3,20240526T06:00:00,20240526T07:00:00,3600,HLS_20240526_lev1_V111.zip,AL1_SLX_L1_20240526_v1.0.zip,0.7144489288330078,0.39054542779922485,9.1101713180542,C4.0,0
448,20240526,4,20240526T08:00:00,20240526T09:00:00,3600,HLS_20240526_lev1_V111.zip,AL1_SLX_L1_20240526_v1.0.zip,0.6998883485794067,0.4014863669872284,8.730173110961914,C1.7,0
449,20240526,5,20240526T10:00:00,20240526T11:00:00,3600,HLS_20240526_lev1_V111.zip,AL1_SLX_L1_20240526_v1.0.zip,0.6911051273345947,0.4024866819381714,8.612059593200684,C4.2,0
450,20240526,6,20240526T12:00:00,20240526T13:00:00,3600,HLS_20240526_lev1_V111.zip,AL1_SLX_L1_20240526_v1.0.zip,7.394602298736572,0.6024560332298279,60.39716720581055,M5.2,1
451,20240526,7,20240526T14:00:00,20240526T15:00:00,3600,HLS_20240526_lev1_V111.zip,AL1_SLX_L1_20240526_v1.0.zip,0.6979072690010071,0.3971498906612396,9.23408031463623,C1.4,0
452,20240526,8,20240526T16:00:00,20240526T17:00:00,3600,HLS_20240526_lev1_V111.zip,AL1_SLX_L1_20240526_v1.0.zip,0.7319524884223938,0.3970777988433838,9.301387786865234,C4.6,0
453,20240526,9,20240526T18:00:00,20240526T19:00:00,3600,HLS_20240526_lev1_V111.zip,AL1_SLX_L1_20240526_v1.0.zip,0.7250206470489502,0.4000178873538971,9.371209144592285,C3.2,0
454,20240526,10,20240526T20:00:00,20240526T21:00:00,3600,HLS_20240526_lev1_V111.zip,AL1_SLX_L1_20240526_v1.0.zip,0.7164561152458191,0.4017139673233032,9.077380180358887,C4.7,0
455,20240526,11,20240526T22:00:00,20240526T23:00:00,3600,HLS_20240526_lev1_V111.zip,AL1_SLX_L1_20240526_v1.0.zip,7.366063117980957,0.5960510969161987,60.97480010986328,M3.8,1
456,20240514,0,20240514T00:00:00,20240514T01:00:00,3600,HLS_20240514_lev1_V111.zip,AL1_SLX_L1_20240514_v1.0.zip,0.6947932839393616,0.4018315076828003,9.062111854553223,C3.2,0
457,20240514,1,20240514T02:00:00,20240514T03:00:00,3600,HLS_20240514_lev1_V111.zip,AL1_SLX_L1_20240514_v1.0.zip,0.6794571876525879,0.3948806822299957,8.653657913208008,C4.3,0
458,20240514,2,20240514T04:00:00,20240514T05:00:00,3600,HLS_20240514_lev1_V111.zip,AL1_SLX_L1_20240514_v1.0.zip,0.6854645013809204,0.39595288038253784,8.729464530944824,C1.1,0
459,20240514,3,20240514T06:00:00,20240514T07:00:00,3600,HLS_20240514_lev1_V111.zip,AL1_SLX_L1_20240514_v1.0.zip,0.7501540184020996,0.398520290851593,9.631436347961426,C1.4,0
460,20240514,4,20240514T08:00:00,20240514T09:00:00,3600,HLS_20240514_lev1_V111.zip,AL1_SLX_L1_20240514_v1.0.zip,7.392136096954346,0.6025742888450623,64.32910919189453,M7.4,1
461,20240514,5,20240514T10:00:00,20240514T11:00:00,3600,HLS_20240514_lev1_V111.zip,AL1_SLX_L1_20240514_v1.0.zip,0.7525037527084351,0.4027073383331299,9.647050857543945,C1.1,0
462,20240514,6,20240514T12:00:00,20240514T13:00:00,3600,HLS_20240514_lev1_V111.zip,AL1_SLX_L1_20240514_v1.0.zip,0.7411872148513794,0.3999006152153015,9.207680702209473,C4.2,0
463,20240514,7,20240514T14:00:00,20240514T15:00:00,3600,HLS_20240514_lev1_V111.zip,AL1_SLX_L1_20240514_v1.0.zip,0.6974284648895264,0.3991050720214844,8.308869361877441,C1.3,0
464,20240514,8,20240514T16:00:00,20240514T17:00:00,3600,HLS_20240514_lev1_V111.zip,AL1_SLX_L1_20240514_v1.0.zip,0.7048544883728027,0.3978865146636963,8.662717819213867,C4.5,0
465,20240514,9,20240514T18:00:00,20240514T19:00:00,3600,HLS_20240514_lev1_V111.zip,AL1_SLX_L1_20240514_v1.0.zip,7.300390243530273,0.6061541438102722,66.48616790771484,M2.1,1
466,20240514,10,20240514T20:00:00,20240514T21:00:00,3600,HLS_20240514_lev1_V111.zip,AL1_SLX_L1_20240514_v1.0.zip,0.7252792119979858,0.40101897716522217,9.056270599365234,C2.3,0
467,20240514,11,20240514T22:00:00,20240514T23:00:00,3600,HLS_20240514_lev1_V111.zip,AL1_SLX_L1_20240514_v1.0.zip,0.7499330043792725,0.39891067147254944,9.57354736328125,C3.7,0
468,20260520,0,20260520T00:00:00,20260520T01:00:00,3600,HLS_20260520_lev1_V111.zip,AL1_SLX_L1_20260520_v1.0.zip,0.7041712999343872,0.39210137724876404,8.442737579345703,C3.2,0
469,20260520,1,20260520T02:00:00,20260520T03:00:00,3600,HLS_20260520_lev1_V111.zip,AL1_SLX_L1_20260520_v1.0.zip,0.6847161650657654,0.40072745084762573,8.187397003173828,C2.8,0
470,20260520,2,20260520T04:00:00,20260520T05:00:00,3600,HLS_20260520_lev1_V111.zip,AL1_SLX_L1_20260520_v1.0.zip,7.395516395568848,0.5971788167953491,62.17523956298828,M2.5,1
471,20260520,3,20260520T06:00:00,20260520T07:00:00,3600,HLS_20260520_lev1_V111.zip,AL1_SLX_L1_20260520_v1.0.zip,0.6918019652366638,0.3922305703163147,8.19961166381836,C2.4,0
472,20260520,4,20260520T08:00:00,20260520T09:00:00,3600,HLS_20260520_lev1_V111.zip,AL1_SLX_L1_20260520_v1.0.zip,0.7170919179916382,0.39762356877326965,8.90296745300293,C2.2,0
473,20260520,5,20260520T10:00:00,20260520T11:00:00,3600,HLS_20260520_lev1_V111.zip,AL1_SLX_L1_20260520_v1.0.zip,0.7035689949989319,0.39999592304229736,8.991164207458496,C1.0,0
474,20260520,6,20260520T12:00:00,20260520T13:00:00,3600,HLS_20260520_lev1_V111.zip,AL1_SLX_L1_20260520_v1.0.zip,0.7034348845481873,0.3973311483860016,8.711385726928711,C4.1,0
475,20260520,7,20260520T14:00:00,20260520T15:00:00,3600,HLS_20260520_lev1_V111.zip,AL1_SLX_L1_20260520_v1.0.zip,7.3996148109436035,0.5886560082435608,61.75828170776367,M7.7,1
476,20260520,8,20260520T16:00:00,20260520T17:00:00,3600,HLS_20260520_lev1_V111.zip,AL1_SLX_L1_20260520_v1.0.zip,0.7207724452018738,0.399105429649353,9.261795997619629,C3.8,0
477,20260520,9,20260520T18:00:00,20260520T19:00:00,3600,HLS_20260520_lev1_V111.zip,AL1_SLX_L1_20260520_v1.0.zip,0.6911643147468567,0.40210646390914917,8.681578636169434,C4.7,0
478,20260520,10,20260520T20:00:00,20260520T21:00:00,3600,HLS_20260520_lev1_V111.zip,AL1_SLX_L1_20260520_v1.0.zip,0.7060365676879883,0.4077341556549072,8.976500511169434,C3.4,0
479,20260520,11,20260520T22:00:00,20260520T23:00:00,3600,HLS_20260520_lev1_V111.zip,AL1_SLX_L1_20260520_v1.0.zip,0.7033897638320923,0.3994337320327759,9.142631530761719,C3.4,0
480,20260602,0,20260602T00:00:00,20260602T01:00:00,3600,HLS_20260602_lev1_V111.zip,AL1_SLX_L1_20260602_v1.0.zip,7.446340560913086,0.5981289148330688,64.04816436767578,M1.3,1
481,20260602,1,20260602T02:00:00,20260602T03:00:00,3600,HLS_20260602_lev1_V111.zip,AL1_SLX_L1_20260602_v1.0.zip,0.7945663928985596,0.4053828716278076,9.571049690246582,C3.3,0
482,20260602,2,20260602T04:00:00,20260602T05:00:00,3600,HLS_20260602_lev1_V111.zip,AL1_SLX_L1_20260602_v1.0.zip,0.6806977987289429,0.4126988351345062,8.571054458618164,C2.0,0
483,20260602,3,20260602T06:00:00,20260602T07:00:00,3600,HLS_20260602_lev1_V111.zip,AL1_SLX_L1_20260602_v1.0.zip,0.7165284752845764,0.40069884061813354,9.338406562805176,C1.4,0
484,20260602,4,20260602T08:00:00,20260602T09:00:00,3600,HLS_20260602_lev1_V111.zip,AL1_SLX_L1_20260602_v1.0.zip,0.7649595141410828,0.4067034125328064,9.383036613464355,C1.0,0
485,20260602,5,20260602T10:00:00,20260602T11:00:00,3600,HLS_20260602_lev1_V111.zip,AL1_SLX_L1_20260602_v1.0.zip,7.345907211303711,0.6040740013122559,63.12784194946289,M4.3,1
486,20260602,6,20260602T12:00:00,20260602T13:00:00,3600,HLS_20260602_lev1_V111.zip,AL1_SLX_L1_20260602_v1.0.zip,0.7132749557495117,0.4024029076099396,9.053400039672852,C1.3,0
487,20260602,7,20260602T14:00:00,20260602T15:00:00,3600,HLS_20260602_lev1_V111.zip,AL1_SLX_L1_20260602_v1.0.zip,0.6742138266563416,0.4001217782497406,8.42899227142334,C3.6,0
488,20260602,8,20260602T16:00:00,20260602T17:00:00,3600,HLS_20260602_lev1_V111.zip,AL1_SLX_L1_20260602_v1.0.zip,0.7725616097450256,0.404491126537323,10.144096374511719,C2.7,0
489,20260602,9,20260602T18:00:00,20260602T19:00:00,3600,HLS_20260602_lev1_V111.zip,AL1_SLX_L1_20260602_v1.0.zip,0.6909211874008179,0.40095192193984985,8.63258171081543,C3.7,0
490,20260602,10,20260602T20:00:00,20260602T21:00:00,3600,HLS_20260602_lev1_V111.zip,AL1_SLX_L1_20260602_v1.0.zip,7.318368911743164,0.5911897420883179,60.15830993652344,M2.0,1
491,20260602,11,20260602T22:00:00,20260602T23:00:00,3600,HLS_20260602_lev1_V111.zip,AL1_SLX_L1_20260602_v1.0.zip,0.6876295804977417,0.39632290601730347,8.294775009155273,C3.0,0
492,20260524,0,20260524T00:00:00,20260524T01:00:00,3600,HLS_20260524_lev1_V111.zip,AL1_SLX_L1_20260524_v1.0.zip,0.7113901972770691,0.40054795145988464,9.261322021484375,C3.8,0
493,20260524,1,20260524T02:00:00,20260524T03:00:00,3600,HLS_20260524_lev1_V111.zip,AL1_SLX_L1_20260524_v1.0.zip,0.7114429473876953,0.3972850739955902,9.36272144317627,C2.7,0
494,20260524,2,20260524T04:00:00,20260524T05:00:00,3600,HLS_20260524_lev1_V111.zip,AL1_SLX_L1_20260524_v1.0.zip,0.7310555577278137,0.4000459313392639,9.588349342346191,C2.2,0
495,20260524,3,20260524T06:00:00,20260524T07:00:00,3600,HLS_20260524_lev1_V111.zip,AL1_SLX_L1_20260524_v1.0.zip,7.375539302825928,0.5878470540046692,61.18265914916992,M4.5,1
496,20260524,4,20260524T08:00:00,20260524T09:00:00,3600,HLS_20260524_lev1_V111.zip,AL1_SLX_L1_20260524_v1.0.zip,0.7459694743156433,0.3971090316772461,9.066347122192383,C4.1,0
497,20260524,5,20260524T10:00:00,20260524T11:00:00,3600,HLS_20260524_lev1_V111.zip,AL1_SLX_L1_20260524_v1.0.zip,0.7440724968910217,0.40223753452301025,8.817218780517578,C4.3,0
498,20260524,6,20260524T12:00:00,20260524T13:00:00,3600,HLS_20260524_lev1_V111.zip,AL1_SLX_L1_20260524_v1.0.zip,0.7296072244644165,0.402058482170105,8.783123970031738,C2.4,0
499,20260524,7,20260524T14:00:00,20260524T15:00:00,3600,HLS_20260524_lev1_V111.zip,AL1_SLX_L1_20260524_v1.0.zip,0.7024465203285217,0.4008059799671173,8.218996047973633,C2.2,0
500,20260524,8,20260524T16:00:00,20260524T17:00:00,3600,HLS_20260524_lev1_V111.zip,AL1_SLX_L1_20260524_v1.0.zip,7.352715015411377,0.595302939414978,61.574893951416016,M8.0,1
501,20260524,9,20260524T18:00:00,20260524T19:00:00,3600,HLS_20260524_lev1_V111.zip,AL1_SLX_L1_20260524_v1.0.zip,0.7305057048797607,0.3933500647544861,8.97549057006836,C3.2,0
502,20260524,10,20260524T20:00:00,20260524T21:00:00,3600,HLS_20260524_lev1_V111.zip,AL1_SLX_L1_20260524_v1.0.zip,0.7831107378005981,0.40395623445510864,9.974584579467773,C1.0,0
503,20260524,11,20260524T22:00:00,20260524T23:00:00,3600,HLS_20260524_lev1_V111.zip,AL1_SLX_L1_20260524_v1.0.zip,0.7643255591392517,0.40101081132888794,9.627968788146973,C3.2,0
504,20260616,0,20260616T00:00:00,20260616T01:00:00,3600,HLS_20260616_lev1_V111.zip,AL1_SLX_L1_20260616_v1.0.zip,0.6854963898658752,0.4014768898487091,8.529685020446777,C4.5,0
505,20260616,1,20260616T02:00:00,20260616T03:00:00,3600,HLS_20260616_lev1_V111.zip,AL1_SLX_L1_20260616_v1.0.zip,7.490910053253174,0.5930569767951965,62.63291931152344,M1.2,1
506,20260616,2,20260616T04:00:00,20260616T05:00:00,3600,HLS_20260616_lev1_V111.zip,AL1_SLX_L1_20260616_v1.0.zip,0.7189809679985046,0.40108567476272583,9.160107612609863,C1.3,0
507,20260616,3,20260616T06:00:00,20260616T07:00:00,3600,HLS_20260616_lev1_V111.zip,AL1_SLX_L1_20260616_v1.0.zip,0.7387622594833374,0.40126654505729675,10.22724437713623,C4.5,0
508,20260616,4,20260616T08:00:00,20260616T09:00:00,3600,HLS_20260616_lev1_V111.zip,AL1_SLX_L1_20260616_v1.0.zip,0.7033211588859558,0.4005577564239502,9.505026817321777,C2.8,0
509,20260616,5,20260616T10:00:00,20260616T11:00:00,3600,HLS_20260616_lev1_V111.zip,AL1_SLX_L1_20260616_v1.0.zip,0.722771167755127,0.3966880440711975,8.618521690368652,C2.2,0
510,20260616,6,20260616T12:00:00,20260616T13:00:00,3600,HLS_20260616_lev1_V111.zip,AL1_SLX_L1_20260616_v1.0.zip,7.4005327224731445,0.599587082862854,61.942787170410156,M4.7,1
511,20260616,7,20260616T14:00:00,20260616T15:00:00,3600,HLS_20260616_lev1_V111.zip,AL1_SLX_L1_20260616_v1.0.zip,0.7177658677101135,0.40636375546455383,8.92996597290039,C4.6,0
512,20260616,8,20260616T16:00:00,20260616T17:00:00,3600,HLS_20260616_lev1_V111.zip,AL1_SLX_L1_20260616_v1.0.zip,0.7075956463813782,0.40295106172561646,8.896068572998047,C4.2,0
513,20260616,9,20260616T18:00:00,20260616T19:00:00,3600,HLS_20260616_lev1_V111.zip,AL1_SLX_L1_20260616_v1.0.zip,0.7060951590538025,0.4058607518672943,8.7620849609375,C3.5,0
514,20260616,10,20260616T20:00:00,20260616T21:00:00,3600,HLS_20260616_lev1_V111.zip,AL1_SLX_L1_20260616_v1.0.zip,0.6865831017494202,0.3916037082672119,8.541028022766113,C4.2,0
515,20260616,11,20260616T22:00:00,20260616T23:00:00,3600,HLS_20260616_lev1_V111.zip,AL1_SLX_L1_20260616_v1.0.zip,7.297206878662109,0.597770094871521,60.88175582885742,M8.6,1
516,20260513,0,20260513T00:00:00,20260513T01:00:00,3600,HLS_20260513_lev1_V111.zip,AL1_SLX_L1_20260513_v1.0.zip,0.737973690032959,0.4016619026660919,10.132986068725586,C3.2,0
517,20260513,1,20260513T02:00:00,20260513T03:00:00,3600,HLS_20260513_lev1_V111.zip,AL1_SLX_L1_20260513_v1.0.zip,0.7089759707450867,0.3961770534515381,9.047059059143066,C4.8,0
518,20260513,2,20260513T04:00:00,20260513T05:00:00,3600,HLS_20260513_lev1_V111.zip,AL1_SLX_L1_20260513_v1.0.zip,0.7368199825286865,0.400129497051239,9.336613655090332,C3.5,0
519,20260513,3,20260513T06:00:00,20260513T07:00:00,3600,HLS_20260513_lev1_V111.zip,AL1_SLX_L1_20260513_v1.0.zip,7.412043571472168,0.5967692732810974,63.52960968017578,M6.1,1
520,20260513,4,20260513T08:00:00,20260513T09:00:00,3600,HLS_20260513_lev1_V111.zip,AL1_SLX_L1_20260513_v1.0.zip,7.319257736206055,0.6080235838890076,60.09901428222656,M8.2,1
521,20260513,5,20260513T10:00:00,20260513T11:00:00,3600,HLS_20260513_lev1_V111.zip,AL1_SLX_L1_20260513_v1.0.zip,0.7001345753669739,0.4058692157268524,8.030662536621094,C4.6,0
522,20260513,6,20260513T12:00:00,20260513T13:00:00,3600,HLS_20260513_lev1_V111.zip,AL1_SLX_L1_20260513_v1.0.zip,0.6953341960906982,0.4040878713130951,8.686729431152344,C3.0,0
523,20260513,7,20260513T14:00:00,20260513T15:00:00,3600,HLS_20260513_lev1_V111.zip,AL1_SLX_L1_20260513_v1.0.zip,7.481347560882568,0.5978596806526184,62.405059814453125,M6.8,1
524,20260513,8,20260513T16:00:00,20260513T17:00:00,3600,HLS_20260513_lev1_V111.zip,AL1_SLX_L1_20260513_v1.0.zip,0.7240582704544067,0.399883508682251,9.249464988708496,C3.7,0
525,20260513,9,20260513T18:00:00,20260513T19:00:00,3600,HLS_20260513_lev1_V111.zip,AL1_SLX_L1_20260513_v1.0.zip,7.335892200469971,0.6074877977371216,62.20526885986328,M5.5,1
526,20260513,10,20260513T20:00:00,20260513T21:00:00,3600,HLS_20260513_lev1_V111.zip,AL1_SLX_L1_20260513_v1.0.zip,0.708387017250061,0.399129718542099,8.649534225463867,C2.0,0
527,20260513,11,20260513T22:00:00,20260513T23:00:00,3600,HLS_20260513_lev1_V111.zip,AL1_SLX_L1_20260513_v1.0.zip,0.6996975541114807,0.4014453589916229,8.919079780578613,C4.8,0
528,20260523,0,20260523T00:00:00,20260523T01:00:00,3600,HLS_20260523_lev1_V111.zip,AL1_SLX_L1_20260523_v1.0.zip,0.7466889023780823,0.3922487199306488,8.68941593170166,C3.6,0
529,20260523,1,20260523T02:00:00,20260523T03:00:00,3600,HLS_20260523_lev1_V111.zip,AL1_SLX_L1_20260523_v1.0.zip,0.7074903249740601,0.40062567591667175,8.665576934814453,C2.0,0
530,20260523,2,20260523T04:00:00,20260523T05:00:00,3600,HLS_20260523_lev1_V111.zip,AL1_SLX_L1_20260523_v1.0.zip,7.357242107391357,0.5975639224052429,60.05693054199219,M8.1,1
531,20260523,3,20260523T06:00:00,20260523T07:00:00,3600,HLS_20260523_lev1_V111.zip,AL1_SLX_L1_20260523_v1.0.zip,7.386862754821777,0.6056088805198669,61.4164924621582,M4.5,1
532,20260523,4,20260523T08:00:00,20260523T09:00:00,3600,HLS_20260523_lev1_V111.zip,AL1_SLX_L1_20260523_v1.0.zip,0.7101390361785889,0.40505439043045044,8.811413764953613,C1.7,0
533,20260523,5,20260523T10:00:00,20260523T11:00:00,3600,HLS_20260523_lev1_V111.zip,AL1_SLX_L1_20260523_v1.0.zip,0.6752535700798035,0.4090672433376312,7.843214988708496,C1.3,0
534,20260523,6,20260523T12:00:00,20260523T13:00:00,3600,HLS_20260523_lev1_V111.zip,AL1_SLX_L1_20260523_v1.0.zip,0.7388186454772949,0.3994048833847046,9.132378578186035,C2.5,0
535,20260523,7,20260523T14:00:00,20260523T15:00:00,3600,HLS_20260523_lev1_V111.zip,AL1_SLX_L1_20260523_v1.0.zip,7.4047322273254395,0.6063635945320129,65.18511962890625,M7.5,1
536,20260523,8,20260523T16:00:00,20260523T17:00:00,3600,HLS_20260523_lev1_V111.zip,AL1_SLX_L1_20260523_v1.0.zip,0.7068201303482056,0.4009262025356293,9.299193382263184,C2.3,0
537,20260523,9,20260523T18:00:00,20260523T19:00:00,3600,HLS_20260523_lev1_V111.zip,AL1_SLX_L1_20260523_v1.0.zip,0.7008191347122192,0.3948773145675659,9.119102478027344,C2.1,0
538,20260523,10,20260523T20:00:00,20260523T21:00:00,3600,HLS_20260523_lev1_V111.zip,AL1_SLX_L1_20260523_v1.0.zip,0.693323016166687,0.4021603465080261,9.32487964630127,C4.5,0
539,20260523,11,20260523T22:00:00,20260523T23:00:00,3600,HLS_20260523_lev1_V111.zip,AL1_SLX_L1_20260523_v1.0.zip,0.7143488526344299,0.4003109633922577,9.1758394241333,C4.1,0
540,20260624,0,20260624T00:00:00,20260624T01:00:00,3600,HLS_20260624_lev1_V111.zip,AL1_SLX_L1_20260624_v1.0.zip,7.476945400238037,0.6013147830963135,63.9156379699707,M7.4,1
541,20260624,1,20260624T02:00:00,20260624T03:00:00,3600,HLS_20260624_lev1_V111.zip,AL1_SLX_L1_20260624_v1.0.zip,0.753564715385437,0.39158380031585693,9.265645027160645,C3.7,0
542,20260624,2,20260624T04:00:00,20260624T05:00:00,3600,HLS_20260624_lev1_V111.zip,AL1_SLX_L1_20260624_v1.0.zip,0.7064540982246399,0.4025014638900757,8.68907642364502,C3.6,0
543,20260624,3,20260624T06:00:00,20260624T07:00:00,3600,HLS_20260624_lev1_V111.zip,AL1_SLX_L1_20260624_v1.0.zip,0.6986876726150513,0.39416640996932983,9.006217002868652,C2.2,0
544,20260624,4,20260624T08:00:00,20260624T09:00:00,3600,HLS_20260624_lev1_V111.zip,AL1_SLX_L1_20260624_v1.0.zip,0.7032240033149719,0.39799782633781433,8.937613487243652,C1.4,0
545,20260624,5,20260624T10:00:00,20260624T11:00:00,3600,HLS_20260624_lev1_V111.zip,AL1_SLX_L1_20260624_v1.0.zip,7.436460494995117,0.59517502784729,61.19356155395508,M1.4,1
546,20260624,6,20260624T12:00:00,20260624T13:00:00,3600,HLS_20260624_lev1_V111.zip,AL1_SLX_L1_20260624_v1.0.zip,0.6899710893630981,0.4008013904094696,9.37997055053711,C3.6,0
547,20260624,7,20260624T14:00:00,20260624T15:00:00,3600,HLS_20260624_lev1_V111.zip,AL1_SLX_L1_20260624_v1.0.zip,0.7044113874435425,0.4013916850090027,8.741209983825684,C4.3,0
548,20260624,8,20260624T16:00:00,20260624T17:00:00,3600,HLS_20260624_lev1_V111.zip,AL1_SLX_L1_20260624_v1.0.zip,0.7089011669158936,0.39895859360694885,8.938075065612793,C4.8,0
549,20260624,9,20260624T18:00:00,20260624T19:00:00,3600,HLS_20260624_lev1_V111.zip,AL1_SLX_L1_20260624_v1.0.zip,0.7155049443244934,0.39921805262565613,8.614900588989258,C3.6,0
550,20260624,10,20260624T20:00:00,20260624T21:00:00,3600,HLS_20260624_lev1_V111.zip,AL1_SLX_L1_20260624_v1.0.zip,7.395271301269531,0.5915875434875488,58.42731857299805,M5.0,1
551,20260624,11,20260624T22:00:00,20260624T23:00:00,3600,HLS_20260624_lev1_V111.zip,AL1_SLX_L1_20260624_v1.0.zip,0.7001333832740784,0.40500473976135254,9.210257530212402,C2.0,0
552,20260625,0,20260625T00:00:00,20260625T01:00:00,3600,HLS_20260625_lev1_V111.zip,AL1_SLX_L1_20260625_v1.0.zip,0.7059023380279541,0.40008002519607544,8.621845245361328,C3.3,0
553,20260625,1,20260625T02:00:00,20260625T03:00:00,3600,HLS_20260625_lev1_V111.zip,AL1_SLX_L1_20260625_v1.0.zip,0.7186656594276428,0.3976668417453766,8.91065502166748,C4.3,0
554,20260625,2,20260625T04:00:00,20260625T05:00:00,3600,HLS_20260625_lev1_V111.zip,AL1_SLX_L1_20260625_v1.0.zip,0.7095610499382019,0.4012662172317505,8.239768028259277,C2.6,0
555,20260625,3,20260625T06:00:00,20260625T07:00:00,3600,HLS_20260625_lev1_V111.zip,AL1_SLX_L1_20260625_v1.0.zip,7.408456802368164,0.6025733351707458,58.508384704589844,M2.4,1
556,20260625,4,20260625T08:00:00,20260625T09:00:00,3600,HLS_20260625_lev1_V111.zip,AL1_SLX_L1_20260625_v1.0.zip,0.7549973726272583,0.3994237184524536,9.527384757995605,C4.4,0
557,20260625,5,20260625T10:00:00,20260625T11:00:00,3600,HLS_20260625_lev1_V111.zip,AL1_SLX_L1_20260625_v1.0.zip,0.8107187747955322,0.39940470457077026,10.469175338745117,C1.6,0
558,20260625,6,20260625T12:00:00,20260625T13:00:00,3600,HLS_20260625_lev1_V111.zip,AL1_SLX_L1_20260625_v1.0.zip,0.7116988301277161,0.3954882025718689,9.483610153198242,C4.2,0
559,20260625,7,20260625T14:00:00,20260625T15:00:00,3600,HLS_20260625_lev1_V111.zip,AL1_SLX_L1_20260625_v1.0.zip,7.410261154174805,0.6018021106719971,63.725711822509766,M5.3,1
560,20260625,8,20260625T16:00:00,20260625T17:00:00,3600,HLS_20260625_lev1_V111.zip,AL1_SLX_L1_20260625_v1.0.zip,7.431369781494141,0.5955227017402649,59.296661376953125,M3.0,1
561,20260625,9,20260625T18:00:00,20260625T19:00:00,3600,HLS_20260625_lev1_V111.zip,AL1_SLX_L1_20260625_v1.0.zip,0.7062426805496216,0.39836180210113525,8.494065284729004,C2.3,0
562,20260625,10,20260625T20:00:00,20260625T21:00:00,3600,HLS_20260625_lev1_V111.zip,AL1_SLX_L1_20260625_v1.0.zip,0.7277464866638184,0.3991228938102722,9.20399284362793,C2.0,0
563,20260625,11,20260625T22:00:00,20260625T23:00:00,3600,HLS_20260625_lev1_V111.zip,AL1_SLX_L1_20260625_v1.0.zip,0.6910207271575928,0.4050690829753876,8.318424224853516,C3.5,0
564,20260507,0,20260507T00:00:00,20260507T01:00:00,3600,HLS_20260507_lev1_V111.zip,AL1_SLX_L1_20260507_v1.0.zip,0.750705361366272,0.39300301671028137,9.678692817687988,C2.1,0
565,20260507,1,20260507T02:00:00,20260507T03:00:00,3600,HLS_20260507_lev1_V111.zip,AL1_SLX_L1_20260507_v1.0.zip,7.3528337478637695,0.5975601077079773,60.45627975463867,M6.5,1
566,20260507,2,20260507T04:00:00,20260507T05:00:00,3600,HLS_20260507_lev1_V111.zip,AL1_SLX_L1_20260507_v1.0.zip,0.7345377206802368,0.3950175940990448,9.05398178100586,C3.8,0
567,20260507,3,20260507T06:00:00,20260507T07:00:00,3600,HLS_20260507_lev1_V111.zip,AL1_SLX_L1_20260507_v1.0.zip,7.367125034332275,0.5946325063705444,62.295860290527344,M4.8,1
568,20260507,4,20260507T08:00:00,20260507T09:00:00,3600,HLS_20260507_lev1_V111.zip,AL1_SLX_L1_20260507_v1.0.zip,0.6968806982040405,0.3953927755355835,9.144250869750977,C1.0,0
569,20260507,5,20260507T10:00:00,20260507T11:00:00,3600,HLS_20260507_lev1_V111.zip,AL1_SLX_L1_20260507_v1.0.zip,0.7507134675979614,0.402904212474823,9.414048194885254,C3.6,0
570,20260507,6,20260507T12:00:00,20260507T13:00:00,3600,HLS_20260507_lev1_V111.zip,AL1_SLX_L1_20260507_v1.0.zip,7.3918938636779785,0.6086682081222534,60.50443649291992,M7.5,1
571,20260507,7,20260507T14:00:00,20260507T15:00:00,3600,HLS_20260507_lev1_V111.zip,AL1_SLX_L1_20260507_v1.0.zip,7.332995414733887,0.6058801412582397,62.348690032958984,M7.0,1
572,20260507,8,20260507T16:00:00,20260507T17:00:00,3600,HLS_20260507_lev1_V111.zip,AL1_SLX_L1_20260507_v1.0.zip,0.7250358462333679,0.39936110377311707,8.793055534362793,C3.0,0
573,20260507,9,20260507T18:00:00,20260507T19:00:00,3600,HLS_20260507_lev1_V111.zip,AL1_SLX_L1_20260507_v1.0.zip,0.7102243304252625,0.3922758102416992,9.301871299743652,C3.0,0
574,20260507,10,20260507T20:00:00,20260507T21:00:00,3600,HLS_20260507_lev1_V111.zip,AL1_SLX_L1_20260507_v1.0.zip,0.7245365977287292,0.4028654992580414,8.8588228225708,C2.6,0
575,20260507,11,20260507T22:00:00,20260507T23:00:00,3600,HLS_20260507_lev1_V111.zip,AL1_SLX_L1_20260507_v1.0.zip,7.397189617156982,0.600879430770874,65.22923278808594,M5.5,1
576,20240515,0,20240515T00:00:00,20240515T01:00:00,3600,HLS_20240515_lev1_V111.zip,AL1_SLX_L1_20240515_v1.0.zip,0.6990162134170532,0.39786285161972046,8.622232437133789,C4.5,0
577,20240515,1,20240515T02:00:00,20240515T03:00:00,3600,HLS_20240515_lev1_V111.zip,AL1_SLX_L1_20240515_v1.0.zip,0.7389519810676575,0.4060806930065155,9.20036506652832,C3.3,0
578,20240515,2,20240515T04:00:00,20240515T05:00:00,3600,HLS_20240515_lev1_V111.zip,AL1_SLX_L1_20240515_v1.0.zip,0.6829375624656677,0.4016493856906891,8.610727310180664,C4.5,0
579,20240515,3,20240515T06:00:00,20240515T07:00:00,3600,HLS_20240515_lev1_V111.zip,AL1_SLX_L1_20240515_v1.0.zip,7.446723937988281,0.6053974628448486,59.2258186340332,M8.5,1
580,20240515,4,20240515T08:00:00,20240515T09:00:00,3600,HLS_20240515_lev1_V111.zip,AL1_SLX_L1_20240515_v1.0.zip,7.421815395355225,0.5928623080253601,63.19356155395508,M2.2,1
581,20240515,5,20240515T10:00:00,20240515T11:00:00,3600,HLS_20240515_lev1_V111.zip,AL1_SLX_L1_20240515_v1.0.zip,0.7281457185745239,0.39588767290115356,9.14816951751709,C2.0,0
582,20240515,6,20240515T12:00:00,20240515T13:00:00,3600,HLS_20240515_lev1_V111.zip,AL1_SLX_L1_20240515_v1.0.zip,0.6849462389945984,0.4040166437625885,8.394819259643555,C1.8,0
583,20240515,7,20240515T14:00:00,20240515T15:00:00,3600,HLS_20240515_lev1_V111.zip,AL1_SLX_L1_20240515_v1.0.zip,7.341857433319092,0.6054834127426147,58.650672912597656,M3.8,1
584,20240515,8,20240515T16:00:00,20240515T17:00:00,3600,HLS_20240515_lev1_V111.zip,AL1_SLX_L1_20240515_v1.0.zip,0.7457326054573059,0.39296412467956543,9.119929313659668,C4.4,0
585,20240515,9,20240515T18:00:00,20240515T19:00:00,3600,HLS_20240515_lev1_V111.zip,AL1_SLX_L1_20240515_v1.0.zip,7.561122417449951,0.6043124198913574,66.37389373779297,M8.1,1
586,20240515,10,20240515T20:00:00,20240515T21:00:00,3600,HLS_20240515_lev1_V111.zip,AL1_SLX_L1_20240515_v1.0.zip,0.7420891523361206,0.4004828631877899,9.417741775512695,C2.1,0
587,20240515,11,20240515T22:00:00,20240515T23:00:00,3600,HLS_20240515_lev1_V111.zip,AL1_SLX_L1_20240515_v1.0.zip,0.7652440071105957,0.4017289876937866,9.406510353088379,C4.2,0
588,20260510,0,20260510T00:00:00,20260510T01:00:00,3600,HLS_20260510_lev1_V111.zip,AL1_SLX_L1_20260510_v1.0.zip,0.7235884070396423,0.40105578303337097,8.821280479431152,C4.4,0
589,20260510,1,20260510T02:00:00,20260510T03:00:00,3600,HLS_20260510_lev1_V111.zip,AL1_SLX_L1_20260510_v1.0.zip,0.7204194664955139,0.40469127893447876,9.54251480102539,C1.2,0
590,20260510,2,20260510T04:00:00,20260510T05:00:00,3600,HLS_20260510_lev1_V111.zip,AL1_SLX_L1_20260510_v1.0.zip,7.394533634185791,0.6033560037612915,62.705848693847656,M7.8,1
591,20260510,3,20260510T06:00:00,20260510T07:00:00,3600,HLS_20260510_lev1_V111.zip,AL1_SLX_L1_20260510_v1.0.zip,0.6926742196083069,0.3959037661552429,8.450081825256348,C3.6,0
592,20260510,4,20260510T08:00:00,20260510T09:00:00,3600,HLS_20260510_lev1_V111.zip,AL1_SLX_L1_20260510_v1.0.zip,0.7469245791435242,0.39619308710098267,10.0669527053833,C3.4,0
593,20260510,5,20260510T10:00:00,20260510T11:00:00,3600,HLS_20260510_lev1_V111.zip,AL1_SLX_L1_20260510_v1.0.zip,0.679663360118866,0.3959684669971466,8.648736953735352,C4.2,0
594,20260510,6,20260510T12:00:00,20260510T13:00:00,3600,HLS_20260510_lev1_V111.zip,AL1_SLX_L1_20260510_v1.0.zip,0.7132812738418579,0.39469313621520996,9.154062271118164,C3.2,0
595,20260510,7,20260510T14:00:00,20260510T15:00:00,3600,HLS_20260510_lev1_V111.zip,AL1_SLX_L1_20260510_v1.0.zip,7.3334126472473145,0.6057789325714111,59.321571350097656,M4.2,1
596,20260510,8,20260510T16:00:00,20260510T17:00:00,3600,HLS_20260510_lev1_V111.zip,AL1_SLX_L1_20260510_v1.0.zip,0.7023487091064453,0.40147873759269714,8.42326831817627,C4.2,0
597,20260510,9,20260510T18:00:00,20260510T19:00:00,3600,HLS_20260510_lev1_V111.zip,AL1_SLX_L1_20260510_v1.0.zip,0.7004773616790771,0.39955559372901917,9.15302848815918,C2.8,0
598,20260510,10,20260510T20:00:00,20260510T21:00:00,3600,HLS_20260510_lev1_V111.zip,AL1_SLX_L1_20260510_v1.0.zip,0.7246341705322266,0.4034937918186188,8.748512268066406,C3.4,0
599,20260510,11,20260510T22:00:00,20260510T23:00:00,3600,HLS_20260510_lev1_V111.zip,AL1_SLX_L1_20260510_v1.0.zip,0.6994505524635315,0.39620932936668396,8.833165168762207,C1.4,0
600,20260615,0,20260615T00:00:00,20260615T01:00:00,3600,HLS_20260615_lev1_V111.zip,AL1_SLX_L1_20260615_v1.0.zip,7.401051998138428,0.6092662811279297,66.31967163085938,M3.0,1
601,20260615,1,20260615T02:00:00,20260615T03:00:00,3600,HLS_20260615_lev1_V111.zip,AL1_SLX_L1_20260615_v1.0.zip,0.8067837357521057,0.4069245159626007,10.060072898864746,C3.5,0
602,20260615,2,20260615T04:00:00,20260615T05:00:00,3600,HLS_20260615_lev1_V111.zip,AL1_SLX_L1_20260615_v1.0.zip,0.7284192442893982,0.4031316339969635,9.1618070602417,C1.0,0
603,20260615,3,20260615T06:00:00,20260615T07:00:00,3600,HLS_20260615_lev1_V111.zip,AL1_SLX_L1_20260615_v1.0.zip,7.405128002166748,0.5985535979270935,59.071632385253906,M1.0,1
604,20260615,4,20260615T08:00:00,20260615T09:00:00,3600,HLS_20260615_lev1_V111.zip,AL1_SLX_L1_20260615_v1.0.zip,0.7138209939002991,0.3997182548046112,8.620963096618652,C2.0,0
605,20260615,5,20260615T10:00:00,20260615T11:00:00,3600,HLS_20260615_lev1_V111.zip,AL1_SLX_L1_20260615_v1.0.zip,7.328869342803955,0.5971475839614868,61.826297760009766,M3.4,1
606,20260615,6,20260615T12:00:00,20260615T13:00:00,3600,HLS_20260615_lev1_V111.zip,AL1_SLX_L1_20260615_v1.0.zip,0.7350912690162659,0.40710148215293884,8.92516040802002,C1.5,0
607,20260615,7,20260615T14:00:00,20260615T15:00:00,3600,HLS_20260615_lev1_V111.zip,AL1_SLX_L1_20260615_v1.0.zip,7.395472049713135,0.5949847102165222,62.11598587036133,M2.5,1
608,20260615,8,20260615T16:00:00,20260615T17:00:00,3600,HLS_20260615_lev1_V111.zip,AL1_SLX_L1_20260615_v1.0.zip,0.7112646102905273,0.40514492988586426,8.853621482849121,C2.8,0
609,20260615,9,20260615T18:00:00,20260615T19:00:00,3600,HLS_20260615_lev1_V111.zip,AL1_SLX_L1_20260615_v1.0.zip,0.7125285863876343,0.3958127498626709,8.350505828857422,C3.8,0
610,20260615,10,20260615T20:00:00,20260615T21:00:00,3600,HLS_20260615_lev1_V111.zip,AL1_SLX_L1_20260615_v1.0.zip,7.389702796936035,0.5980691313743591,62.91637420654297,M4.2,1
611,20260615,11,20260615T22:00:00,20260615T23:00:00,3600,HLS_20260615_lev1_V111.zip,AL1_SLX_L1_20260615_v1.0.zip,0.6927277445793152,0.40159738063812256,8.944849967956543,C3.6,0
612,20260608,0,20260608T00:00:00,20260608T01:00:00,3600,HLS_20260608_lev1_V111.zip,AL1_SLX_L1_20260608_v1.0.zip,0.711220920085907,0.4041358232498169,9.606840133666992,C2.5,0
613,20260608,1,20260608T02:00:00,20260608T03:00:00,3600,HLS_20260608_lev1_V111.zip,AL1_SLX_L1_20260608_v1.0.zip,0.6834442615509033,0.39922165870666504,8.242015838623047,C3.8,0
614,20260608,2,20260608T04:00:00,20260608T05:00:00,3600,HLS_20260608_lev1_V111.zip,AL1_SLX_L1_20260608_v1.0.zip,0.6899670362472534,0.3974114954471588,8.751707077026367,C4.0,0
615,20260608,3,20260608T06:00:00,20260608T07:00:00,3600,HLS_20260608_lev1_V111.zip,AL1_SLX_L1_20260608_v1.0.zip,7.4187798500061035,0.6026139855384827,62.00606155395508,M7.2,1
616,20260608,4,20260608T08:00:00,20260608T09:00:00,3600,HLS_20260608_lev1_V111.zip,AL1_SLX_L1_20260608_v1.0.zip,0.7010902166366577,0.3989068269729614,8.37811279296875,C1.1,0
617,20260608,5,20260608T10:00:00,20260608T11:00:00,3600,HLS_20260608_lev1_V111.zip,AL1_SLX_L1_20260608_v1.0.zip,0.6795058250427246,0.39973682165145874,8.373844146728516,C1.6,0
618,20260608,6,20260608T12:00:00,20260608T13:00:00,3600,HLS_20260608_lev1_V111.zip,AL1_SLX_L1_20260608_v1.0.zip,0.7447825074195862,0.3999364376068115,9.733559608459473,C3.6,0
619,20260608,7,20260608T14:00:00,20260608T15:00:00,3600,HLS_20260608_lev1_V111.zip,AL1_SLX_L1_20260608_v1.0.zip,0.7075172662734985,0.4008912742137909,8.773128509521484,C2.0,0
620,20260608,8,20260608T16:00:00,20260608T17:00:00,3600,HLS_20260608_lev1_V111.zip,AL1_SLX_L1_20260608_v1.0.zip,7.384182453155518,0.5961949825286865,60.77927017211914,M5.8,1
621,20260608,9,20260608T18:00:00,20260608T19:00:00,3600,HLS_20260608_lev1_V111.zip,AL1_SLX_L1_20260608_v1.0.zip,0.6977412104606628,0.404962956905365,8.899282455444336,C2.2,0
622,20260608,10,20260608T20:00:00,20260608T21:00:00,3600,HLS_20260608_lev1_V111.zip,AL1_SLX_L1_20260608_v1.0.zip,0.7412434220314026,0.4039759933948517,9.392586708068848,C3.1,0
623,20260608,11,20260608T22:00:00,20260608T23:00:00,3600,HLS_20260608_lev1_V111.zip,AL1_SLX_L1_20260608_v1.0.zip,0.6970354914665222,0.3910304009914398,8.787311553955078,C3.4,0
624,20260621,0,20260621T00:00:00,20260621T01:00:00,3600,HLS_20260621_lev1_V111.zip,AL1_SLX_L1_20260621_v1.0.zip,0.6922892332077026,0.39564552903175354,8.577943801879883,C4.3,0
625,20260621,1,20260621T02:00:00,20260621T03:00:00,3600,HLS_20260621_lev1_V111.zip,AL1_SLX_L1_20260621_v1.0.zip,7.387678623199463,0.5931772589683533,64.21353912353516,M3.7,1
626,20260621,2,20260621T04:00:00,20260621T05:00:00,3600,HLS_20260621_lev1_V111.zip,AL1_SLX_L1_20260621_v1.0.zip,0.7369258403778076,0.3972393870353699,9.389195442199707,C3.8,0
627,20260621,3,20260621T06:00:00,20260621T07:00:00,3600,HLS_20260621_lev1_V111.zip,AL1_SLX_L1_20260621_v1.0.zip,7.425146102905273,0.6016725301742554,54.73912811279297,M5.7,1
628,20260621,4,20260621T08:00:00,20260621T09:00:00,3600,HLS_20260621_lev1_V111.zip,AL1_SLX_L1_20260621_v1.0.zip,0.6709024906158447,0.3944031596183777,8.623435974121094,C2.7,0
629,20260621,5,20260621T10:00:00,20260621T11:00:00,3600,HLS_20260621_lev1_V111.zip,AL1_SLX_L1_20260621_v1.0.zip,0.7142524123191833,0.4004756212234497,9.144624710083008,C3.5,0
630,20260621,6,20260621T12:00:00,20260621T13:00:00,3600,HLS_20260621_lev1_V111.zip,AL1_SLX_L1_20260621_v1.0.zip,7.421910285949707,0.5915176868438721,62.03257751464844,M5.3,1
631,20260621,7,20260621T14:00:00,20260621T15:00:00,3600,HLS_20260621_lev1_V111.zip,AL1_SLX_L1_20260621_v1.0.zip,7.406686305999756,0.6000199317932129,61.55912399291992,M2.3,1
632,20260621,8,20260621T16:00:00,20260621T17:00:00,3600,HLS_20260621_lev1_V111.zip,AL1_SLX_L1_20260621_v1.0.zip,0.7151687145233154,0.39507630467414856,9.087602615356445,C3.4,0
633,20260621,9,20260621T18:00:00,20260621T19:00:00,3600,HLS_20260621_lev1_V111.zip,AL1_SLX_L1_20260621_v1.0.zip,0.7570725083351135,0.3959638178348541,9.275994300842285,C1.2,0
634,20260621,10,20260621T20:00:00,20260621T21:00:00,3600,HLS_20260621_lev1_V111.zip,AL1_SLX_L1_20260621_v1.0.zip,0.722101092338562,0.39758002758026123,8.824348449707031,C1.3,0
635,20260621,11,20260621T22:00:00,20260621T23:00:00,3600,HLS_20260621_lev1_V111.zip,AL1_SLX_L1_20260621_v1.0.zip,7.350207805633545,0.5924820899963379,63.28460693359375,M5.6,1
636,20240527,0,20240527T00:00:00,20240527T01:00:00,3600,HLS_20240527_lev1_V111.zip,AL1_SLX_L1_20240527_v1.0.zip,0.7633807063102722,0.40068694949150085,9.612730979919434,C4.7,0
637,20240527,1,20240527T02:00:00,20240527T03:00:00,3600,HLS_20240527_lev1_V111.zip,AL1_SLX_L1_20240527_v1.0.zip,0.7471469640731812,0.4030265808105469,9.47585678100586,C2.7,0
638,20240527,2,20240527T04:00:00,20240527T05:00:00,3600,HLS_20240527_lev1_V111.zip,AL1_SLX_L1_20240527_v1.0.zip,0.7103662490844727,0.39560654759407043,8.916929244995117,C4.0,0
639,20240527,3,20240527T06:00:00,20240527T07:00:00,3600,HLS_20240527_lev1_V111.zip,AL1_SLX_L1_20240527_v1.0.zip,7.4112229347229,0.5917061567306519,59.373050689697266,M2.1,1
640,20240527,4,20240527T08:00:00,20240527T09:00:00,3600,HLS_20240527_lev1_V111.zip,AL1_SLX_L1_20240527_v1.0.zip,7.3756232261657715,0.5954461693763733,67.93203735351562,M6.2,1
641,20240527,5,20240527T10:00:00,20240527T11:00:00,3600,HLS_20240527_lev1_V111.zip,AL1_SLX_L1_20240527_v1.0.zip,0.7123477458953857,0.39767205715179443,8.345619201660156,C3.6,0
642,20240527,6,20240527T12:00:00,20240527T13:00:00,3600,HLS_20240527_lev1_V111.zip,AL1_SLX_L1_20240527_v1.0.zip,0.6930214762687683,0.40452462434768677,8.832356452941895,C1.0,0
643,20240527,7,20240527T14:00:00,20240527T15:00:00,3600,HLS_20240527_lev1_V111.zip,AL1_SLX_L1_20240527_v1.0.zip,7.4859490394592285,0.6041309833526611,62.968013763427734,M5.1,1
644,20240527,8,20240527T16:00:00,20240527T17:00:00,3600,HLS_20240527_lev1_V111.zip,AL1_SLX_L1_20240527_v1.0.zip,0.7057980895042419,0.39969557523727417,8.444550514221191,C1.5,0
645,20240527,9,20240527T18:00:00,20240527T19:00:00,3600,HLS_20240527_lev1_V111.zip,AL1_SLX_L1_20240527_v1.0.zip,7.372677326202393,0.6008672714233398,60.536781311035156,M3.8,1
646,20240527,10,20240527T20:00:00,20240527T21:00:00,3600,HLS_20240527_lev1_V111.zip,AL1_SLX_L1_20240527_v1.0.zip,0.7496297359466553,0.3933242857456207,9.767020225524902,C1.8,0
647,20240527,11,20240527T22:00:00,20240527T23:00:00,3600,HLS_20240527_lev1_V111.zip,AL1_SLX_L1_20240527_v1.0.zip,0.7005648016929626,0.3976609706878662,8.844063758850098,C4.0,0
648,20240525,0,20240525T00:00:00,20240525T01:00:00,3600,HLS_20240525_lev1_V111.zip,AL1_SLX_L1_20240525_v1.0.zip,0.7214512825012207,0.4080750346183777,9.04185962677002,C4.1,0
649,20240525,1,20240525T02:00:00,20240525T03:00:00,3600,HLS_20240525_lev1_V111.zip,AL1_SLX_L1_20240525_v1.0.zip,0.7175487279891968,0.4004030227661133,8.880375862121582,C1.1,0
650,20240525,2,20240525T04:00:00,20240525T05:00:00,3600,HLS_20240525_lev1_V111.zip,AL1_SLX_L1_20240525_v1.0.zip,7.398428916931152,0.6061795949935913,59.650272369384766,M5.6,1
651,20240525,3,20240525T06:00:00,20240525T07:00:00,3600,HLS_20240525_lev1_V111.zip,AL1_SLX_L1_20240525_v1.0.zip,7.429905414581299,0.597477376461029,62.517799377441406,M4.8,1
652,20240525,4,20240525T08:00:00,20240525T09:00:00,3600,HLS_20240525_lev1_V111.zip,AL1_SLX_L1_20240525_v1.0.zip,0.6908653378486633,0.4041169285774231,8.699434280395508,C2.2,0
653,20240525,5,20240525T10:00:00,20240525T11:00:00,3600,HLS_20240525_lev1_V111.zip,AL1_SLX_L1_20240525_v1.0.zip,0.6733776330947876,0.39917153120040894,8.445798873901367,C4.6,0
654,20240525,6,20240525T12:00:00,20240525T13:00:00,3600,HLS_20240525_lev1_V111.zip,AL1_SLX_L1_20240525_v1.0.zip,0.7426829934120178,0.39841213822364807,9.226597785949707,C3.8,0
655,20240525,7,20240525T14:00:00,20240525T15:00:00,3600,HLS_20240525_lev1_V111.zip,AL1_SLX_L1_20240525_v1.0.zip,7.3588948249816895,0.5895079970359802,58.155513763427734,M8.0,1
656,20240525,8,20240525T16:00:00,20240525T17:00:00,3600,HLS_20240525_lev1_V111.zip,AL1_SLX_L1_20240525_v1.0.zip,0.7239425182342529,0.39944741129875183,8.936723709106445,C2.4,0
657,20240525,9,20240525T18:00:00,20240525T19:00:00,3600,HLS_20240525_lev1_V111.zip,AL1_SLX_L1_20240525_v1.0.zip,0.680881917476654,0.39585989713668823,8.805771827697754,C1.0,0
658,20240525,10,20240525T20:00:00,20240525T21:00:00,3600,HLS_20240525_lev1_V111.zip,AL1_SLX_L1_20240525_v1.0.zip,0.702552318572998,0.40207940340042114,9.124735832214355,C4.4,0
659,20240525,11,20240525T22:00:00,20240525T23:00:00,3600,HLS_20240525_lev1_V111.zip,AL1_SLX_L1_20240525_v1.0.zip,0.6939747333526611,0.3941706120967865,8.519128799438477,C1.2,0
660,20260606,0,20260606T00:00:00,20260606T01:00:00,3600,HLS_20260606_lev1_V111.zip,AL1_SLX_L1_20260606_v1.0.zip,7.371541976928711,0.6042752861976624,64.59097290039062,M6.6,1
661,20260606,1,20260606T02:00:00,20260606T03:00:00,3600,HLS_20260606_lev1_V111.zip,AL1_SLX_L1_20260606_v1.0.zip,0.6857790350914001,0.40109938383102417,8.7136869430542,C3.6,0
662,20260606,2,20260606T04:00:00,20260606T05:00:00,3600,HLS_20260606_lev1_V111.zip,AL1_SLX_L1_20260606_v1.0.zip,0.7070061564445496,0.39833495020866394,9.513814926147461,C2.4,0
663,20260606,3,20260606T06:00:00,20260606T07:00:00,3600,HLS_20260606_lev1_V111.zip,AL1_SLX_L1_20260606_v1.0.zip,0.6932169795036316,0.4013061225414276,8.739665985107422,C4.2,0
664,20260606,4,20260606T08:00:00,20260606T09:00:00,3600,HLS_20260606_lev1_V111.zip,AL1_SLX_L1_20260606_v1.0.zip,0.7102686762809753,0.3994188606739044,8.938765525817871,C4.3,0
665,20260606,5,20260606T10:00:00,20260606T11:00:00,3600,HLS_20260606_lev1_V111.zip,AL1_SLX_L1_20260606_v1.0.zip,7.450586318969727,0.6099385023117065,59.58375930786133,M3.0,1
666,20260606,6,20260606T12:00:00,20260606T13:00:00,3600,HLS_20260606_lev1_V111.zip,AL1_SLX_L1_20260606_v1.0.zip,0.7357988357543945,0.40506523847579956,9.582662582397461,C3.4,0
667,20260606,7,20260606T14:00:00,20260606T15:00:00,3600,HLS_20260606_lev1_V111.zip,AL1_SLX_L1_20260606_v1.0.zip,0.6986296772956848,0.4015570878982544,9.010403633117676,C3.0,0
668,20260606,8,20260606T16:00:00,20260606T17:00:00,3600,HLS_20260606_lev1_V111.zip,AL1_SLX_L1_20260606_v1.0.zip,0.7376531362533569,0.3964006006717682,9.695051193237305,C1.3,0
669,20260606,9,20260606T18:00:00,20260606T19:00:00,3600,HLS_20260606_lev1_V111.zip,AL1_SLX_L1_20260606_v1.0.zip,0.6710394620895386,0.4019462466239929,8.546388626098633,C4.5,0
670,20260606,10,20260606T20:00:00,20260606T21:00:00,3600,HLS_20260606_lev1_V111.zip,AL1_SLX_L1_20260606_v1.0.zip,7.357548236846924,0.6054456830024719,61.108673095703125,M8.5,1
671,20260606,11,20260606T22:00:00,20260606T23:00:00,3600,HLS_20260606_lev1_V111.zip,AL1_SLX_L1_20260606_v1.0.zip,0.7003895044326782,0.39984646439552307,8.653223991394043,C4.0,0
672,20240522,0,20240522T00:00:00,20240522T01:00:00,3600,HLS_20240522_lev1_V111.zip,AL1_SLX_L1_20240522_v1.0.zip,0.6776564717292786,0.39395561814308167,8.087967872619629,C2.8,0
673,20240522,1,20240522T02:00:00,20240522T03:00:00,3600,HLS_20240522_lev1_V111.zip,AL1_SLX_L1_20240522_v1.0.zip,0.7190755009651184,0.40010300278663635,9.580948829650879,C1.3,0
674,20240522,2,20240522T04:00:00,20240522T05:00:00,3600,HLS_20240522_lev1_V111.zip,AL1_SLX_L1_20240522_v1.0.zip,0.7551587820053101,0.3922606408596039,9.233811378479004,C4.5,0
675,20240522,3,20240522T06:00:00,20240522T07:00:00,3600,HLS_20240522_lev1_V111.zip,AL1_SLX_L1_20240522_v1.0.zip,7.363043785095215,0.6052349805831909,66.65531921386719,M2.6,1
676,20240522,4,20240522T08:00:00,20240522T09:00:00,3600,HLS_20240522_lev1_V111.zip,AL1_SLX_L1_20240522_v1.0.zip,0.7419028282165527,0.39836347103118896,9.479759216308594,C4.8,0
677,20240522,5,20240522T10:00:00,20240522T11:00:00,3600,HLS_20240522_lev1_V111.zip,AL1_SLX_L1_20240522_v1.0.zip,0.71678227186203,0.40111401677131653,9.341890335083008,C1.8,0
678,20240522,6,20240522T12:00:00,20240522T13:00:00,3600,HLS_20240522_lev1_V111.zip,AL1_SLX_L1_20240522_v1.0.zip,0.6977775692939758,0.3965778052806854,8.859439849853516,C3.4,0
679,20240522,7,20240522T14:00:00,20240522T15:00:00,3600,HLS_20240522_lev1_V111.zip,AL1_SLX_L1_20240522_v1.0.zip,0.6895025968551636,0.4055791199207306,8.49298095703125,C1.5,0
680,20240522,8,20240522T16:00:00,20240522T17:00:00,3600,HLS_20240522_lev1_V111.zip,AL1_SLX_L1_20240522_v1.0.zip,7.350015640258789,0.6027429699897766,63.6256217956543,M4.5,1
681,20240522,9,20240522T18:00:00,20240522T19:00:00,3600,HLS_20240522_lev1_V111.zip,AL1_SLX_L1_20240522_v1.0.zip,0.6855353116989136,0.40289607644081116,8.407373428344727,C1.5,0
682,20240522,10,20240522T20:00:00,20240522T21:00:00,3600,HLS_20240522_lev1_V111.zip,AL1_SLX_L1_20240522_v1.0.zip,0.7006027698516846,0.39565131068229675,9.38112735748291,C4.3,0
683,20240522,11,20240522T22:00:00,20240522T23:00:00,3600,HLS_20240522_lev1_V111.zip,AL1_SLX_L1_20240522_v1.0.zip,0.7383195757865906,0.39827656745910645,9.337714195251465,C3.0,0
684,20260630,0,20260630T00:00:00,20260630T01:00:00,3600,HLS_20260630_lev1_V111.zip,AL1_SLX_L1_20260630_v1.0.zip,0.6957931518554688,0.40160587430000305,8.194839477539062,C4.5,0
685,20260630,1,20260630T02:00:00,20260630T03:00:00,3600,HLS_20260630_lev1_V111.zip,AL1_SLX_L1_20260630_v1.0.zip,7.374728679656982,0.611543595790863,62.19548416137695,M4.8,1
686,20260630,2,20260630T04:00:00,20260630T05:00:00,3600,HLS_20260630_lev1_V111.zip,AL1_SLX_L1_20260630_v1.0.zip,0.6931920051574707,0.40154457092285156,8.338510513305664,C1.6,0
687,20260630,3,20260630T06:00:00,20260630T07:00:00,3600,HLS_20260630_lev1_V111.zip,AL1_SLX_L1_20260630_v1.0.zip,0.7333673238754272,0.40318962931632996,9.30545711517334,C1.4,0
688,20260630,4,20260630T08:00:00,20260630T09:00:00,3600,HLS_20260630_lev1_V111.zip,AL1_SLX_L1_20260630_v1.0.zip,0.7212803959846497,0.39980727434158325,9.399222373962402,C2.0,0
689,20260630,5,20260630T10:00:00,20260630T11:00:00,3600,HLS_20260630_lev1_V111.zip,AL1_SLX_L1_20260630_v1.0.zip,0.7932943105697632,0.3966391384601593,10.332015991210938,C3.0,0
690,20260630,6,20260630T12:00:00,20260630T13:00:00,3600,HLS_20260630_lev1_V111.zip,AL1_SLX_L1_20260630_v1.0.zip,7.400197982788086,0.5936605930328369,58.688987731933594,M8.1,1
691,20260630,7,20260630T14:00:00,20260630T15:00:00,3600,HLS_20260630_lev1_V111.zip,AL1_SLX_L1_20260630_v1.0.zip,0.7231870293617249,0.39281246066093445,9.427221298217773,C3.4,0
692,20260630,8,20260630T16:00:00,20260630T17:00:00,3600,HLS_20260630_lev1_V111.zip,AL1_SLX_L1_20260630_v1.0.zip,0.7285985946655273,0.3996655344963074,9.132927894592285,C2.3,0
693,20260630,9,20260630T18:00:00,20260630T19:00:00,3600,HLS_20260630_lev1_V111.zip,AL1_SLX_L1_20260630_v1.0.zip,0.706759512424469,0.40308594703674316,9.315458297729492,C4.6,0
694,20260630,10,20260630T20:00:00,20260630T21:00:00,3600,HLS_20260630_lev1_V111.zip,AL1_SLX_L1_20260630_v1.0.zip,0.6891029477119446,0.3986465036869049,8.401446342468262,C3.8,0
695,20260630,11,20260630T22:00:00,20260630T23:00:00,3600,HLS_20260630_lev1_V111.zip,AL1_SLX_L1_20260630_v1.0.zip,7.35045862197876,0.5982166528701782,59.66945266723633,M2.8,1
696,20260626,0,20260626T00:00:00,20260626T01:00:00,3600,HLS_20260626_lev1_V111.zip,AL1_SLX_L1_20260626_v1.0.zip,0.6967122554779053,0.40084153413772583,8.83725357055664,C2.3,0
697,20260626,1,20260626T02:00:00,20260626T03:00:00,3600,HLS_20260626_lev1_V111.zip,AL1_SLX_L1_20260626_v1.0.zip,0.6976569890975952,0.3922317922115326,8.39268970489502,C1.5,0
698,20260626,2,20260626T04:00:00,20260626T05:00:00,3600,HLS_20260626_lev1_V111.zip,AL1_SLX_L1_20260626_v1.0.zip,0.6954407691955566,0.40286728739738464,8.386348724365234,C2.0,0
699,20260626,3,20260626T06:00:00,20260626T07:00:00,3600,HLS_20260626_lev1_V111.zip,AL1_SLX_L1_20260626_v1.0.zip,0.689714789390564,0.40642285346984863,8.994771957397461,C3.0,0
700,20260626,4,20260626T08:00:00,20260626T09:00:00,3600,HLS_20260626_lev1_V111.zip,AL1_SLX_L1_20260626_v1.0.zip,7.433104038238525,0.6079471707344055,58.33001708984375,M2.8,1
701,20260626,5,20260626T10:00:00,20260626T11:00:00,3600,HLS_20260626_lev1_V111.zip,AL1_SLX_L1_20260626_v1.0.zip,0.6941243410110474,0.4008524417877197,8.395577430725098,C2.2,0
702,20260626,6,20260626T12:00:00,20260626T13:00:00,3600,HLS_20260626_lev1_V111.zip,AL1_SLX_L1_20260626_v1.0.zip,0.772677481174469,0.39866316318511963,10.028183937072754,C2.5,0
703,20260626,7,20260626T14:00:00,20260626T15:00:00,3600,HLS_20260626_lev1_V111.zip,AL1_SLX_L1_20260626_v1.0.zip,0.7297021746635437,0.40087273716926575,8.692976951599121,C2.4,0
704,20260626,8,20260626T16:00:00,20260626T17:00:00,3600,HLS_20260626_lev1_V111.zip,AL1_SLX_L1_20260626_v1.0.zip,0.7124476432800293,0.401143878698349,9.485599517822266,C1.1,0
705,20260626,9,20260626T18:00:00,20260626T19:00:00,3600,HLS_20260626_lev1_V111.zip,AL1_SLX_L1_20260626_v1.0.zip,7.465260028839111,0.5921276807785034,66.04765319824219,M3.1,1
706,20260626,10,20260626T20:00:00,20260626T21:00:00,3600,HLS_20260626_lev1_V111.zip,AL1_SLX_L1_20260626_v1.0.zip,0.6942617893218994,0.39954787492752075,8.949481964111328,C3.1,0
707,20260626,11,20260626T22:00:00,20260626T23:00:00,3600,HLS_20260626_lev1_V111.zip,AL1_SLX_L1_20260626_v1.0.zip,0.6953505873680115,0.3967914879322052,8.759774208068848,C2.8,0
708,20260628,0,20260628T00:00:00,20260628T01:00:00,3600,HLS_20260628_lev1_V111.zip,AL1_SLX_L1_20260628_v1.0.zip,0.7224752902984619,0.39700257778167725,9.208035469055176,C1.0,0
709,20260628,1,20260628T02:00:00,20260628T03:00:00,3600,HLS_20260628_lev1_V111.zip,AL1_SLX_L1_20260628_v1.0.zip,0.717272937297821,0.4029640257358551,9.424843788146973,C3.1,0
710,20260628,2,20260628T04:00:00,20260628T05:00:00,3600,HLS_20260628_lev1_V111.zip,AL1_SLX_L1_20260628_v1.0.zip,7.56710958480835,0.5985968112945557,63.70810317993164,M1.8,1
711,20260628,3,20260628T06:00:00,20260628T07:00:00,3600,HLS_20260628_lev1_V111.zip,AL1_SLX_L1_20260628_v1.0.zip,0.7000589370727539,0.4017009437084198,8.355972290039062,C3.0,0
712,20260628,4,20260628T08:00:00,20260628T09:00:00,3600,HLS_20260628_lev1_V111.zip,AL1_SLX_L1_20260628_v1.0.zip,0.7116383910179138,0.3951833248138428,8.510245323181152,C3.3,0
713,20260628,5,20260628T10:00:00,20260628T11:00:00,3600,HLS_20260628_lev1_V111.zip,AL1_SLX_L1_20260628_v1.0.zip,0.7289995551109314,0.3973846733570099,8.705644607543945,C3.6,0
714,20260628,6,20260628T12:00:00,20260628T13:00:00,3600,HLS_20260628_lev1_V111.zip,AL1_SLX_L1_20260628_v1.0.zip,0.7178717851638794,0.39764079451560974,8.805337905883789,C1.1,0
715,20260628,7,20260628T14:00:00,20260628T15:00:00,3600,HLS_20260628_lev1_V111.zip,AL1_SLX_L1_20260628_v1.0.zip,7.3423171043396,0.6010156273841858,58.879180908203125,M2.4,1
716,20260628,8,20260628T16:00:00,20260628T17:00:00,3600,HLS_20260628_lev1_V111.zip,AL1_SLX_L1_20260628_v1.0.zip,0.7110605239868164,0.39688408374786377,8.834999084472656,C4.3,0
717,20260628,9,20260628T18:00:00,20260628T19:00:00,3600,HLS_20260628_lev1_V111.zip,AL1_SLX_L1_20260628_v1.0.zip,0.7145892977714539,0.3998822271823883,8.900850296020508,C4.8,0
718,20260628,10,20260628T20:00:00,20260628T21:00:00,3600,HLS_20260628_lev1_V111.zip,AL1_SLX_L1_20260628_v1.0.zip,0.6913525462150574,0.40058839321136475,8.770381927490234,C3.8,0
719,20260628,11,20260628T22:00:00,20260628T23:00:00,3600,HLS_20260628_lev1_V111.zip,AL1_SLX_L1_20260628_v1.0.zip,0.706505298614502,0.4069221615791321,8.600510597229004,C2.4,0
720,20240516,0,20240516T00:00:00,20240516T01:00:00,3600,HLS_20240516_lev1_V111.zip,AL1_SLX_L1_20240516_v1.0.zip,7.349483489990234,0.5939738750457764,61.46892166137695,M2.6,1
721,20240516,1,20240516T02:00:00,20240516T03:00:00,3600,HLS_20240516_lev1_V111.zip,AL1_SLX_L1_20240516_v1.0.zip,0.7072702646255493,0.4019612967967987,8.522533416748047,C1.6,0
722,20240516,2,20240516T04:00:00,20240516T05:00:00,3600,HLS_20240516_lev1_V111.zip,AL1_SLX_L1_20240516_v1.0.zip,0.6977160573005676,0.39108261466026306,8.804145812988281,C4.7,0
723,20240516,3,20240516T06:00:00,20240516T07:00:00,3600,HLS_20240516_lev1_V111.zip,AL1_SLX_L1_20240516_v1.0.zip,0.7053501009941101,0.40358132123947144,8.99904727935791,C4.8,0
724,20240516,4,20240516T08:00:00,20240516T09:00:00,3600,HLS_20240516_lev1_V111.zip,AL1_SLX_L1_20240516_v1.0.zip,0.719722330570221,0.3989068865776062,8.750594139099121,C1.2,0
725,20240516,5,20240516T10:00:00,20240516T11:00:00,3600,HLS_20240516_lev1_V111.zip,AL1_SLX_L1_20240516_v1.0.zip,7.345987796783447,0.5974186658859253,66.84684753417969,M4.6,1
726,20240516,6,20240516T12:00:00,20240516T13:00:00,3600,HLS_20240516_lev1_V111.zip,AL1_SLX_L1_20240516_v1.0.zip,0.718484103679657,0.40089160203933716,8.718086242675781,C1.1,0
727,20240516,7,20240516T14:00:00,20240516T15:00:00,3600,HLS_20240516_lev1_V111.zip,AL1_SLX_L1_20240516_v1.0.zip,0.7294296026229858,0.41089317202568054,9.216561317443848,C1.1,0
728,20240516,8,20240516T16:00:00,20240516T17:00:00,3600,HLS_20240516_lev1_V111.zip,AL1_SLX_L1_20240516_v1.0.zip,0.7618010640144348,0.39744365215301514,8.947786331176758,C2.3,0
729,20240516,9,20240516T18:00:00,20240516T19:00:00,3600,HLS_20240516_lev1_V111.zip,AL1_SLX_L1_20240516_v1.0.zip,0.6881234049797058,0.4068528711795807,8.682011604309082,C2.6,0
730,20240516,10,20240516T20:00:00,20240516T21:00:00,3600,HLS_20240516_lev1_V111.zip,AL1_SLX_L1_20240516_v1.0.zip,7.392297267913818,0.6009594202041626,60.520233154296875,M8.5,1
731,20240516,11,20240516T22:00:00,20240516T23:00:00,3600,HLS_20240516_lev1_V111.zip,AL1_SLX_L1_20240516_v1.0.zip,0.7007849216461182,0.4076520800590515,8.358987808227539,C1.6,0
732,20260705,0,20260705T00:00:00,20260705T01:00:00,3600,HLS_20260705_lev1_V111.zip,AL1_SLX_L1_20260705_v1.0.zip,0.7066423296928406,0.39790451526641846,9.40447998046875,C1.6,0
733,20260705,1,20260705T02:00:00,20260705T03:00:00,3600,HLS_20260705_lev1_V111.zip,AL1_SLX_L1_20260705_v1.0.zip,0.7154425382614136,0.39808616042137146,8.72986125946045,C4.5,0
734,20260705,2,20260705T04:00:00,20260705T05:00:00,3600,HLS_20260705_lev1_V111.zip,AL1_SLX_L1_20260705_v1.0.zip,0.7153487205505371,0.4009585976600647,8.758999824523926,C4.8,0
735,20260705,3,20260705T06:00:00,20260705T07:00:00,3600,HLS_20260705_lev1_V111.zip,AL1_SLX_L1_20260705_v1.0.zip,7.442057132720947,0.5899620652198792,60.538169860839844,M3.3,1
736,20260705,4,20260705T08:00:00,20260705T09:00:00,3600,HLS_20260705_lev1_V111.zip,AL1_SLX_L1_20260705_v1.0.zip,0.722662091255188,0.39971527457237244,8.741125106811523,C3.7,0
737,20260705,5,20260705T10:00:00,20260705T11:00:00,3600,HLS_20260705_lev1_V111.zip,AL1_SLX_L1_20260705_v1.0.zip,0.7146833539009094,0.4068896472454071,8.236318588256836,C3.5,0
738,20260705,6,20260705T12:00:00,20260705T13:00:00,3600,HLS_20260705_lev1_V111.zip,AL1_SLX_L1_20260705_v1.0.zip,0.7275266647338867,0.3984200358390808,9.188573837280273,C4.2,0
739,20260705,7,20260705T14:00:00,20260705T15:00:00,3600,HLS_20260705_lev1_V111.zip,AL1_SLX_L1_20260705_v1.0.zip,7.367025852203369,0.596873939037323,60.58696746826172,M3.8,1
740,20260705,8,20260705T16:00:00,20260705T17:00:00,3600,HLS_20260705_lev1_V111.zip,AL1_SLX_L1_20260705_v1.0.zip,7.404396057128906,0.6104338765144348,63.00869369506836,M4.4,1
741,20260705,9,20260705T18:00:00,20260705T19:00:00,3600,HLS_20260705_lev1_V111.zip,AL1_SLX_L1_20260705_v1.0.zip,0.7131839394569397,0.4026113748550415,8.596723556518555,C2.8,0
742,20260705,10,20260705T20:00:00,20260705T21:00:00,3600,HLS_20260705_lev1_V111.zip,AL1_SLX_L1_20260705_v1.0.zip,0.7125774025917053,0.39988023042678833,9.736166000366211,C3.7,0
743,20260705,11,20260705T22:00:00,20260705T23:00:00,3600,HLS_20260705_lev1_V111.zip,AL1_SLX_L1_20260705_v1.0.zip,0.7231079339981079,0.40633705258369446,9.27729606628418,C4.0,0
744,20260619,0,20260619T00:00:00,20260619T01:00:00,3600,HLS_20260619_lev1_V111.zip,AL1_SLX_L1_20260619_v1.0.zip,0.6977599263191223,0.3972739279270172,8.111871719360352,C3.5,0
745,20260619,1,20260619T02:00:00,20260619T03:00:00,3600,HLS_20260619_lev1_V111.zip,AL1_SLX_L1_20260619_v1.0.zip,7.382305145263672,0.6149578094482422,61.35746765136719,M2.4,1
746,20260619,2,20260619T04:00:00,20260619T05:00:00,3600,HLS_20260619_lev1_V111.zip,AL1_SLX_L1_20260619_v1.0.zip,0.7007104158401489,0.4002346098423004,8.823226928710938,C4.1,0
747,20260619,3,20260619T06:00:00,20260619T07:00:00,3600,HLS_20260619_lev1_V111.zip,AL1_SLX_L1_20260619_v1.0.zip,7.411670684814453,0.6010759472846985,57.60448455810547,M2.5,1
748,20260619,4,20260619T08:00:00,20260619T09:00:00,3600,HLS_20260619_lev1_V111.zip,AL1_SLX_L1_20260619_v1.0.zip,0.7179927229881287,0.39997002482414246,8.662875175476074,C3.4,0
749,20260619,5,20260619T10:00:00,20260619T11:00:00,3600,HLS_20260619_lev1_V111.zip,AL1_SLX_L1_20260619_v1.0.zip,0.6837953329086304,0.40215370059013367,8.748320579528809,C4.3,0
750,20260619,6,20260619T12:00:00,20260619T13:00:00,3600,HLS_20260619_lev1_V111.zip,AL1_SLX_L1_20260619_v1.0.zip,7.410898208618164,0.5915770530700684,62.041446685791016,M2.3,1
751,20260619,7,20260619T14:00:00,20260619T15:00:00,3600,HLS_20260619_lev1_V111.zip,AL1_SLX_L1_20260619_v1.0.zip,7.388535022735596,0.6001987457275391,60.19443893432617,M8.1,1
752,20260619,8,20260619T16:00:00,20260619T17:00:00,3600,HLS_20260619_lev1_V111.zip,AL1_SLX_L1_20260619_v1.0.zip,0.6867411732673645,0.40279629826545715,9.311910629272461,C4.7,0
753,20260619,9,20260619T18:00:00,20260619T19:00:00,3600,HLS_20260619_lev1_V111.zip,AL1_SLX_L1_20260619_v1.0.zip,0.723734438419342,0.40248405933380127,8.743542671203613,C4.1,0
754,20260619,10,20260619T20:00:00,20260619T21:00:00,3600,HLS_20260619_lev1_V111.zip,AL1_SLX_L1_20260619_v1.0.zip,0.6921953558921814,0.40214377641677856,7.942765235900879,C4.2,0
755,20260619,11,20260619T22:00:00,20260619T23:00:00,3600,HLS_20260619_lev1_V111.zip,AL1_SLX_L1_20260619_v1.0.zip,7.390178680419922,0.6013965606689453,64.32722473144531,M5.2,1
756,20260527,0,20260527T00:00:00,20260527T01:00:00,3600,HLS_20260527_lev1_V111.zip,AL1_SLX_L1_20260527_v1.0.zip,0.7175463438034058,0.40016961097717285,8.89955997467041,C1.0,0
757,20260527,1,20260527T02:00:00,20260527T03:00:00,3600,HLS_20260527_lev1_V111.zip,AL1_SLX_L1_20260527_v1.0.zip,0.7014853954315186,0.40569111704826355,9.142023086547852,C3.6,0
758,20260527,2,20260527T04:00:00,20260527T05:00:00,3600,HLS_20260527_lev1_V111.zip,AL1_SLX_L1_20260527_v1.0.zip,0.7157139182090759,0.3995792269706726,9.370288848876953,C1.6,0
759,20260527,3,20260527T06:00:00,20260527T07:00:00,3600,HLS_20260527_lev1_V111.zip,AL1_SLX_L1_20260527_v1.0.zip,7.4124369621276855,0.6000192165374756,62.92735290527344,M5.7,1
760,20260527,4,20260527T08:00:00,20260527T09:00:00,3600,HLS_20260527_lev1_V111.zip,AL1_SLX_L1_20260527_v1.0.zip,7.366196632385254,0.5936821699142456,59.47025680541992,M4.1,1
761,20260527,5,20260527T10:00:00,20260527T11:00:00,3600,HLS_20260527_lev1_V111.zip,AL1_SLX_L1_20260527_v1.0.zip,0.7269947528839111,0.3938470482826233,9.507851600646973,C3.1,0
762,20260527,6,20260527T12:00:00,20260527T13:00:00,3600,HLS_20260527_lev1_V111.zip,AL1_SLX_L1_20260527_v1.0.zip,0.722170352935791,0.3970825970172882,9.213461875915527,C1.8,0
763,20260527,7,20260527T14:00:00,20260527T15:00:00,3600,HLS_20260527_lev1_V111.zip,AL1_SLX_L1_20260527_v1.0.zip,7.284814834594727,0.6135746240615845,59.44327163696289,M3.0,1
764,20260527,8,20260527T16:00:00,20260527T17:00:00,3600,HLS_20260527_lev1_V111.zip,AL1_SLX_L1_20260527_v1.0.zip,0.7258020043373108,0.40444549918174744,9.064627647399902,C2.7,0
765,20260527,9,20260527T18:00:00,20260527T19:00:00,3600,HLS_20260527_lev1_V111.zip,AL1_SLX_L1_20260527_v1.0.zip,7.415257930755615,0.6032059192657471,64.74385070800781,M6.4,1
766,20260527,10,20260527T20:00:00,20260527T21:00:00,3600,HLS_20260527_lev1_V111.zip,AL1_SLX_L1_20260527_v1.0.zip,0.7087748050689697,0.40186363458633423,9.20299243927002,C4.1,0
767,20260527,11,20260527T22:00:00,20260527T23:00:00,3600,HLS_20260527_lev1_V111.zip,AL1_SLX_L1_20260527_v1.0.zip,0.6881112456321716,0.4058029055595398,9.105280876159668,C1.7,0
768,20260531,0,20260531T00:00:00,20260531T01:00:00,3600,HLS_20260531_lev1_V111.zip,AL1_SLX_L1_20260531_v1.0.zip,0.705405056476593,0.40289849042892456,8.803513526916504,C1.0,0
769,20260531,1,20260531T02:00:00,20260531T03:00:00,3600,HLS_20260531_lev1_V111.zip,AL1_SLX_L1_20260531_v1.0.zip,0.7649226188659668,0.40812787413597107,9.247014045715332,C3.2,0
770,20260531,2,20260531T04:00:00,20260531T05:00:00,3600,HLS_20260531_lev1_V111.zip,AL1_SLX_L1_20260531_v1.0.zip,7.406925201416016,0.6056213974952698,57.20036697387695,M1.7,1
771,20260531,3,20260531T06:00:00,20260531T07:00:00,3600,HLS_20260531_lev1_V111.zip,AL1_SLX_L1_20260531_v1.0.zip,7.451319694519043,0.5965606570243835,65.97038269042969,M8.0,1
772,20260531,4,20260531T08:00:00,20260531T09:00:00,3600,HLS_20260531_lev1_V111.zip,AL1_SLX_L1_20260531_v1.0.zip,0.6904715299606323,0.39338570833206177,8.440460205078125,C2.0,0
773,20260531,5,20260531T10:00:00,20260531T11:00:00,3600,HLS_20260531_lev1_V111.zip,AL1_SLX_L1_20260531_v1.0.zip,0.7220969200134277,0.3978874981403351,8.536240577697754,C4.6,0
774,20260531,6,20260531T12:00:00,20260531T13:00:00,3600,HLS_20260531_lev1_V111.zip,AL1_SLX_L1_20260531_v1.0.zip,0.7034834027290344,0.4038150906562805,8.581689834594727,C3.1,0
775,20260531,7,20260531T14:00:00,20260531T15:00:00,3600,HLS_20260531_lev1_V111.zip,AL1_SLX_L1_20260531_v1.0.zip,7.445486068725586,0.6021362543106079,65.31351470947266,M6.6,1
776,20260531,8,20260531T16:00:00,20260531T17:00:00,3600,HLS_20260531_lev1_V111.zip,AL1_SLX_L1_20260531_v1.0.zip,0.7086820602416992,0.4011642038822174,8.411972045898438,C4.3,0
777,20260531,9,20260531T18:00:00,20260531T19:00:00,3600,HLS_20260531_lev1_V111.zip,AL1_SLX_L1_20260531_v1.0.zip,0.7200155258178711,0.40038827061653137,8.931534767150879,C1.8,0
778,20260531,10,20260531T20:00:00,20260531T21:00:00,3600,HLS_20260531_lev1_V111.zip,AL1_SLX_L1_20260531_v1.0.zip,0.7785258293151855,0.4048103392124176,10.057828903198242,C1.2,0
779,20260531,11,20260531T22:00:00,20260531T23:00:00,3600,HLS_20260531_lev1_V111.zip,AL1_SLX_L1_20260531_v1.0.zip,0.7019976377487183,0.40310460329055786,8.434520721435547,C2.5,0
780,20260506,0,20260506T00:00:00,20260506T01:00:00,3600,HLS_20260506_lev1_V111.zip,AL1_SLX_L1_20260506_v1.0.zip,7.423994064331055,0.5946083664894104,60.25920104980469,M7.2,1
781,20260506,1,20260506T02:00:00,20260506T03:00:00,3600,HLS_20260506_lev1_V111.zip,AL1_SLX_L1_20260506_v1.0.zip,0.7497053742408752,0.39975711703300476,8.858541488647461,C2.5,0
782,20260506,2,20260506T04:00:00,20260506T05:00:00,3600,HLS_20260506_lev1_V111.zip,AL1_SLX_L1_20260506_v1.0.zip,0.7286110520362854,0.3973406255245209,8.814840316772461,C1.3,0
783,20260506,3,20260506T06:00:00,20260506T07:00:00,3600,HLS_20260506_lev1_V111.zip,AL1_SLX_L1_20260506_v1.0.zip,0.6968399882316589,0.40018656849861145,8.481629371643066,C2.5,0
784,20260506,4,20260506T08:00:00,20260506T09:00:00,3600,HLS_20260506_lev1_V111.zip,AL1_SLX_L1_20260506_v1.0.zip,0.7083622217178345,0.4016209840774536,9.472259521484375,C4.5,0
785,20260506,5,20260506T10:00:00,20260506T11:00:00,3600,HLS_20260506_lev1_V111.zip,AL1_SLX_L1_20260506_v1.0.zip,7.4728102684021,0.6036632657051086,63.180442810058594,M7.6,1
786,20260506,6,20260506T12:00:00,20260506T13:00:00,3600,HLS_20260506_lev1_V111.zip,AL1_SLX_L1_20260506_v1.0.zip,0.6933448910713196,0.39508530497550964,8.450798034667969,C2.7,0
787,20260506,7,20260506T14:00:00,20260506T15:00:00,3600,HLS_20260506_lev1_V111.zip,AL1_SLX_L1_20260506_v1.0.zip,0.7346450686454773,0.401490718126297,9.378705978393555,C4.6,0
788,20260506,8,20260506T16:00:00,20260506T17:00:00,3600,HLS_20260506_lev1_V111.zip,AL1_SLX_L1_20260506_v1.0.zip,0.6962512135505676,0.39851948618888855,8.85152816772461,C1.2,0
789,20260506,9,20260506T18:00:00,20260506T19:00:00,3600,HLS_20260506_lev1_V111.zip,AL1_SLX_L1_20260506_v1.0.zip,0.7023470401763916,0.398653119802475,8.739130020141602,C4.4,0
790,20260506,10,20260506T20:00:00,20260506T21:00:00,3600,HLS_20260506_lev1_V111.zip,AL1_SLX_L1_20260506_v1.0.zip,7.469292163848877,0.6012429594993591,63.01658248901367,M7.2,1
791,20260506,11,20260506T22:00:00,20260506T23:00:00,3600,HLS_20260506_lev1_V111.zip,AL1_SLX_L1_20260506_v1.0.zip,0.705467939376831,0.3994697630405426,9.346434593200684,C1.1,0
792,20260509,0,20260509T00:00:00,20260509T01:00:00,3600,HLS_20260509_lev1_V111.zip,AL1_SLX_L1_20260509_v1.0.zip,0.7320017218589783,0.40436387062072754,8.929264068603516,C1.2,0
793,20260509,1,20260509T02:00:00,20260509T03:00:00,3600,HLS_20260509_lev1_V111.zip,AL1_SLX_L1_20260509_v1.0.zip,0.7334211468696594,0.40413719415664673,8.405982971191406,C4.7,0
794,20260509,2,20260509T04:00:00,20260509T05:00:00,3600,HLS_20260509_lev1_V111.zip,AL1_SLX_L1_20260509_v1.0.zip,0.7434148788452148,0.3953770101070404,8.678489685058594,C3.6,0
795,20260509,3,20260509T06:00:00,20260509T07:00:00,3600,HLS_20260509_lev1_V111.zip,AL1_SLX_L1_20260509_v1.0.zip,7.389810562133789,0.6082910299301147,66.5389404296875,M4.2,1
796,20260509,4,20260509T08:00:00,20260509T09:00:00,3600,HLS_20260509_lev1_V111.zip,AL1_SLX_L1_20260509_v1.0.zip,0.7151952981948853,0.398624062538147,9.059072494506836,C2.0,0
797,20260509,5,20260509T10:00:00,20260509T11:00:00,3600,HLS_20260509_lev1_V111.zip,AL1_SLX_L1_20260509_v1.0.zip,0.756977915763855,0.39324188232421875,9.042891502380371,C2.5,0
798,20260509,6,20260509T12:00:00,20260509T13:00:00,3600,HLS_20260509_lev1_V111.zip,AL1_SLX_L1_20260509_v1.0.zip,0.7638201713562012,0.39288878440856934,9.699193954467773,C2.5,0
799,20260509,7,20260509T14:00:00,20260509T15:00:00,3600,HLS_20260509_lev1_V111.zip,AL1_SLX_L1_20260509_v1.0.zip,7.356890678405762,0.6103418469429016,61.58176040649414,M5.0,1
800,20260509,8,20260509T16:00:00,20260509T17:00:00,3600,HLS_20260509_lev1_V111.zip,AL1_SLX_L1_20260509_v1.0.zip,7.404379844665527,0.592616856098175,59.13831329345703,M2.2,1
801,20260509,9,20260509T18:00:00,20260509T19:00:00,3600,HLS_20260509_lev1_V111.zip,AL1_SLX_L1_20260509_v1.0.zip,0.7425010204315186,0.4025372266769409,8.889799118041992,C3.6,0
802,20260509,10,20260509T20:00:00,20260509T21:00:00,3600,HLS_20260509_lev1_V111.zip,AL1_SLX_L1_20260509_v1.0.zip,0.7128103375434875,0.4028569161891937,9.013404846191406,C3.2,0
803,20260509,11,20260509T22:00:00,20260509T23:00:00,3600,HLS_20260509_lev1_V111.zip,AL1_SLX_L1_20260509_v1.0.zip,0.7226724624633789,0.40345051884651184,8.925630569458008,C2.5,0
804,20260623,0,20260623T00:00:00,20260623T01:00:00,3600,HLS_20260623_lev1_V111.zip,AL1_SLX_L1_20260623_v1.0.zip,0.6879881024360657,0.39611199498176575,8.48448371887207,C1.2,0
805,20260623,1,20260623T02:00:00,20260623T03:00:00,3600,HLS_20260623_lev1_V111.zip,AL1_SLX_L1_20260623_v1.0.zip,7.399573802947998,0.5877773761749268,65.25350189208984,M6.7,1
806,20260623,2,20260623T04:00:00,20260623T05:00:00,3600,HLS_20260623_lev1_V111.zip,AL1_SLX_L1_20260623_v1.0.zip,0.7379840612411499,0.4027082920074463,8.852313041687012,C2.5,0
807,20260623,3,20260623T06:00:00,20260623T07:00:00,3600,HLS_20260623_lev1_V111.zip,AL1_SLX_L1_20260623_v1.0.zip,7.341481685638428,0.5944830775260925,57.84553909301758,M6.0,1
808,20260623,4,20260623T08:00:00,20260623T09:00:00,3600,HLS_20260623_lev1_V111.zip,AL1_SLX_L1_20260623_v1.0.zip,0.6898666620254517,0.40381279587745667,8.766840934753418,C3.7,0
809,20260623,5,20260623T10:00:00,20260623T11:00:00,3600,HLS_20260623_lev1_V111.zip,AL1_SLX_L1_20260623_v1.0.zip,0.7245590686798096,0.40804022550582886,8.840143203735352,C4.7,0
810,20260623,6,20260623T12:00:00,20260623T13:00:00,3600,HLS_20260623_lev1_V111.zip,AL1_SLX_L1_20260623_v1.0.zip,7.362529754638672,0.6101603507995605,64.09008026123047,M6.2,1
811,20260623,7,20260623T14:00:00,20260623T15:00:00,3600,HLS_20260623_lev1_V111.zip,AL1_SLX_L1_20260623_v1.0.zip,7.359298229217529,0.5933054089546204,65.2608413696289,M2.4,1
812,20260623,8,20260623T16:00:00,20260623T17:00:00,3600,HLS_20260623_lev1_V111.zip,AL1_SLX_L1_20260623_v1.0.zip,0.7171378135681152,0.39585456252098083,8.633806228637695,C1.0,0
813,20260623,9,20260623T18:00:00,20260623T19:00:00,3600,HLS_20260623_lev1_V111.zip,AL1_SLX_L1_20260623_v1.0.zip,0.7213625311851501,0.39607560634613037,9.223235130310059,C2.8,0
814,20260623,10,20260623T20:00:00,20260623T21:00:00,3600,HLS_20260623_lev1_V111.zip,AL1_SLX_L1_20260623_v1.0.zip,0.7194561958312988,0.3974359929561615,8.964557647705078,C2.1,0
815,20260623,11,20260623T22:00:00,20260623T23:00:00,3600,HLS_20260623_lev1_V111.zip,AL1_SLX_L1_20260623_v1.0.zip,7.485696792602539,0.6001836061477661,60.58522415161133,M6.1,1
816,20260601,0,20260601T00:00:00,20260601T01:00:00,3600,HLS_20260601_lev1_V111.zip,AL1_SLX_L1_20260601_v1.0.zip,0.689611554145813,0.3999932110309601,8.662636756896973,C4.8,0
817,20260601,1,20260601T02:00:00,20260601T03:00:00,3600,HLS_20260601_lev1_V111.zip,AL1_SLX_L1_20260601_v1.0.zip,0.7277884483337402,0.4009495675563812,8.756905555725098,C2.4,0
818,20260601,2,20260601T04:00:00,20260601T05:00:00,3600,HLS_20260601_lev1_V111.zip,AL1_SLX_L1_20260601_v1.0.zip,0.7161239385604858,0.3979731798171997,8.368670463562012,C1.5,0
819,20260601,3,20260601T06:00:00,20260601T07:00:00,3600,HLS_20260601_lev1_V111.zip,AL1_SLX_L1_20260601_v1.0.zip,7.3705596923828125,0.5967754125595093,64.38297271728516,M1.1,1
820,20260601,4,20260601T08:00:00,20260601T09:00:00,3600,HLS_20260601_lev1_V111.zip,AL1_SLX_L1_20260601_v1.0.zip,7.418869972229004,0.6003884673118591,59.09027099609375,M5.7,1
821,20260601,5,20260601T10:00:00,20260601T11:00:00,3600,HLS_20260601_lev1_V111.zip,AL1_SLX_L1_20260601_v1.0.zip,0.7219449877738953,0.3982233703136444,8.70908260345459,C2.5,0
822,20260601,6,20260601T12:00:00,20260601T13:00:00,3600,HLS_20260601_lev1_V111.zip,AL1_SLX_L1_20260601_v1.0.zip,0.7106784582138062,0.39785927534103394,8.98919677734375,C3.6,0
823,20260601,7,20260601T14:00:00,20260601T15:00:00,3600,HLS_20260601_lev1_V111.zip,AL1_SLX_L1_20260601_v1.0.zip,7.379430294036865,0.6045593023300171,63.167598724365234,M3.0,1
824,20260601,8,20260601T16:00:00,20260601T17:00:00,3600,HLS_20260601_lev1_V111.zip,AL1_SLX_L1_20260601_v1.0.zip,0.7179000377655029,0.39924725890159607,8.733796119689941,C2.0,0
825,20260601,9,20260601T18:00:00,20260601T19:00:00,3600,HLS_20260601_lev1_V111.zip,AL1_SLX_L1_20260601_v1.0.zip,7.356623649597168,0.5960785746574402,63.3701057434082,M3.1,1
826,20260601,10,20260601T20:00:00,20260601T21:00:00,3600,HLS_20260601_lev1_V111.zip,AL1_SLX_L1_20260601_v1.0.zip,0.709732711315155,0.40646910667419434,9.103082656860352,C1.5,0
827,20260601,11,20260601T22:00:00,20260601T23:00:00,3600,HLS_20260601_lev1_V111.zip,AL1_SLX_L1_20260601_v1.0.zip,0.7364583611488342,0.39704346656799316,9.016483306884766,C4.8,0
828,20260614,0,20260614T00:00:00,20260614T01:00:00,3600,HLS_20260614_lev1_V111.zip,AL1_SLX_L1_20260614_v1.0.zip,0.7172780632972717,0.3960860073566437,9.330424308776855,C4.1,0
829,20260614,1,20260614T02:00:00,20260614T03:00:00,3600,HLS_20260614_lev1_V111.zip,AL1_SLX_L1_20260614_v1.0.zip,0.683548092842102,0.4030437469482422,9.140196800231934,C2.6,0
830,20260614,2,20260614T04:00:00,20260614T05:00:00,3600,HLS_20260614_lev1_V111.zip,AL1_SLX_L1_20260614_v1.0.zip,7.427303314208984,0.5853868126869202,61.95716857910156,M8.5,1
831,20260614,3,20260614T06:00:00,20260614T07:00:00,3600,HLS_20260614_lev1_V111.zip,AL1_SLX_L1_20260614_v1.0.zip,0.6818448901176453,0.4078836441040039,8.868244171142578,C3.1,0
832,20260614,4,20260614T08:00:00,20260614T09:00:00,3600,HLS_20260614_lev1_V111.zip,AL1_SLX_L1_20260614_v1.0.zip,0.6926290392875671,0.40544337034225464,8.67392635345459,C3.8,0
833,20260614,5,20260614T10:00:00,20260614T11:00:00,3600,HLS_20260614_lev1_V111.zip,AL1_SLX_L1_20260614_v1.0.zip,0.6859272122383118,0.39585068821907043,8.4690580368042,C3.2,0
834,20260614,6,20260614T12:00:00,20260614T13:00:00,3600,HLS_20260614_lev1_V111.zip,AL1_SLX_L1_20260614_v1.0.zip,0.7386658191680908,0.39409035444259644,9.082987785339355,C1.6,0
835,20260614,7,20260614T14:00:00,20260614T15:00:00,3600,HLS_20260614_lev1_V111.zip,AL1_SLX_L1_20260614_v1.0.zip,7.350184917449951,0.6050812005996704,63.15961456298828,M8.7,1
836,20260614,8,20260614T16:00:00,20260614T17:00:00,3600,HLS_20260614_lev1_V111.zip,AL1_SLX_L1_20260614_v1.0.zip,0.7113614678382874,0.40783828496932983,8.658395767211914,C4.0,0
837,20260614,9,20260614T18:00:00,20260614T19:00:00,3600,HLS_20260614_lev1_V111.zip,AL1_SLX_L1_20260614_v1.0.zip,0.7079450488090515,0.39890027046203613,8.892945289611816,C2.3,0
838,20260614,10,20260614T20:00:00,20260614T21:00:00,3600,HLS_20260614_lev1_V111.zip,AL1_SLX_L1_20260614_v1.0.zip,0.7524274587631226,0.39876434206962585,9.428768157958984,C1.7,0
839,20260614,11,20260614T22:00:00,20260614T23:00:00,3600,HLS_20260614_lev1_V111.zip,AL1_SLX_L1_20260614_v1.0.zip,0.697283923625946,0.3960302472114563,8.567429542541504,C2.5,0
840,20260622,0,20260622T00:00:00,20260622T01:00:00,3600,HLS_20260622_lev1_V111.zip,AL1_SLX_L1_20260622_v1.0.zip,7.333842754364014,0.5969631671905518,59.986576080322266,M7.4,1
841,20260622,1,20260622T02:00:00,20260622T03:00:00,3600,HLS_20260622_lev1_V111.zip,AL1_SLX_L1_20260622_v1.0.zip,0.7197474241256714,0.39022475481033325,9.363387107849121,C3.4,0
842,20260622,2,20260622T04:00:00,20260622T05:00:00,3600,HLS_20260622_lev1_V111.zip,AL1_SLX_L1_20260622_v1.0.zip,0.7324133515357971,0.4045889377593994,8.775308609008789,C4.6,0
843,20260622,3,20260622T06:00:00,20260622T07:00:00,3600,HLS_20260622_lev1_V111.zip,AL1_SLX_L1_20260622_v1.0.zip,0.7069993615150452,0.3861466646194458,8.403679847717285,C3.8,0
844,20260622,4,20260622T08:00:00,20260622T09:00:00,3600,HLS_20260622_lev1_V111.zip,AL1_SLX_L1_20260622_v1.0.zip,0.716600775718689,0.39924290776252747,8.401440620422363,C4.7,0
845,20260622,5,20260622T10:00:00,20260622T11:00:00,3600,HLS_20260622_lev1_V111.zip,AL1_SLX_L1_20260622_v1.0.zip,7.455946922302246,0.6082141995429993,62.843265533447266,M4.5,1
846,20260622,6,20260622T12:00:00,20260622T13:00:00,3600,HLS_20260622_lev1_V111.zip,AL1_SLX_L1_20260622_v1.0.zip,0.762031614780426,0.3994124233722687,10.05945110321045,C2.2,0
847,20260622,7,20260622T14:00:00,20260622T15:00:00,3600,HLS_20260622_lev1_V111.zip,AL1_SLX_L1_20260622_v1.0.zip,0.7075924277305603,0.39676177501678467,8.516663551330566,C2.4,0
848,20260622,8,20260622T16:00:00,20260622T17:00:00,3600,HLS_20260622_lev1_V111.zip,AL1_SLX_L1_20260622_v1.0.zip,0.7040789127349854,0.39334410429000854,8.442867279052734,C1.5,0
849,20260622,9,20260622T18:00:00,20260622T19:00:00,3600,HLS_20260622_lev1_V111.zip,AL1_SLX_L1_20260622_v1.0.zip,0.6832824945449829,0.39921456575393677,7.998967170715332,C2.7,0
850,20260622,10,20260622T20:00:00,20260622T21:00:00,3600,HLS_20260622_lev1_V111.zip,AL1_SLX_L1_20260622_v1.0.zip,7.453708648681641,0.6088418364524841,58.899593353271484,M4.0,1
851,20260622,11,20260622T22:00:00,20260622T23:00:00,3600,HLS_20260622_lev1_V111.zip,AL1_SLX_L1_20260622_v1.0.zip,0.6875312328338623,0.3979189991950989,8.463272094726562,C3.2,0
852,20260517,0,20260517T00:00:00,20260517T01:00:00,3600,HLS_20260517_lev1_V111.zip,AL1_SLX_L1_20260517_v1.0.zip,0.7401124238967896,0.3963237702846527,8.900384902954102,C2.2,0
853,20260517,1,20260517T02:00:00,20260517T03:00:00,3600,HLS_20260517_lev1_V111.zip,AL1_SLX_L1_20260517_v1.0.zip,0.6838330626487732,0.4015335142612457,8.56074047088623,C4.7,0
854,20260517,2,20260517T04:00:00,20260517T05:00:00,3600,HLS_20260517_lev1_V111.zip,AL1_SLX_L1_20260517_v1.0.zip,0.6783558130264282,0.40001198649406433,8.522851943969727,C4.0,0
855,20260517,3,20260517T06:00:00,20260517T07:00:00,3600,HLS_20260517_lev1_V111.zip,AL1_SLX_L1_20260517_v1.0.zip,7.381991863250732,0.5829154849052429,63.70920944213867,M2.7,1
856,20260517,4,20260517T08:00:00,20260517T09:00:00,3600,HLS_20260517_lev1_V111.zip,AL1_SLX_L1_20260517_v1.0.zip,0.6950820088386536,0.4047643542289734,9.218814849853516,C1.0,0
857,20260517,5,20260517T10:00:00,20260517T11:00:00,3600,HLS_20260517_lev1_V111.zip,AL1_SLX_L1_20260517_v1.0.zip,0.6991733312606812,0.39912235736846924,8.634281158447266,C3.8,0
858,20260517,6,20260517T12:00:00,20260517T13:00:00,3600,HLS_20260517_lev1_V111.zip,AL1_SLX_L1_20260517_v1.0.zip,0.7285205721855164,0.3955180048942566,9.897360801696777,C2.3,0
859,20260517,7,20260517T14:00:00,20260517T15:00:00,3600,HLS_20260517_lev1_V111.zip,AL1_SLX_L1_20260517_v1.0.zip,7.378178596496582,0.6045047044754028,63.74249267578125,M2.2,1
860,20260517,8,20260517T16:00:00,20260517T17:00:00,3600,HLS_20260517_lev1_V111.zip,AL1_SLX_L1_20260517_v1.0.zip,7.372923374176025,0.5998079180717468,56.29610824584961,M6.3,1
861,20260517,9,20260517T18:00:00,20260517T19:00:00,3600,HLS_20260517_lev1_V111.zip,AL1_SLX_L1_20260517_v1.0.zip,0.7370839715003967,0.40546542406082153,8.645905494689941,C1.2,0
862,20260517,10,20260517T20:00:00,20260517T21:00:00,3600,HLS_20260517_lev1_V111.zip,AL1_SLX_L1_20260517_v1.0.zip,0.6905989646911621,0.4053325653076172,8.225156784057617,C3.1,0
863,20260517,11,20260517T22:00:00,20260517T23:00:00,3600,HLS_20260517_lev1_V111.zip,AL1_SLX_L1_20260517_v1.0.zip,0.7529147267341614,0.40301796793937683,10.011245727539062,C3.8,0
864,20260526,0,20260526T00:00:00,20260526T01:00:00,3600,HLS_20260526_lev1_V111.zip,AL1_SLX_L1_20260526_v1.0.zip,0.7157549262046814,0.39954376220703125,9.17599868774414,C1.6,0
865,20260526,1,20260526T02:00:00,20260526T03:00:00,3600,HLS_20260526_lev1_V111.zip,AL1_SLX_L1_20260526_v1.0.zip,7.386636257171631,0.6018578410148621,61.73237228393555,M1.2,1
866,20260526,2,20260526T04:00:00,20260526T05:00:00,3600,HLS_20260526_lev1_V111.zip,AL1_SLX_L1_20260526_v1.0.zip,0.7230918407440186,0.39788246154785156,8.713824272155762,C2.1,0
867,20260526,3,20260526T06:00:00,20260526T07:00:00,3600,HLS_20260526_lev1_V111.zip,AL1_SLX_L1_20260526_v1.0.zip,0.6883111000061035,0.40009647607803345,8.673491477966309,C4.8,0
868,20260526,4,20260526T08:00:00,20260526T09:00:00,3600,HLS_20260526_lev1_V111.zip,AL1_SLX_L1_20260526_v1.0.zip,0.6974239945411682,0.40325623750686646,8.220099449157715,C1.2,0
869,20260526,5,20260526T10:00:00,20260526T11:00:00,3600,HLS_20260526_lev1_V111.zip,AL1_SLX_L1_20260526_v1.0.zip,0.7075626850128174,0.4082626402378082,8.700093269348145,C2.1,0
870,20260526,6,20260526T12:00:00,20260526T13:00:00,3600,HLS_20260526_lev1_V111.zip,AL1_SLX_L1_20260526_v1.0.zip,7.3487772941589355,0.6025398969650269,60.18218994140625,M7.7,1
871,20260526,7,20260526T14:00:00,20260526T15:00:00,3600,HLS_20260526_lev1_V111.zip,AL1_SLX_L1_20260526_v1.0.zip,0.7227542400360107,0.4055798351764679,9.232449531555176,C1.4,0
872,20260526,8,20260526T16:00:00,20260526T17:00:00,3600,HLS_20260526_lev1_V111.zip,AL1_SLX_L1_20260526_v1.0.zip,0.7202481627464294,0.4022737145423889,9.304596900939941,C1.0,0
873,20260526,9,20260526T18:00:00,20260526T19:00:00,3600,HLS_20260526_lev1_V111.zip,AL1_SLX_L1_20260526_v1.0.zip,0.7071959972381592,0.4015377163887024,9.217371940612793,C4.3,0
874,20260526,10,20260526T20:00:00,20260526T21:00:00,3600,HLS_20260526_lev1_V111.zip,AL1_SLX_L1_20260526_v1.0.zip,0.7707010507583618,0.40849804878234863,10.152691841125488,C1.7,0
875,20260526,11,20260526T22:00:00,20260526T23:00:00,3600,HLS_20260526_lev1_V111.zip,AL1_SLX_L1_20260526_v1.0.zip,7.485259056091309,0.5917733907699585,65.22766876220703,M6.6,1
876,20260528,0,20260528T00:00:00,20260528T01:00:00,3600,HLS_20260528_lev1_V111.zip,AL1_SLX_L1_20260528_v1.0.zip,0.7252582907676697,0.40367621183395386,8.787372589111328,C1.6,0
877,20260528,1,20260528T02:00:00,20260528T03:00:00,3600,HLS_20260528_lev1_V111.zip,AL1_SLX_L1_20260528_v1.0.zip,0.712475597858429,0.40482231974601746,8.830482482910156,C2.2,0
878,20260528,2,20260528T04:00:00,20260528T05:00:00,3600,HLS_20260528_lev1_V111.zip,AL1_SLX_L1_20260528_v1.0.zip,0.721064567565918,0.4063827395439148,9.521202087402344,C1.6,0
879,20260528,3,20260528T06:00:00,20260528T07:00:00,3600,HLS_20260528_lev1_V111.zip,AL1_SLX_L1_20260528_v1.0.zip,0.7615941166877747,0.39677631855010986,9.663236618041992,C1.4,0
880,20260528,4,20260528T08:00:00,20260528T09:00:00,3600,HLS_20260528_lev1_V111.zip,AL1_SLX_L1_20260528_v1.0.zip,7.3452067375183105,0.6095114946365356,59.51165008544922,M7.4,1
881,20260528,5,20260528T10:00:00,20260528T11:00:00,3600,HLS_20260528_lev1_V111.zip,AL1_SLX_L1_20260528_v1.0.zip,0.6867156028747559,0.39860180020332336,8.671075820922852,C1.5,0
882,20260528,6,20260528T12:00:00,20260528T13:00:00,3600,HLS_20260528_lev1_V111.zip,AL1_SLX_L1_20260528_v1.0.zip,0.6704566478729248,0.4020230770111084,8.678314208984375,C1.6,0
883,20260528,7,20260528T14:00:00,20260528T15:00:00,3600,HLS_20260528_lev1_V111.zip,AL1_SLX_L1_20260528_v1.0.zip,0.7118269801139832,0.39496657252311707,9.324302673339844,C2.7,0
884,20260528,8,20260528T16:00:00,20260528T17:00:00,3600,HLS_20260528_lev1_V111.zip,AL1_SLX_L1_20260528_v1.0.zip,0.7323395609855652,0.40170297026634216,9.248224258422852,C2.0,0
885,20260528,9,20260528T18:00:00,20260528T19:00:00,3600,HLS_20260528_lev1_V111.zip,AL1_SLX_L1_20260528_v1.0.zip,7.473094940185547,0.5937933325767517,65.21537017822266,M1.0,1
886,20260528,10,20260528T20:00:00,20260528T21:00:00,3600,HLS_20260528_lev1_V111.zip,AL1_SLX_L1_20260528_v1.0.zip,0.6739981770515442,0.4045255780220032,8.746515274047852,C1.6,0
887,20260528,11,20260528T22:00:00,20260528T23:00:00,3600,HLS_20260528_lev1_V111.zip,AL1_SLX_L1_20260528_v1.0.zip,0.7362075448036194,0.3964028060436249,8.910544395446777,C1.0,0
888,20260605,0,20260605T00:00:00,20260605T01:00:00,3600,HLS_20260605_lev1_V111.zip,AL1_SLX_L1_20260605_v1.0.zip,0.6924356818199158,0.40694987773895264,8.787052154541016,C1.7,0
889,20260605,1,20260605T02:00:00,20260605T03:00:00,3600,HLS_20260605_lev1_V111.zip,AL1_SLX_L1_20260605_v1.0.zip,0.6795986294746399,0.40358105301856995,8.193588256835938,C4.3,0
890,20260605,2,20260605T04:00:00,20260605T05:00:00,3600,HLS_20260605_lev1_V111.zip,AL1_SLX_L1_20260605_v1.0.zip,7.413706302642822,0.5970752239227295,70.10556030273438,M4.8,1
891,20260605,3,20260605T06:00:00,20260605T07:00:00,3600,HLS_20260605_lev1_V111.zip,AL1_SLX_L1_20260605_v1.0.zip,7.410320281982422,0.5921875834465027,60.81122589111328,M4.7,1
892,20260605,4,20260605T08:00:00,20260605T09:00:00,3600,HLS_20260605_lev1_V111.zip,AL1_SLX_L1_20260605_v1.0.zip,0.6769260168075562,0.3994240462779999,8.690400123596191,C1.3,0
893,20260605,5,20260605T10:00:00,20260605T11:00:00,3600,HLS_20260605_lev1_V111.zip,AL1_SLX_L1_20260605_v1.0.zip,0.7654274702072144,0.3993854522705078,9.561347007751465,C3.2,0
894,20260605,6,20260605T12:00:00,20260605T13:00:00,3600,HLS_20260605_lev1_V111.zip,AL1_SLX_L1_20260605_v1.0.zip,0.6966027617454529,0.3974176347255707,9.021716117858887,C2.3,0
895,20260605,7,20260605T14:00:00,20260605T15:00:00,3600,HLS_20260605_lev1_V111.zip,AL1_SLX_L1_20260605_v1.0.zip,7.341207504272461,0.5985099673271179,63.4797248840332,M1.3,1
896,20260605,8,20260605T16:00:00,20260605T17:00:00,3600,HLS_20260605_lev1_V111.zip,AL1_SLX_L1_20260605_v1.0.zip,0.7045251131057739,0.39762282371520996,9.135554313659668,C1.1,0
897,20260605,9,20260605T18:00:00,20260605T19:00:00,3600,HLS_20260605_lev1_V111.zip,AL1_SLX_L1_20260605_v1.0.zip,0.6837716698646545,0.3984062671661377,8.614631652832031,C2.8,0
898,20260605,10,20260605T20:00:00,20260605T21:00:00,3600,HLS_20260605_lev1_V111.zip,AL1_SLX_L1_20260605_v1.0.zip,0.7102513313293457,0.4072635769844055,8.936869621276855,C1.0,0
899,20260605,11,20260605T22:00:00,20260605T23:00:00,3600,HLS_20260605_lev1_V111.zip,AL1_SLX_L1_20260605_v1.0.zip,0.7861148118972778,0.4012935161590576,10.461939811706543,C3.1,0
900,20260915,0,20260915T00:00:00,20260915T01:00:00,3600,HLS_20260915_lev1_V111.zip,AL1_SLX_L1_20260915_v1.0.zip,7.38968563079834,0.5983240008354187,62.42178726196289,M8.0,1
901,20260915,1,20260915T02:00:00,20260915T03:00:00,3600,HLS_20260915_lev1_V111.zip,AL1_SLX_L1_20260915_v1.0.zip,0.6932551860809326,0.4027058482170105,9.42933177947998,C2.5,0
902,20260915,2,20260915T04:00:00,20260915T05:00:00,3600,HLS_20260915_lev1_V111.zip,AL1_SLX_L1_20260915_v1.0.zip,0.7143225073814392,0.3989163935184479,9.486519813537598,C2.0,0
903,20260915,3,20260915T06:00:00,20260915T07:00:00,3600,HLS_20260915_lev1_V111.zip,AL1_SLX_L1_20260915_v1.0.zip,7.540456295013428,0.5922905802726746,63.324031829833984,M2.1,1
904,20260915,4,20260915T08:00:00,20260915T09:00:00,3600,HLS_20260915_lev1_V111.zip,AL1_SLX_L1_20260915_v1.0.zip,0.7113454341888428,0.40141546726226807,8.660506248474121,C2.1,0
905,20260915,5,20260915T10:00:00,20260915T11:00:00,3600,HLS_20260915_lev1_V111.zip,AL1_SLX_L1_20260915_v1.0.zip,7.475805759429932,0.6107867956161499,60.057220458984375,M7.8,1
906,20260915,6,20260915T12:00:00,20260915T13:00:00,3600,HLS_20260915_lev1_V111.zip,AL1_SLX_L1_20260915_v1.0.zip,0.7040249705314636,0.39954912662506104,8.893684387207031,C3.8,0
907,20260915,7,20260915T14:00:00,20260915T15:00:00,3600,HLS_20260915_lev1_V111.zip,AL1_SLX_L1_20260915_v1.0.zip,7.369823932647705,0.6039983630180359,59.432926177978516,M3.8,1
908,20260915,8,20260915T16:00:00,20260915T17:00:00,3600,HLS_20260915_lev1_V111.zip,AL1_SLX_L1_20260915_v1.0.zip,0.7179157733917236,0.39903753995895386,8.754993438720703,C4.6,0
909,20260915,9,20260915T18:00:00,20260915T19:00:00,3600,HLS_20260915_lev1_V111.zip,AL1_SLX_L1_20260915_v1.0.zip,0.7377055287361145,0.3947947323322296,9.183356285095215,C1.4,0
910,20260915,10,20260915T20:00:00,20260915T21:00:00,3600,HLS_20260915_lev1_V111.zip,AL1_SLX_L1_20260915_v1.0.zip,7.414421558380127,0.6008474230766296,65.9909896850586,M7.1,1
911,20260915,11,20260915T22:00:00,20260915T23:00:00,3600,HLS_20260915_lev1_V111.zip,AL1_SLX_L1_20260915_v1.0.zip,0.7268657684326172,0.3993149995803833,9.343750953674316,C2.1,0
912,20260916,0,20260916T00:00:00,20260916T01:00:00,3600,HLS_20260916_lev1_V111.zip,AL1_SLX_L1_20260916_v1.0.zip,0.7267521023750305,0.39805588126182556,8.95473861694336,C3.6,0
913,20260916,1,20260916T02:00:00,20260916T03:00:00,3600,HLS_20260916_lev1_V111.zip,AL1_SLX_L1_20260916_v1.0.zip,0.7314577102661133,0.39977607131004333,9.472458839416504,C3.4,0
914,20260916,2,20260916T04:00:00,20260916T05:00:00,3600,HLS_20260916_lev1_V111.zip,AL1_SLX_L1_20260916_v1.0.zip,0.7774539589881897,0.4029119610786438,9.437166213989258,C3.4,0
915,20260916,3,20260916T06:00:00,20260916T07:00:00,3600,HLS_20260916_lev1_V111.zip,AL1_SLX_L1_20260916_v1.0.zip,7.329308986663818,0.5939252972602844,63.62595748901367,M4.3,1
916,20260916,4,20260916T08:00:00,20260916T09:00:00,3600,HLS_20260916_lev1_V111.zip,AL1_SLX_L1_20260916_v1.0.zip,0.7166682481765747,0.4014368951320648,9.280486106872559,C1.1,0
917,20260916,5,20260916T10:00:00,20260916T11:00:00,3600,HLS_20260916_lev1_V111.zip,AL1_SLX_L1_20260916_v1.0.zip,0.7327948808670044,0.3981788158416748,9.564635276794434,C4.7,0
918,20260916,6,20260916T12:00:00,20260916T13:00:00,3600,HLS_20260916_lev1_V111.zip,AL1_SLX_L1_20260916_v1.0.zip,0.6755176186561584,0.39717990159988403,8.500633239746094,C3.5,0
919,20260916,7,20260916T14:00:00,20260916T15:00:00,3600,HLS_20260916_lev1_V111.zip,AL1_SLX_L1_20260916_v1.0.zip,0.6940965056419373,0.40122708678245544,8.610669136047363,C3.0,0
920,20260916,8,20260916T16:00:00,20260916T17:00:00,3600,HLS_20260916_lev1_V111.zip,AL1_SLX_L1_20260916_v1.0.zip,7.432826519012451,0.6060540676116943,60.840763092041016,M6.7,1
921,20260916,9,20260916T18:00:00,20260916T19:00:00,3600,HLS_20260916_lev1_V111.zip,AL1_SLX_L1_20260916_v1.0.zip,0.6867154240608215,0.40175002813339233,8.792914390563965,C4.6,0
922,20260916,10,20260916T20:00:00,20260916T21:00:00,3600,HLS_20260916_lev1_V111.zip,AL1_SLX_L1_20260916_v1.0.zip,0.7271884679794312,0.40162232518196106,8.829498291015625,C4.2,0
923,20260916,11,20260916T22:00:00,20260916T23:00:00,3600,HLS_20260916_lev1_V111.zip,AL1_SLX_L1_20260916_v1.0.zip,0.7123923897743225,0.39663487672805786,9.2594633102417,C1.0,0
924,20260917,0,20260917T00:00:00,20260917T01:00:00,3600,HLS_20260917_lev1_V111.zip,AL1_SLX_L1_20260917_v1.0.zip,0.7728449106216431,0.40130236744880676,10.169744491577148,C3.7,0
925,20260917,1,20260917T02:00:00,20260917T03:00:00,3600,HLS_20260917_lev1_V111.zip,AL1_SLX_L1_20260917_v1.0.zip,7.3523759841918945,0.5958947539329529,59.93566131591797,M4.3,1
926,20260917,2,20260917T04:00:00,20260917T05:00:00,3600,HLS_20260917_lev1_V111.zip,AL1_SLX_L1_20260917_v1.0.zip,0.7089621424674988,0.39687904715538025,9.011683464050293,C2.8,0
927,20260917,3,20260917T06:00:00,20260917T07:00:00,3600,HLS_20260917_lev1_V111.zip,AL1_SLX_L1_20260917_v1.0.zip,7.382981777191162,0.5944569110870361,61.38346862792969,M1.8,1
928,20260917,4,20260917T08:00:00,20260917T09:00:00,3600,HLS_20260917_lev1_V111.zip,AL1_SLX_L1_20260917_v1.0.zip,0.7721584439277649,0.40397149324417114,9.707897186279297,C4.4,0
929,20260917,5,20260917T10:00:00,20260917T11:00:00,3600,HLS_20260917_lev1_V111.zip,AL1_SLX_L1_20260917_v1.0.zip,0.6919376254081726,0.4027900695800781,9.213233947753906,C4.5,0
930,20260917,6,20260917T12:00:00,20260917T13:00:00,3600,HLS_20260917_lev1_V111.zip,AL1_SLX_L1_20260917_v1.0.zip,7.482971668243408,0.596272885799408,62.65454864501953,M4.2,1
931,20260917,7,20260917T14:00:00,20260917T15:00:00,3600,HLS_20260917_lev1_V111.zip,AL1_SLX_L1_20260917_v1.0.zip,7.525544166564941,0.5960978269577026,60.810951232910156,M8.6,1
932,20260917,8,20260917T16:00:00,20260917T17:00:00,3600,HLS_20260917_lev1_V111.zip,AL1_SLX_L1_20260917_v1.0.zip,0.6943167448043823,0.40457192063331604,8.841789245605469,C1.3,0
933,20260917,9,20260917T18:00:00,20260917T19:00:00,3600,HLS_20260917_lev1_V111.zip,AL1_SLX_L1_20260917_v1.0.zip,0.7094367146492004,0.394230455160141,9.007145881652832,C2.7,0
934,20260917,10,20260917T20:00:00,20260917T21:00:00,3600,HLS_20260917_lev1_V111.zip,AL1_SLX_L1_20260917_v1.0.zip,0.7091243863105774,0.4043893814086914,9.101008415222168,C3.0,0
935,20260917,11,20260917T22:00:00,20260917T23:00:00,3600,HLS_20260917_lev1_V111.zip,AL1_SLX_L1_20260917_v1.0.zip,7.362314701080322,0.6035932302474976,61.16419982910156,M8.6,1
936,20260918,0,20260918T00:00:00,20260918T01:00:00,3600,HLS_20260918_lev1_V111.zip,AL1_SLX_L1_20260918_v1.0.zip,0.7327569723129272,0.39631471037864685,9.268574714660645,C3.0,0
937,20260918,1,20260918T02:00:00,20260918T03:00:00,3600,HLS_20260918_lev1_V111.zip,AL1_SLX_L1_20260918_v1.0.zip,0.7788434028625488,0.39785006642341614,9.741373062133789,C2.2,0
938,20260918,2,20260918T04:00:00,20260918T05:00:00,3600,HLS_20260918_lev1_V111.zip,AL1_SLX_L1_20260918_v1.0.zip,0.7102631330490112,0.3978925049304962,9.642769813537598,C3.1,0
939,20260918,3,20260918T06:00:00,20260918T07:00:00,3600,HLS_20260918_lev1_V111.zip,AL1_SLX_L1_20260918_v1.0.zip,0.692721962928772,0.3972000777721405,8.67044734954834,C1.0,0
940,20260918,4,20260918T08:00:00,20260918T09:00:00,3600,HLS_20260918_lev1_V111.zip,AL1_SLX_L1_20260918_v1.0.zip,7.372232913970947,0.6018953323364258,61.86311721801758,M1.7,1
941,20260918,5,20260918T10:00:00,20260918T11:00:00,3600,HLS_20260918_lev1_V111.zip,AL1_SLX_L1_20260918_v1.0.zip,0.6771653294563293,0.3985997438430786,7.980978012084961,C1.7,0
942,20260918,6,20260918T12:00:00,20260918T13:00:00,3600,HLS_20260918_lev1_V111.zip,AL1_SLX_L1_20260918_v1.0.zip,0.7420244812965393,0.39945441484451294,9.360237121582031,C3.2,0
943,20260918,7,20260918T14:00:00,20260918T15:00:00,3600,HLS_20260918_lev1_V111.zip,AL1_SLX_L1_20260918_v1.0.zip,0.7178092002868652,0.3998061418533325,8.728033065795898,C1.2,0
944,20260918,8,20260918T16:00:00,20260918T17:00:00,3600,HLS_20260918_lev1_V111.zip,AL1_SLX_L1_20260918_v1.0.zip,0.69896000623703,0.40490180253982544,9.139236450195312,C3.7,0
945,20260918,9,20260918T18:00:00,20260918T19:00:00,3600,HLS_20260918_lev1_V111.zip,AL1_SLX_L1_20260918_v1.0.zip,7.446911334991455,0.5958540439605713,62.78078842163086,M5.2,1
946,20260918,10,20260918T20:00:00,20260918T21:00:00,3600,HLS_20260918_lev1_V111.zip,AL1_SLX_L1_20260918_v1.0.zip,0.681882381439209,0.39771872758865356,8.279361724853516,C2.2,0
947,20260918,11,20260918T22:00:00,20260918T23:00:00,3600,HLS_20260918_lev1_V111.zip,AL1_SLX_L1_20260918_v1.0.zip,0.7254948616027832,0.403963178396225,8.70787525177002,C4.7,0
948,20260919,0,20260919T00:00:00,20260919T01:00:00,3600,HLS_20260919_lev1_V111.zip,AL1_SLX_L1_20260919_v1.0.zip,0.7532079219818115,0.40231743454933167,9.287074089050293,C3.8,0
949,20260919,1,20260919T02:00:00,20260919T03:00:00,3600,HLS_20260919_lev1_V111.zip,AL1_SLX_L1_20260919_v1.0.zip,0.6989953517913818,0.39633387327194214,9.000468254089355,C3.1,0
950,20260919,2,20260919T04:00:00,20260919T05:00:00,3600,HLS_20260919_lev1_V111.zip,AL1_SLX_L1_20260919_v1.0.zip,7.344849109649658,0.604824423789978,61.44340896606445,M7.7,1
951,20260919,3,20260919T06:00:00,20260919T07:00:00,3600,HLS_20260919_lev1_V111.zip,AL1_SLX_L1_20260919_v1.0.zip,7.40723991394043,0.5944483876228333,61.6964225769043,M3.3,1
952,20260919,4,20260919T08:00:00,20260919T09:00:00,3600,HLS_20260919_lev1_V111.zip,AL1_SLX_L1_20260919_v1.0.zip,0.6907458305358887,0.4044533967971802,9.439037322998047,C2.3,0
953,20260919,5,20260919T10:00:00,20260919T11:00:00,3600,HLS_20260919_lev1_V111.zip,AL1_SLX_L1_20260919_v1.0.zip,0.7360085844993591,0.39742740988731384,8.93073558807373,C1.1,0
954,20260919,6,20260919T12:00:00,20260919T13:00:00,3600,HLS_20260919_lev1_V111.zip,AL1_SLX_L1_20260919_v1.0.zip,0.7171670198440552,0.39182204008102417,8.604621887207031,C1.5,0
955,20260919,7,20260919T14:00:00,20260919T15:00:00,3600,HLS_20260919_lev1_V111.zip,AL1_SLX_L1_20260919_v1.0.zip,7.451973915100098,0.6089445352554321,63.49165344238281,M8.1,1
956,20260919,8,20260919T16:00:00,20260919T17:00:00,3600,HLS_20260919_lev1_V111.zip,AL1_SLX_L1_20260919_v1.0.zip,0.6914099454879761,0.39400702714920044,8.591264724731445,C1.4,0
957,20260919,9,20260919T18:00:00,20260919T19:00:00,3600,HLS_20260919_lev1_V111.zip,AL1_SLX_L1_20260919_v1.0.zip,0.7178483009338379,0.39998558163642883,9.113242149353027,C3.3,0
958,20260919,10,20260919T20:00:00,20260919T21:00:00,3600,HLS_20260919_lev1_V111.zip,AL1_SLX_L1_20260919_v1.0.zip,0.7247062921524048,0.4007803201675415,8.874421119689941,C1.4,0
959,20260919,11,20260919T22:00:00,20260919T23:00:00,3600,HLS_20260919_lev1_V111.zip,AL1_SLX_L1_20260919_v1.0.zip,0.7096389532089233,0.39946040511131287,8.668334007263184,C3.2,0
960,20260920,0,20260920T00:00:00,20260920T01:00:00,3600,HLS_20260920_lev1_V111.zip,AL1_SLX_L1_20260920_v1.0.zip,7.399975776672363,0.606194019317627,62.163299560546875,M4.0,1
961,20260920,1,20260920T02:00:00,20260920T03:00:00,3600,HLS_20260920_lev1_V111.zip,AL1_SLX_L1_20260920_v1.0.zip,0.7610948085784912,0.3995839059352875,9.972537994384766,C4.2,0
962,20260920,2,20260920T04:00:00,20260920T05:00:00,3600,HLS_20260920_lev1_V111.zip,AL1_SLX_L1_20260920_v1.0.zip,0.6957226395606995,0.4048844873905182,8.428951263427734,C2.6,0
963,20260920,3,20260920T06:00:00,20260920T07:00:00,3600,HLS_20260920_lev1_V111.zip,AL1_SLX_L1_20260920_v1.0.zip,0.7339258790016174,0.3973916172981262,9.22425365447998,C3.0,0
964,20260920,4,20260920T08:00:00,20260920T09:00:00,3600,HLS_20260920_lev1_V111.zip,AL1_SLX_L1_20260920_v1.0.zip,0.7184112071990967,0.4020457863807678,9.336410522460938,C2.0,0
965,20260920,5,20260920T10:00:00,20260920T11:00:00,3600,HLS_20260920_lev1_V111.zip,AL1_SLX_L1_20260920_v1.0.zip,7.302613735198975,0.6007106304168701,60.748661041259766,M4.6,1
966,20260920,6,20260920T12:00:00,20260920T13:00:00,3600,HLS_20260920_lev1_V111.zip,AL1_SLX_L1_20260920_v1.0.zip,0.7218679189682007,0.40158340334892273,9.360108375549316,C1.2,0
967,20260920,7,20260920T14:00:00,20260920T15:00:00,3600,HLS_20260920_lev1_V111.zip,AL1_SLX_L1_20260920_v1.0.zip,0.7629683613777161,0.40184688568115234,9.676218032836914,C2.1,0
968,20260920,8,20260920T16:00:00,20260920T17:00:00,3600,HLS_20260920_lev1_V111.zip,AL1_SLX_L1_20260920_v1.0.zip,0.6951085329055786,0.4018417298793793,8.705313682556152,C1.5,0
969,20260920,9,20260920T18:00:00,20260920T19:00:00,3600,HLS_20260920_lev1_V111.zip,AL1_SLX_L1_20260920_v1.0.zip,0.7440412044525146,0.4046996235847473,8.902995109558105,C1.7,0
970,20260920,10,20260920T20:00:00,20260920T21:00:00,3600,HLS_20260920_lev1_V111.zip,AL1_SLX_L1_20260920_v1.0.zip,7.422068119049072,0.5936329364776611,64.74017333984375,M1.1,1
971,20260920,11,20260920T22:00:00,20260920T23:00:00,3600,HLS_20260920_lev1_V111.zip,AL1_SLX_L1_20260920_v1.0.zip,0.7385126948356628,0.39877426624298096,9.048429489135742,C3.7,0
972,20260921,0,20260921T00:00:00,20260921T01:00:00,3600,HLS_20260921_lev1_V111.zip,AL1_SLX_L1_20260921_v1.0.zip,0.7133659720420837,0.40691399574279785,9.091568946838379,C3.3,0
973,20260921,1,20260921T02:00:00,20260921T03:00:00,3600,HLS_20260921_lev1_V111.zip,AL1_SLX_L1_20260921_v1.0.zip,0.7317877411842346,0.39843645691871643,9.389681816101074,C4.8,0
974,20260921,2,20260921T04:00:00,20260921T05:00:00,3600,HLS_20260921_lev1_V111.zip,AL1_SLX_L1_20260921_v1.0.zip,0.7066967487335205,0.40041258931159973,8.847262382507324,C4.2,0
975,20260921,3,20260921T06:00:00,20260921T07:00:00,3600,HLS_20260921_lev1_V111.zip,AL1_SLX_L1_20260921_v1.0.zip,7.316916465759277,0.5937857627868652,57.89930725097656,M5.8,1
976,20260921,4,20260921T08:00:00,20260921T09:00:00,3600,HLS_20260921_lev1_V111.zip,AL1_SLX_L1_20260921_v1.0.zip,0.6997846961021423,0.39965713024139404,8.303038597106934,C2.7,0
977,20260921,5,20260921T10:00:00,20260921T11:00:00,3600,HLS_20260921_lev1_V111.zip,AL1_SLX_L1_20260921_v1.0.zip,0.7394915223121643,0.3912126421928406,8.946955680847168,C1.8,0
978,20260921,6,20260921T12:00:00,20260921T13:00:00,3600,HLS_20260921_lev1_V111.zip,AL1_SLX_L1_20260921_v1.0.zip,0.7253890037536621,0.3989752233028412,8.789618492126465,C4.2,0
979,20260921,7,20260921T14:00:00,20260921T15:00:00,3600,HLS_20260921_lev1_V111.zip,AL1_SLX_L1_20260921_v1.0.zip,7.492271900177002,0.5975764393806458,59.96589660644531,M4.5,1
980,20260921,8,20260921T16:00:00,20260921T17:00:00,3600,HLS_20260921_lev1_V111.zip,AL1_SLX_L1_20260921_v1.0.zip,7.415151119232178,0.5974376201629639,61.398502349853516,M8.4,1
981,20260921,9,20260921T18:00:00,20260921T19:00:00,3600,HLS_20260921_lev1_V111.zip,AL1_SLX_L1_20260921_v1.0.zip,0.7137906551361084,0.4008100926876068,9.129316329956055,C4.0,0
982,20260921,10,20260921T20:00:00,20260921T21:00:00,3600,HLS_20260921_lev1_V111.zip,AL1_SLX_L1_20260921_v1.0.zip,0.7226847410202026,0.4035230875015259,8.615554809570312,C3.1,0
983,20260921,11,20260921T22:00:00,20260921T23:00:00,3600,HLS_20260921_lev1_V111.zip,AL1_SLX_L1_20260921_v1.0.zip,0.7199992537498474,0.3945423364639282,9.224160194396973,C2.5,0
984,20260922,0,20260922T00:00:00,20260922T01:00:00,3600,HLS_20260922_lev1_V111.zip,AL1_SLX_L1_20260922_v1.0.zip,0.7039607763290405,0.4045536518096924,8.965085983276367,C1.0,0
985,20260922,1,20260922T02:00:00,20260922T03:00:00,3600,HLS_20260922_lev1_V111.zip,AL1_SLX_L1_20260922_v1.0.zip,7.362607002258301,0.5988208651542664,61.23273849487305,M7.2,1
986,20260922,2,20260922T04:00:00,20260922T05:00:00,3600,HLS_20260922_lev1_V111.zip,AL1_SLX_L1_20260922_v1.0.zip,0.760621190071106,0.3933585286140442,9.580787658691406,C4.0,0
987,20260922,3,20260922T06:00:00,20260922T07:00:00,3600,HLS_20260922_lev1_V111.zip,AL1_SLX_L1_20260922_v1.0.zip,0.7115141153335571,0.4055606722831726,8.562701225280762,C4.5,0
988,20260922,4,20260922T08:00:00,20260922T09:00:00,3600,HLS_20260922_lev1_V111.zip,AL1_SLX_L1_20260922_v1.0.zip,0.7243967056274414,0.3937355875968933,8.36292839050293,C2.0,0
989,20260922,5,20260922T10:00:00,20260922T11:00:00,3600,HLS_20260922_lev1_V111.zip,AL1_SLX_L1_20260922_v1.0.zip,0.7208614349365234,0.388884574174881,8.707114219665527,C1.8,0
990,20260922,6,20260922T12:00:00,20260922T13:00:00,3600,HLS_20260922_lev1_V111.zip,AL1_SLX_L1_20260922_v1.0.zip,7.4060959815979,0.6045663952827454,61.33344650268555,M1.3,1
991,20260922,7,20260922T14:00:00,20260922T15:00:00,3600,HLS_20260922_lev1_V111.zip,AL1_SLX_L1_20260922_v1.0.zip,0.7091153264045715,0.397138774394989,9.053740501403809,C2.8,0
992,20260922,8,20260922T16:00:00,20260922T17:00:00,3600,HLS_20260922_lev1_V111.zip,AL1_SLX_L1_20260922_v1.0.zip,0.7199385762214661,0.39612066745758057,8.983941078186035,C2.4,0
993,20260922,9,20260922T18:00:00,20260922T19:00:00,3600,HLS_20260922_lev1_V111.zip,AL1_SLX_L1_20260922_v1.0.zip,0.7046324014663696,0.3958590626716614,8.652252197265625,C4.8,0
994,20260922,10,20260922T20:00:00,20260922T21:00:00,3600,HLS_20260922_lev1_V111.zip,AL1_SLX_L1_20260922_v1.0.zip,0.7000276446342468,0.39869269728660583,8.981689453125,C4.2,0
995,20260922,11,20260922T22:00:00,20260922T23:00:00,3600,HLS_20260922_lev1_V111.zip,AL1_SLX_L1_20260922_v1.0.zip,7.353247165679932,0.5964236259460449,62.728057861328125,M5.2,1
996,20260923,0,20260923T00:00:00,20260923T01:00:00,3600,HLS_20260923_lev1_V111.zip,AL1_SLX_L1_20260923_v1.0.zip,0.7179090976715088,0.39798057079315186,9.069457054138184,C4.1,0
997,20260923,1,20260923T02:00:00,20260923T03:00:00,3600,HLS_20260923_lev1_V111.zip,AL1_SLX_L1_20260923_v1.0.zip,0.7034396529197693,0.4019327461719513,8.827789306640625,C1.7,0
998,20260923,2,20260923T04:00:00,20260923T05:00:00,3600,HLS_20260923_lev1_V111.zip,AL1_SLX_L1_20260923_v1.0.zip,0.7158082723617554,0.40420863032341003,9.285024642944336,C3.3,0
999,20260923,3,20260923T06:00:00,20260923T07:00:00,3600,HLS_20260923_lev1_V111.zip,AL1_SLX_L1_20260923_v1.0.zip,7.411378860473633,0.5992239117622375,59.463104248046875,M6.8,1
1000,20260923,4,20260923T08:00:00,20260923T09:00:00,3600,HLS_20260923_lev1_V111.zip,AL1_SLX_L1_20260923_v1.0.zip,7.386646747589111,0.5917066931724548,59.134300231933594,M8.5,1
1001,20260923,5,20260923T10:00:00,20260923T11:00:00,3600,HLS_20260923_lev1_V111.zip,AL1_SLX_L1_20260923_v1.0.zip,0.7183440923690796,0.4039607346057892,8.483861923217773,C3.7,0
1002,20260923,6,20260923T12:00:00,20260923T13:00:00,3600,HLS_20260923_lev1_V111.zip,AL1_SLX_L1_20260923_v1.0.zip,0.7174031138420105,0.3998221457004547,8.33439826965332,C2.3,0
1003,20260923,7,20260923T14:00:00,20260923T15:00:00,3600,HLS_20260923_lev1_V111.zip,AL1_SLX_L1_20260923_v1.0.zip,7.403347015380859,0.599496603012085,60.413597106933594,M2.0,1
1004,20260923,8,20260923T16:00:00,20260923T17:00:00,3600,HLS_20260923_lev1_V111.zip,AL1_SLX_L1_20260923_v1.0.zip,0.7630531191825867,0.40018516778945923,9.48257827758789,C4.7,0
1005,20260923,9,20260923T18:00:00,20260923T19:00:00,3600,HLS_20260923_lev1_V111.zip,AL1_SLX_L1_20260923_v1.0.zip,7.4044952392578125,0.6104705333709717,61.04756546020508,M3.1,1
1006,20260923,10,20260923T20:00:00,20260923T21:00:00,3600,HLS_20260923_lev1_V111.zip,AL1_SLX_L1_20260923_v1.0.zip,0.6968958973884583,0.40404173731803894,8.63746166229248,C2.3,0
1007,20260923,11,20260923T22:00:00,20260923T23:00:00,3600,HLS_20260923_lev1_V111.zip,AL1_SLX_L1_20260923_v1.0.zip,0.6945329308509827,0.40122300386428833,8.630191802978516,C1.2,0
1008,20260924,0,20260924T00:00:00,20260924T01:00:00,3600,HLS_20260924_lev1_V111.zip,AL1_SLX_L1_20260924_v1.0.zip,0.7959219217300415,0.3986421525478363,9.551589965820312,C2.4,0
1009,20260924,1,20260924T02:00:00,20260924T03:00:00,3600,HLS_20260924_lev1_V111.zip,AL1_SLX_L1_20260924_v1.0.zip,0.7551479339599609,0.39946433901786804,9.261746406555176,C1.3,0
1010,20260924,2,20260924T04:00:00,20260924T05:00:00,3600,HLS_20260924_lev1_V111.zip,AL1_SLX_L1_20260924_v1.0.zip,7.354434013366699,0.6057004928588867,61.7267951965332,M6.8,1
1011,20260924,3,20260924T06:00:00,20260924T07:00:00,3600,HLS_20260924_lev1_V111.zip,AL1_SLX_L1_20260924_v1.0.zip,0.7033862471580505,0.39807549118995667,9.028609275817871,C1.6,0
1012,20260924,4,20260924T08:00:00,20260924T09:00:00,3600,HLS_20260924_lev1_V111.zip,AL1_SLX_L1_20260924_v1.0.zip,0.7125865817070007,0.4002877175807953,8.541733741760254,C4.5,0
1013,20260924,5,20260924T10:00:00,20260924T11:00:00,3600,HLS_20260924_lev1_V111.zip,AL1_SLX_L1_20260924_v1.0.zip,0.7147603034973145,0.3951903283596039,9.428485870361328,C3.2,0
1014,20260924,6,20260924T12:00:00,20260924T13:00:00,3600,HLS_20260924_lev1_V111.zip,AL1_SLX_L1_20260924_v1.0.zip,0.7247663140296936,0.4031890630722046,8.99523639678955,C2.8,0
1015,20260924,7,20260924T14:00:00,20260924T15:00:00,3600,HLS_20260924_lev1_V111.zip,AL1_SLX_L1_20260924_v1.0.zip,7.360743522644043,0.6036081910133362,61.14298629760742,M3.2,1
1016,20260924,8,20260924T16:00:00,20260924T17:00:00,3600,HLS_20260924_lev1_V111.zip,AL1_SLX_L1_20260924_v1.0.zip,0.6734707951545715,0.40265339612960815,9.169278144836426,C1.5,0
1017,20260924,9,20260924T18:00:00,20260924T19:00:00,3600,HLS_20260924_lev1_V111.zip,AL1_SLX_L1_20260924_v1.0.zip,0.7736803889274597,0.4016101360321045,9.868799209594727,C2.0,0
1018,20260924,10,20260924T20:00:00,20260924T21:00:00,3600,HLS_20260924_lev1_V111.zip,AL1_SLX_L1_20260924_v1.0.zip,0.7031222581863403,0.39769020676612854,8.817742347717285,C1.3,0
1019,20260924,11,20260924T22:00:00,20260924T23:00:00,3600,HLS_20260924_lev1_V111.zip,AL1_SLX_L1_20260924_v1.0.zip,0.7072229385375977,0.4041357934474945,8.865371704101562,C3.3,0
1020,20260925,0,20260925T00:00:00,20260925T01:00:00,3600,HLS_20260925_lev1_V111.zip,AL1_SLX_L1_20260925_v1.0.zip,7.36828088760376,0.6117004156112671,64.2011947631836,M1.0,1
1021,20260925,1,20260925T02:00:00,20260925T03:00:00,3600,HLS_20260925_lev1_V111.zip,AL1_SLX_L1_20260925_v1.0.zip,0.7406368851661682,0.39848753809928894,9.115171432495117,C1.8,0
1022,20260925,2,20260925T04:00:00,20260925T05:00:00,3600,HLS_20260925_lev1_V111.zip,AL1_SLX_L1_20260925_v1.0.zip,0.6865031719207764,0.4013451039791107,8.482474327087402,C3.3,0
1023,20260925,3,20260925T06:00:00,20260925T07:00:00,3600,HLS_20260925_lev1_V111.zip,AL1_SLX_L1_20260925_v1.0.zip,7.386445045471191,0.5991032123565674,60.52710723876953,M1.3,1
1024,20260925,4,20260925T08:00:00,20260925T09:00:00,3600,HLS_20260925_lev1_V111.zip,AL1_SLX_L1_20260925_v1.0.zip,0.7669452428817749,0.40203094482421875,9.938704490661621,C4.6,0
1025,20260925,5,20260925T10:00:00,20260925T11:00:00,3600,HLS_20260925_lev1_V111.zip,AL1_SLX_L1_20260925_v1.0.zip,7.413121223449707,0.6099956631660461,62.56652069091797,M8.3,1
1026,20260925,6,20260925T12:00:00,20260925T13:00:00,3600,HLS_20260925_lev1_V111.zip,AL1_SLX_L1_20260925_v1.0.zip,0.7400007843971252,0.3951917886734009,8.874961853027344,C1.0,0
1027,20260925,7,20260925T14:00:00,20260925T15:00:00,3600,HLS_20260925_lev1_V111.zip,AL1_SLX_L1_20260925_v1.0.zip,7.434685707092285,0.5970507860183716,63.53584671020508,M2.0,1
1028,20260925,8,20260925T16:00:00,20260925T17:00:00,3600,HLS_20260925_lev1_V111.zip,AL1_SLX_L1_20260925_v1.0.zip,0.6834748983383179,0.39825043082237244,8.65780258178711,C4.8,0
1029,20260925,9,20260925T18:00:00,20260925T19:00:00,3600,HLS_20260925_lev1_V111.zip,AL1_SLX_L1_20260925_v1.0.zip,0.6991197466850281,0.39568203687667847,8.502809524536133,C3.8,0
1030,20260925,10,20260925T20:00:00,20260925T21:00:00,3600,HLS_20260925_lev1_V111.zip,AL1_SLX_L1_20260925_v1.0.zip,7.419485092163086,0.601662814617157,64.32367706298828,M7.2,1
1031,20260925,11,20260925T22:00:00,20260925T23:00:00,3600,HLS_20260925_lev1_V111.zip,AL1_SLX_L1_20260925_v1.0.zip,0.727716863155365,0.397483229637146,9.551616668701172,C4.7,0
1032,20260926,0,20260926T00:00:00,20260926T01:00:00,3600,HLS_20260926_lev1_V111.zip,AL1_SLX_L1_20260926_v1.0.zip,0.7420241236686707,0.4028322696685791,8.780662536621094,C1.3,0
1033,20260926,1,20260926T02:00:00,20260926T03:00:00,3600,HLS_20260926_lev1_V111.zip,AL1_SLX_L1_20260926_v1.0.zip,0.7243202328681946,0.39805057644844055,8.836586952209473,C4.3,0
1034,20260926,2,20260926T04:00:00,20260926T05:00:00,3600,HLS_20260926_lev1_V111.zip,AL1_SLX_L1_20260926_v1.0.zip,0.6894539594650269,0.39166581630706787,8.489477157592773,C2.4,0
1035,20260926,3,20260926T06:00:00,20260926T07:00:00,3600,HLS_20260926_lev1_V111.zip,AL1_SLX_L1_20260926_v1.0.zip,7.331233024597168,0.6072304248809814,66.90826416015625,M4.4,1
1036,20260926,4,20260926T08:00:00,20260926T09:00:00,3600,HLS_20260926_lev1_V111.zip,AL1_SLX_L1_20260926_v1.0.zip,0.7088074088096619,0.3966354429721832,9.026947975158691,C1.3,0
1037,20260926,5,20260926T10:00:00,20260926T11:00:00,3600,HLS_20260926_lev1_V111.zip,AL1_SLX_L1_20260926_v1.0.zip,0.78895503282547,0.3993891775608063,9.634625434875488,C1.0,0
1038,20260926,6,20260926T12:00:00,20260926T13:00:00,3600,HLS_20260926_lev1_V111.zip,AL1_SLX_L1_20260926_v1.0.zip,0.7174274325370789,0.39888831973075867,9.334709167480469,C2.0,0
1039,20260926,7,20260926T14:00:00,20260926T15:00:00,3600,HLS_20260926_lev1_V111.zip,AL1_SLX_L1_20260926_v1.0.zip,0.6887176036834717,0.3977928161621094,8.254289627075195,C2.6,0
1040,20260926,8,20260926T16:00:00,20260926T17:00:00,3600,HLS_20260926_lev1_V111.zip,AL1_SLX_L1_20260926_v1.0.zip,7.378024578094482,0.6047804355621338,60.91990280151367,M8.2,1
1041,20260926,9,20260926T18:00:00,20260926T19:00:00,3600,HLS_20260926_lev1_V111.zip,AL1_SLX_L1_20260926_v1.0.zip,0.7483084201812744,0.4005911350250244,9.339308738708496,C1.7,0
1042,20260926,10,20260926T20:00:00,20260926T21:00:00,3600,HLS_20260926_lev1_V111.zip,AL1_SLX_L1_20260926_v1.0.zip,0.6966133713722229,0.40470296144485474,8.995722770690918,C4.1,0
1043,20260926,11,20260926T22:00:00,20260926T23:00:00,3600,HLS_20260926_lev1_V111.zip,AL1_SLX_L1_20260926_v1.0.zip,0.7066962718963623,0.40003854036331177,9.007417678833008,C3.0,0
1044,20260927,0,20260927T00:00:00,20260927T01:00:00,3600,HLS_20260927_lev1_V111.zip,AL1_SLX_L1_20260927_v1.0.zip,0.6880523562431335,0.40153494477272034,8.38145923614502,C1.4,0
1045,20260927,1,20260927T02:00:00,20260927T03:00:00,3600,HLS_20260927_lev1_V111.zip,AL1_SLX_L1_20260927_v1.0.zip,7.403993606567383,0.5920079946517944,64.69477844238281,M4.3,1
1046,20260927,2,20260927T04:00:00,20260927T05:00:00,3600,HLS_20260927_lev1_V111.zip,AL1_SLX_L1_20260927_v1.0.zip,0.7363061904907227,0.39508765935897827,9.351531982421875,C3.0,0
1047,20260927,3,20260927T06:00:00,20260927T07:00:00,3600,HLS_20260927_lev1_V111.zip,AL1_SLX_L1_20260927_v1.0.zip,7.384495258331299,0.6015746593475342,59.121788024902344,M1.1,1
1048,20260927,4,20260927T08:00:00,20260927T09:00:00,3600,HLS_20260927_lev1_V111.zip,AL1_SLX_L1_20260927_v1.0.zip,0.6782670021057129,0.40599098801612854,8.670852661132812,C2.5,0
1049,20260927,5,20260927T10:00:00,20260927T11:00:00,3600,HLS_20260927_lev1_V111.zip,AL1_SLX_L1_20260927_v1.0.zip,0.7687201499938965,0.3984683156013489,9.405303001403809,C3.5,0
1050,20260927,6,20260927T12:00:00,20260927T13:00:00,3600,HLS_20260927_lev1_V111.zip,AL1_SLX_L1_20260927_v1.0.zip,7.325553894042969,0.5947429537773132,62.3190803527832,M4.4,1
1051,20260927,7,20260927T14:00:00,20260927T15:00:00,3600,HLS_20260927_lev1_V111.zip,AL1_SLX_L1_20260927_v1.0.zip,7.3979034423828125,0.5929456949234009,61.37584686279297,M4.8,1
1052,20260927,8,20260927T16:00:00,20260927T17:00:00,3600,HLS_20260927_lev1_V111.zip,AL1_SLX_L1_20260927_v1.0.zip,0.6968663334846497,0.3991463780403137,9.097095489501953,C3.7,0
1053,20260927,9,20260927T18:00:00,20260927T19:00:00,3600,HLS_20260927_lev1_V111.zip,AL1_SLX_L1_20260927_v1.0.zip,0.7508372664451599,0.3960645794868469,9.030673027038574,C4.7,0
1054,20260927,10,20260927T20:00:00,20260927T21:00:00,3600,HLS_20260927_lev1_V111.zip,AL1_SLX_L1_20260927_v1.0.zip,0.7042738795280457,0.3991239070892334,8.721030235290527,C4.2,0
1055,20260927,11,20260927T22:00:00,20260927T23:00:00,3600,HLS_20260927_lev1_V111.zip,AL1_SLX_L1_20260927_v1.0.zip,7.421736240386963,0.6123882532119751,64.00495147705078,M6.7,1
1056,20260928,0,20260928T00:00:00,20260928T01:00:00,3600,HLS_20260928_lev1_V111.zip,AL1_SLX_L1_20260928_v1.0.zip,0.7622469663619995,0.3969898521900177,8.996332168579102,C1.5,0
1057,20260928,1,20260928T02:00:00,20260928T03:00:00,3600,HLS_20260928_lev1_V111.zip,AL1_SLX_L1_20260928_v1.0.zip,0.7049142718315125,0.3955233693122864,9.120684623718262,C2.7,0
1058,20260928,2,20260928T04:00:00,20260928T05:00:00,3600,HLS_20260928_lev1_V111.zip,AL1_SLX_L1_20260928_v1.0.zip,0.7238678932189941,0.4033935070037842,8.839272499084473,C1.4,0
1059,20260928,3,20260928T06:00:00,20260928T07:00:00,3600,HLS_20260928_lev1_V111.zip,AL1_SLX_L1_20260928_v1.0.zip,0.7197051644325256,0.39643555879592896,8.860980033874512,C2.0,0
1060,20260928,4,20260928T08:00:00,20260928T09:00:00,3600,HLS_20260928_lev1_V111.zip,AL1_SLX_L1_20260928_v1.0.zip,7.372730731964111,0.6007369160652161,62.306297302246094,M4.6,1
1061,20260928,5,20260928T10:00:00,20260928T11:00:00,3600,HLS_20260928_lev1_V111.zip,AL1_SLX_L1_20260928_v1.0.zip,0.7095935344696045,0.40449756383895874,8.958564758300781,C4.5,0
1062,20260928,6,20260928T12:00:00,20260928T13:00:00,3600,HLS_20260928_lev1_V111.zip,AL1_SLX_L1_20260928_v1.0.zip,0.7526717185974121,0.39758723974227905,9.548584938049316,C2.3,0
1063,20260928,7,20260928T14:00:00,20260928T15:00:00,3600,HLS_20260928_lev1_V111.zip,AL1_SLX_L1_20260928_v1.0.zip,0.7365092635154724,0.399343878030777,8.780532836914062,C2.3,0
1064,20260928,8,20260928T16:00:00,20260928T17:00:00,3600,HLS_20260928_lev1_V111.zip,AL1_SLX_L1_20260928_v1.0.zip,0.7093859910964966,0.3991144299507141,9.059908866882324,C1.1,0
1065,20260928,9,20260928T18:00:00,20260928T19:00:00,3600,HLS_20260928_lev1_V111.zip,AL1_SLX_L1_20260928_v1.0.zip,7.402819633483887,0.6044702529907227,61.064231872558594,M2.4,1
1066,20260928,10,20260928T20:00:00,20260928T21:00:00,3600,HLS_20260928_lev1_V111.zip,AL1_SLX_L1_20260928_v1.0.zip,0.703444242477417,0.40254342555999756,8.59251880645752,C2.8,0
1067,20260928,11,20260928T22:00:00,20260928T23:00:00,3600,HLS_20260928_lev1_V111.zip,AL1_SLX_L1_20260928_v1.0.zip,0.6899098753929138,0.39566323161125183,8.09067440032959,C1.6,0
1068,20260929,0,20260929T00:00:00,20260929T01:00:00,3600,HLS_20260929_lev1_V111.zip,AL1_SLX_L1_20260929_v1.0.zip,0.7029799818992615,0.39846503734588623,8.419465065002441,C4.7,0
1069,20260929,1,20260929T02:00:00,20260929T03:00:00,3600,HLS_20260929_lev1_V111.zip,AL1_SLX_L1_20260929_v1.0.zip,0.7047685980796814,0.40850234031677246,9.288254737854004,C2.0,0
1070,20260929,2,20260929T04:00:00,20260929T05:00:00,3600,HLS_20260929_lev1_V111.zip,AL1_SLX_L1_20260929_v1.0.zip,7.365983486175537,0.5977214574813843,59.405391693115234,M1.4,1
1071,20260929,3,20260929T06:00:00,20260929T07:00:00,3600,HLS_20260929_lev1_V111.zip,AL1_SLX_L1_20260929_v1.0.zip,7.389217376708984,0.6026502847671509,60.091270446777344,M3.8,1
1072,20260929,4,20260929T08:00:00,20260929T09:00:00,3600,HLS_20260929_lev1_V111.zip,AL1_SLX_L1_20260929_v1.0.zip,0.7701504826545715,0.4008479416370392,10.22872543334961,C1.0,0
1073,20260929,5,20260929T10:00:00,20260929T11:00:00,3600,HLS_20260929_lev1_V111.zip,AL1_SLX_L1_20260929_v1.0.zip,0.7356580495834351,0.4026995003223419,9.338147163391113,C2.4,0
1074,20260929,6,20260929T12:00:00,20260929T13:00:00,3600,HLS_20260929_lev1_V111.zip,AL1_SLX_L1_20260929_v1.0.zip,0.691169023513794,0.3994199335575104,8.804168701171875,C3.5,0
1075,20260929,7,20260929T14:00:00,20260929T15:00:00,3600,HLS_20260929_lev1_V111.zip,AL1_SLX_L1_20260929_v1.0.zip,7.511370658874512,0.5976111888885498,62.27812576293945,M3.4,1
1076,20260929,8,20260929T16:00:00,20260929T17:00:00,3600,HLS_20260929_lev1_V111.zip,AL1_SLX_L1_20260929_v1.0.zip,0.7087163329124451,0.39471063017845154,9.021906852722168,C4.0,0
1077,20260929,9,20260929T18:00:00,20260929T19:00:00,3600,HLS_20260929_lev1_V111.zip,AL1_SLX_L1_20260929_v1.0.zip,0.6930245757102966,0.40337711572647095,9.194414138793945,C2.4,0
1078,20260929,10,20260929T20:00:00,20260929T21:00:00,3600,HLS_20260929_lev1_V111.zip,AL1_SLX_L1_20260929_v1.0.zip,0.7253623008728027,0.3976885974407196,8.92603874206543,C2.2,0
1079,20260929,11,20260929T22:00:00,20260929T23:00:00,3600,HLS_20260929_lev1_V111.zip,AL1_SLX_L1_20260929_v1.0.zip,0.7097975611686707,0.40227317810058594,8.706257820129395,C2.5,0
1080,20260930,0,20260930T00:00:00,20260930T01:00:00,3600,HLS_20260930_lev1_V111.zip,AL1_SLX_L1_20260930_v1.0.zip,7.445833683013916,0.6056360602378845,60.83555603027344,M1.7,1
1081,20260930,1,20260930T02:00:00,20260930T03:00:00,3600,HLS_20260930_lev1_V111.zip,AL1_SLX_L1_20260930_v1.0.zip,0.7015687227249146,0.40143316984176636,8.648431777954102,C3.6,0
1082,20260930,2,20260930T04:00:00,20260930T05:00:00,3600,HLS_20260930_lev1_V111.zip,AL1_SLX_L1_20260930_v1.0.zip,0.7263035774230957,0.40033164620399475,9.43207836151123,C4.4,0
1083,20260930,3,20260930T06:00:00,20260930T07:00:00,3600,HLS_20260930_lev1_V111.zip,AL1_SLX_L1_20260930_v1.0.zip,0.6882545948028564,0.40423014760017395,8.8977689743042,C2.2,0
1084,20260930,4,20260930T08:00:00,20260930T09:00:00,3600,HLS_20260930_lev1_V111.zip,AL1_SLX_L1_20260930_v1.0.zip,0.7445932626724243,0.4021405875682831,9.21102237701416,C3.0,0
1085,20260930,5,20260930T10:00:00,20260930T11:00:00,3600,HLS_20260930_lev1_V111.zip,AL1_SLX_L1_20260930_v1.0.zip,7.342162132263184,0.5978262424468994,63.62431335449219,M7.3,1
1086,20260930,6,20260930T12:00:00,20260930T13:00:00,3600,HLS_20260930_lev1_V111.zip,AL1_SLX_L1_20260930_v1.0.zip,0.6981576085090637,0.3991250693798065,8.864354133605957,C2.4,0
1087,20260930,7,20260930T14:00:00,20260930T15:00:00,3600,HLS_20260930_lev1_V111.zip,AL1_SLX_L1_20260930_v1.0.zip,0.6878114342689514,0.396840363740921,8.333745002746582,C2.2,0
1088,20260930,8,20260930T16:00:00,20260930T17:00:00,3600,HLS_20260930_lev1_V111.zip,AL1_SLX_L1_20260930_v1.0.zip,0.7390792965888977,0.39877647161483765,9.086671829223633,C4.5,0
1089,20260930,9,20260930T18:00:00,20260930T19:00:00,3600,HLS_20260930_lev1_V111.zip,AL1_SLX_L1_20260930_v1.0.zip,0.7488029599189758,0.41473934054374695,9.42358112335205,C2.6,0
1090,20260930,10,20260930T20:00:00,20260930T21:00:00,3600,HLS_20260930_lev1_V111.zip,AL1_SLX_L1_20260930_v1.0.zip,7.410086154937744,0.612270712852478,61.41046142578125,M5.5,1
1091,20260930,11,20260930T22:00:00,20260930T23:00:00,3600,HLS_20260930_lev1_V111.zip,AL1_SLX_L1_20260930_v1.0.zip,0.6940650343894958,0.39915671944618225,9.890260696411133,C1.8,0
