date,source_file,start_time,peak_time,end_time,duration_sec,peak_counts,background_counts,net_peak_counts,snr,event_count_merged,goes_class,goes_peak_time,match_time_difference_sec,event_id,binary_major_flare
20240514,AL1_SOLEXS_20240514_SDD2_L1.lc,1715649392.0,1715651272.0,1715651956.0,2564.0,1937.0,605.6,1331.4,53.514044226716415,1.0,X1.7,2024-05-14 02:09:00,-1268.0,,1
20240514,AL1_SOLEXS_20240514_SDD2_L1.lc,1715652309.0,1715652543.0,1715656424.0,4115.0,12413.0,1024.0,11389.0,360.4427884615405,1.0,X1.7,2024-05-14 02:09:00,3.0,,1
20240514,AL1_SOLEXS_20240514_SDD2_L1.lc,1715657216.0,1715657286.0,1715657656.0,440.0,390.0,240.0,150.0,7.009199659081234,3.0,UNMATCHED,,,,0
20240514,AL1_SOLEXS_20240514_SDD2_L1.lc,1715659651.0,1715659716.0,1715660078.0,427.0,247.0,166.0,81.0,7.20689127054966,2.0,UNMATCHED,,,,0
20240514,AL1_SOLEXS_20240514_SDD2_L1.lc,1715662313.0,1715662451.0,1715662498.0,185.0,258.0,172.0,86.0,6.9081756036014665,2.0,UNMATCHED,,,,0
20240514,AL1_SOLEXS_20240514_SDD2_L1.lc,1715673736.0,1715674530.0,1715674539.0,803.0,375.0,290.0,85.0,6.240955236161867,1.0,UNMATCHED,,,,0
20240514,AL1_SOLEXS_20240514_SDD2_L1.lc,1715681116.0,1715681343.0,1715681389.0,273.0,638.0,458.0,180.0,6.902307779906236,1.0,UNMATCHED,,,,0
20240514,AL1_SOLEXS_20240514_SDD2_L1.lc,1715690616.0,1715691322.0,1715693925.0,3309.0,10154.0,373.0,9781.0,506.21025435088336,1.0,X1.2,2024-05-14 12:55:00,22.0,,1
20240514,AL1_SOLEXS_20240514_SDD2_L1.lc,1715699982.0,1715700469.0,1715701599.0,1617.0,539.0,208.0,331.0,23.484525434349383,1.0,C9.6,2024-05-14 15:28:00,-11.0,,0
20240514,AL1_SOLEXS_20240514_SDD2_L1.lc,1715702747.0,1715702857.0,1715702983.0,236.0,276.0,176.0,100.0,7.0361969817110985,1.0,UNMATCHED,,,,0
20240514,AL1_SOLEXS_20240514_SDD2_L1.lc,1715705147.0,1715705372.0,1715707305.0,2158.0,29460.0,170.9,29289.1,2238.3720253512274,1.0,X8.7,2024-05-14 16:51:00,-88.0,,1
20240514,AL1_SOLEXS_20240514_SDD2_L1.lc,1715707751.0,1715708242.0,1715708795.0,1044.0,3121.0,1453.9,1667.1,41.49005928329301,2.0,M4.4,2024-05-14 17:38:00,-38.0,,1
20240514,AL1_SOLEXS_20240514_SDD2_L1.lc,1715708925.0,1715709119.0,1715713729.0,4804.0,2683.0,2349.9,333.0999999999999,9.356795256610804,4.0,M4.4,2024-05-14 17:38:00,839.0,,1
20240514,AL1_SOLEXS_20240514_SDD2_L1.lc,1715714618.0,1715714674.0,1715715113.0,495.0,704.0,502.0,202.0,7.12402364923801,1.0,UNMATCHED,,,,0
20240514,AL1_SOLEXS_20240514_SDD2_L1.lc,1715716536.0,1715716904.0,1715717864.0,1328.0,618.0,450.0,168.0,8.405206597268158,3.0,UNMATCHED,,,,0
20240514,AL1_SOLEXS_20240514_SDD2_L1.lc,1715727979.0,1715728279.0,1715728750.0,771.0,341.0,153.0,188.0,15.758377275927948,1.0,C7.2,2024-05-14 23:14:00,-161.0,,0
20240515,AL1_SOLEXS_20240515_SDD2_L1.lc,1715732214.0,1715732330.0,1715732560.0,346.0,255.0,169.0,86.0,7.94625826662037,1.0,UNMATCHED,,,,0
20240515,AL1_SOLEXS_20240515_SDD2_L1.lc,1715736255.0,1715736471.0,1715736638.0,383.0,218.0,122.0,96.0,7.437859751800849,1.0,UNMATCHED,,,,0
20240515,AL1_SOLEXS_20240515_SDD2_L1.lc,1715737885.0,1715738118.0,1715738264.0,379.0,251.0,150.0,101.0,8.578534258458589,1.0,UNMATCHED,,,,0
20240515,AL1_SOLEXS_20240515_SDD2_L1.lc,1715746866.0,1715747125.0,1715747493.0,627.0,270.0,113.0,157.0,13.44464643796208,1.0,C5.5,2024-05-15 04:25:00,25.0,,0
20240515,AL1_SOLEXS_20240515_SDD2_L1.lc,1715748552.0,1715748885.0,1715749764.0,1212.0,386.0,177.0,209.0,14.126047723374937,2.0,C5.5,2024-05-15 04:25:00,1785.0,,0
20240515,AL1_SOLEXS_20240515_SDD2_L1.lc,1715753856.0,1715753892.0,1715753937.0,81.0,145.0,82.0,63.0,8.075292851969161,1.0,C5.7,2024-05-15 06:25:00,-408.0,,0
20240515,AL1_SOLEXS_20240515_SDD2_L1.lc,1715754105.0,1715754285.0,1715754616.0,511.0,266.0,87.0,179.0,18.92380498935472,1.0,C5.7,2024-05-15 06:25:00,-15.0,,0
20240515,AL1_SOLEXS_20240515_SDD2_L1.lc,1715757200.0,1715758812.0,1715759207.0,2007.0,560.0,304.0,256.0,14.029914014453148,1.0,C9.9,2024-05-15 07:42:00,-108.0,,0
20240515,AL1_SOLEXS_20240515_SDD2_L1.lc,1715760951.0,1715761008.0,1715761034.0,83.0,596.0,432.0,164.0,7.820440162118332,1.0,C9.9,2024-05-15 08:16:00,48.0,,0
20240515,AL1_SOLEXS_20240515_SDD2_L1.lc,1715761283.0,1715762159.0,1715766050.0,4767.0,19823.0,822.5,19000.5,658.6524577110105,1.0,X3.4,2024-05-15 08:37:00,-61.0,,1
20240515,AL1_SOLEXS_20240515_SDD2_L1.lc,1715766885.0,1715768774.0,1715768899.0,2014.0,2550.0,2143.0,407.0,7.872596124216818,1.0,UNMATCHED,,,,0
20240515,AL1_SOLEXS_20240515_SDD2_L1.lc,1715769694.0,1715769698.0,1715769770.0,76.0,2464.0,2190.0,274.0,5.6472328756527785,1.0,UNMATCHED,,,,0
20240515,AL1_SOLEXS_20240515_SDD2_L1.lc,1715770121.0,1715770137.0,1715770351.0,230.0,2281.0,2044.9,236.0999999999999,6.108129969858331,2.0,UNMATCHED,,,,0
20240515,AL1_SOLEXS_20240515_SDD2_L1.lc,1715771019.0,1715771040.0,1715772917.0,1898.0,2040.0,1775.8,264.20000000000005,6.29342220031395,3.0,UNMATCHED,,,,0
20240515,AL1_SOLEXS_20240515_SDD2_L1.lc,1715781490.0,1715783905.0,1715789148.0,7658.0,16919.0,6449.0,10470.0,129.73437544447816,3.0,X2.9,2024-05-15 14:38:00,25.0,,1
20240515,AL1_SOLEXS_20240515_SDD2_L1.lc,1715796779.0,1715797375.0,1715797382.0,603.0,348.0,281.0,67.0,6.089236746749388,2.0,UNMATCHED,,,,0
20240515,AL1_SOLEXS_20240515_SDD2_L1.lc,1715797966.0,1715797973.0,1715798082.0,116.0,374.0,276.0,98.0,6.139351667954209,1.0,UNMATCHED,,,,0
20240515,AL1_SOLEXS_20240515_SDD2_L1.lc,1715798229.0,1715798263.0,1715798362.0,133.0,364.0,244.9,119.1,6.77957499817639,1.0,UNMATCHED,,,,0
20240515,AL1_SOLEXS_20240515_SDD2_L1.lc,1715803994.0,1715804076.0,1715804233.0,239.0,196.0,110.0,86.0,8.306341733369052,1.0,UNMATCHED,,,,0
20240515,AL1_SOLEXS_20240515_SDD2_L1.lc,1715805418.0,1715805603.0,1715805770.0,352.0,204.0,119.0,85.0,8.159861010651218,1.0,UNMATCHED,,,,0
20240516,AL1_SOLEXS_20240516_SDD2_L1.lc,1715835837.0,1715835987.0,1715836157.0,320.0,137.0,50.0,87.0,14.721131293973228,1.0,C4.0,2024-05-16 05:06:00,27.0,,0
20240516,AL1_SOLEXS_20240516_SDD2_L1.lc,1715839836.0,1715840060.0,1715840559.0,723.0,158.0,56.0,102.0,14.68812156513918,1.0,C4.3,2024-05-16 06:15:00,-40.0,,0
20240516,AL1_SOLEXS_20240516_SDD2_L1.lc,1715840917.0,1715841181.0,1715841664.0,747.0,200.0,95.0,105.0,10.644084371465263,1.0,C4.3,2024-05-16 06:15:00,1081.0,,0
20240516,AL1_SOLEXS_20240516_SDD2_L1.lc,1715846017.0,1715846663.0,1715847197.0,1180.0,550.0,51.0,499.0,73.93897026860449,1.0,M1.0,2024-05-16 08:04:00,23.0,,1
20240516,AL1_SOLEXS_20240516_SDD2_L1.lc,1715863841.0,1715863938.0,1715864326.0,485.0,114.0,43.0,71.0,11.529167932656923,1.0,C3.3,2024-05-16 12:52:00,18.0,,0
20240516,AL1_SOLEXS_20240516_SDD2_L1.lc,1715870790.0,1715871133.0,1715871467.0,677.0,137.0,43.0,94.0,13.310434038795332,1.0,C3.6,2024-05-16 14:51:00,73.0,,0
20240516,AL1_SOLEXS_20240516_SDD2_L1.lc,1715875818.0,1715876407.0,1715876539.0,721.0,53.0,0.0,53.0,44.990950226244586,1.0,C4.5,2024-05-16 16:40:00,-1193.0,,0
20240517,AL1_SOLEXS_20240517_SDD2_L1.lc,1715905709.0,1715905742.0,1715906449.0,740.0,82.0,0.0,82.0,95.634389140272,1.0,UNMATCHED,,,,0
20240517,AL1_SOLEXS_20240517_SDD2_L1.lc,1715907941.0,1715907999.0,1715908095.0,154.0,93.0,39.0,54.0,8.026260683079135,1.0,UNMATCHED,,,,0
20240517,AL1_SOLEXS_20240517_SDD2_L1.lc,1715909837.0,1715910360.0,1715911417.0,1580.0,474.0,85.0,389.0,40.83347773767985,1.0,C8.7,2024-05-17 01:46:00,0.0,,0
20240517,AL1_SOLEXS_20240517_SDD2_L1.lc,1715912942.0,1715913426.0,1715913666.0,724.0,155.0,66.0,89.0,9.358852139935513,1.0,UNMATCHED,,,,0
20240517,AL1_SOLEXS_20240517_SDD2_L1.lc,1715914019.0,1715914033.0,1715914170.0,151.0,125.0,66.0,59.0,6.43567817668144,2.0,UNMATCHED,,,,0
20240517,AL1_SOLEXS_20240517_SDD2_L1.lc,1715922379.0,1715922500.0,1715922710.0,331.0,124.0,25.0,99.0,18.071493212669804,1.0,C3.1,2024-05-17 05:08:00,20.0,,0
20240517,AL1_SOLEXS_20240517_SDD2_L1.lc,1715930414.0,1715930450.0,1715930646.0,232.0,72.0,32.0,40.0,7.384786453925911,1.0,C2.5,2024-05-17 07:21:00,-10.0,,0
20240517,AL1_SOLEXS_20240517_SDD2_L1.lc,1715947606.0,1715948528.0,1715948558.0,952.0,150.0,77.0,73.0,7.543677255402734,2.0,C3.7,2024-05-17 12:21:00,68.0,,0
20240517,AL1_SOLEXS_20240517_SDD2_L1.lc,1715949848.0,1715950065.0,1715950351.0,503.0,201.0,67.0,134.0,16.063347122649525,1.0,C4.8,2024-05-17 12:47:00,45.0,,0
20240517,AL1_SOLEXS_20240517_SDD2_L1.lc,1715950885.0,1715951008.0,1715951316.0,431.0,164.0,52.0,112.0,10.922824949922958,1.0,C4.8,2024-05-17 12:47:00,988.0,,0
20240517,AL1_SOLEXS_20240517_SDD2_L1.lc,1715952299.0,1715952404.0,1715952595.0,296.0,88.0,43.0,45.0,8.266250558562993,1.0,C3.1,2024-05-17 13:27:00,-16.0,,0
20240517,AL1_SOLEXS_20240517_SDD2_L1.lc,1715954073.0,1715954104.0,1715954240.0,167.0,81.0,37.0,44.0,7.3902180058091345,1.0,C3.1,2024-05-17 13:27:00,1684.0,,0
20240517,AL1_SOLEXS_20240517_SDD2_L1.lc,1715975701.0,1715975810.0,1715975999.0,298.0,98.0,26.0,72.0,13.156819198125634,1.0,C2.8,2024-05-17 19:56:00,50.0,,0
20240517,AL1_SOLEXS_20240517_SDD2_L1.lc,1715976853.0,1715976898.0,1715977018.0,165.0,81.0,26.0,55.0,11.553103906624605,1.0,C2.7,2024-05-17 20:15:00,-2.0,,0
20240517,AL1_SOLEXS_20240517_SDD2_L1.lc,1715978331.0,1715980094.0,1715984982.0,6651.0,5215.0,1273.3,3941.7,110.8042541941601,4.0,M7.2,2024-05-17 21:08:00,14.0,,1
20240517,AL1_SOLEXS_20240517_SDD2_L1.lc,1715985173.0,1715985352.0,1715985494.0,321.0,424.0,307.0,117.0,6.187747773341841,2.0,UNMATCHED,,,,0
20240517,AL1_SOLEXS_20240517_SDD2_L1.lc,1715988547.0,1715988590.0,1715988724.0,177.0,213.0,124.0,89.0,7.950094599759029,1.0,UNMATCHED,,,,0
20240518,AL1_SOLEXS_20240518_SDD2_L1.lc,1716002743.0,1716003092.0,1716003474.0,731.0,137.0,46.0,91.0,13.157159754398103,1.0,C3.8,2024-05-18 03:33:00,-88.0,,0
20240518,AL1_SOLEXS_20240518_SDD2_L1.lc,1716005933.0,1716005999.0,1716006135.0,202.0,116.0,57.0,59.0,7.750132495782656,1.0,UNMATCHED,,,,0
20240518,AL1_SOLEXS_20240518_SDD2_L1.lc,1716008887.0,1716009066.0,1716009150.0,263.0,64.0,37.0,27.0,7.476211322245783,1.0,C7.2,2024-05-18 05:38:00,-1614.0,,0
20240518,AL1_SOLEXS_20240518_SDD2_L1.lc,1716010456.0,1716010656.0,1716011386.0,930.0,379.0,36.0,343.0,54.30060331825069,1.0,C7.2,2024-05-18 05:38:00,-24.0,,0
20240518,AL1_SOLEXS_20240518_SDD2_L1.lc,1716016811.0,1716016895.0,1716016958.0,147.0,47.0,21.0,26.0,7.087638081963653,1.0,UNMATCHED,,,,0
20240518,AL1_SOLEXS_20240518_SDD2_L1.lc,1716029545.0,1716029623.0,1716029634.0,89.0,51.0,18.0,33.0,7.106263172015092,1.0,UNMATCHED,,,,0
20240518,AL1_SOLEXS_20240518_SDD2_L1.lc,1716059631.0,1716059815.0,1716060017.0,386.0,53.0,22.0,31.0,8.085420108233741,1.0,C4.1,2024-05-18 19:38:00,-1265.0,,0
20240518,AL1_SOLEXS_20240518_SDD2_L1.lc,1716060951.0,1716061105.0,1716061302.0,351.0,174.0,31.0,143.0,29.02242888144349,1.0,C4.1,2024-05-18 19:38:00,25.0,,0
20240518,AL1_SOLEXS_20240518_SDD2_L1.lc,1716063271.0,1716063361.0,1716063787.0,516.0,161.0,20.0,141.0,35.918536645994344,1.0,C3.9,2024-05-18 20:16:00,1.0,,0
20240518,AL1_SOLEXS_20240518_SDD2_L1.lc,1716068201.0,1716068223.0,1716068265.0,64.0,49.0,16.0,33.0,7.188687782805488,1.0,UNMATCHED,,,,0
20240519,AL1_SOLEXS_20240519_SDD2_L1.lc,1716090721.0,1716090826.0,1716090841.0,120.0,57.0,26.0,31.0,6.392321121513161,1.0,UNMATCHED,,,,0
20240519,AL1_SOLEXS_20240519_SDD2_L1.lc,1716104324.0,1716104902.0,1716104942.0,618.0,96.0,43.0,53.0,7.402322006271492,1.0,UNMATCHED,,,,0
20240519,AL1_SOLEXS_20240519_SDD2_L1.lc,1716108728.0,1716108921.0,1716108937.0,209.0,73.0,32.0,41.0,7.446218355277864,1.0,C2.5,2024-05-19 08:54:00,81.0,,0
20240519,AL1_SOLEXS_20240519_SDD2_L1.lc,1716109194.0,1716109220.0,1716109333.0,139.0,48.0,32.0,16.0,7.120021358255379,1.0,C2.5,2024-05-19 08:54:00,380.0,,0
20240519,AL1_SOLEXS_20240519_SDD2_L1.lc,1716112660.0,1716112985.0,1716113206.0,546.0,73.0,25.0,48.0,9.027330316742155,1.0,C2.4,2024-05-19 10:04:00,-55.0,,0
20240519,AL1_SOLEXS_20240519_SDD2_L1.lc,1716122056.0,1716122112.0,1716122253.0,197.0,67.0,22.0,45.0,11.438363138847151,1.0,C2.4,2024-05-19 12:35:00,12.0,,0
20240519,AL1_SOLEXS_20240519_SDD2_L1.lc,1716124662.0,1716124769.0,1716124893.0,231.0,63.0,19.0,44.0,12.068928529981644,1.0,C2.3,2024-05-19 13:19:00,29.0,,0
20240519,AL1_SOLEXS_20240519_SDD2_L1.lc,1716126083.0,1716126261.0,1716126709.0,626.0,1333.0,21.90000000000001,1311.1,273.89316339655886,1.0,M1.9,2024-05-19 13:44:00,21.0,,1
20240519,AL1_SOLEXS_20240519_SDD2_L1.lc,1716141246.0,1716141358.0,1716141925.0,679.0,2017.0,55.0,1962.0,261.5461049794431,1.0,M2.5,2024-05-19 17:56:00,-2.0,,1
20240519,AL1_SOLEXS_20240519_SDD2_L1.lc,1716155182.0,1716155213.0,1716155367.0,185.0,55.0,39.0,16.0,7.640503990383077,1.0,M1.6,2024-05-19 21:59:00,-727.0,,1
20240519,AL1_SOLEXS_20240519_SDD2_L1.lc,1716155673.0,1716155984.0,1716156646.0,973.0,1047.0,66.0,981.0,118.20024728936822,1.0,M1.6,2024-05-19 21:59:00,44.0,,1
20240520,AL1_SOLEXS_20240520_SDD2_L1.lc,1716183420.0,1716184435.0,1716186036.0,2616.0,289.0,59.0,230.0,33.69795633665389,1.0,C6.7,2024-05-20 05:54:00,-5.0,,0
20240520,AL1_SOLEXS_20240520_SDD2_L1.lc,1716198962.0,1716199037.0,1716199139.0,177.0,64.0,20.0,44.0,6.907122920905068,2.0,UNMATCHED,,,,0
20240520,AL1_SOLEXS_20240520_SDD2_L1.lc,1716201286.0,1716201342.0,1716201502.0,216.0,114.0,28.0,86.0,13.567214334547154,1.0,C2.8,2024-05-20 10:36:00,-18.0,,0
20240520,AL1_SOLEXS_20240520_SDD2_L1.lc,1716209340.0,1716209467.0,1716209643.0,303.0,45.0,13.0,32.0,15.276092010253448,1.0,C2.1,2024-05-20 12:51:00,7.0,,0
20240520,AL1_SOLEXS_20240520_SDD2_L1.lc,1716210676.0,1716210695.0,1716210768.0,92.0,33.0,15.0,18.0,7.598290947328736,1.0,C2.1,2024-05-20 12:51:00,1235.0,,0
20240521,AL1_SOLEXS_20240521_SDD2_L1.lc,1716270936.0,1716272171.0,1716272496.0,1560.0,151.0,81.0,70.0,11.396581196581302,1.0,C4.3,2024-05-21 06:16:00,11.0,,0
20240521,AL1_SOLEXS_20240521_SDD2_L1.lc,1716272837.0,1716272844.0,1716273435.0,598.0,102.0,55.0,47.0,7.71741887790681,2.0,C4.3,2024-05-21 06:16:00,684.0,,0
20240521,AL1_SOLEXS_20240521_SDD2_L1.lc,1716275373.0,1716275524.0,1716275633.0,260.0,58.0,27.0,31.0,7.36082406546925,1.0,C4.8,2024-05-21 07:32:00,-1196.0,,0
20240521,AL1_SOLEXS_20240521_SDD2_L1.lc,1716276423.0,1716276657.0,1716277256.0,833.0,211.0,38.0,173.0,27.929684097090963,1.0,C4.8,2024-05-21 07:32:00,-63.0,,0
20240521,AL1_SOLEXS_20240521_SDD2_L1.lc,1716286759.0,1716287032.0,1716287156.0,397.0,66.0,27.0,39.0,9.04654752112126,1.0,UNMATCHED,,,,0
20240521,AL1_SOLEXS_20240521_SDD2_L1.lc,1716293234.0,1716293447.0,1716293485.0,251.0,61.0,23.0,38.0,7.464438621588942,2.0,C1.9,2024-05-21 12:08:00,167.0,,0
20240521,AL1_SOLEXS_20240521_SDD2_L1.lc,1716293694.0,1716293736.0,1716293857.0,163.0,49.0,22.0,27.0,6.889759620219512,2.0,C1.9,2024-05-21 12:08:00,456.0,,0
20240521,AL1_SOLEXS_20240521_SDD2_L1.lc,1716298339.0,1716298566.0,1716299050.0,711.0,390.0,24.0,366.0,74.34404569853554,1.0,C7.0,2024-05-21 13:36:00,6.0,,0
20240521,AL1_SOLEXS_20240521_SDD2_L1.lc,1716299413.0,1716299435.0,1716299501.0,88.0,63.0,25.0,38.0,9.870769230769309,1.0,C7.0,2024-05-21 13:36:00,875.0,,0
20240521,AL1_SOLEXS_20240521_SDD2_L1.lc,1716300291.0,1716300655.0,1716301786.0,1495.0,296.0,26.0,270.0,58.12793505163168,1.0,C6.6,2024-05-21 14:13:00,-125.0,,0
20240521,AL1_SOLEXS_20240521_SDD2_L1.lc,1716307170.0,1716307482.0,1716308382.0,1212.0,376.0,33.0,343.0,57.9988940922733,1.0,C6.9,2024-05-21 16:05:00,-18.0,,0
20240521,AL1_SOLEXS_20240521_SDD2_L1.lc,1716312727.0,1716312759.0,1716312820.0,93.0,68.0,25.0,43.0,8.087963800905047,1.0,UNMATCHED,,,,0
20240521,AL1_SOLEXS_20240521_SDD2_L1.lc,1716319518.0,1716319881.0,1716320928.0,1410.0,1328.0,27.0,1301.0,245.33467773573776,1.0,M1.9,2024-05-21 19:31:00,21.0,,1
20240521,AL1_SOLEXS_20240521_SDD2_L1.lc,1716330772.0,1716331176.0,1716331597.0,825.0,153.0,56.0,97.0,13.638909558427772,1.0,C3.9,2024-05-21 22:40:00,-24.0,,0
20240522,AL1_SOLEXS_20240522_SDD2_L1.lc,1716347295.0,1716347618.0,1716348448.0,1153.0,941.0,30.0,911.0,170.55997827957194,1.0,M1.5,2024-05-22 03:13:00,38.0,,1
20240522,AL1_SOLEXS_20240522_SDD2_L1.lc,1716349441.0,1716350670.0,1716353320.0,3879.0,1413.0,601.0,812.0,32.38568375036148,1.0,M2.3,2024-05-22 04:04:00,30.0,,1
20240522,AL1_SOLEXS_20240522_SDD2_L1.lc,1716361000.0,1716361507.0,1716361870.0,870.0,109.0,54.0,55.0,9.88835240859901,1.0,C3.5,2024-05-22 07:04:00,67.0,,0
20240522,AL1_SOLEXS_20240522_SDD2_L1.lc,1716375579.0,1716375586.0,1716375641.0,62.0,90.0,60.0,30.0,6.060313488219414,1.0,UNMATCHED,,,,0
20240522,AL1_SOLEXS_20240522_SDD2_L1.lc,1716377713.0,1716378341.0,1716378497.0,784.0,130.0,64.0,66.0,7.60271493212678,1.0,C3.6,2024-05-22 11:45:00,41.0,,0
20240522,AL1_SOLEXS_20240522_SDD2_L1.lc,1716385692.0,1716386649.0,1716387405.0,1713.0,784.0,139.9,644.1,51.77662108552396,1.0,M1.2,2024-05-22 14:05:00,-51.0,,1
20240522,AL1_SOLEXS_20240522_SDD2_L1.lc,1716389413.0,1716389421.0,1716390111.0,698.0,215.0,145.0,70.0,7.711027937251524,3.0,UNMATCHED,,,,0
20240522,AL1_SOLEXS_20240522_SDD2_L1.lc,1716394121.0,1716394230.0,1716394423.0,302.0,97.0,37.0,60.0,12.301507571363144,1.0,C3.1,2024-05-22 16:10:00,30.0,,0
20240522,AL1_SOLEXS_20240522_SDD2_L1.lc,1716399429.0,1716399531.0,1716399608.0,179.0,123.0,74.0,49.0,7.630263563881726,1.0,UNMATCHED,,,,0
20240522,AL1_SOLEXS_20240522_SDD2_L1.lc,1716403348.0,1716404242.0,1716405250.0,1902.0,401.0,100.0,301.0,29.036018099547714,1.0,C7.3,2024-05-22 18:57:00,22.0,,0
20240522,AL1_SOLEXS_20240522_SDD2_L1.lc,1716409012.0,1716409194.0,1716409443.0,431.0,200.0,107.0,93.0,7.6021357899669635,2.0,UNMATCHED,,,,0
20240522,AL1_SOLEXS_20240522_SDD2_L1.lc,1716411150.0,1716411664.0,1716411906.0,756.0,396.0,205.0,191.0,13.341914840047338,1.0,UNMATCHED,,,,0
20240522,AL1_SOLEXS_20240522_SDD2_L1.lc,1716414724.0,1716414787.0,1716414910.0,186.0,189.0,140.0,49.0,7.025947058245917,1.0,UNMATCHED,,,,0
20240523,AL1_SOLEXS_20240523_SDD2_L1.lc,1716425424.0,1716425896.0,1716425961.0,537.0,123.0,62.0,61.0,6.886854850659278,2.0,UNMATCHED,,,,0
20240523,AL1_SOLEXS_20240523_SDD2_L1.lc,1716427439.0,1716427492.0,1716427939.0,500.0,132.0,82.0,50.0,7.137574291643109,1.0,C8.5,2024-05-23 01:51:00,-1568.0,,0
20240523,AL1_SOLEXS_20240523_SDD2_L1.lc,1716428903.0,1716429060.0,1716429656.0,753.0,418.0,67.0,351.0,46.36601286750475,1.0,C8.5,2024-05-23 01:51:00,0.0,,0
20240523,AL1_SOLEXS_20240523_SDD2_L1.lc,1716430107.0,1716430546.0,1716432720.0,2613.0,3109.0,213.0,2896.0,196.3720458431978,1.0,M4.2,2024-05-23 02:16:00,-14.0,,1
20240523,AL1_SOLEXS_20240523_SDD2_L1.lc,1716437105.0,1716438647.0,1716440983.0,3878.0,998.0,706.0,292.0,11.956643963300262,1.0,M1.7,2024-05-23 04:29:00,107.0,,1
20240523,AL1_SOLEXS_20240523_SDD2_L1.lc,1716441338.0,1716441347.0,1716441401.0,63.0,288.0,204.0,84.0,6.084945617634226,1.0,UNMATCHED,,,,0
20240523,AL1_SOLEXS_20240523_SDD2_L1.lc,1716441553.0,1716441777.0,1716441999.0,446.0,277.0,165.0,112.0,9.342903211049173,1.0,UNMATCHED,,,,0
20240523,AL1_SOLEXS_20240523_SDD2_L1.lc,1716444405.0,1716444486.0,1716444606.0,201.0,165.0,78.0,87.0,13.162387499273938,1.0,C4.7,2024-05-23 06:08:00,6.0,,0
20240523,AL1_SOLEXS_20240523_SDD2_L1.lc,1716446351.0,1716446551.0,1716447440.0,1089.0,566.0,72.0,494.0,58.66703918068985,1.0,C9.7,2024-05-23 06:42:00,31.0,,0
20240523,AL1_SOLEXS_20240523_SDD2_L1.lc,1716448613.0,1716448694.0,1716448842.0,229.0,216.0,115.0,101.0,11.13672348722706,1.0,UNMATCHED,,,,0
20240523,AL1_SOLEXS_20240523_SDD2_L1.lc,1716451518.0,1716451770.0,1716452338.0,820.0,254.0,52.0,202.0,28.473564258045688,1.0,C5.5,2024-05-23 08:09:00,30.0,,0
20240523,AL1_SOLEXS_20240523_SDD2_L1.lc,1716455660.0,1716456108.0,1716456455.0,795.0,478.0,69.0,409.0,48.41537698452834,1.0,C8.3,2024-05-23 09:21:00,48.0,,0
20240523,AL1_SOLEXS_20240523_SDD2_L1.lc,1716456781.0,1716456852.0,1716457053.0,272.0,457.0,167.0,290.0,24.59952543062725,1.0,C8.3,2024-05-23 09:21:00,792.0,,0
20240523,AL1_SOLEXS_20240523_SDD2_L1.lc,1716458402.0,1716458885.0,1716459299.0,897.0,521.0,215.0,306.0,22.910319166407227,1.0,M1.0,2024-05-23 10:08:00,5.0,,1
20240523,AL1_SOLEXS_20240523_SDD2_L1.lc,1716459562.0,1716459606.0,1716459942.0,380.0,311.0,207.0,104.0,7.804701076757819,2.0,M1.0,2024-05-23 10:08:00,726.0,,1
20240523,AL1_SOLEXS_20240523_SDD2_L1.lc,1716460716.0,1716460819.0,1716461325.0,609.0,380.0,102.0,278.0,29.69322552523962,1.0,C7.8,2024-05-23 10:40:00,19.0,,0
20240523,AL1_SOLEXS_20240523_SDD2_L1.lc,1716462519.0,1716462629.0,1716462902.0,383.0,300.0,71.9,228.1,27.10992809250872,1.0,C6.0,2024-05-23 11:10:00,29.0,,0
20240523,AL1_SOLEXS_20240523_SDD2_L1.lc,1716465717.0,1716466336.0,1716466459.0,742.0,152.0,65.0,87.0,12.53862080774033,1.0,C4.0,2024-05-23 12:07:00,316.0,,0
20240523,AL1_SOLEXS_20240523_SDD2_L1.lc,1716466991.0,1716467078.0,1716467169.0,178.0,174.0,108.0,66.0,7.661429363997572,1.0,C4.5,2024-05-23 12:24:00,38.0,,0
20240523,AL1_SOLEXS_20240523_SDD2_L1.lc,1716467494.0,1716467753.0,1716468147.0,653.0,289.0,130.0,159.0,12.7832992178746,2.0,C5.8,2024-05-23 12:36:00,-7.0,,0
20240523,AL1_SOLEXS_20240523_SDD2_L1.lc,1716468811.0,1716470424.0,1716473550.0,4739.0,1715.0,1098.0,617.0,18.171493768888947,1.0,M2.5,2024-05-23 13:20:00,24.0,,1
20240523,AL1_SOLEXS_20240523_SDD2_L1.lc,1716474487.0,1716474654.0,1716474918.0,431.0,266.0,130.0,136.0,11.57518156069158,2.0,UNMATCHED,,,,0
20240523,AL1_SOLEXS_20240523_SDD2_L1.lc,1716477413.0,1716477457.0,1716477520.0,107.0,165.0,99.0,66.0,7.220173474092583,1.0,UNMATCHED,,,,0
20240523,AL1_SOLEXS_20240523_SDD2_L1.lc,1716477929.0,1716478007.0,1716478245.0,316.0,175.0,102.0,73.0,7.60621485842317,1.0,C6.8,2024-05-23 15:48:00,-1273.0,,0
20240523,AL1_SOLEXS_20240523_SDD2_L1.lc,1716479239.0,1716479319.0,1716479460.0,221.0,313.0,133.0,180.0,18.53920350587812,1.0,C6.8,2024-05-23 15:48:00,39.0,,0
20240523,AL1_SOLEXS_20240523_SDD2_L1.lc,1716479718.0,1716479869.0,1716480438.0,720.0,619.0,113.0,506.0,47.12688044782861,1.0,M1.0,2024-05-23 15:58:00,-11.0,,1
20240523,AL1_SOLEXS_20240523_SDD2_L1.lc,1716481034.0,1716481444.0,1716481799.0,765.0,239.0,96.0,143.0,14.083457654603947,1.0,C5.6,2024-05-23 16:27:00,-176.0,,0
20240523,AL1_SOLEXS_20240523_SDD2_L1.lc,1716484144.0,1716484368.0,1716484952.0,808.0,234.0,90.0,144.0,16.311438361011046,1.0,UNMATCHED,,,,0
20240523,AL1_SOLEXS_20240523_SDD2_L1.lc,1716486111.0,1716486148.0,1716486232.0,121.0,133.0,60.0,73.0,7.2828443399453455,1.0,UNMATCHED,,,,0
20240523,AL1_SOLEXS_20240523_SDD2_L1.lc,1716493418.0,1716493556.0,1716494004.0,586.0,274.0,35.0,239.0,47.00572050339777,1.0,C6.0,2024-05-23 19:46:00,-4.0,,0
20240523,AL1_SOLEXS_20240523_SDD2_L1.lc,1716496184.0,1716496451.0,1716497148.0,964.0,382.0,39.0,343.0,50.48398706787454,1.0,C6.5,2024-05-23 20:34:00,11.0,,0
20240523,AL1_SOLEXS_20240523_SDD2_L1.lc,1716499254.0,1716499517.0,1716499852.0,598.0,150.0,39.0,111.0,19.78039173415452,1.0,C4.1,2024-05-23 21:25:00,17.0,,0
20240523,AL1_SOLEXS_20240523_SDD2_L1.lc,1716500197.0,1716500374.0,1716500740.0,543.0,175.0,55.0,120.0,15.17321873271811,1.0,C4.1,2024-05-23 21:39:00,34.0,,0
20240523,AL1_SOLEXS_20240523_SDD2_L1.lc,1716501609.0,1716501879.0,1716502160.0,551.0,118.0,50.0,68.0,12.72293071937311,1.0,C3.8,2024-05-23 22:05:00,-21.0,,0
20240523,AL1_SOLEXS_20240523_SDD2_L1.lc,1716502829.0,1716502886.0,1716503480.0,651.0,108.0,49.900000000000006,58.1,10.26741634248595,2.0,C3.8,2024-05-23 22:05:00,986.0,,0
20240523,AL1_SOLEXS_20240523_SDD2_L1.lc,1716505016.0,1716505125.0,1716505920.0,904.0,342.0,33.0,309.0,50.47306804673879,1.0,C5.6,2024-05-23 22:58:00,45.0,,0
20240523,AL1_SOLEXS_20240523_SDD2_L1.lc,1716506539.0,1716506912.0,1716507186.0,647.0,243.0,102.0,141.0,13.073800630129146,1.0,C5.5,2024-05-23 23:28:00,32.0,,0
20240523,AL1_SOLEXS_20240523_SDD2_L1.lc,1716508113.0,1716508142.0,1716508231.0,118.0,191.0,119.0,72.0,7.2129653866620735,1.0,C5.5,2024-05-23 23:28:00,1262.0,,0
20240524,AL1_SOLEXS_20240524_SDD2_L1.lc,1716508801.0,1716509096.0,1716509242.0,441.0,135.0,65.0,70.0,8.82869138429422,1.0,UNMATCHED,,,,0
20240524,AL1_SOLEXS_20240524_SDD2_L1.lc,1716511001.0,1716511123.0,1716511287.0,286.0,102.0,54.0,48.0,8.52653955914217,1.0,UNMATCHED,,,,0
20240524,AL1_SOLEXS_20240524_SDD2_L1.lc,1716512737.0,1716513347.0,1716513597.0,860.0,200.0,83.0,117.0,11.309890814159544,1.0,UNMATCHED,,,,0
20240524,AL1_SOLEXS_20240524_SDD2_L1.lc,1716518424.0,1716518933.0,1716519269.0,845.0,201.0,62.0,139.0,17.34672322908498,1.0,C4.8,2024-05-24 02:49:00,-7.0,,0
20240524,AL1_SOLEXS_20240524_SDD2_L1.lc,1716520128.0,1716520267.0,1716520739.0,611.0,146.0,69.0,77.0,9.95193350391481,1.0,C4.8,2024-05-24 02:49:00,1327.0,,0
20240524,AL1_SOLEXS_20240524_SDD2_L1.lc,1716526006.0,1716526278.0,1716526487.0,481.0,104.0,43.0,61.0,8.851679459333052,1.0,C3.0,2024-05-24 04:49:00,138.0,,0
20240524,AL1_SOLEXS_20240524_SDD2_L1.lc,1716528076.0,1716528278.0,1716528660.0,584.0,105.0,44.0,61.0,10.282355432937786,2.0,C3.2,2024-05-24 05:24:00,38.0,,0
20240524,AL1_SOLEXS_20240524_SDD2_L1.lc,1716530769.0,1716530860.0,1716531051.0,282.0,162.0,75.0,87.0,7.557384401459437,2.0,UNMATCHED,,,,0
20240524,AL1_SOLEXS_20240524_SDD2_L1.lc,1716532274.0,1716534303.0,1716536413.0,4139.0,830.0,446.0,384.0,15.89244898061841,1.0,M1.4,2024-05-24 07:06:00,-57.0,,1
20240524,AL1_SOLEXS_20240524_SDD2_L1.lc,1716537379.0,1716538961.0,1716540167.0,2788.0,705.0,344.9,360.1,21.449929577399555,1.0,M1.0,2024-05-24 08:01:00,1301.0,,1
20240524,AL1_SOLEXS_20240524_SDD2_L1.lc,1716540322.0,1716540375.0,1716540585.0,263.0,364.0,181.0,183.0,13.303619889052932,1.0,C9.7,2024-05-24 09:11:00,-1485.0,,0
20240524,AL1_SOLEXS_20240524_SDD2_L1.lc,1716541080.0,1716541250.0,1716542839.0,1759.0,455.0,181.0,274.0,23.08214206461412,1.0,C9.7,2024-05-24 09:11:00,-610.0,,0
20240524,AL1_SOLEXS_20240524_SDD2_L1.lc,1716547560.0,1716547883.0,1716548512.0,952.0,248.0,53.0,195.0,27.69537032173061,1.0,C5.6,2024-05-24 10:51:00,23.0,,0
20240524,AL1_SOLEXS_20240524_SDD2_L1.lc,1716548782.0,1716548920.0,1716549196.0,414.0,106.0,38.0,68.0,14.287229596783646,1.0,C5.6,2024-05-24 10:51:00,1060.0,,0
20240524,AL1_SOLEXS_20240524_SDD2_L1.lc,1716557575.0,1716557627.0,1716557670.0,95.0,71.0,32.0,39.0,5.871865904224279,1.0,C3.4,2024-05-24 13:58:00,-1453.0,,0
20240524,AL1_SOLEXS_20240524_SDD2_L1.lc,1716558789.0,1716559071.0,1716559596.0,807.0,120.0,31.0,89.0,17.11386593276135,1.0,C3.4,2024-05-24 13:58:00,-9.0,,0
20240524,AL1_SOLEXS_20240524_SDD2_L1.lc,1716560484.0,1716560554.0,1716560721.0,237.0,100.0,31.0,69.0,9.96394952474701,1.0,C2.6,2024-05-24 14:22:00,34.0,,0
20240524,AL1_SOLEXS_20240524_SDD2_L1.lc,1716574707.0,1716574808.0,1716574918.0,211.0,93.0,18.0,75.0,17.360911288317798,1.0,C2.4,2024-05-24 18:20:00,8.0,,0
20240524,AL1_SOLEXS_20240524_SDD2_L1.lc,1716581526.0,1716582303.0,1716583474.0,1948.0,857.0,71.50000000000003,785.5,93.92026159609055,1.0,M1.4,2024-05-24 20:25:00,3.0,,1
20240525,AL1_SOLEXS_20240525_SDD2_L1.lc,1716600549.0,1716600584.0,1716600667.0,118.0,86.0,46.0,40.0,8.892684714841055,1.0,UNMATCHED,,,,0
20240525,AL1_SOLEXS_20240525_SDD2_L1.lc,1716611257.0,1716612107.0,1716612276.0,1019.0,143.0,63.0,80.0,10.1571538696915,2.0,C4.5,2024-05-25 05:04:00,-1333.0,,0
20240525,AL1_SOLEXS_20240525_SDD2_L1.lc,1716613385.0,1716613475.0,1716613868.0,483.0,166.0,103.0,63.0,8.301911896439195,2.0,C4.5,2024-05-25 05:04:00,35.0,,0
20240525,AL1_SOLEXS_20240525_SDD2_L1.lc,1716624937.0,1716625119.0,1716625274.0,337.0,57.0,25.0,32.0,7.650497737556629,1.0,C2.3,2024-05-25 08:20:00,-81.0,,0
20240525,AL1_SOLEXS_20240525_SDD2_L1.lc,1716657768.0,1716657931.0,1716658584.0,816.0,272.0,19.0,253.0,67.59937024143673,1.0,C5.8,2024-05-25 17:26:00,-29.0,,0
20240526,AL1_SOLEXS_20240526_SDD2_L1.lc,1716684194.0,1716684498.0,1716685183.0,989.0,169.0,34.0,135.0,23.15308500593632,1.0,C3.9,2024-05-26 00:49:00,-42.0,,0
20240526,AL1_SOLEXS_20240526_SDD2_L1.lc,1716690871.0,1716691410.0,1716691548.0,677.0,64.0,28.0,36.0,10.449606018490485,1.0,C2.5,2024-05-26 02:50:00,-390.0,,0
20240526,AL1_SOLEXS_20240526_SDD2_L1.lc,1716715860.0,1716716216.0,1716717583.0,1723.0,272.0,36.0,236.0,36.27993966817519,2.0,C5.2,2024-05-26 09:36:00,56.0,,0
20240526,AL1_SOLEXS_20240526_SDD2_L1.lc,1716726765.0,1716727188.0,1716727231.0,466.0,69.0,29.0,40.0,7.156748748367585,2.0,C2.4,2024-05-26 13:02:00,-1332.0,,0
20240526,AL1_SOLEXS_20240526_SDD2_L1.lc,1716728446.0,1716728552.0,1716728592.0,146.0,82.0,35.0,47.0,7.120405474950836,1.0,C2.4,2024-05-26 13:02:00,32.0,,0
20240526,AL1_SOLEXS_20240526_SDD2_L1.lc,1716732248.0,1716732761.0,1716733428.0,1180.0,272.0,67.0,205.0,23.46648376889228,1.0,C5.4,2024-05-26 14:14:00,-79.0,,0
20240526,AL1_SOLEXS_20240526_SDD2_L1.lc,1716739394.0,1716739704.0,1716740167.0,773.0,119.0,31.0,88.0,18.53819286639089,1.0,C3.3,2024-05-26 16:09:00,-36.0,,0
20240526,AL1_SOLEXS_20240526_SDD2_L1.lc,1716741349.0,1716741696.0,1716742152.0,803.0,268.0,56.0,212.0,29.342502910145488,1.0,C5.9,2024-05-26 16:42:00,-24.0,,0
20240526,AL1_SOLEXS_20240526_SDD2_L1.lc,1716742757.0,1716743110.0,1716744087.0,1330.0,341.0,169.0,172.0,14.138391924817409,1.0,C7.4,2024-05-26 17:06:00,-50.0,,0
20240526,AL1_SOLEXS_20240526_SDD2_L1.lc,1716744246.0,1716744346.0,1716744538.0,292.0,161.0,112.0,49.0,8.04756483142507,1.0,C7.4,2024-05-26 17:06:00,1186.0,,0
20240526,AL1_SOLEXS_20240526_SDD2_L1.lc,1716744710.0,1716744851.0,1716744963.0,253.0,154.0,80.0,74.0,6.921061801045975,2.0,C7.4,2024-05-26 17:06:00,1691.0,,0
20240526,AL1_SOLEXS_20240526_SDD2_L1.lc,1716748651.0,1716748710.0,1716748868.0,217.0,77.0,36.0,41.0,7.534539969834159,2.0,UNMATCHED,,,,0
20240527,AL1_SOLEXS_20240527_SDD2_L1.lc,1716768959.0,1716769147.0,1716769319.0,360.0,76.0,27.0,49.0,8.011322785053943,1.0,UNMATCHED,,,,0
20240527,AL1_SOLEXS_20240527_SDD2_L1.lc,1716772394.0,1716772927.0,1716773354.0,960.0,168.0,56.0,112.0,13.241282878152637,2.0,C3.8,2024-05-27 01:24:00,-113.0,,0
20240527,AL1_SOLEXS_20240527_SDD2_L1.lc,1716774318.0,1716774570.0,1716775217.0,899.0,212.0,79.0,133.0,12.645478916860696,1.0,C4.4,2024-05-27 01:50:00,-30.0,,0
20240527,AL1_SOLEXS_20240527_SDD2_L1.lc,1716776972.0,1716777546.0,1716777632.0,660.0,181.0,82.0,99.0,8.940856152724143,1.0,UNMATCHED,,,,0
20240527,AL1_SOLEXS_20240527_SDD2_L1.lc,1716778831.0,1716779560.0,1716779580.0,749.0,324.0,232.0,92.0,6.471363930187566,3.0,C6.9,2024-05-27 03:17:00,-260.0,,0
20240527,AL1_SOLEXS_20240527_SDD2_L1.lc,1716781131.0,1716781179.0,1716781207.0,76.0,240.0,161.0,79.0,5.593800829079977,1.0,C6.9,2024-05-27 03:17:00,1359.0,,0
20240527,AL1_SOLEXS_20240527_SDD2_L1.lc,1716783665.0,1716783890.0,1716784237.0,572.0,238.0,123.0,115.0,10.973033857185904,1.0,C5.5,2024-05-27 04:25:00,-10.0,,0
20240527,AL1_SOLEXS_20240527_SDD2_L1.lc,1716785068.0,1716785078.0,1716785136.0,68.0,138.0,78.0,60.0,6.014389187250489,1.0,C5.5,2024-05-27 04:25:00,1178.0,,0
20240527,AL1_SOLEXS_20240527_SDD2_L1.lc,1716788492.0,1716788551.0,1716788739.0,247.0,93.0,40.0,53.0,8.883567703796171,1.0,C2.8,2024-05-27 05:43:00,-29.0,,0
20240527,AL1_SOLEXS_20240527_SDD2_L1.lc,1716792795.0,1716793677.0,1716799713.0,6918.0,16862.0,141.9,16720.1,1407.75981701196,3.0,X2.8,2024-05-27 07:08:00,-3.0,,1
20240527,AL1_SOLEXS_20240527_SDD2_L1.lc,1716800652.0,1716800707.0,1716801291.0,639.0,930.0,723.0,207.0,7.408697934102093,1.0,UNMATCHED,,,,0
20240527,AL1_SOLEXS_20240527_SDD2_L1.lc,1716811629.0,1716811773.0,1716812360.0,731.0,185.0,1.0,184.0,181.8886877828064,1.0,C6.7,2024-05-27 12:27:00,-1047.0,,0
20240527,AL1_SOLEXS_20240527_SDD2_L1.lc,1716840617.0,1716840762.0,1716840972.0,355.0,114.0,0.0,114.0,112.35746606334902,1.0,UNMATCHED,,,,0
20240528,AL1_SOLEXS_20240528_SDD2_L1.lc,1716856389.0,1716856807.0,1716857118.0,729.0,174.0,0.0,174.0,162.2144796380099,1.0,UNMATCHED,,,,0
20240528,AL1_SOLEXS_20240528_SDD2_L1.lc,1716858230.0,1716858293.0,1716858383.0,153.0,191.0,102.0,89.0,9.49618698299006,1.0,C7.6,2024-05-28 01:33:00,-1687.0,,0
20240528,AL1_SOLEXS_20240528_SDD2_L1.lc,1716859808.0,1716859991.0,1716860928.0,1120.0,333.0,95.0,238.0,30.538500983793856,1.0,C7.6,2024-05-28 01:33:00,11.0,,0
20240528,AL1_SOLEXS_20240528_SDD2_L1.lc,1716864662.0,1716864730.0,1716864791.0,129.0,94.0,45.0,49.0,7.052484202700314,1.0,UNMATCHED,,,,0
20240528,AL1_SOLEXS_20240528_SDD2_L1.lc,1716866461.0,1716866611.0,1716866970.0,509.0,135.0,50.0,85.0,12.977233194344638,1.0,C3.6,2024-05-28 03:24:00,-29.0,,0
20240528,AL1_SOLEXS_20240528_SDD2_L1.lc,1716867627.0,1716867784.0,1716868625.0,998.0,440.0,54.0,386.0,52.04088124970376,1.0,C7.8,2024-05-28 03:43:00,4.0,,0
20240528,AL1_SOLEXS_20240528_SDD2_L1.lc,1716872727.0,1716872964.0,1716873413.0,686.0,175.0,44.0,131.0,21.0412625068756,1.0,C4.3,2024-05-28 05:09:00,24.0,,0
20240528,AL1_SOLEXS_20240528_SDD2_L1.lc,1716877969.0,1716878152.0,1716878196.0,227.0,93.0,49.0,44.0,7.072656755009772,1.0,C3.0,2024-05-28 06:35:00,52.0,,0
20240528,AL1_SOLEXS_20240528_SDD2_L1.lc,1716878412.0,1716878555.0,1716878979.0,567.0,169.0,52.0,117.0,14.922062767368535,1.0,C4.1,2024-05-28 06:43:00,-25.0,,0
20240528,AL1_SOLEXS_20240528_SDD2_L1.lc,1716882303.0,1716883338.0,1716883650.0,1347.0,185.0,74.0,111.0,11.001655490418557,1.0,C3.8,2024-05-28 07:56:00,378.0,,0
20240528,AL1_SOLEXS_20240528_SDD2_L1.lc,1716886978.0,1716887466.0,1716887714.0,736.0,163.0,91.0,72.0,11.07349283721302,1.0,C4.9,2024-05-28 09:12:00,-54.0,,0
20240528,AL1_SOLEXS_20240528_SDD2_L1.lc,1716888873.0,1716889000.0,1716889191.0,318.0,263.0,123.0,140.0,11.071850321220497,1.0,C5.6,2024-05-28 09:37:00,-20.0,,0
20240528,AL1_SOLEXS_20240528_SDD2_L1.lc,1716889872.0,1716889913.0,1716889990.0,118.0,214.0,124.0,90.0,7.006719782597573,1.0,C5.6,2024-05-28 09:37:00,893.0,,0
20240528,AL1_SOLEXS_20240528_SDD2_L1.lc,1716891661.0,1716891873.0,1716892387.0,726.0,379.0,98.0,281.0,30.075303704735138,1.0,C7.5,2024-05-28 10:25:00,-27.0,,0
20240528,AL1_SOLEXS_20240528_SDD2_L1.lc,1716892911.0,1716893135.0,1716893815.0,904.0,452.0,123.0,329.0,29.44959105604405,1.0,C8.5,2024-05-28 10:46:00,-25.0,,0
20240528,AL1_SOLEXS_20240528_SDD2_L1.lc,1716897479.0,1716897709.0,1716898205.0,726.0,213.0,81.0,132.0,19.032277526395323,1.0,C5.4,2024-05-28 12:02:00,-11.0,,0
20240528,AL1_SOLEXS_20240528_SDD2_L1.lc,1716899140.0,1716899372.0,1716899940.0,800.0,254.0,147.0,107.0,7.656552800637911,3.0,C5.6,2024-05-28 12:29:00,32.0,,0
20240528,AL1_SOLEXS_20240528_SDD2_L1.lc,1716903662.0,1716903954.0,1716904335.0,673.0,178.0,62.0,116.0,15.849615849623898,1.0,C4.5,2024-05-28 13:45:00,54.0,,0
20240528,AL1_SOLEXS_20240528_SDD2_L1.lc,1716904662.0,1716904747.0,1716905048.0,386.0,193.0,114.0,79.0,8.567683582996695,1.0,C5.1,2024-05-28 14:01:00,-113.0,,0
20240528,AL1_SOLEXS_20240528_SDD2_L1.lc,1716908065.0,1716908127.0,1716908731.0,666.0,288.0,80.0,208.0,22.355721977219893,2.0,C6.0,2024-05-28 14:55:00,27.0,,0
20240528,AL1_SOLEXS_20240528_SDD2_L1.lc,1716909733.0,1716909853.0,1716910233.0,500.0,204.0,74.0,130.0,14.960071692240918,1.0,C4.7,2024-05-28 15:24:00,13.0,,0
20240528,AL1_SOLEXS_20240528_SDD2_L1.lc,1716911940.0,1716912087.0,1716912324.0,384.0,115.0,51.0,64.0,9.470962255211434,1.0,C3.4,2024-05-28 16:02:00,-33.0,,0
20240528,AL1_SOLEXS_20240528_SDD2_L1.lc,1716913734.0,1716913896.0,1716913923.0,189.0,112.0,59.0,53.0,6.879276310641999,1.0,C3.4,2024-05-28 16:02:00,1776.0,,0
20240528,AL1_SOLEXS_20240528_SDD2_L1.lc,1716916122.0,1716916246.0,1716916389.0,267.0,117.0,62.0,55.0,7.992503015131532,1.0,UNMATCHED,,,,0
20240528,AL1_SOLEXS_20240528_SDD2_L1.lc,1716916961.0,1716917133.0,1716917427.0,466.0,174.0,85.0,89.0,10.410993279466227,1.0,UNMATCHED,,,,0
20240528,AL1_SOLEXS_20240528_SDD2_L1.lc,1716919392.0,1716919532.0,1716919791.0,399.0,164.0,55.0,109.0,14.171864149664104,1.0,C3.9,2024-05-28 18:06:00,-28.0,,0
20240528,AL1_SOLEXS_20240528_SDD2_L1.lc,1716921548.0,1716921683.0,1716922294.0,746.0,484.0,85.0,399.0,45.81983535158481,1.0,C8.9,2024-05-28 18:41:00,23.0,,0
20240528,AL1_SOLEXS_20240528_SDD2_L1.lc,1716922867.0,1716923126.0,1716923353.0,486.0,213.0,107.0,106.0,8.238344635970593,1.0,C8.9,2024-05-28 18:41:00,1466.0,,0
20240528,AL1_SOLEXS_20240528_SDD2_L1.lc,1716925558.0,1716925761.0,1716926510.0,952.0,367.0,74.0,293.0,34.74910185834498,1.0,C7.2,2024-05-28 19:49:00,21.0,,0
20240528,AL1_SOLEXS_20240528_SDD2_L1.lc,1716929723.0,1716929884.0,1716929944.0,221.0,115.0,52.0,63.0,7.316520687767239,2.0,C3.8,2024-05-28 21:12:00,-836.0,,0
20240528,AL1_SOLEXS_20240528_SDD2_L1.lc,1716930624.0,1716930740.0,1716931122.0,498.0,162.0,58.0,104.0,12.00045732857071,1.0,C3.8,2024-05-28 21:12:00,20.0,,0
20240528,AL1_SOLEXS_20240528_SDD2_L1.lc,1716931719.0,1716931752.0,1716931797.0,78.0,111.0,67.0,44.0,6.013721798074744,1.0,C3.7,2024-05-28 21:28:00,72.0,,0
20240528,AL1_SOLEXS_20240528_SDD2_L1.lc,1716933335.0,1716933471.0,1716934050.0,715.0,156.0,60.0,96.0,13.425057114007595,1.0,C4.2,2024-05-28 21:58:00,-9.0,,0
20240528,AL1_SOLEXS_20240528_SDD2_L1.lc,1716934877.0,1716934940.0,1716934982.0,105.0,141.0,90.0,51.0,7.214953500729356,1.0,C3.9,2024-05-28 22:22:00,20.0,,0
20240528,AL1_SOLEXS_20240528_SDD2_L1.lc,1716939124.0,1716939406.0,1716939995.0,871.0,404.0,81.0,323.0,38.07551533433912,1.0,C8.0,2024-05-28 23:37:00,-14.0,,0
20240529,AL1_SOLEXS_20240529_SDD2_L1.lc,1716941738.0,1716941838.0,1716942334.0,596.0,326.0,130.0,196.0,16.071115899662402,1.0,C6.7,2024-05-29 00:17:00,18.0,,0
20240529,AL1_SOLEXS_20240529_SDD2_L1.lc,1716942963.0,1716942995.0,1716943027.0,64.0,276.0,195.0,81.0,6.387939096759641,1.0,C6.5,2024-05-29 00:36:00,35.0,,0
20240529,AL1_SOLEXS_20240529_SDD2_L1.lc,1716943217.0,1716943244.0,1716943288.0,71.0,275.0,188.0,87.0,6.568148761955528,1.0,C6.5,2024-05-29 00:36:00,284.0,,0
20240529,AL1_SOLEXS_20240529_SDD2_L1.lc,1716944602.0,1716944747.0,1716945514.0,912.0,748.0,187.0,561.0,41.75764077265708,1.0,M1.3,2024-05-29 01:06:00,-13.0,,1
20240529,AL1_SOLEXS_20240529_SDD2_L1.lc,1716958757.0,1716958829.0,1716958975.0,218.0,361.0,268.0,93.0,7.571907376387547,1.0,UNMATCHED,,,,0
20240529,AL1_SOLEXS_20240529_SDD2_L1.lc,1716964680.0,1716965122.0,1716965717.0,1037.0,803.0,250.9,552.1,37.82142051935365,1.0,M1.4,2024-05-29 06:45:00,22.0,,1
20240529,AL1_SOLEXS_20240529_SDD2_L1.lc,1716966201.0,1716966384.0,1716967132.0,931.0,522.0,334.9,187.1,9.050108433049944,1.0,M1.4,2024-05-29 06:45:00,1284.0,,1
20240529,AL1_SOLEXS_20240529_SDD2_L1.lc,1716968099.0,1716968188.0,1716968388.0,289.0,254.0,161.0,93.0,6.193095873021946,3.0,UNMATCHED,,,,0
20240529,AL1_SOLEXS_20240529_SDD2_L1.lc,1716974841.0,1716975143.0,1716975588.0,747.0,423.0,69.0,354.0,42.17481404280348,1.0,C8.2,2024-05-29 09:32:00,23.0,,0
20240529,AL1_SOLEXS_20240529_SDD2_L1.lc,1716976321.0,1716976477.0,1716976671.0,350.0,252.0,143.0,109.0,8.93923789195102,2.0,C8.2,2024-05-29 09:32:00,1357.0,,0
20240529,AL1_SOLEXS_20240529_SDD2_L1.lc,1716978127.0,1716978266.0,1716978530.0,403.0,141.0,82.0,59.0,8.915671768497118,1.0,UNMATCHED,,,,0
20240529,AL1_SOLEXS_20240529_SDD2_L1.lc,1716981369.0,1716981678.0,1716982543.0,1174.0,1056.0,62.0,994.0,127.9244120873727,1.0,M1.8,2024-05-29 11:21:00,18.0,,1
20240529,AL1_SOLEXS_20240529_SDD2_L1.lc,1716986905.0,1716987312.0,1716988863.0,1958.0,1714.0,87.0,1627.0,171.494927025137,1.0,M2.5,2024-05-29 12:55:00,12.0,,1
20240529,AL1_SOLEXS_20240529_SDD2_L1.lc,1716990987.0,1716993941.0,1716997916.0,6929.0,10028.0,8849.0,1179.0,12.33927513018254,2.0,X1.4,2024-05-29 14:37:00,521.0,,1
20240529,AL1_SOLEXS_20240529_SDD2_L1.lc,1716999560.0,1716999684.0,1717003730.0,4170.0,4025.0,3506.9,518.0999999999999,14.96778390672038,2.0,UNMATCHED,,,,0
20240529,AL1_SOLEXS_20240529_SDD2_L1.lc,1717003981.0,1717003994.0,1717004097.0,116.0,929.0,772.0,157.0,6.171296368398706,1.0,UNMATCHED,,,,0
20240529,AL1_SOLEXS_20240529_SDD2_L1.lc,1717004306.0,1717004374.0,1717004582.0,276.0,1041.0,743.9,297.1,13.182653395821315,1.0,UNMATCHED,,,,0
20240529,AL1_SOLEXS_20240529_SDD2_L1.lc,1717004900.0,1717005028.0,1717005464.0,564.0,869.0,596.9,272.1,10.235768860922128,2.0,UNMATCHED,,,,0
20240529,AL1_SOLEXS_20240529_SDD2_L1.lc,1717006685.0,1717008074.0,1717009183.0,2498.0,3572.0,1202.9,2369.1,67.37513267133525,1.0,M5.7,2024-05-29 18:41:00,14.0,,1
20240529,AL1_SOLEXS_20240529_SDD2_L1.lc,1717009611.0,1717009852.0,1717010741.0,1130.0,563.0,326.9,236.1,14.16252623598078,1.0,M5.7,2024-05-29 18:41:00,1792.0,,1
20240529,AL1_SOLEXS_20240529_SDD2_L1.lc,1717013200.0,1717013413.0,1717013874.0,674.0,287.0,188.0,99.0,8.254902482643406,1.0,UNMATCHED,,,,0
20240529,AL1_SOLEXS_20240529_SDD2_L1.lc,1717018374.0,1717018684.0,1717018900.0,526.0,224.0,135.0,89.0,7.992638150583644,1.0,UNMATCHED,,,,0
20240529,AL1_SOLEXS_20240529_SDD2_L1.lc,1717022483.0,1717022812.0,1717023312.0,829.0,199.0,95.0,104.0,10.207045448092876,1.0,UNMATCHED,,,,0
20240530,AL1_SOLEXS_20240530_SDD2_L1.lc,1717039179.0,1717040432.0,1717040469.0,1290.0,166.0,120.0,46.0,7.774170789510012,3.0,C4.9,2024-05-30 03:36:00,272.0,,0
20240530,AL1_SOLEXS_20240530_SDD2_L1.lc,1717052120.0,1717053195.0,1717053926.0,1806.0,484.0,215.0,269.0,19.803264049880283,1.0,M1.0,2024-05-30 07:13:00,15.0,,1
20240530,AL1_SOLEXS_20240530_SDD2_L1.lc,1717054791.0,1717054812.0,1717054870.0,79.0,255.0,171.0,84.0,5.946677279043732,1.0,M1.0,2024-05-30 07:13:00,1632.0,,1
20240530,AL1_SOLEXS_20240530_SDD2_L1.lc,1717055034.0,1717055061.0,1717055517.0,483.0,217.0,146.9,70.1,6.723920936209031,2.0,UNMATCHED,,,,0
20240530,AL1_SOLEXS_20240530_SDD2_L1.lc,1717089942.0,1717089969.0,1717090061.0,119.0,85.0,33.0,52.0,7.97574983323543,1.0,UNMATCHED,,,,0
20240530,AL1_SOLEXS_20240530_SDD2_L1.lc,1717094533.0,1717094743.0,1717095462.0,929.0,359.0,29.0,330.0,56.92662843149351,1.0,C6.8,2024-05-30 18:46:00,-17.0,,0
20240530,AL1_SOLEXS_20240530_SDD2_L1.lc,1717095861.0,1717095937.0,1717096054.0,193.0,117.0,37.0,80.0,10.822214240343072,1.0,C6.8,2024-05-30 18:46:00,1177.0,,0
20240531,AL1_SOLEXS_20240531_SDD2_L1.lc,1717114565.0,1717114898.0,1717115240.0,675.0,93.0,28.0,65.0,11.535954585257285,1.0,C2.8,2024-05-31 00:21:00,38.0,,0
20240531,AL1_SOLEXS_20240531_SDD2_L1.lc,1717118843.0,1717118880.0,1717118928.0,85.0,61.0,22.0,39.0,8.03872818664274,1.0,UNMATCHED,,,,0
20240531,AL1_SOLEXS_20240531_SDD2_L1.lc,1717122401.0,1717122858.0,1717123700.0,1299.0,369.0,29.0,340.0,66.18904467973299,1.0,C7.5,2024-05-31 02:34:00,18.0,,0
20240531,AL1_SOLEXS_20240531_SDD2_L1.lc,1717124343.0,1717124413.0,1717124759.0,416.0,114.0,53.0,61.0,7.901775210825751,1.0,C7.5,2024-05-31 02:34:00,1573.0,,0
20240531,AL1_SOLEXS_20240531_SDD2_L1.lc,1717126334.0,1717126631.0,1717127849.0,1515.0,553.0,49.0,504.0,70.3217840982551,2.0,C9.8,2024-05-31 03:37:00,11.0,,0
20240531,AL1_SOLEXS_20240531_SDD2_L1.lc,1717129916.0,1717130292.0,1717130529.0,613.0,83.0,32.0,51.0,9.53842253725925,1.0,C2.6,2024-05-31 04:38:00,12.0,,0
20240531,AL1_SOLEXS_20240531_SDD2_L1.lc,1717130670.0,1717130684.0,1717130736.0,66.0,101.0,43.900000000000006,57.1,6.372477488005321,1.0,C2.7,2024-05-31 04:45:00,-16.0,,0
20240531,AL1_SOLEXS_20240531_SDD2_L1.lc,1717136282.0,1717136466.0,1717136816.0,534.0,87.0,21.0,66.0,13.323337721865672,1.0,C2.5,2024-05-31 06:21:00,6.0,,0
20240531,AL1_SOLEXS_20240531_SDD2_L1.lc,1717138024.0,1717138034.0,1717138178.0,154.0,70.0,37.0,33.0,6.641867864500579,1.0,C2.6,2024-05-31 06:48:00,-46.0,,0
20240531,AL1_SOLEXS_20240531_SDD2_L1.lc,1717139382.0,1717139441.0,1717139562.0,180.0,82.0,35.0,47.0,7.295708058827556,1.0,C2.6,2024-05-31 06:48:00,1361.0,,0
20240531,AL1_SOLEXS_20240531_SDD2_L1.lc,1717145958.0,1717146355.0,1717146411.0,453.0,81.0,25.0,56.0,7.3929411764706545,2.0,C2.2,2024-05-31 09:04:00,115.0,,0
20240531,AL1_SOLEXS_20240531_SDD2_L1.lc,1717150789.0,1717150846.0,1717150853.0,64.0,42.0,21.0,21.0,6.912866287521249,1.0,UNMATCHED,,,,0
20240531,AL1_SOLEXS_20240531_SDD2_L1.lc,1717153978.0,1717154433.0,1717155637.0,1659.0,555.0,27.0,528.0,104.12629664844523,1.0,M1.0,2024-05-31 11:20:00,33.0,,1
20240531,AL1_SOLEXS_20240531_SDD2_L1.lc,1717159131.0,1717159268.0,1717159931.0,800.0,239.0,29.0,210.0,38.93249808701739,1.0,C5.4,2024-05-31 12:40:00,68.0,,0
20240531,AL1_SOLEXS_20240531_SDD2_L1.lc,1717169125.0,1717169339.0,1717169527.0,402.0,83.0,30.0,53.0,8.084318858573308,1.0,UNMATCHED,,,,0
20240531,AL1_SOLEXS_20240531_SDD2_L1.lc,1717171777.0,1717171894.0,1717172644.0,867.0,425.0,48.0,377.0,57.71229865044731,1.0,C8.0,2024-05-31 16:11:00,34.0,,0
20240531,AL1_SOLEXS_20240531_SDD2_L1.lc,1717173557.0,1717173683.0,1717173927.0,370.0,131.0,46.0,85.0,13.06322388368946,1.0,C3.6,2024-05-31 16:41:00,23.0,,0
20240531,AL1_SOLEXS_20240531_SDD2_L1.lc,1717175386.0,1717175453.0,1717175487.0,101.0,78.0,39.0,39.0,5.985749792826244,1.0,C5.6,2024-05-31 17:25:00,-847.0,,0
20240531,AL1_SOLEXS_20240531_SDD2_L1.lc,1717175771.0,1717176324.0,1717177160.0,1389.0,217.0,65.0,152.0,22.00791511538348,1.0,C5.6,2024-05-31 17:25:00,24.0,,0
20240531,AL1_SOLEXS_20240531_SDD2_L1.lc,1717178848.0,1717178931.0,1717179022.0,174.0,127.0,64.0,63.0,7.311651583710489,1.0,C3.4,2024-05-31 18:08:00,51.0,,0
20240531,AL1_SOLEXS_20240531_SDD2_L1.lc,1717186729.0,1717187212.0,1717187593.0,864.0,144.0,53.0,91.0,10.595409654449425,3.0,C3.5,2024-05-31 20:26:00,52.0,,0
20240531,AL1_SOLEXS_20240531_SDD2_L1.lc,1717192590.0,1717192978.0,1717196034.0,3444.0,8871.0,62.0,8809.0,1119.7551776742955,2.0,X1.1,2024-05-31 22:03:00,-2.0,,1
20240531,AL1_SOLEXS_20240531_SDD2_L1.lc,1717196395.0,1717196457.0,1717196508.0,113.0,161.0,92.0,69.0,6.726429686405958,1.0,UNMATCHED,,,,0
20260506,AL1_SOLEXS_20260506_SDD2_L1.lc,1778042439.0,1778042789.0,1778042965.0,526.0,31.0,4.0,27.0,8.521266968325849,2.0,C1.0,2026-05-06 04:46:00,29.0,,0
20260506,AL1_SOLEXS_20260506_SDD2_L1.lc,1778088148.0,1778088264.0,1778088449.0,301.0,34.0,5.0,29.0,11.017238458551976,1.0,C1.4,2026-05-06 17:24:00,24.0,,0
20260507,AL1_SOLEXS_20260507_SDD2_L1.lc,1778117486.0,1778118664.0,1778118677.0,1191.0,102.0,72.0,30.0,6.95805116641722,2.0,C4.5,2026-05-07 02:15:00,-1436.0,,0
20260507,AL1_SOLEXS_20260507_SDD2_L1.lc,1778150532.0,1778150687.0,1778151336.0,804.0,65.0,5.0,60.0,31.09895012833707,1.0,C2.3,2026-05-07 10:45:00,-13.0,,0
20260507,AL1_SOLEXS_20260507_SDD2_L1.lc,1778158672.0,1778158757.0,1778158940.0,268.0,34.0,8.0,26.0,10.545169816446329,1.0,C1.5,2026-05-07 12:59:00,17.0,,0
20260507,AL1_SOLEXS_20260507_SDD2_L1.lc,1778163642.0,1778166929.0,1778169144.0,5502.0,1659.0,1251.0,408.0,11.4797446251524,2.0,M2.6,2026-05-07 15:14:00,89.0,,1
20260507,AL1_SOLEXS_20260507_SDD2_L1.lc,1778169293.0,1778169329.0,1778170146.0,853.0,405.0,298.0,107.0,7.190041912356678,3.0,UNMATCHED,,,,0
20260507,AL1_SOLEXS_20260507_SDD2_L1.lc,1778172374.0,1778172447.0,1778172640.0,266.0,214.0,133.0,81.0,6.737091341495463,2.0,UNMATCHED,,,,0
20260507,AL1_SOLEXS_20260507_SDD2_L1.lc,1778176128.0,1778176608.0,1778178054.0,1926.0,236.0,61.0,175.0,25.09673478308229,2.0,C6.0,2026-05-07 17:57:00,-12.0,,0
20260507,AL1_SOLEXS_20260507_SDD2_L1.lc,1778197470.0,1778197514.0,1778197545.0,75.0,26.0,2.5,23.5,13.19828809133994,1.0,UNMATCHED,,,,0
20260508,AL1_SOLEXS_20260508_SDD2_L1.lc,1778255133.0,1778255459.0,1778256202.0,1069.0,133.0,7.0,126.0,59.96945091933947,1.0,C4.2,2026-05-08 15:51:00,-1.0,,0
20260508,AL1_SOLEXS_20260508_SDD2_L1.lc,1778256806.0,1778256934.0,1778257004.0,198.0,41.0,12.0,29.0,8.556539984962875,2.0,C4.2,2026-05-08 15:51:00,1474.0,,0
20260508,AL1_SOLEXS_20260508_SDD2_L1.lc,1778263247.0,1778263430.0,1778263544.0,297.0,44.0,9.0,35.0,9.238914027149386,1.0,C1.5,2026-05-08 18:02:00,110.0,,0
20260508,AL1_SOLEXS_20260508_SDD2_L1.lc,1778264671.0,1778264698.0,1778264757.0,86.0,25.0,5.0,20.0,8.477631841572563,1.0,C1.1,2026-05-08 18:25:00,-2.0,,0
20260508,AL1_SOLEXS_20260508_SDD2_L1.lc,1778267134.0,1778267251.0,1778267365.0,231.0,69.0,5.0,64.0,26.7170663288094,1.0,C2.1,2026-05-08 19:07:00,31.0,,0
20260508,AL1_SOLEXS_20260508_SDD2_L1.lc,1778268021.0,1778268052.0,1778268101.0,80.0,27.0,6.0,21.0,8.848827877737602,1.0,C1.2,2026-05-08 19:21:00,-8.0,,0
20260508,AL1_SOLEXS_20260508_SDD2_L1.lc,1778268350.0,1778268404.0,1778268410.0,60.0,19.0,6.0,13.0,7.074702727685581,1.0,C1.2,2026-05-08 19:21:00,344.0,,0
20260508,AL1_SOLEXS_20260508_SDD2_L1.lc,1778271156.0,1778271648.0,1778272087.0,931.0,84.0,8.0,76.0,25.370735342717843,1.0,C2.6,2026-05-08 20:21:00,-12.0,,0
20260508,AL1_SOLEXS_20260508_SDD2_L1.lc,1778272895.0,1778272925.0,1778273051.0,156.0,51.0,12.0,39.0,10.546439080174371,1.0,C2.6,2026-05-08 20:21:00,1265.0,,0
20260508,AL1_SOLEXS_20260508_SDD2_L1.lc,1778282647.0,1778282940.0,1778283590.0,943.0,73.0,5.0,68.0,34.940939867777004,1.0,C2.4,2026-05-08 23:28:00,60.0,,0
20260509,AL1_SOLEXS_20260509_SDD2_L1.lc,1778285996.0,1778286105.0,1778286297.0,301.0,34.0,3.0,31.0,15.934867429633767,1.0,C1.3,2026-05-09 00:21:00,45.0,,0
20260509,AL1_SOLEXS_20260509_SDD2_L1.lc,1778293338.0,1778293757.0,1778294194.0,856.0,63.0,9.900000000000006,53.1,17.410687072729534,1.0,C2.1,2026-05-09 02:28:00,77.0,,0
20260509,AL1_SOLEXS_20260509_SDD2_L1.lc,1778297290.0,1778297461.0,1778297984.0,694.0,80.0,8.0,72.0,29.031372756091297,1.0,C2.3,2026-05-09 03:31:00,1.0,,0
20260509,AL1_SOLEXS_20260509_SDD2_L1.lc,1778307943.0,1778308384.0,1778308849.0,906.0,34.0,9.0,25.0,8.653092006033242,2.0,C1.5,2026-05-09 06:33:00,4.0,,0
20260509,AL1_SOLEXS_20260509_SDD2_L1.lc,1778313600.0,1778313728.0,1778313988.0,388.0,46.0,6.0,40.0,16.353207312943056,1.0,C1.6,2026-05-09 08:02:00,8.0,,0
20260509,AL1_SOLEXS_20260509_SDD2_L1.lc,1778318595.0,1778318652.0,1778318711.0,116.0,27.0,7.0,20.0,7.687215897203107,1.0,C1.2,2026-05-09 09:24:00,12.0,,0
20260509,AL1_SOLEXS_20260509_SDD2_L1.lc,1778332714.0,1778332777.0,1778332823.0,109.0,30.0,9.0,21.0,8.14389140271499,1.0,C1.3,2026-05-09 13:19:00,37.0,,0
20260509,AL1_SOLEXS_20260509_SDD2_L1.lc,1778335895.0,1778336122.0,1778336139.0,244.0,41.0,14.900000000000006,26.099999999999994,7.589935461885213,2.0,C1.5,2026-05-09 14:17:00,-98.0,,0
20260509,AL1_SOLEXS_20260509_SDD2_L1.lc,1778337302.0,1778337431.0,1778337738.0,436.0,42.0,13.0,29.0,7.242226000851986,3.0,C1.5,2026-05-09 14:17:00,1211.0,,0
20260509,AL1_SOLEXS_20260509_SDD2_L1.lc,1778340246.0,1778340405.0,1778340824.0,578.0,42.0,9.0,33.0,9.272398190045314,2.0,C1.5,2026-05-09 15:26:00,45.0,,0
20260509,AL1_SOLEXS_20260509_SDD2_L1.lc,1778352857.0,1778352887.0,1778352928.0,71.0,20.0,7.0,13.0,7.811721841253206,1.0,C1.2,2026-05-09 18:55:00,-13.0,,0
20260509,AL1_SOLEXS_20260509_SDD2_L1.lc,1778362925.0,1778363251.0,1778363395.0,470.0,45.0,19.0,26.0,8.870188066865119,1.0,C2.0,2026-05-09 21:46:00,91.0,,0
20260510,AL1_SOLEXS_20260510_SDD2_L1.lc,1778380341.0,1778380388.0,1778380464.0,123.0,31.0,11.0,20.0,8.157996543154791,1.0,C1.6,2026-05-10 02:33:00,8.0,,0
20260510,AL1_SOLEXS_20260510_SDD2_L1.lc,1778380669.0,1778380797.0,1778380970.0,301.0,58.0,11.0,47.0,16.27124389127721,1.0,C2.0,2026-05-10 02:40:00,-3.0,,0
20260510,AL1_SOLEXS_20260510_SDD2_L1.lc,1778389365.0,1778389477.0,1778389824.0,459.0,71.0,8.0,63.0,18.09841406236077,1.0,C2.0,2026-05-10 05:04:00,37.0,,0
20260510,AL1_SOLEXS_20260510_SDD2_L1.lc,1778395053.0,1778395250.0,1778395504.0,451.0,44.0,5.0,39.0,14.78678364270277,1.0,C1.4,2026-05-10 06:40:00,50.0,,0
20260510,AL1_SOLEXS_20260510_SDD2_L1.lc,1778398247.0,1778398388.0,1778398757.0,510.0,82.0,10.0,72.0,18.411896635498124,1.0,C2.0,2026-05-10 07:34:00,-52.0,,0
20260510,AL1_SOLEXS_20260510_SDD2_L1.lc,1778404936.0,1778405072.0,1778405310.0,374.0,81.0,8.0,73.0,21.32998803972917,1.0,C1.9,2026-05-10 09:24:00,32.0,,0
20260510,AL1_SOLEXS_20260510_SDD2_L1.lc,1778405727.0,1778405985.0,1778406322.0,595.0,150.0,13.0,137.0,37.4881954333974,1.0,C3.7,2026-05-10 09:39:00,45.0,,0
20260510,AL1_SOLEXS_20260510_SDD2_L1.lc,1778409682.0,1778409788.0,1778409939.0,257.0,36.0,6.0,30.0,8.555480237349991,1.0,C1.1,2026-05-10 10:43:00,8.0,,0
20260510,AL1_SOLEXS_20260510_SDD2_L1.lc,1778417708.0,1778417749.0,1778417822.0,114.0,35.0,6.0,29.0,11.830333492256509,1.0,UNMATCHED,,,,0
20260510,AL1_SOLEXS_20260510_SDD2_L1.lc,1778419517.0,1778420352.0,1778424637.0,5120.0,3693.0,54.0,3639.0,499.6738633516041,1.0,M5.7,2026-05-10 13:39:00,12.0,,1
20260510,AL1_SOLEXS_20260510_SDD2_L1.lc,1778426320.0,1778426420.0,1778426600.0,280.0,176.0,72.0,104.0,13.176396271748532,1.0,UNMATCHED,,,,0
20260510,AL1_SOLEXS_20260510_SDD2_L1.lc,1778447172.0,1778447263.0,1778447437.0,265.0,22.0,7.0,15.0,8.55944160414748,1.0,C1.3,2026-05-10 21:09:00,-77.0,,0
20260510,AL1_SOLEXS_20260510_SDD2_L1.lc,1778455012.0,1778455127.0,1778455281.0,269.0,32.0,6.0,26.0,11.680334572864354,1.0,C1.3,2026-05-10 23:18:00,47.0,,0
20260511,AL1_SOLEXS_20260511_SDD2_L1.lc,1778460726.0,1778460781.0,1778460799.0,73.0,15.0,6.0,9.0,6.130744010821171,1.0,C1.0,2026-05-11 00:52:00,61.0,,0
20260511,AL1_SOLEXS_20260511_SDD2_L1.lc,1778488130.0,1778488276.0,1778488647.0,517.0,45.0,6.0,39.0,14.32194115821878,1.0,C1.4,2026-05-11 08:32:00,-44.0,,0
20260511,AL1_SOLEXS_20260511_SDD2_L1.lc,1778500366.0,1778500495.0,1778500698.0,332.0,34.0,6.0,28.0,11.13427939340228,1.0,C1.2,2026-05-11 11:54:00,55.0,,0
20260511,AL1_SOLEXS_20260511_SDD2_L1.lc,1778508734.0,1778508945.0,1778509086.0,352.0,70.0,6.0,64.0,26.65805918409069,1.0,C1.8,2026-05-11 14:15:00,45.0,,0
20260512,AL1_SOLEXS_20260512_SDD2_L1.lc,1778547276.0,1778547692.0,1778547758.0,482.0,39.0,10.0,29.0,8.262273151739544,2.0,C1.3,2026-05-12 01:01:00,32.0,,0
20260512,AL1_SOLEXS_20260512_SDD2_L1.lc,1778578392.0,1778578555.0,1778578639.0,247.0,30.0,6.0,24.0,8.484544787785229,1.0,C1.1,2026-05-12 09:35:00,55.0,,0
20260512,AL1_SOLEXS_20260512_SDD2_L1.lc,1778581396.0,1778581583.0,1778581942.0,546.0,34.0,7.0,27.0,12.829585025909669,1.0,C1.3,2026-05-12 10:26:00,23.0,,0
20260512,AL1_SOLEXS_20260512_SDD2_L1.lc,1778590030.0,1778590147.0,1778590294.0,264.0,60.0,11.0,49.0,15.221820695579394,1.0,C2.0,2026-05-12 12:49:00,7.0,,0
20260512,AL1_SOLEXS_20260512_SDD2_L1.lc,1778597828.0,1778597924.0,1778598018.0,190.0,31.0,4.0,27.0,17.359728506787434,1.0,C1.3,2026-05-12 14:58:00,44.0,,0
20260512,AL1_SOLEXS_20260512_SDD2_L1.lc,1778606155.0,1778606244.0,1778606332.0,177.0,34.0,7.0,27.0,10.980808576484437,1.0,C1.5,2026-05-12 17:17:00,24.0,,0
20260512,AL1_SOLEXS_20260512_SDD2_L1.lc,1778622515.0,1778622522.0,1778622576.0,61.0,25.0,6.0,19.0,7.488123394680211,1.0,C1.1,2026-05-12 21:48:00,42.0,,0
20260512,AL1_SOLEXS_20260512_SDD2_L1.lc,1778624194.0,1778624255.0,1778624340.0,146.0,26.0,5.0,21.0,9.09725538429694,1.0,C1.0,2026-05-12 22:17:00,35.0,,0
20260513,AL1_SOLEXS_20260513_SDD2_L1.lc,1778637000.0,1778637286.0,1778637682.0,682.0,78.0,8.0,70.0,20.951157981392125,1.0,C2.1,2026-05-13 01:54:00,46.0,,0
20260513,AL1_SOLEXS_20260513_SDD2_L1.lc,1778654246.0,1778654392.0,1778654768.0,522.0,73.0,10.0,63.0,17.952293203622066,1.0,C2.3,2026-05-13 06:40:00,-8.0,,0
20260513,AL1_SOLEXS_20260513_SDD2_L1.lc,1778668512.0,1778668599.0,1778668769.0,257.0,50.0,7.0,43.0,15.520828893454118,1.0,C1.5,2026-05-13 10:36:00,39.0,,0
20260513,AL1_SOLEXS_20260513_SDD2_L1.lc,1778691089.0,1778691336.0,1778691530.0,441.0,19.0,3.0,16.0,12.895026826787376,1.0,C2.0,2026-05-13 17:14:00,-1104.0,,0
20260513,AL1_SOLEXS_20260513_SDD2_L1.lc,1778692307.0,1778692499.0,1778692669.0,362.0,60.0,12.0,48.0,11.99477839799668,1.0,C2.0,2026-05-13 17:14:00,59.0,,0
20260513,AL1_SOLEXS_20260513_SDD2_L1.lc,1778694407.0,1778694470.0,1778694624.0,217.0,43.0,13.0,30.0,8.2936464180409,1.0,C1.4,2026-05-13 18:05:00,-1030.0,,0
20260513,AL1_SOLEXS_20260513_SDD2_L1.lc,1778695479.0,1778695510.0,1778695598.0,119.0,33.0,11.0,22.0,7.238728018374255,1.0,C1.4,2026-05-13 18:05:00,10.0,,0
20260513,AL1_SOLEXS_20260513_SDD2_L1.lc,1778701337.0,1778701653.0,1778701906.0,569.0,40.0,7.0,33.0,11.638227325012704,1.0,C1.4,2026-05-13 19:48:00,-27.0,,0
20260514,AL1_SOLEXS_20260514_SDD2_L1.lc,1778724671.0,1778724748.0,1778724909.0,238.0,37.0,7.0,30.0,15.52082889345412,1.0,C1.6,2026-05-14 02:12:00,28.0,,0
20260514,AL1_SOLEXS_20260514_SDD2_L1.lc,1778729487.0,1778730064.0,1778730785.0,1298.0,82.0,7.0,75.0,33.7281129642969,1.0,C2.6,2026-05-14 03:41:00,4.0,,0
20260514,AL1_SOLEXS_20260514_SDD2_L1.lc,1778736290.0,1778736984.0,1778737210.0,920.0,52.0,14.0,38.0,11.7631226248062,1.0,C1.9,2026-05-14 05:37:00,-36.0,,0
20260514,AL1_SOLEXS_20260514_SDD2_L1.lc,1778738630.0,1778738760.0,1778738768.0,138.0,38.0,14.0,24.0,7.52999479136613,1.0,C1.6,2026-05-14 06:04:00,120.0,,0
20260514,AL1_SOLEXS_20260514_SDD2_L1.lc,1778740660.0,1778740956.0,1778741494.0,834.0,261.0,13.0,248.0,76.17640065781416,1.0,C5.5,2026-05-14 06:42:00,36.0,,0
20260514,AL1_SOLEXS_20260514_SDD2_L1.lc,1778742407.0,1778742552.0,1778742766.0,359.0,73.0,29.0,44.0,8.11950765553169,1.0,C5.5,2026-05-14 06:42:00,1632.0,,0
20260514,AL1_SOLEXS_20260514_SDD2_L1.lc,1778748824.0,1778748895.0,1778748999.0,175.0,32.0,9.0,23.0,7.673001508295681,1.0,C1.2,2026-05-14 08:55:00,-5.0,,0
20260514,AL1_SOLEXS_20260514_SDD2_L1.lc,1778750155.0,1778750498.0,1778750857.0,702.0,86.0,10.0,76.0,25.78358082086262,1.0,C2.5,2026-05-14 09:20:00,98.0,,0
20260514,AL1_SOLEXS_20260514_SDD2_L1.lc,1778755848.0,1778756147.0,1778756885.0,1037.0,98.0,27.0,71.0,12.961034595120084,2.0,C2.5,2026-05-14 10:56:00,-13.0,,0
20260514,AL1_SOLEXS_20260514_SDD2_L1.lc,1778758258.0,1778758623.0,1778759253.0,995.0,162.0,14.0,148.0,38.71345602080246,1.0,C3.8,2026-05-14 11:36:00,63.0,,0
20260514,AL1_SOLEXS_20260514_SDD2_L1.lc,1778769093.0,1778769143.0,1778769284.0,191.0,35.0,8.0,27.0,9.076563424751184,1.0,C1.3,2026-05-14 14:33:00,-37.0,,0
20260514,AL1_SOLEXS_20260514_SDD2_L1.lc,1778778582.0,1778780100.0,1778780214.0,1632.0,211.0,109.0,102.0,10.344090474829624,1.0,C4.4,2026-05-14 17:39:00,-240.0,,0
20260514,AL1_SOLEXS_20260514_SDD2_L1.lc,1778797103.0,1778797189.0,1778797532.0,429.0,38.0,9.0,29.0,9.862745098039284,1.0,C1.5,2026-05-14 22:20:00,-11.0,,0
20260515,AL1_SOLEXS_20260515_SDD2_L1.lc,1778809916.0,1778809968.0,1778810025.0,109.0,19.0,5.0,14.0,7.414032448836005,1.0,C1.0,2026-05-15 01:52:00,48.0,,0
20260515,AL1_SOLEXS_20260515_SDD2_L1.lc,1778813988.0,1778814549.0,1778814940.0,952.0,84.0,16.0,68.0,19.71809954751144,1.0,C3.3,2026-05-15 03:09:00,9.0,,0
20260515,AL1_SOLEXS_20260515_SDD2_L1.lc,1778818984.0,1778819031.0,1778819072.0,88.0,21.0,4.0,17.0,8.327149321267022,1.0,UNMATCHED,,,,0
20260515,AL1_SOLEXS_20260515_SDD2_L1.lc,1778837683.0,1778837780.0,1778837966.0,283.0,18.0,2.0,16.0,16.720355733595838,1.0,B9.4,2026-05-15 09:36:00,20.0,,0
20260515,AL1_SOLEXS_20260515_SDD2_L1.lc,1778843351.0,1778843467.0,1778843695.0,344.0,17.0,1.0,16.0,15.631674208144888,1.0,B6.5,2026-05-15 11:11:00,7.0,,0
20260515,AL1_SOLEXS_20260515_SDD2_L1.lc,1778845571.0,1778845860.0,1778846175.0,604.0,210.0,1.0,209.0,198.8452488687793,1.0,C4.3,2026-05-15 11:50:00,60.0,,0
20260515,AL1_SOLEXS_20260515_SDD2_L1.lc,1778850724.0,1778850829.0,1778851329.0,605.0,371.0,2.0,369.0,263.9415242430303,1.0,C6.7,2026-05-15 13:13:00,49.0,,0
20260515,AL1_SOLEXS_20260515_SDD2_L1.lc,1778852861.0,1778853083.0,1778853315.0,454.0,26.0,2.0,24.0,16.434313442925806,2.0,C1.1,2026-05-15 13:50:00,83.0,,0
20260515,AL1_SOLEXS_20260515_SDD2_L1.lc,1778861533.0,1778861689.0,1778862343.0,810.0,580.0,2.0,578.0,384.7179221322496,1.0,C9.5,2026-05-15 16:14:00,49.0,,0
20260515,AL1_SOLEXS_20260515_SDD2_L1.lc,1778866684.0,1778866812.0,1778866934.0,250.0,27.0,3.0,24.0,8.994646953936172,1.0,B8.2,2026-05-15 17:40:00,12.0,,0
20260515,AL1_SOLEXS_20260515_SDD2_L1.lc,1778875462.0,1778875585.0,1778876003.0,541.0,16.0,1.0,15.0,17.059728506787422,1.0,B8.8,2026-05-15 20:06:00,25.0,,0
20260515,AL1_SOLEXS_20260515_SDD2_L1.lc,1778885324.0,1778885399.0,1778885691.0,367.0,28.0,2.0,26.0,15.909582618877868,1.0,C1.0,2026-05-15 22:50:00,-1.0,,0
20260516,AL1_SOLEXS_20260516_SDD2_L1.lc,1778941505.0,1778941569.0,1778941717.0,212.0,21.0,3.0,18.0,7.918842244197306,2.0,C1.1,2026-05-16 14:39:00,-771.0,,0
20260516,AL1_SOLEXS_20260516_SDD2_L1.lc,1778941910.0,1778941943.0,1778941973.0,63.0,15.0,5.0,10.0,7.337135993501169,1.0,C1.1,2026-05-16 14:39:00,-397.0,,0
20260516,AL1_SOLEXS_20260516_SDD2_L1.lc,1778944270.0,1778944355.0,1778945006.0,736.0,172.0,4.0,168.0,79.2981900452493,1.0,C3.4,2026-05-16 15:12:00,35.0,,0
20260516,AL1_SOLEXS_20260516_SDD2_L1.lc,1778947060.0,1778947949.0,1778948334.0,1274.0,1034.0,46.0,988.0,146.01650600322125,1.0,M1.9,2026-05-16 16:12:00,29.0,,1
20260516,AL1_SOLEXS_20260516_SDD2_L1.lc,1778948653.0,1778948927.0,1778950674.0,2021.0,675.0,371.9,303.1,14.823011668476749,1.0,M1.3,2026-05-16 16:29:00,-13.0,,1
20260516,AL1_SOLEXS_20260516_SDD2_L1.lc,1778953223.0,1778953305.0,1778953812.0,589.0,1422.0,46.0,1376.0,199.01074769942383,1.0,M1.9,2026-05-16 17:42:00,-15.0,,1
20260516,AL1_SOLEXS_20260516_SDD2_L1.lc,1778958363.0,1778958420.0,1778958660.0,297.0,78.0,17.0,61.0,13.993537352209517,1.0,C2.5,2026-05-16 19:07:00,0.0,,0
20260516,AL1_SOLEXS_20260516_SDD2_L1.lc,1778961696.0,1778961807.0,1778962283.0,587.0,116.0,17.0,99.0,27.94229889672,1.0,C3.5,2026-05-16 20:03:00,27.0,,0
20260516,AL1_SOLEXS_20260516_SDD2_L1.lc,1778970321.0,1778970426.0,1778970460.0,139.0,26.0,8.0,18.0,8.447846309352283,1.0,C1.4,2026-05-16 22:26:00,66.0,,0
20260516,AL1_SOLEXS_20260516_SDD2_L1.lc,1778973550.0,1778974176.0,1778975162.0,1612.0,280.0,11.0,269.0,79.63119256007771,1.0,C5.8,2026-05-16 23:30:00,-24.0,,0
20260517,AL1_SOLEXS_20260517_SDD2_L1.lc,1778988797.0,1778989117.0,1778990457.0,1660.0,932.0,5.0,927.0,414.852329349574,1.0,M1.4,2026-05-17 03:39:00,-23.0,,1
20260518,AL1_SOLEXS_20260518_SDD2_L1.lc,1779074639.0,1779074966.0,1779075188.0,549.0,17.0,1.0,16.0,14.075113122172024,1.0,B8.3,2026-05-18 03:29:00,26.0,,0
20260518,AL1_SOLEXS_20260518_SDD2_L1.lc,1779128190.0,1779128847.0,1779129328.0,1138.0,58.0,5.0,53.0,21.067605170814883,3.0,C1.9,2026-05-18 18:28:00,-33.0,,0
20260518,AL1_SOLEXS_20260518_SDD2_L1.lc,1779134345.0,1779134376.0,1779134536.0,191.0,5.0,1.0,4.0,10.357466063348475,1.0,B6.6,2026-05-18 20:00:00,-24.0,,0
20260519,AL1_SOLEXS_20260519_SDD2_L1.lc,1779176201.0,1779176371.0,1779176891.0,690.0,67.0,1.0,66.0,64.93393665158405,1.0,C2.1,2026-05-19 07:40:00,-29.0,,0
20260519,AL1_SOLEXS_20260519_SDD2_L1.lc,1779186245.0,1779186398.0,1779186608.0,363.0,13.0,1.0,12.0,13.016289592760256,1.0,B8.2,2026-05-19 10:26:00,38.0,,0
20260519,AL1_SOLEXS_20260519_SDD2_L1.lc,1779199618.0,1779199701.0,1779199807.0,189.0,4.0,1.0,3.0,9.271493212669736,1.0,B6.3,2026-05-19 14:08:00,21.0,,0
20260519,AL1_SOLEXS_20260519_SDD2_L1.lc,1779209253.0,1779209476.0,1779210067.0,814.0,23.0,2.0,21.0,19.651809276234385,1.0,C1.1,2026-05-19 16:51:00,16.0,,0
20260519,AL1_SOLEXS_20260519_SDD2_L1.lc,1779220298.0,1779220811.0,1779221247.0,949.0,66.0,4.0,62.0,30.77420814479656,3.0,C2.1,2026-05-19 20:00:00,11.0,,0
20260519,AL1_SOLEXS_20260519_SDD2_L1.lc,1779221563.0,1779221667.0,1779221875.0,312.0,47.0,9.0,38.0,11.898944193061917,1.0,C2.1,2026-05-19 20:00:00,867.0,,0
20260519,AL1_SOLEXS_20260519_SDD2_L1.lc,1779222865.0,1779222921.0,1779223175.0,310.0,18.0,5.0,13.0,7.654889030520001,2.0,UNMATCHED,,,,0
20260519,AL1_SOLEXS_20260519_SDD2_L1.lc,1779225578.0,1779225866.0,1779226072.0,494.0,20.0,3.0,17.0,11.60395667731446,1.0,C1.0,2026-05-19 21:25:00,-34.0,,0
20260519,AL1_SOLEXS_20260519_SDD2_L1.lc,1779228094.0,1779228159.0,1779228416.0,322.0,47.0,7.0,40.0,12.738941962246823,1.0,C1.4,2026-05-19 22:03:00,-21.0,,0
20260520,AL1_SOLEXS_20260520_SDD2_L1.lc,1779271661.0,1779271830.0,1779271847.0,186.0,20.0,4.0,16.0,8.058371040724035,1.0,C1.0,2026-05-20 10:09:00,90.0,,0
20260521,AL1_SOLEXS_20260521_SDD2_L1.lc,1779369402.0,1779369653.0,1779370112.0,710.0,302.0,5.0,297.0,127.54976933663436,1.0,C5.5,2026-05-21 13:21:00,-7.0,,0
20260521,AL1_SOLEXS_20260521_SDD2_L1.lc,1779381306.0,1779381368.0,1779381529.0,223.0,27.0,5.0,22.0,8.308459639835926,1.0,C1.0,2026-05-21 16:37:00,-52.0,,0
20260521,AL1_SOLEXS_20260521_SDD2_L1.lc,1779387059.0,1779387917.0,1779389203.0,2144.0,486.0,72.9,413.1,49.69874151886008,2.0,C9.5,2026-05-21 18:25:00,17.0,,0
20260521,AL1_SOLEXS_20260521_SDD2_L1.lc,1779393108.0,1779393371.0,1779393442.0,334.0,33.0,9.0,24.0,6.8534964945773575,3.0,C1.2,2026-05-21 19:58:00,-109.0,,0
20260523,AL1_SOLEXS_20260523_SDD2_L1.lc,1779502956.0,1779503100.0,1779503338.0,382.0,41.0,8.0,33.0,12.392606266478523,1.0,C1.6,2026-05-23 02:24:00,60.0,,0
20260523,AL1_SOLEXS_20260523_SDD2_L1.lc,1779506732.0,1779506862.0,1779507093.0,361.0,29.0,5.0,24.0,12.067077432965457,1.0,C1.3,2026-05-23 03:27:00,42.0,,0
20260523,AL1_SOLEXS_20260523_SDD2_L1.lc,1779508183.0,1779508258.0,1779508359.0,176.0,53.0,5.0,48.0,16.872296455020685,1.0,C1.4,2026-05-23 03:50:00,58.0,,0
20260523,AL1_SOLEXS_20260523_SDD2_L1.lc,1779514930.0,1779515282.0,1779515729.0,799.0,162.0,8.0,154.0,52.08657335878782,1.0,C3.6,2026-05-23 05:48:00,2.0,,0
20260523,AL1_SOLEXS_20260523_SDD2_L1.lc,1779520475.0,1779520635.0,1779520850.0,375.0,72.0,19.0,53.0,11.82996245786851,1.0,C2.1,2026-05-23 07:17:00,15.0,,0
20260523,AL1_SOLEXS_20260523_SDD2_L1.lc,1779527532.0,1779527599.0,1779527810.0,278.0,62.0,7.0,55.0,21.237156742259767,1.0,C1.9,2026-05-23 09:13:00,19.0,,0
20260523,AL1_SOLEXS_20260523_SDD2_L1.lc,1779536517.0,1779536633.0,1779536999.0,482.0,114.0,7.0,107.0,42.0864295819019,1.0,C2.9,2026-05-23 11:44:00,-7.0,,0
20260523,AL1_SOLEXS_20260523_SDD2_L1.lc,1779545364.0,1779545489.0,1779545881.0,517.0,75.0,10.0,65.0,23.070890328488304,1.0,C2.3,2026-05-23 14:11:00,29.0,,0
20260523,AL1_SOLEXS_20260523_SDD2_L1.lc,1779548225.0,1779548475.0,1779548527.0,302.0,46.0,16.0,30.0,7.334389140271552,2.0,UNMATCHED,,,,0
20260523,AL1_SOLEXS_20260523_SDD2_L1.lc,1779556339.0,1779556448.0,1779556583.0,244.0,65.0,20.0,45.0,8.39567640891308,1.0,C1.8,2026-05-23 17:14:00,8.0,,0
20260523,AL1_SOLEXS_20260523_SDD2_L1.lc,1779557947.0,1779557968.0,1779558663.0,716.0,61.0,19.0,42.0,9.522725308091523,2.0,C2.0,2026-05-23 17:46:00,-392.0,,0
20260523,AL1_SOLEXS_20260523_SDD2_L1.lc,1779563534.0,1779564311.0,1779564315.0,781.0,98.0,47.0,51.0,6.2908072713337,1.0,C2.7,2026-05-23 19:32:00,-409.0,,0
20260523,AL1_SOLEXS_20260523_SDD2_L1.lc,1779570225.0,1779570367.0,1779570685.0,460.0,102.0,36.0,66.0,10.457315233785913,1.0,C2.9,2026-05-23 21:05:00,67.0,,0
20260523,AL1_SOLEXS_20260523_SDD2_L1.lc,1779571968.0,1779572181.0,1779572640.0,672.0,106.0,48.0,58.0,9.544697176460527,1.0,C5.5,2026-05-23 22:04:00,-1659.0,,0
20260523,AL1_SOLEXS_20260523_SDD2_L1.lc,1779573622.0,1779573863.0,1779574215.0,593.0,243.0,30.0,213.0,40.44274315783193,1.0,C5.5,2026-05-23 22:04:00,23.0,,0
20260523,AL1_SOLEXS_20260523_SDD2_L1.lc,1779575261.0,1779575455.0,1779575872.0,611.0,104.0,26.0,78.0,13.319746448855822,1.0,C2.5,2026-05-23 22:32:00,-65.0,,0
20260523,AL1_SOLEXS_20260523_SDD2_L1.lc,1779580186.0,1779580789.0,1779580799.0,613.0,190.0,36.0,154.0,30.30211161387652,1.0,C4.7,2026-05-23 23:59:00,49.0,,0
20260524,AL1_SOLEXS_20260524_SDD2_L1.lc,1779580801.0,1779580801.0,1779581588.0,787.0,222.0,71.0,151.0,17.982484684292366,1.0,C4.7,2026-05-23 23:59:00,61.0,,0
20260524,AL1_SOLEXS_20260524_SDD2_L1.lc,1779584051.0,1779584678.0,1779584939.0,888.0,151.0,30.0,121.0,21.612983416197206,1.0,C3.5,2026-05-24 01:04:00,38.0,,0
20260524,AL1_SOLEXS_20260524_SDD2_L1.lc,1779588615.0,1779588793.0,1779588927.0,312.0,83.0,34.0,49.0,8.627853254893477,2.0,C3.4,2026-05-24 02:25:00,-707.0,,0
20260524,AL1_SOLEXS_20260524_SDD2_L1.lc,1779589401.0,1779589484.0,1779589622.0,221.0,128.0,61.0,67.0,8.359128137664323,2.0,C3.4,2026-05-24 02:25:00,-16.0,,0
20260524,AL1_SOLEXS_20260524_SDD2_L1.lc,1779590026.0,1779590273.0,1779590665.0,639.0,179.0,37.0,142.0,20.680499938829627,1.0,C3.7,2026-05-24 02:37:00,53.0,,0
20260525,AL1_SOLEXS_20260525_SDD2_L1.lc,1779670675.0,1779670989.0,1779671897.0,1222.0,121.0,8.0,113.0,50.69027743430904,2.0,C3.7,2026-05-25 01:04:00,-51.0,,0
20260525,AL1_SOLEXS_20260525_SDD2_L1.lc,1779691656.0,1779691962.0,1779692250.0,594.0,44.0,11.0,33.0,11.336007973288032,1.0,C1.7,2026-05-25 06:53:00,-18.0,,0
20260525,AL1_SOLEXS_20260525_SDD2_L1.lc,1779743541.0,1779743584.0,1779743722.0,181.0,63.0,24.0,39.0,7.541509709587039,1.0,UNMATCHED,,,,0
20260525,AL1_SOLEXS_20260525_SDD2_L1.lc,1779745401.0,1779745450.0,1779745572.0,171.0,107.0,56.0,51.0,6.895839092271108,2.0,UNMATCHED,,,,0
20260525,AL1_SOLEXS_20260525_SDD2_L1.lc,1779750349.0,1779750383.0,1779750435.0,86.0,123.0,61.0,62.0,5.926543289418863,1.0,UNMATCHED,,,,0
20260526,AL1_SOLEXS_20260526_SDD2_L1.lc,1779779707.0,1779779844.0,1779780180.0,473.0,52.0,17.0,35.0,13.353506689217705,1.0,C2.4,2026-05-26 07:17:00,24.0,,0
20260526,AL1_SOLEXS_20260526_SDD2_L1.lc,1779784512.0,1779784675.0,1779784995.0,483.0,99.0,46.0,53.0,8.005497776855611,1.0,C2.9,2026-05-26 08:40:00,-125.0,,0
20260526,AL1_SOLEXS_20260526_SDD2_L1.lc,1779798906.0,1779799100.0,1779799708.0,802.0,544.0,13.0,531.0,144.3156723638961,1.0,C9.7,2026-05-26 12:38:00,20.0,,0
20260526,AL1_SOLEXS_20260526_SDD2_L1.lc,1779803789.0,1779804097.0,1779804161.0,372.0,49.0,13.0,36.0,7.848631283241197,1.0,C1.6,2026-05-26 14:00:00,97.0,,0
20260526,AL1_SOLEXS_20260526_SDD2_L1.lc,1779826331.0,1779826761.0,1779827135.0,804.0,89.0,13.0,76.0,19.156985419318847,1.0,C2.5,2026-05-26 20:19:00,21.0,,0
20260526,AL1_SOLEXS_20260526_SDD2_L1.lc,1779828329.0,1779828466.0,1779828711.0,382.0,56.0,14.0,42.0,10.089414213915717,1.0,C1.7,2026-05-26 20:48:00,-14.0,,0
20260526,AL1_SOLEXS_20260526_SDD2_L1.lc,1779839175.0,1779839318.0,1779839857.0,682.0,200.0,18.0,182.0,43.238033206763184,1.0,C4.7,2026-05-26 23:49:00,-22.0,,0
20260527,AL1_SOLEXS_20260527_SDD2_L1.lc,1779846961.0,1779847168.0,1779847406.0,445.0,63.0,7.0,56.0,20.94094205119552,1.0,C1.9,2026-05-27 01:59:00,28.0,,0
20260527,AL1_SOLEXS_20260527_SDD2_L1.lc,1779884041.0,1779884192.0,1779884509.0,468.0,114.0,14.0,100.0,27.069089296248777,2.0,C3.4,2026-05-27 12:16:00,32.0,,0
20260527,AL1_SOLEXS_20260527_SDD2_L1.lc,1779888101.0,1779888186.0,1779888681.0,580.0,91.0,13.0,78.0,21.31931220234164,1.0,C2.8,2026-05-27 13:23:00,6.0,,0
20260527,AL1_SOLEXS_20260527_SDD2_L1.lc,1779907411.0,1779907576.0,1779907603.0,192.0,20.0,4.0,16.0,7.995022624434442,2.0,UNMATCHED,,,,0
20260528,AL1_SOLEXS_20260528_SDD2_L1.lc,1779981259.0,1779981397.0,1779981854.0,595.0,100.0,5.0,95.0,48.67869397243823,1.0,C3.2,2026-05-28 15:16:00,37.0,,0
20260528,AL1_SOLEXS_20260528_SDD2_L1.lc,1779986114.0,1779986262.0,1779986332.0,218.0,34.0,8.0,26.0,9.642888765339508,1.0,C1.5,2026-05-28 16:37:00,42.0,,0
20260529,AL1_SOLEXS_20260529_SDD2_L1.lc,1780030545.0,1780031286.0,1780031664.0,1119.0,261.0,30.90000000000001,230.1,38.71737848326725,1.0,C7.6,2026-05-29 05:37:00,-1734.0,,0
20260529,AL1_SOLEXS_20260529_SDD2_L1.lc,1780032610.0,1780033184.0,1780033977.0,1367.0,314.0,179.0,135.0,11.578547460353558,2.0,C7.6,2026-05-29 05:37:00,164.0,,0
20260529,AL1_SOLEXS_20260529_SDD2_L1.lc,1780034195.0,1780034209.0,1780034940.0,745.0,189.0,117.0,72.0,7.09385055466411,2.0,C7.6,2026-05-29 05:37:00,1189.0,,0
20260529,AL1_SOLEXS_20260529_SDD2_L1.lc,1780036203.0,1780038327.0,1780041339.0,5136.0,618.0,360.0,258.0,12.663181106884084,1.0,M1.1,2026-05-29 07:04:00,87.0,,1
20260529,AL1_SOLEXS_20260529_SDD2_L1.lc,1780042298.0,1780042355.0,1780042489.0,191.0,32.0,7.0,25.0,7.7008978690767425,2.0,UNMATCHED,,,,0
20260529,AL1_SOLEXS_20260529_SDD2_L1.lc,1780069689.0,1780069854.0,1780070153.0,464.0,27.0,4.0,23.0,10.625339366515902,1.0,C1.2,2026-05-29 15:53:00,-126.0,,0
20260529,AL1_SOLEXS_20260529_SDD2_L1.lc,1780081717.0,1780081783.0,1780081865.0,148.0,14.0,3.0,11.0,9.881833159442046,1.0,C1.2,2026-05-29 19:09:00,43.0,,0
20260529,AL1_SOLEXS_20260529_SDD2_L1.lc,1780083079.0,1780083887.0,1780084775.0,1696.0,87.0,21.0,66.0,15.374388407830402,4.0,C3.0,2026-05-29 19:47:00,-133.0,,0
20260529,AL1_SOLEXS_20260529_SDD2_L1.lc,1780084940.0,1780084947.0,1780085122.0,182.0,45.0,15.0,30.0,6.380667042828767,1.0,C3.0,2026-05-29 19:47:00,927.0,,0
20260529,AL1_SOLEXS_20260529_SDD2_L1.lc,1780089397.0,1780090228.0,1780090847.0,1450.0,66.0,15.0,51.0,10.35085467694102,1.0,C2.0,2026-05-29 21:29:00,88.0,,0
20260530,AL1_SOLEXS_20260530_SDD2_L1.lc,1780108700.0,1780108799.0,1780108805.0,105.0,25.0,6.0,19.0,7.119406839130042,1.0,C1.3,2026-05-30 02:40:00,-1.0,,0
20260530,AL1_SOLEXS_20260530_SDD2_L1.lc,1780126549.0,1780127179.0,1780128181.0,1632.0,114.0,20.0,94.0,23.909940990901973,2.0,C3.9,2026-05-30 07:47:00,-41.0,,0
20260530,AL1_SOLEXS_20260530_SDD2_L1.lc,1780130930.0,1780131159.0,1780131229.0,299.0,47.0,13.0,34.0,8.55819574239447,1.0,C1.8,2026-05-30 08:52:00,39.0,,0
20260530,AL1_SOLEXS_20260530_SDD2_L1.lc,1780141879.0,1780141999.0,1780142315.0,436.0,179.0,3.0,176.0,102.68945208711354,1.0,C4.7,2026-05-30 11:53:00,19.0,,0
20260530,AL1_SOLEXS_20260530_SDD2_L1.lc,1780152338.0,1780152394.0,1780152423.0,85.0,16.0,4.0,12.0,7.837556561086025,1.0,C1.0,2026-05-30 14:48:00,-86.0,,0
20260531,AL1_SOLEXS_20260531_SDD2_L1.lc,1780231375.0,1780231416.0,1780231436.0,61.0,20.0,4.0,16.0,7.767420814479689,1.0,C1.0,2026-05-31 12:43:00,36.0,,0
20260531,AL1_SOLEXS_20260531_SDD2_L1.lc,1780231705.0,1780231771.0,1780231959.0,254.0,23.0,4.0,19.0,9.573303167420876,1.0,C1.1,2026-05-31 12:51:00,-89.0,,0
20260531,AL1_SOLEXS_20260531_SDD2_L1.lc,1780250476.0,1780250880.0,1780251256.0,780.0,41.0,5.0,36.0,15.613622896645232,2.0,C1.5,2026-05-31 18:10:00,-120.0,,0
20260531,AL1_SOLEXS_20260531_SDD2_L1.lc,1780252468.0,1780252528.0,1780252740.0,272.0,29.0,8.0,21.0,10.510614371935857,1.0,C1.7,2026-05-31 18:36:00,-32.0,,0
20260531,AL1_SOLEXS_20260531_SDD2_L1.lc,1780256525.0,1780256629.0,1780256798.0,273.0,32.0,4.0,28.0,14.685067873303254,1.0,C1.5,2026-05-31 19:43:00,49.0,,0
20260531,AL1_SOLEXS_20260531_SDD2_L1.lc,1780264066.0,1780264347.0,1780264561.0,495.0,51.0,14.0,37.0,9.44484298342104,2.0,C1.9,2026-05-31 21:53:00,-33.0,,0
20260601,AL1_SOLEXS_20260601_SDD2_L1.lc,1780291004.0,1780291206.0,1780291463.0,459.0,40.0,4.0,36.0,14.071493212669768,2.0,C1.5,2026-06-01 05:19:00,66.0,,0
20260602,AL1_SOLEXS_20260602_SDD2_L1.lc,1780367561.0,1780367594.0,1780367636.0,75.0,25.0,4.0,21.0,8.966063348416348,1.0,C1.1,2026-06-02 02:33:00,14.0,,0
20260602,AL1_SOLEXS_20260602_SDD2_L1.lc,1780368265.0,1780368488.0,1780368807.0,542.0,32.0,9.0,23.0,9.195776772247426,1.0,C1.8,2026-06-02 02:50:00,-112.0,,0
20260602,AL1_SOLEXS_20260602_SDD2_L1.lc,1780369353.0,1780369371.0,1780369483.0,130.0,41.0,7.0,34.0,10.14620829219256,1.0,C1.8,2026-06-02 02:50:00,771.0,,0
20260602,AL1_SOLEXS_20260602_SDD2_L1.lc,1780373915.0,1780374099.0,1780374279.0,364.0,31.0,8.0,23.0,8.131727983645353,1.0,C1.4,2026-06-02 04:23:00,-81.0,,0
20260602,AL1_SOLEXS_20260602_SDD2_L1.lc,1780375439.0,1780375499.0,1780376163.0,724.0,727.0,11.0,716.0,211.07404000020952,1.0,M1.2,2026-06-02 04:45:00,-1.0,,1
20260602,AL1_SOLEXS_20260602_SDD2_L1.lc,1780383086.0,1780383564.0,1780384106.0,1020.0,89.0,12.0,77.0,20.625773055683084,1.0,C3.1,2026-06-02 06:59:00,24.0,,0
20260602,AL1_SOLEXS_20260602_SDD2_L1.lc,1780386845.0,1780386921.0,1780387017.0,172.0,20.0,4.0,16.0,8.773755656108655,1.0,C1.2,2026-06-02 07:55:00,21.0,,0
20260602,AL1_SOLEXS_20260602_SDD2_L1.lc,1780388854.0,1780388895.0,1780388983.0,129.0,27.0,8.0,19.0,6.699916741197473,1.0,C1.4,2026-06-02 08:29:00,-45.0,,0
20260602,AL1_SOLEXS_20260602_SDD2_L1.lc,1780389358.0,1780389846.0,1780390591.0,1233.0,122.0,22.0,100.0,23.19932500868666,1.0,C3.7,2026-06-02 08:44:00,6.0,,0
20260602,AL1_SOLEXS_20260602_SDD2_L1.lc,1780394292.0,1780394668.0,1780395920.0,1628.0,636.0,16.0,620.0,167.06538461538554,1.0,M1.2,2026-06-02 10:05:00,-32.0,,1
20260602,AL1_SOLEXS_20260602_SDD2_L1.lc,1780398023.0,1780398129.0,1780398518.0,495.0,174.0,38.0,136.0,19.96483252964441,1.0,C4.3,2026-06-02 11:02:00,9.0,,0
20260602,AL1_SOLEXS_20260602_SDD2_L1.lc,1780408532.0,1780408685.0,1780408957.0,425.0,77.0,8.0,69.0,24.8460045186699,1.0,C2.3,2026-06-02 13:58:00,5.0,,0
20260602,AL1_SOLEXS_20260602_SDD2_L1.lc,1780418286.0,1780418915.0,1780420014.0,1728.0,1944.0,16.0,1928.0,483.7135746606361,1.0,M3.3,2026-06-02 16:50:00,-85.0,,1
20260602,AL1_SOLEXS_20260602_SDD2_L1.lc,1780423875.0,1780423999.0,1780424284.0,409.0,85.0,15.0,70.0,19.71424464069513,1.0,C2.9,2026-06-02 18:13:00,19.0,,0
20260602,AL1_SOLEXS_20260602_SDD2_L1.lc,1780425506.0,1780425654.0,1780425926.0,420.0,67.0,14.0,53.0,13.859853580587934,1.0,C2.4,2026-06-02 18:41:00,-6.0,,0
20260602,AL1_SOLEXS_20260602_SDD2_L1.lc,1780432214.0,1780432781.0,1780433249.0,1035.0,139.0,18.0,121.0,29.43057346227249,1.0,C4.2,2026-06-02 20:39:00,41.0,,0
20260602,AL1_SOLEXS_20260602_SDD2_L1.lc,1780433553.0,1780433688.0,1780433948.0,395.0,46.0,21.0,25.0,7.676925126727639,1.0,C4.2,2026-06-02 20:39:00,948.0,,0
20260603,AL1_SOLEXS_20260603_SDD2_L1.lc,1780446501.0,1780447569.0,1780448343.0,1842.0,136.0,43.0,93.0,14.252889004226429,1.0,C4.0,2026-06-03 00:46:00,9.0,,0
20260603,AL1_SOLEXS_20260603_SDD2_L1.lc,1780449230.0,1780449309.0,1780449354.0,124.0,46.0,17.0,29.0,6.992049657156097,1.0,C2.0,2026-06-03 01:15:00,9.0,,0
20260603,AL1_SOLEXS_20260603_SDD2_L1.lc,1780449933.0,1780450561.0,1780452117.0,2184.0,6362.0,24.0,6338.0,1304.5599983655468,1.0,M9.3,2026-06-03 01:36:00,1.0,,1
20260603,AL1_SOLEXS_20260603_SDD2_L1.lc,1780457484.0,1780457681.0,1780457904.0,420.0,42.0,13.0,29.0,7.919663027825697,1.0,C1.8,2026-06-03 03:34:00,41.0,,0
20260603,AL1_SOLEXS_20260603_SDD2_L1.lc,1780462391.0,1780462571.0,1780462704.0,313.0,57.0,11.0,46.0,11.38075716832039,1.0,C2.1,2026-06-03 04:55:00,71.0,,0
20260603,AL1_SOLEXS_20260603_SDD2_L1.lc,1780465697.0,1780465723.0,1780465773.0,76.0,33.0,11.0,22.0,7.739973574925708,1.0,UNMATCHED,,,,0
20260603,AL1_SOLEXS_20260603_SDD2_L1.lc,1780469638.0,1780470026.0,1780471405.0,1767.0,5242.0,9.0,5233.0,1741.8256410256502,1.0,M7.7,2026-06-03 07:00:00,26.0,,1
20260603,AL1_SOLEXS_20260603_SDD2_L1.lc,1780484229.0,1780484387.0,1780484823.0,594.0,77.0,12.0,65.0,18.391087896113813,1.0,C2.4,2026-06-03 10:59:00,47.0,,0
20260603,AL1_SOLEXS_20260603_SDD2_L1.lc,1780485679.0,1780486068.0,1780488390.0,2711.0,7008.0,37.900000000000006,6970.1,1141.078897797478,2.0,X1.0,2026-06-03 11:28:00,-12.0,,1
20260603,AL1_SOLEXS_20260603_SDD2_L1.lc,1780488617.0,1780488634.0,1780488696.0,79.0,28.0,11.0,17.0,6.362298662008842,1.0,C1.4,2026-06-03 12:29:00,-1106.0,,0
20260603,AL1_SOLEXS_20260603_SDD2_L1.lc,1780500742.0,1780500942.0,1780501176.0,434.0,35.0,10.0,25.0,9.662546870400536,1.0,C1.7,2026-06-03 15:36:00,-18.0,,0
20260603,AL1_SOLEXS_20260603_SDD2_L1.lc,1780514654.0,1780514829.0,1780514850.0,196.0,37.0,7.0,30.0,8.234836821445437,1.0,C1.5,2026-06-03 19:26:00,69.0,,0
20260603,AL1_SOLEXS_20260603_SDD2_L1.lc,1780519885.0,1780519945.0,1780520129.0,244.0,36.0,6.0,30.0,16.06133749442138,1.0,C1.8,2026-06-03 20:52:00,25.0,,0
20260603,AL1_SOLEXS_20260603_SDD2_L1.lc,1780529456.0,1780530192.0,1780530648.0,1192.0,219.0,33.0,186.0,27.93166573204823,1.0,C5.1,2026-06-03 23:43:00,12.0,,0
20260605,AL1_SOLEXS_20260605_SDD2_L1.lc,1780624808.0,1780625206.0,1780625317.0,509.0,30.0,7.0,23.0,7.255549684589851,5.0,C1.5,2026-06-05 02:08:00,-74.0,,0
20260605,AL1_SOLEXS_20260605_SDD2_L1.lc,1780659930.0,1780660045.0,1780660534.0,604.0,42.0,10.0,32.0,10.02473388217813,3.0,C1.7,2026-06-05 11:47:00,25.0,,0
20260605,AL1_SOLEXS_20260605_SDD2_L1.lc,1780671336.0,1780671733.0,1780672763.0,1427.0,121.0,10.0,111.0,46.62055808009531,1.0,C4.1,2026-06-05 15:03:00,-47.0,,0
20260605,AL1_SOLEXS_20260605_SDD2_L1.lc,1780684571.0,1780685702.0,1780685951.0,1380.0,114.0,38.0,76.0,11.325110488950695,2.0,C3.9,2026-06-05 18:54:00,62.0,,0
20260605,AL1_SOLEXS_20260605_SDD2_L1.lc,1780686793.0,1780686910.0,1780687031.0,238.0,45.0,23.0,22.0,8.054317407419184,1.0,C3.9,2026-06-05 18:54:00,1270.0,,0
20260605,AL1_SOLEXS_20260605_SDD2_L1.lc,1780697999.0,1780699518.0,1780700069.0,2070.0,136.0,60.900000000000006,75.1,13.02183209786892,4.0,C4.7,2026-06-05 22:45:00,18.0,,0
20260605,AL1_SOLEXS_20260605_SDD2_L1.lc,1780701045.0,1780701116.0,1780701249.0,204.0,68.0,30.0,38.0,7.293880030487416,1.0,C4.7,2026-06-05 22:45:00,1616.0,,0
20260606,AL1_SOLEXS_20260606_SDD2_L1.lc,1780718240.0,1780718682.0,1780718885.0,645.0,66.0,9.0,57.0,19.52790346908006,1.0,C2.1,2026-06-06 03:59:00,342.0,,0
20260606,AL1_SOLEXS_20260606_SDD2_L1.lc,1780727276.0,1780727388.0,1780727978.0,702.0,105.0,9.0,96.0,30.49803921568645,1.0,C3.1,2026-06-06 06:30:00,-12.0,,0
20260606,AL1_SOLEXS_20260606_SDD2_L1.lc,1780746865.0,1780747019.0,1780747228.0,363.0,49.0,11.0,38.0,10.752085550304848,1.0,C1.9,2026-06-06 11:57:00,-1.0,,0
20260606,AL1_SOLEXS_20260606_SDD2_L1.lc,1780751459.0,1780751859.0,1780752660.0,1201.0,458.0,17.0,441.0,99.057255985428,2.0,C8.8,2026-06-06 13:18:00,-21.0,,0
20260606,AL1_SOLEXS_20260606_SDD2_L1.lc,1780753446.0,1780754650.0,1780757703.0,4257.0,938.0,607.0,331.0,14.168191185764698,4.0,M1.8,2026-06-06 14:01:00,190.0,,1
20260607,AL1_SOLEXS_20260607_SDD2_L1.lc,1780797003.0,1780797213.0,1780797524.0,521.0,40.0,8.0,32.0,13.71179235644782,1.0,C2.0,2026-06-07 01:53:00,33.0,,0
20260607,AL1_SOLEXS_20260607_SDD2_L1.lc,1780805703.0,1780805963.0,1780806417.0,714.0,114.0,6.0,108.0,42.67432311160112,1.0,C3.3,2026-06-07 04:19:00,23.0,,0
20260607,AL1_SOLEXS_20260607_SDD2_L1.lc,1780811185.0,1780811463.0,1780812345.0,1160.0,57.0,20.0,37.0,11.995037595862309,2.0,C2.5,2026-06-07 05:49:00,123.0,,0
20260607,AL1_SOLEXS_20260607_SDD2_L1.lc,1780814462.0,1780814701.0,1780814823.0,361.0,46.0,8.0,38.0,11.332266052518236,1.0,C1.7,2026-06-07 06:44:00,61.0,,0
20260607,AL1_SOLEXS_20260607_SDD2_L1.lc,1780819192.0,1780819312.0,1780819318.0,126.0,38.0,10.0,28.0,6.827371777252271,1.0,C1.5,2026-06-07 08:01:00,52.0,,0
20260607,AL1_SOLEXS_20260607_SDD2_L1.lc,1780820583.0,1780820738.0,1780821117.0,534.0,69.0,13.0,56.0,17.938401956570658,1.0,C2.4,2026-06-07 08:26:00,-22.0,,0
20260607,AL1_SOLEXS_20260607_SDD2_L1.lc,1780824181.0,1780824404.0,1780824684.0,503.0,34.0,6.0,28.0,11.726147050708262,1.0,C1.6,2026-06-07 09:28:00,-76.0,,0
20260607,AL1_SOLEXS_20260607_SDD2_L1.lc,1780838880.0,1780838964.0,1780839358.0,478.0,33.0,4.0,29.0,15.380995475113211,1.0,C1.4,2026-06-07 13:30:00,-36.0,,0
20260607,AL1_SOLEXS_20260607_SDD2_L1.lc,1780840463.0,1780840629.0,1780841143.0,680.0,69.0,18.0,51.0,11.22177395216994,1.0,C2.1,2026-06-07 13:58:00,-51.0,,0
20260607,AL1_SOLEXS_20260607_SDD2_L1.lc,1780847327.0,1780847993.0,1780848094.0,767.0,52.0,14.0,38.0,8.036106179980855,2.0,C1.7,2026-06-07 15:58:00,113.0,,0
20260607,AL1_SOLEXS_20260607_SDD2_L1.lc,1780850765.0,1780850862.0,1780851013.0,248.0,35.0,10.0,25.0,7.450383403151512,2.0,C1.7,2026-06-07 16:51:00,-198.0,,0
20260607,AL1_SOLEXS_20260607_SDD2_L1.lc,1780858867.0,1780859016.0,1780859057.0,190.0,21.0,4.0,17.0,8.757918552036255,1.0,C1.2,2026-06-07 19:02:00,96.0,,0
20260607,AL1_SOLEXS_20260607_SDD2_L1.lc,1780860768.0,1780860783.0,1780860853.0,85.0,21.0,5.0,16.0,7.78556374355905,1.0,C1.2,2026-06-07 19:33:00,3.0,,0
20260607,AL1_SOLEXS_20260607_SDD2_L1.lc,1780861134.0,1780861263.0,1780861309.0,175.0,23.0,5.0,18.0,7.671028496928742,2.0,C1.2,2026-06-07 19:33:00,483.0,,0
20260608,AL1_SOLEXS_20260608_SDD2_L1.lc,1780885245.0,1780885770.0,1780886043.0,798.0,86.0,20.0,66.0,18.059132535385977,1.0,C3.1,2026-06-08 02:28:00,90.0,,0
20260608,AL1_SOLEXS_20260608_SDD2_L1.lc,1780886612.0,1780886958.0,1780887734.0,1122.0,346.0,77.0,269.0,29.015394084058045,1.0,C7.2,2026-06-08 02:49:00,18.0,,0
20260608,AL1_SOLEXS_20260608_SDD2_L1.lc,1780888569.0,1780888725.0,1780889005.0,436.0,67.0,28.0,39.0,9.965777288108985,1.0,C7.2,2026-06-08 02:49:00,1785.0,,0
20260608,AL1_SOLEXS_20260608_SDD2_L1.lc,1780892363.0,1780892456.0,1780892491.0,128.0,39.0,10.0,29.0,7.891385201732461,1.0,C1.6,2026-06-08 04:21:00,-4.0,,0
20260608,AL1_SOLEXS_20260608_SDD2_L1.lc,1780895177.0,1780895396.0,1780895930.0,753.0,196.0,10.0,186.0,60.75093108900703,1.0,C4.5,2026-06-08 05:10:00,-4.0,,0
20260608,AL1_SOLEXS_20260608_SDD2_L1.lc,1780900620.0,1780900822.0,1780900845.0,225.0,37.0,8.0,29.0,8.730369064007363,1.0,C1.5,2026-06-08 06:38:00,142.0,,0
20260608,AL1_SOLEXS_20260608_SDD2_L1.lc,1780907246.0,1780907312.0,1780907460.0,214.0,28.0,5.0,23.0,9.081876093229972,1.0,C1.3,2026-06-08 08:29:00,-28.0,,0
20260610,AL1_SOLEXS_20260610_SDD2_L1.lc,1781053074.0,1781053161.0,1781053368.0,294.0,85.0,4.0,81.0,40.70723981900476,1.0,C2.6,2026-06-10 00:59:00,21.0,,0
20260610,AL1_SOLEXS_20260610_SDD2_L1.lc,1781097800.0,1781098027.0,1781098333.0,533.0,48.0,4.0,44.0,17.914479638009155,1.0,C1.5,2026-06-10 13:26:00,67.0,,0
20260610,AL1_SOLEXS_20260610_SDD2_L1.lc,1781134546.0,1781135989.0,1781135999.0,1453.0,269.0,146.0,123.0,10.11326906226055,2.0,C6.7,2026-06-11 00:02:00,-131.0,,0
20260611,AL1_SOLEXS_20260611_SDD2_L1.lc,1781138647.0,1781138672.0,1781138758.0,111.0,247.0,162.0,85.0,6.028503032324264,1.0,C6.1,2026-06-11 00:44:00,32.0,,0
20260611,AL1_SOLEXS_20260611_SDD2_L1.lc,1781160253.0,1781160417.0,1781160709.0,456.0,38.0,4.0,34.0,12.402714932126774,1.0,C1.2,2026-06-11 06:47:00,-3.0,,0
20260611,AL1_SOLEXS_20260611_SDD2_L1.lc,1781165168.0,1781165207.0,1781165362.0,194.0,39.0,8.0,31.0,9.206786257304543,1.0,C1.5,2026-06-11 08:07:00,-13.0,,0
20260611,AL1_SOLEXS_20260611_SDD2_L1.lc,1781166358.0,1781166478.0,1781167147.0,789.0,438.0,9.0,429.0,148.48144796380174,1.0,C9.0,2026-06-11 08:28:00,-2.0,,0
20260611,AL1_SOLEXS_20260611_SDD2_L1.lc,1781177530.0,1781177838.0,1781178015.0,485.0,27.0,6.0,21.0,9.417050385188666,1.0,C1.3,2026-06-11 11:36:00,78.0,,0
20260611,AL1_SOLEXS_20260611_SDD2_L1.lc,1781197956.0,1781198040.0,1781198239.0,283.0,22.0,5.0,17.0,7.936118908740935,1.0,C1.1,2026-06-11 17:14:00,0.0,,0
20260611,AL1_SOLEXS_20260611_SDD2_L1.lc,1781208736.0,1781208811.0,1781208816.0,80.0,13.0,5.900000000000006,7.099999999999994,5.849586930357008,1.0,C1.1,2026-06-11 20:18:00,-269.0,,0
20260611,AL1_SOLEXS_20260611_SDD2_L1.lc,1781213948.0,1781214000.0,1781214016.0,68.0,31.0,10.0,21.0,7.078923095196891,1.0,C1.5,2026-06-11 21:40:00,0.0,,0
20260612,AL1_SOLEXS_20260612_SDD2_L1.lc,1781230287.0,1781230406.0,1781230900.0,613.0,196.0,3.0,193.0,112.29959100223104,1.0,C5.2,2026-06-12 02:14:00,-34.0,,0
20260612,AL1_SOLEXS_20260612_SDD2_L1.lc,1781231440.0,1781231717.0,1781231954.0,514.0,57.0,16.0,41.0,9.114253393665228,1.0,C2.0,2026-06-12 02:35:00,17.0,,0
20260612,AL1_SOLEXS_20260612_SDD2_L1.lc,1781266595.0,1781266693.0,1781266908.0,313.0,19.0,2.0,17.0,14.347548543876629,1.0,C1.0,2026-06-12 12:18:00,13.0,,0
20260613,AL1_SOLEXS_20260613_SDD2_L1.lc,1781316447.0,1781317088.0,1781317215.0,768.0,51.0,13.0,38.0,10.18439600092084,4.0,C1.8,2026-06-13 02:18:00,8.0,,0
20260613,AL1_SOLEXS_20260613_SDD2_L1.lc,1781333525.0,1781333585.0,1781333644.0,119.0,19.0,4.0,15.0,6.96832579185525,1.0,C1.0,2026-06-13 06:53:00,5.0,,0
20260613,AL1_SOLEXS_20260613_SDD2_L1.lc,1781354903.0,1781355983.0,1781356100.0,1197.0,87.0,39.0,48.0,8.47389495195146,1.0,C2.5,2026-06-13 13:09:00,-157.0,,0
20260614,AL1_SOLEXS_20260614_SDD2_L1.lc,1781427242.0,1781427349.0,1781427982.0,740.0,52.0,2.0,50.0,33.02668604870507,1.0,C1.5,2026-06-14 08:55:00,49.0,,0
20260614,AL1_SOLEXS_20260614_SDD2_L1.lc,1781439500.0,1781439697.0,1781439881.0,381.0,21.0,4.0,17.0,8.80361990950232,3.0,B9.9,2026-06-14 12:22:00,-23.0,,0
20260614,AL1_SOLEXS_20260614_SDD2_L1.lc,1781440585.0,1781440594.0,1781440651.0,66.0,23.0,8.0,15.0,6.188944103389815,1.0,C1.0,2026-06-14 12:36:00,34.0,,0
20260614,AL1_SOLEXS_20260614_SDD2_L1.lc,1781441901.0,1781442171.0,1781442468.0,567.0,28.0,6.0,22.0,10.799922196235045,1.0,C1.2,2026-06-14 13:02:00,51.0,,0
20260615,AL1_SOLEXS_20260615_SDD2_L1.lc,1781489039.0,1781489556.0,1781490072.0,1033.0,47.0,8.0,39.0,13.135228365634172,1.0,C1.7,2026-06-15 02:14:00,-84.0,,0
20260615,AL1_SOLEXS_20260615_SDD2_L1.lc,1781517203.0,1781517347.0,1781517828.0,625.0,58.0,5.0,53.0,24.8711466825874,2.0,C1.7,2026-06-15 09:56:00,-13.0,,0
20260615,AL1_SOLEXS_20260615_SDD2_L1.lc,1781524225.0,1781524359.0,1781524483.0,258.0,51.0,6.0,45.0,16.836455063103,1.0,C1.4,2026-06-15 11:52:00,39.0,,0
20260615,AL1_SOLEXS_20260615_SDD2_L1.lc,1781529289.0,1781529325.0,1781529401.0,112.0,82.0,5.0,77.0,34.549172663755314,1.0,C1.8,2026-06-15 13:15:00,25.0,,0
20260615,AL1_SOLEXS_20260615_SDD2_L1.lc,1781549385.0,1781549472.0,1781549606.0,221.0,69.0,4.0,65.0,32.06199095022643,1.0,C1.8,2026-06-15 18:51:00,12.0,,0
20260615,AL1_SOLEXS_20260615_SDD2_L1.lc,1781556249.0,1781556257.0,1781556309.0,60.0,15.0,4.0,11.0,6.696832579185568,1.0,B9.4,2026-06-15 20:38:00,377.0,,0
20260616,AL1_SOLEXS_20260616_SDD2_L1.lc,1781570825.0,1781570899.0,1781570973.0,148.0,26.0,10.0,16.0,10.36053738742775,1.0,C1.5,2026-06-16 00:48:00,19.0,,0
20260616,AL1_SOLEXS_20260616_SDD2_L1.lc,1781623884.0,1781623959.0,1781624040.0,156.0,29.0,4.0,25.0,11.883257918552111,1.0,C1.0,2026-06-16 15:32:00,39.0,,0
20260616,AL1_SOLEXS_20260616_SDD2_L1.lc,1781632306.0,1781632395.0,1781632438.0,132.0,21.0,3.0,18.0,8.427223974443017,1.0,B8.4,2026-06-16 17:53:00,15.0,,0
20260616,AL1_SOLEXS_20260616_SDD2_L1.lc,1781636054.0,1781636081.0,1781636130.0,76.0,12.0,1.0,11.0,7.15294117647063,1.0,UNMATCHED,,,,0
20260616,AL1_SOLEXS_20260616_SDD2_L1.lc,1781644605.0,1781644715.0,1781644845.0,240.0,12.0,1.0,11.0,19.114027149321373,1.0,B8.6,2026-06-16 21:18:00,35.0,,0
20260616,AL1_SOLEXS_20260616_SDD2_L1.lc,1781650303.0,1781650339.0,1781650406.0,103.0,9.0,1.0,8.0,7.997285067873351,1.0,B6.7,2026-06-16 22:52:00,19.0,,0
20260616,AL1_SOLEXS_20260616_SDD2_L1.lc,1781654124.0,1781654131.0,1781654223.0,99.0,11.0,2.0,9.0,8.81675767528354,1.0,B7.6,2026-06-16 23:56:00,-29.0,,0
20260618,AL1_SOLEXS_20260618_SDD2_L1.lc,1781761433.0,1781761438.0,1781761618.0,185.0,11.0,1.0,10.0,8.132126696832627,2.0,B5.7,2026-06-18 05:45:00,-62.0,,0
20260618,AL1_SOLEXS_20260618_SDD2_L1.lc,1781768529.0,1781768763.0,1781768967.0,438.0,20.0,6.0,14.0,9.657196438402703,1.0,C1.0,2026-06-18 07:46:00,3.0,,0
20260618,AL1_SOLEXS_20260618_SDD2_L1.lc,1781781608.0,1781781661.0,1781781832.0,224.0,18.0,4.0,14.0,7.603619909502312,2.0,B8.0,2026-06-18 11:23:00,-119.0,,0
20260618,AL1_SOLEXS_20260618_SDD2_L1.lc,1781783127.0,1781783774.0,1781784025.0,898.0,75.0,9.0,66.0,23.136048265460165,1.0,C1.8,2026-06-18 11:50:00,374.0,,0
20260618,AL1_SOLEXS_20260618_SDD2_L1.lc,1781788938.0,1781789106.0,1781789271.0,333.0,18.0,4.0,14.0,9.739366515837164,1.0,B8.8,2026-06-18 13:25:00,6.0,,0
20260618,AL1_SOLEXS_20260618_SDD2_L1.lc,1781794304.0,1781794500.0,1781794792.0,488.0,15.0,2.0,13.0,14.53248416357157,1.0,B8.1,2026-06-18 14:55:00,0.0,,0
20260618,AL1_SOLEXS_20260618_SDD2_L1.lc,1781810114.0,1781810119.0,1781810176.0,62.0,15.0,2.0,13.0,7.158096338780787,1.0,B6.5,2026-06-18 19:15:00,19.0,,0
20260618,AL1_SOLEXS_20260618_SDD2_L1.lc,1781812201.0,1781812282.0,1781812354.0,153.0,17.0,2.0,15.0,8.848753457237681,1.0,B7.0,2026-06-18 19:51:00,22.0,,0
20260618,AL1_SOLEXS_20260618_SDD2_L1.lc,1781819707.0,1781820251.0,1781820574.0,867.0,54.0,5.0,49.0,19.673351020138536,1.0,C1.2,2026-06-18 22:04:00,11.0,,0
20260619,AL1_SOLEXS_20260619_SDD2_L1.lc,1781862149.0,1781862492.0,1781862538.0,389.0,15.0,3.0,12.0,9.86824844722582,2.0,B7.1,2026-06-19 09:47:00,72.0,,0
20260619,AL1_SOLEXS_20260619_SDD2_L1.lc,1781881432.0,1781881500.0,1781881632.0,200.0,28.0,4.0,24.0,9.404524886877889,1.0,B9.3,2026-06-19 15:05:00,0.0,,0
20260619,AL1_SOLEXS_20260619_SDD2_L1.lc,1781897355.0,1781897870.0,1781898839.0,1484.0,162.0,9.0,153.0,58.90015082956293,1.0,C4.2,2026-06-19 19:38:00,-10.0,,0
20260619,AL1_SOLEXS_20260619_SDD2_L1.lc,1781910992.0,1781911003.0,1781911183.0,191.0,22.0,3.0,19.0,8.117388038126771,1.0,B7.4,2026-06-19 23:18:00,-77.0,,0
20260620,AL1_SOLEXS_20260620_SDD2_L1.lc,1781918465.0,1781918503.0,1781918551.0,86.0,26.0,4.0,22.0,7.794570135746657,1.0,B8.7,2026-06-20 01:22:00,-17.0,,0
20260620,AL1_SOLEXS_20260620_SDD2_L1.lc,1781919068.0,1781919222.0,1781919261.0,193.0,29.0,9.0,20.0,8.053208644822902,2.0,B8.7,2026-06-20 01:22:00,702.0,,0
20260620,AL1_SOLEXS_20260620_SDD2_L1.lc,1781919476.0,1781920257.0,1781922237.0,2761.0,796.0,37.900000000000006,758.1,124.97117259656112,1.0,M1.3,2026-06-20 01:51:00,-3.0,,1
20260620,AL1_SOLEXS_20260620_SDD2_L1.lc,1781924785.0,1781924836.0,1781925067.0,282.0,33.0,10.0,23.0,9.052699477294755,2.0,C1.4,2026-06-20 03:07:00,16.0,,0
20260620,AL1_SOLEXS_20260620_SDD2_L1.lc,1781954449.0,1781954848.0,1781955193.0,744.0,91.0,8.0,83.0,25.497758597075784,1.0,C1.9,2026-06-20 11:27:00,28.0,,0
20260620,AL1_SOLEXS_20260620_SDD2_L1.lc,1781957455.0,1781958045.0,1781958450.0,995.0,96.0,10.0,86.0,23.050571621350567,2.0,C1.9,2026-06-20 12:20:00,45.0,,0
20260620,AL1_SOLEXS_20260620_SDD2_L1.lc,1781967450.0,1781967616.0,1781969201.0,1751.0,678.0,5.0,673.0,300.17785966329285,2.0,M1.0,2026-06-20 15:00:00,16.0,,1
20260620,AL1_SOLEXS_20260620_SDD2_L1.lc,1781990998.0,1781991772.0,1781992766.0,1768.0,230.0,23.0,207.0,43.14531193453944,2.0,C4.8,2026-06-20 21:45:00,-128.0,,0
20260620,AL1_SOLEXS_20260620_SDD2_L1.lc,1781992957.0,1781993021.0,1781993213.0,256.0,114.0,61.0,53.0,6.664058891928264,2.0,C4.8,2026-06-20 21:45:00,1121.0,,0
20260621,AL1_SOLEXS_20260621_SDD2_L1.lc,1782003855.0,1782003965.0,1782004289.0,434.0,28.0,4.0,24.0,13.301809954751212,2.0,C1.1,2026-06-21 01:06:00,5.0,,0
20260621,AL1_SOLEXS_20260621_SDD2_L1.lc,1782009343.0,1782009941.0,1782013297.0,3954.0,1790.0,13.0,1777.0,492.8019292155938,2.0,M2.6,2026-06-21 02:46:00,-19.0,,1
20260621,AL1_SOLEXS_20260621_SDD2_L1.lc,1782031013.0,1782031057.0,1782031247.0,234.0,31.0,5.0,26.0,12.08488503314826,1.0,C1.1,2026-06-21 08:38:00,-23.0,,0
20260621,AL1_SOLEXS_20260621_SDD2_L1.lc,1782033829.0,1782033969.0,1782034110.0,281.0,12.0,5.0,7.0,8.29793696700063,1.0,B8.8,2026-06-21 09:25:00,69.0,,0
20260621,AL1_SOLEXS_20260621_SDD2_L1.lc,1782037005.0,1782037180.0,1782037214.0,209.0,19.0,5.0,14.0,6.574242212942415,2.0,B8.5,2026-06-21 10:18:00,100.0,,0
20260621,AL1_SOLEXS_20260621_SDD2_L1.lc,1782038894.0,1782038928.0,1782039006.0,112.0,21.0,4.0,17.0,8.827149321267026,1.0,B7.5,2026-06-21 10:49:00,-12.0,,0
20260621,AL1_SOLEXS_20260621_SDD2_L1.lc,1782042763.0,1782042783.0,1782042932.0,169.0,20.0,5.0,15.0,7.963235027201115,1.0,B8.7,2026-06-21 11:53:00,3.0,,0
20260621,AL1_SOLEXS_20260621_SDD2_L1.lc,1782065560.0,1782065932.0,1782066137.0,577.0,103.0,18.0,85.0,20.19083154955519,1.0,C2.6,2026-06-21 18:18:00,52.0,,0
20260621,AL1_SOLEXS_20260621_SDD2_L1.lc,1782069842.0,1782070124.0,1782072230.0,2388.0,4847.0,13.0,4834.0,1348.2040978322686,1.0,M6.8,2026-06-21 19:29:00,-16.0,,1
20260621,AL1_SOLEXS_20260621_SDD2_L1.lc,1782081071.0,1782081222.0,1782081590.0,519.0,97.0,34.0,63.0,9.796526871294471,1.0,C2.6,2026-06-21 22:34:00,-18.0,,0
20260622,AL1_SOLEXS_20260622_SDD2_L1.lc,1782097238.0,1782097293.0,1782097298.0,60.0,22.0,3.0,19.0,7.726043828513167,1.0,B9.1,2026-06-22 03:00:00,93.0,,0
20260623,AL1_SOLEXS_20260623_SDD2_L1.lc,1782243481.0,1782243560.0,1782243578.0,97.0,80.0,41.0,39.0,6.9134803045639215,1.0,UNMATCHED,,,,0
20260623,AL1_SOLEXS_20260623_SDD2_L1.lc,1782252434.0,1782253423.0,1782253598.0,1164.0,140.0,74.0,66.0,8.834399738598252,1.0,C3.8,2026-06-23 22:24:00,-17.0,,0
20260623,AL1_SOLEXS_20260623_SDD2_L1.lc,1782255547.0,1782257110.0,1782258415.0,2868.0,414.0,197.0,217.0,18.75325518831104,2.0,C8.7,2026-06-23 23:25:00,10.0,,0
20260624,AL1_SOLEXS_20260624_SDD2_L1.lc,1782259206.0,1782259211.0,1782259360.0,154.0,75.0,21.0,54.0,9.723236238605796,1.0,UNMATCHED,,,,0
20260624,AL1_SOLEXS_20260624_SDD2_L1.lc,1782261659.0,1782262280.0,1782262585.0,926.0,88.0,29.0,59.0,11.82265921396566,1.0,C3.5,2026-06-24 01:04:00,-760.0,,0
20260624,AL1_SOLEXS_20260624_SDD2_L1.lc,1782262891.0,1782263021.0,1782263765.0,874.0,131.0,41.0,90.0,13.716154971733538,1.0,C3.5,2026-06-24 01:04:00,-19.0,,0
20260624,AL1_SOLEXS_20260624_SDD2_L1.lc,1782271936.0,1782272267.0,1782272656.0,720.0,52.0,12.0,40.0,15.506426505891245,1.0,C2.7,2026-06-24 03:53:00,-913.0,,0
20260624,AL1_SOLEXS_20260624_SDD2_L1.lc,1782272977.0,1782273159.0,1782274034.0,1057.0,104.0,44.900000000000006,59.1,9.394577349972696,3.0,C2.7,2026-06-24 03:53:00,-21.0,,0
20260624,AL1_SOLEXS_20260624_SDD2_L1.lc,1782283349.0,1782283893.0,1782284222.0,873.0,102.0,26.0,76.0,14.215136405210702,2.0,C2.6,2026-06-24 06:51:00,33.0,,0
20260624,AL1_SOLEXS_20260624_SDD2_L1.lc,1782284950.0,1782285042.0,1782285586.0,636.0,152.0,22.0,130.0,26.87756795583904,1.0,C3.5,2026-06-24 07:11:00,-18.0,,0
20260624,AL1_SOLEXS_20260624_SDD2_L1.lc,1782291716.0,1782291779.0,1782291858.0,142.0,35.0,18.0,17.0,8.221422825723476,1.0,C1.9,2026-06-24 09:03:00,-1.0,,0
20260624,AL1_SOLEXS_20260624_SDD2_L1.lc,1782295354.0,1782295434.0,1782295607.0,253.0,59.0,17.0,42.0,8.70560225865715,1.0,C1.8,2026-06-24 10:03:00,54.0,,0
20260624,AL1_SOLEXS_20260624_SDD2_L1.lc,1782311582.0,1782312059.0,1782312876.0,1294.0,162.0,30.0,132.0,26.87789421405609,2.0,C3.8,2026-06-24 14:41:00,-1.0,,0
20260624,AL1_SOLEXS_20260624_SDD2_L1.lc,1782317638.0,1782317665.0,1782317924.0,286.0,127.0,12.0,115.0,30.85584508789878,1.0,C2.7,2026-06-24 16:15:00,-35.0,,0
20260624,AL1_SOLEXS_20260624_SDD2_L1.lc,1782322520.0,1782322579.0,1782322600.0,80.0,29.0,7.0,22.0,6.834144950881823,1.0,UNMATCHED,,,,0
20260624,AL1_SOLEXS_20260624_SDD2_L1.lc,1782326205.0,1782326540.0,1782327014.0,809.0,79.0,23.0,56.0,11.98004941650824,1.0,C2.5,2026-06-24 18:42:00,20.0,,0
20260624,AL1_SOLEXS_20260624_SDD2_L1.lc,1782338880.0,1782339465.0,1782339523.0,643.0,100.0,43.0,57.0,7.956975177463112,1.0,C2.6,2026-06-24 22:15:00,165.0,,0
20260624,AL1_SOLEXS_20260624_SDD2_L1.lc,1782339968.0,1782340129.0,1782340347.0,379.0,78.0,29.0,49.0,9.7302676703978,1.0,C2.6,2026-06-24 22:15:00,829.0,,0
20260625,AL1_SOLEXS_20260625_SDD2_L1.lc,1782346821.0,1782346939.0,1782347241.0,420.0,152.0,84.0,68.0,10.132518209206811,1.0,C4.3,2026-06-25 00:22:00,19.0,,0
20260625,AL1_SOLEXS_20260625_SDD2_L1.lc,1782355304.0,1782356036.0,1782356331.0,1027.0,161.0,52.0,109.0,15.223884932961678,1.0,C4.0,2026-06-25 02:54:00,-4.0,,0
20260625,AL1_SOLEXS_20260625_SDD2_L1.lc,1782365874.0,1782366452.0,1782366727.0,853.0,78.0,15.0,63.0,13.690149096286447,4.0,C2.1,2026-06-25 05:47:00,32.0,,0
20260625,AL1_SOLEXS_20260625_SDD2_L1.lc,1782374525.0,1782374554.0,1782374607.0,82.0,36.0,18.0,18.0,6.2338448507321385,1.0,C1.6,2026-06-25 08:03:00,-26.0,,0
20260625,AL1_SOLEXS_20260625_SDD2_L1.lc,1782376182.0,1782376287.0,1782376348.0,166.0,61.0,18.0,43.0,9.4967746944156,1.0,C1.6,2026-06-25 08:03:00,1707.0,,0
20260625,AL1_SOLEXS_20260625_SDD2_L1.lc,1782378152.0,1782378279.0,1782378923.0,771.0,55.0,11.0,44.0,20.100574397887485,1.0,C2.2,2026-06-25 09:05:00,-21.0,,0
20260625,AL1_SOLEXS_20260625_SDD2_L1.lc,1782394105.0,1782394290.0,1782394412.0,307.0,69.0,36.0,33.0,9.444645550527984,1.0,C2.7,2026-06-25 13:31:00,30.0,,0
20260625,AL1_SOLEXS_20260625_SDD2_L1.lc,1782399594.0,1782399813.0,1782400184.0,590.0,335.0,35.0,300.0,48.866283616567536,1.0,C6.6,2026-06-25 15:03:00,33.0,,0
20260625,AL1_SOLEXS_20260625_SDD2_L1.lc,1782422003.0,1782422097.0,1782422225.0,222.0,69.0,17.0,52.0,14.036776735134543,1.0,C2.3,2026-06-25 21:14:00,57.0,,0
20260625,AL1_SOLEXS_20260625_SDD2_L1.lc,1782424808.0,1782424953.0,1782425260.0,452.0,53.0,14.0,39.0,10.642318466415087,1.0,C2.0,2026-06-25 22:02:00,33.0,,0
20260625,AL1_SOLEXS_20260625_SDD2_L1.lc,1782430849.0,1782431294.0,1782431585.0,736.0,230.0,17.0,213.0,50.29925476149463,1.0,C5.0,2026-06-25 23:48:00,14.0,,0
20260626,AL1_SOLEXS_20260626_SDD2_L1.lc,1782476992.0,1782478163.0,1782479608.0,2616.0,240.0,84.0,156.0,17.08201745477218,3.0,C5.7,2026-06-26 12:48:00,83.0,,0
20260626,AL1_SOLEXS_20260626_SDD2_L1.lc,1782481949.0,1782481978.0,1782482027.0,78.0,44.0,16.0,28.0,6.673303167420871,1.0,C1.7,2026-06-26 13:53:00,-2.0,,0
20260626,AL1_SOLEXS_20260626_SDD2_L1.lc,1782482394.0,1782482696.0,1782483119.0,725.0,143.0,25.0,118.0,20.692126696832712,1.0,C3.5,2026-06-26 14:04:00,56.0,,0
20260626,AL1_SOLEXS_20260626_SDD2_L1.lc,1782485833.0,1782486013.0,1782486379.0,546.0,59.0,12.0,47.0,13.804941300808869,1.0,C2.0,2026-06-26 15:01:00,-47.0,,0
20260626,AL1_SOLEXS_20260626_SDD2_L1.lc,1782505068.0,1782505242.0,1782505696.0,628.0,88.0,16.0,72.0,15.255656108597384,1.0,C2.4,2026-06-26 20:21:00,-18.0,,0
20260627,AL1_SOLEXS_20260627_SDD2_L1.lc,1782538836.0,1782538881.0,1782538926.0,90.0,59.0,22.0,37.0,10.633216904139488,1.0,UNMATCHED,,,,0
20260627,AL1_SOLEXS_20260627_SDD2_L1.lc,1782541543.0,1782541578.0,1782541668.0,125.0,59.0,21.0,38.0,9.071544801701926,1.0,C2.3,2026-06-27 06:26:00,18.0,,0
20260627,AL1_SOLEXS_20260627_SDD2_L1.lc,1782549908.0,1782549941.0,1782549970.0,62.0,82.0,32.0,50.0,8.265950288942998,1.0,UNMATCHED,,,,0
20260627,AL1_SOLEXS_20260627_SDD2_L1.lc,1782551658.0,1782552541.0,1782552579.0,921.0,125.0,66.0,59.0,12.37191262246917,2.0,C3.9,2026-06-27 09:23:00,361.0,,0
20260627,AL1_SOLEXS_20260627_SDD2_L1.lc,1782552876.0,1782552935.0,1782553077.0,201.0,112.0,53.0,59.0,8.405472048038503,1.0,C3.9,2026-06-27 09:23:00,755.0,,0
20260627,AL1_SOLEXS_20260627_SDD2_L1.lc,1782557535.0,1782557567.0,1782557718.0,183.0,105.0,31.0,74.0,13.308509072081822,1.0,C3.1,2026-06-27 10:53:00,-13.0,,0
20260627,AL1_SOLEXS_20260627_SDD2_L1.lc,1782562747.0,1782562910.0,1782563141.0,394.0,83.0,29.0,54.0,9.406603216706392,1.0,C2.9,2026-06-27 12:21:00,50.0,,0
20260627,AL1_SOLEXS_20260627_SDD2_L1.lc,1782569660.0,1782569731.0,1782569751.0,91.0,51.0,17.0,34.0,6.425986872569035,1.0,UNMATCHED,,,,0
20260627,AL1_SOLEXS_20260627_SDD2_L1.lc,1782573268.0,1782573414.0,1782573489.0,221.0,52.0,16.0,36.0,8.430316742081512,1.0,C1.9,2026-06-27 15:16:00,54.0,,0
20260627,AL1_SOLEXS_20260627_SDD2_L1.lc,1782593882.0,1782594099.0,1782595076.0,1194.0,298.0,112.0,186.0,16.993778677975428,1.0,C7.4,2026-06-27 21:02:00,-21.0,,0
20260628,AL1_SOLEXS_20260628_SDD2_L1.lc,1782606090.0,1782606145.0,1782606254.0,164.0,73.0,32.0,41.0,8.116849945036693,1.0,UNMATCHED,,,,0
20260628,AL1_SOLEXS_20260628_SDD2_L1.lc,1782611461.0,1782611750.0,1782612060.0,599.0,172.0,17.0,155.0,33.735937230167124,1.0,C4.1,2026-06-28 01:55:00,50.0,,0
20260628,AL1_SOLEXS_20260628_SDD2_L1.lc,1782629534.0,1782629626.0,1782629841.0,307.0,65.0,18.0,47.0,10.295602717204028,1.0,C2.4,2026-06-28 06:54:00,-14.0,,0
20260628,AL1_SOLEXS_20260628_SDD2_L1.lc,1782636473.0,1782636806.0,1782637025.0,552.0,65.0,19.0,46.0,9.965777956127528,1.0,C2.1,2026-06-28 08:53:00,26.0,,0
20260628,AL1_SOLEXS_20260628_SDD2_L1.lc,1782659189.0,1782659339.0,1782659645.0,456.0,63.0,19.0,44.0,12.956694754443662,1.0,C2.7,2026-06-28 15:09:00,-1.0,,0
20260628,AL1_SOLEXS_20260628_SDD2_L1.lc,1782679471.0,1782679573.0,1782679694.0,223.0,73.0,26.0,47.0,9.199710284966384,1.0,C2.8,2026-06-28 20:46:00,13.0,,0
20260628,AL1_SOLEXS_20260628_SDD2_L1.lc,1782679970.0,1782680584.0,1782680633.0,663.0,74.0,32.0,42.0,8.615474324139306,2.0,C3.3,2026-06-28 20:59:00,244.0,,0
20260628,AL1_SOLEXS_20260628_SDD2_L1.lc,1782681776.0,1782683051.0,1782683484.0,1708.0,435.0,153.0,282.0,22.12524837624074,1.0,C9.5,2026-06-28 21:44:00,11.0,,0
20260628,AL1_SOLEXS_20260628_SDD2_L1.lc,1782683755.0,1782683948.0,1782685000.0,1245.0,332.0,112.9,219.1,23.69251638120209,1.0,C8.7,2026-06-28 21:59:00,8.0,,0
20260629,AL1_SOLEXS_20260629_SDD2_L1.lc,1782693268.0,1782693705.0,1782694135.0,867.0,206.0,34.0,172.0,26.704580140611483,1.0,C5.1,2026-06-29 00:41:00,45.0,,0
20260629,AL1_SOLEXS_20260629_SDD2_L1.lc,1782696094.0,1782696123.0,1782696164.0,70.0,95.0,30.0,65.0,8.153217895218752,1.0,UNMATCHED,,,,0
20260629,AL1_SOLEXS_20260629_SDD2_L1.lc,1782700165.0,1782700295.0,1782700506.0,341.0,87.0,22.0,65.0,12.649458972841876,1.0,C3.1,2026-06-29 02:32:00,-25.0,,0
20260629,AL1_SOLEXS_20260629_SDD2_L1.lc,1782701334.0,1782701425.0,1782701697.0,363.0,78.0,25.0,53.0,12.588054298642628,1.0,C3.0,2026-06-29 02:50:00,25.0,,0
20260629,AL1_SOLEXS_20260629_SDD2_L1.lc,1782702756.0,1782703019.0,1782703483.0,727.0,167.0,36.0,131.0,20.29230769230783,1.0,C4.8,2026-06-29 03:17:00,-1.0,,0
20260629,AL1_SOLEXS_20260629_SDD2_L1.lc,1782719059.0,1782719708.0,1782720091.0,1032.0,292.0,43.0,249.0,32.80747976163591,1.0,C6.5,2026-06-29 07:58:00,-172.0,,0
20260629,AL1_SOLEXS_20260629_SDD2_L1.lc,1782721403.0,1782721669.0,1782722327.0,924.0,308.0,155.0,153.0,11.399608549725311,1.0,C8.1,2026-06-29 08:28:00,-11.0,,0
20260629,AL1_SOLEXS_20260629_SDD2_L1.lc,1782723981.0,1782724030.0,1782724191.0,210.0,318.0,98.0,220.0,21.13723630758547,1.0,UNMATCHED,,,,0
20260629,AL1_SOLEXS_20260629_SDD2_L1.lc,1782724937.0,1782724967.0,1782725282.0,345.0,137.0,66.0,71.0,6.975667200558264,1.0,UNMATCHED,,,,0
20260629,AL1_SOLEXS_20260629_SDD2_L1.lc,1782725848.0,1782725900.0,1782725941.0,93.0,69.0,35.0,34.0,6.742265869939271,1.0,C3.0,2026-06-29 10:05:00,-1600.0,,0
20260629,AL1_SOLEXS_20260629_SDD2_L1.lc,1782727160.0,1782727378.0,1782727631.0,471.0,74.0,34.0,40.0,8.116461546255858,1.0,C3.0,2026-06-29 10:05:00,-122.0,,0
20260629,AL1_SOLEXS_20260629_SDD2_L1.lc,1782732269.0,1782732390.0,1782732469.0,200.0,46.0,19.0,27.0,7.15195764739654,2.0,C2.2,2026-06-29 11:25:00,90.0,,0
20260629,AL1_SOLEXS_20260629_SDD2_L1.lc,1782735044.0,1782735095.0,1782735203.0,159.0,47.0,16.0,31.0,7.355656108597344,1.0,C1.9,2026-06-29 12:12:00,-25.0,,0
20260629,AL1_SOLEXS_20260629_SDD2_L1.lc,1782736341.0,1782736450.0,1782736571.0,230.0,53.0,17.0,36.0,11.814228554937335,1.0,C2.5,2026-06-29 12:34:00,10.0,,0
20260629,AL1_SOLEXS_20260629_SDD2_L1.lc,1782744217.0,1782744420.0,1782744428.0,211.0,84.0,49.0,35.0,7.010601163542414,1.0,UNMATCHED,,,,0
20260629,AL1_SOLEXS_20260629_SDD2_L1.lc,1782745163.0,1782745186.0,1782745261.0,98.0,103.0,48.0,55.0,7.136284447202978,1.0,UNMATCHED,,,,0
20260629,AL1_SOLEXS_20260629_SDD2_L1.lc,1782754047.0,1782754761.0,1782755372.0,1325.0,247.0,54.0,193.0,24.61484730261681,1.0,C6.1,2026-06-29 17:40:00,-39.0,,0
20260629,AL1_SOLEXS_20260629_SDD2_L1.lc,1782757081.0,1782757170.0,1782757341.0,260.0,264.0,61.0,203.0,25.4297465413874,1.0,UNMATCHED,,,,0
20260629,AL1_SOLEXS_20260629_SDD2_L1.lc,1782761380.0,1782761475.0,1782761749.0,369.0,84.0,31.0,53.0,9.73980860936699,1.0,C3.0,2026-06-29 19:33:00,-105.0,,0
20260629,AL1_SOLEXS_20260629_SDD2_L1.lc,1782762354.0,1782762429.0,1782762815.0,461.0,176.0,40.0,136.0,21.47730271304509,1.0,C4.4,2026-06-29 19:47:00,9.0,,0
20260629,AL1_SOLEXS_20260629_SDD2_L1.lc,1782764940.0,1782765223.0,1782765484.0,544.0,113.0,39.0,74.0,11.23650411406928,1.0,C3.7,2026-06-29 20:34:00,-17.0,,0
20260629,AL1_SOLEXS_20260629_SDD2_L1.lc,1782766692.0,1782766822.0,1782767073.0,381.0,199.0,50.0,149.0,21.64655430638348,1.0,C5.6,2026-06-29 21:00:00,22.0,,0
20260629,AL1_SOLEXS_20260629_SDD2_L1.lc,1782767789.0,1782769190.0,1782770685.0,2896.0,704.0,203.0,501.0,35.51989077041291,1.0,M1.4,2026-06-29 21:40:00,-10.0,,1
20260629,AL1_SOLEXS_20260629_SDD2_L1.lc,1782771952.0,1782772017.0,1782772079.0,127.0,142.0,73.0,69.0,7.916959771198981,1.0,UNMATCHED,,,,0
20260629,AL1_SOLEXS_20260629_SDD2_L1.lc,1782777096.0,1782777213.0,1782777284.0,188.0,81.0,30.0,51.0,9.02197361388004,1.0,C2.8,2026-06-29 23:53:00,33.0,,0
20260630,AL1_SOLEXS_20260630_SDD2_L1.lc,1782780330.0,1782782113.0,1782784352.0,4022.0,619.0,375.0,244.0,15.915800159491711,4.0,M1.3,2026-06-30 01:16:00,-47.0,,1
20260630,AL1_SOLEXS_20260630_SDD2_L1.lc,1782786925.0,1782787127.0,1782787569.0,644.0,130.0,47.0,83.0,13.161774395729134,1.0,UNMATCHED,,,,0
20260630,AL1_SOLEXS_20260630_SDD2_L1.lc,1782789325.0,1782789552.0,1782789976.0,651.0,120.0,30.0,90.0,11.45987597767756,1.0,C3.2,2026-06-30 03:19:00,12.0,,0
20260630,AL1_SOLEXS_20260630_SDD2_L1.lc,1782800600.0,1782801249.0,1782801541.0,941.0,132.0,35.0,97.0,14.294962009842616,2.0,C3.8,2026-06-30 06:33:00,69.0,,0
20260630,AL1_SOLEXS_20260630_SDD2_L1.lc,1782810921.0,1782811216.0,1782811714.0,793.0,81.0,25.0,56.0,12.174479638009142,1.0,C2.8,2026-06-30 09:20:00,16.0,,0
20260630,AL1_SOLEXS_20260630_SDD2_L1.lc,1782812003.0,1782812129.0,1782812399.0,396.0,99.0,29.0,70.0,13.977229287058869,1.0,C3.3,2026-06-30 09:36:00,-31.0,,0
20260630,AL1_SOLEXS_20260630_SDD2_L1.lc,1782818176.0,1782818207.0,1782818267.0,91.0,80.0,35.0,45.0,7.023576037259767,1.0,UNMATCHED,,,,0
20260630,AL1_SOLEXS_20260630_SDD2_L1.lc,1782822418.0,1782824253.0,1782828429.0,6011.0,3690.0,1284.9,2405.1,66.96525494758698,1.0,M5.8,2026-06-30 12:57:00,33.0,,1
20260630,AL1_SOLEXS_20260630_SDD2_L1.lc,1782833604.0,1782833646.0,1782833732.0,128.0,127.0,29.0,98.0,16.18305463449054,1.0,UNMATCHED,,,,0
20260630,AL1_SOLEXS_20260630_SDD2_L1.lc,1782836743.0,1782836777.0,1782837152.0,409.0,100.0,39.0,61.0,8.704015773890355,2.0,C3.2,2026-06-30 16:26:00,17.0,,0
20260630,AL1_SOLEXS_20260630_SDD2_L1.lc,1782837798.0,1782838079.0,1782838743.0,945.0,199.0,52.0,147.0,22.246991806526484,1.0,C5.7,2026-06-30 16:47:00,59.0,,0
20260630,AL1_SOLEXS_20260630_SDD2_L1.lc,1782840070.0,1782840368.0,1782840893.0,823.0,228.0,31.0,197.0,31.292282313845224,1.0,C5.0,2026-06-30 17:26:00,8.0,,0
20260630,AL1_SOLEXS_20260630_SDD2_L1.lc,1782844526.0,1782845316.0,1782845503.0,977.0,195.0,64.0,131.0,15.02929864253406,1.0,C4.9,2026-06-30 18:48:00,36.0,,0
20260630,AL1_SOLEXS_20260630_SDD2_L1.lc,1782849105.0,1782849533.0,1782849966.0,861.0,443.0,47.0,396.0,55.91711348281312,1.0,C9.1,2026-06-30 19:58:00,53.0,,0
20260630,AL1_SOLEXS_20260630_SDD2_L1.lc,1782852010.0,1782852610.0,1782854214.0,2204.0,7480.0,98.0,7382.0,745.1072572482879,1.0,X1.1,2026-06-30 20:50:00,10.0,,1
20260630,AL1_SOLEXS_20260630_SDD2_L1.lc,1782854723.0,1782854868.0,1782856557.0,1834.0,647.0,453.0,194.0,9.568938837798962,2.0,UNMATCHED,,,,0
20260630,AL1_SOLEXS_20260630_SDD2_L1.lc,1782856725.0,1782856763.0,1782857247.0,522.0,207.0,127.0,80.0,6.210451617078282,1.0,UNMATCHED,,,,0
20260630,AL1_SOLEXS_20260630_SDD2_L1.lc,1782861060.0,1782861503.0,1782861924.0,864.0,164.0,54.0,110.0,18.219450025971568,2.0,C5.1,2026-06-30 23:18:00,23.0,,0
20260630,AL1_SOLEXS_20260630_SDD2_L1.lc,1782862520.0,1782862649.0,1782862918.0,398.0,118.0,45.900000000000006,72.1,11.21558453122872,1.0,C5.1,2026-06-30 23:18:00,1169.0,,0
20260701,AL1_SOLEXS_20260701_SDD2_L1.lc,1782874373.0,1782874437.0,1782874471.0,98.0,52.0,20.0,32.0,6.734105896401689,1.0,UNMATCHED,,,,0
20260701,AL1_SOLEXS_20260701_SDD2_L1.lc,1782879598.0,1782879650.0,1782879693.0,95.0,86.0,46.0,40.0,5.750236290041055,1.0,UNMATCHED,,,,0
20260701,AL1_SOLEXS_20260701_SDD2_L1.lc,1782881245.0,1782881754.0,1782883307.0,2062.0,360.0,57.0,303.0,39.66357093424412,1.0,C7.6,2026-07-01 04:56:00,-6.0,,0
20260701,AL1_SOLEXS_20260701_SDD2_L1.lc,1782886937.0,1782887199.0,1782887667.0,730.0,674.0,35.0,639.0,104.43827348915934,1.0,M1.1,2026-07-01 06:27:00,-21.0,,1
20260701,AL1_SOLEXS_20260701_SDD2_L1.lc,1782887972.0,1782888179.0,1782889046.0,1074.0,574.0,74.0,500.0,59.2137067360602,1.0,M1.0,2026-07-01 06:43:00,-1.0,,1
20260701,AL1_SOLEXS_20260701_SDD2_L1.lc,1782891021.0,1782891324.0,1782891878.0,857.0,905.0,36.0,869.0,148.9063348416298,1.0,M1.5,2026-07-01 07:35:00,24.0,,1
20260701,AL1_SOLEXS_20260701_SDD2_L1.lc,1782893611.0,1782893862.0,1782894400.0,789.0,1723.0,25.0,1698.0,333.4923076923095,1.0,M2.5,2026-07-01 08:17:00,42.0,,1
20260701,AL1_SOLEXS_20260701_SDD2_L1.lc,1782895763.0,1782896143.0,1782896558.0,795.0,183.0,27.0,156.0,29.306578324829,1.0,C4.3,2026-07-01 08:54:00,103.0,,0
20260701,AL1_SOLEXS_20260701_SDD2_L1.lc,1782899119.0,1782899170.0,1782899255.0,136.0,119.0,46.0,73.0,7.890346276256806,1.0,M1.3,2026-07-01 10:08:00,-1310.0,,1
20260701,AL1_SOLEXS_20260701_SDD2_L1.lc,1782900356.0,1782900475.0,1782901072.0,716.0,861.0,48.0,813.0,111.07657503607216,1.0,M1.3,2026-07-01 10:08:00,-5.0,,1
20260701,AL1_SOLEXS_20260701_SDD2_L1.lc,1782903547.0,1782905101.0,1782905404.0,1857.0,480.0,299.0,181.0,10.840761996623778,1.0,UNMATCHED,,,,0
20260701,AL1_SOLEXS_20260701_SDD2_L1.lc,1782906855.0,1782906920.0,1782907104.0,249.0,541.0,358.0,183.0,9.85078084427477,1.0,UNMATCHED,,,,0
20260701,AL1_SOLEXS_20260701_SDD2_L1.lc,1782909760.0,1782909832.0,1782910071.0,311.0,580.0,324.0,256.0,14.1694318753144,1.0,UNMATCHED,,,,0
20260701,AL1_SOLEXS_20260701_SDD2_L1.lc,1782911193.0,1782911262.0,1782911447.0,254.0,459.0,312.0,147.0,8.030303416322376,1.0,UNMATCHED,,,,0
20260701,AL1_SOLEXS_20260701_SDD2_L1.lc,1782915918.0,1782916278.0,1782916607.0,689.0,548.0,182.0,366.0,28.337525346944314,1.0,M1.1,2026-07-01 14:31:00,18.0,,1
20260701,AL1_SOLEXS_20260701_SDD2_L1.lc,1782916979.0,1782917689.0,1782920623.0,3644.0,1560.0,351.9,1208.1,64.0718411290879,1.0,M2.6,2026-07-01 14:54:00,49.0,,1
20260701,AL1_SOLEXS_20260701_SDD2_L1.lc,1782925852.0,1782925915.0,1782926914.0,1062.0,387.0,59.0,328.0,44.0979885086895,2.0,C8.2,2026-07-01 17:12:00,-5.0,,0
20260701,AL1_SOLEXS_20260701_SDD2_L1.lc,1782930992.0,1782931034.0,1782931102.0,110.0,127.0,49.0,78.0,9.22443438914036,1.0,UNMATCHED,,,,0
20260701,AL1_SOLEXS_20260701_SDD2_L1.lc,1782931808.0,1782934982.0,1782936362.0,4554.0,2046.0,905.0,1141.0,38.2173061019234,3.0,M3.5,2026-07-01 19:43:00,2.0,,1
20260701,AL1_SOLEXS_20260701_SDD2_L1.lc,1782937200.0,1782937346.0,1782938330.0,1130.0,994.0,312.0,682.0,40.01513149496476,1.0,M1.8,2026-07-01 20:22:00,26.0,,1
20260701,AL1_SOLEXS_20260701_SDD2_L1.lc,1782943353.0,1782943471.0,1782943561.0,208.0,216.0,91.0,125.0,9.272719735796224,1.0,UNMATCHED,,,,0
20260701,AL1_SOLEXS_20260701_SDD2_L1.lc,1782945559.0,1782945577.0,1782945643.0,84.0,185.0,109.0,76.0,6.6407266549392405,1.0,M8.5,2026-07-01 23:09:00,-1763.0,,1
20260701,AL1_SOLEXS_20260701_SDD2_L1.lc,1782947034.0,1782947331.0,1782947996.0,962.0,5916.0,129.0,5787.0,514.9519908229746,1.0,M8.5,2026-07-01 23:09:00,-9.0,,1
20260701,AL1_SOLEXS_20260701_SDD2_L1.lc,1782950105.0,1782950392.0,1782950399.0,294.0,509.0,106.0,403.0,37.71771096011128,1.0,M1.1,2026-07-02 00:02:00,-128.0,,1
20260702,AL1_SOLEXS_20260702_SDD2_L1.lc,1782950401.0,1782950484.0,1782950993.0,592.0,569.0,301.0,268.0,14.53359309886214,1.0,M1.1,2026-07-02 00:02:00,-36.0,,1
20260702,AL1_SOLEXS_20260702_SDD2_L1.lc,1782951203.0,1782951568.0,1782952096.0,893.0,306.0,162.0,144.0,13.610934541554652,1.0,M1.1,2026-07-02 00:02:00,1048.0,,1
20260702,AL1_SOLEXS_20260702_SDD2_L1.lc,1782955344.0,1782955384.0,1782955469.0,125.0,152.0,75.0,77.0,7.705666760188864,1.0,UNMATCHED,,,,0
20260702,AL1_SOLEXS_20260702_SDD2_L1.lc,1782956501.0,1782957348.0,1782960238.0,3737.0,2622.0,211.9,2410.1,165.1088332218767,2.0,M4.2,2026-07-02 01:56:00,-12.0,,1
20260702,AL1_SOLEXS_20260702_SDD2_L1.lc,1782964430.0,1782964587.0,1782964717.0,287.0,168.0,77.0,91.0,9.230806693230766,2.0,C8.6,2026-07-02 04:15:00,-1113.0,,0
20260702,AL1_SOLEXS_20260702_SDD2_L1.lc,1782965384.0,1782965732.0,1782966551.0,1167.0,365.0,88.0,277.0,30.55011911916114,1.0,C8.6,2026-07-02 04:15:00,32.0,,0
20260702,AL1_SOLEXS_20260702_SDD2_L1.lc,1782968257.0,1782968447.0,1782968989.0,732.0,465.0,68.0,397.0,46.80421763455703,1.0,C8.5,2026-07-02 05:01:00,-13.0,,0
20260702,AL1_SOLEXS_20260702_SDD2_L1.lc,1782969233.0,1782969286.0,1782969440.0,207.0,112.0,55.0,57.0,7.980085829076314,1.0,C8.5,2026-07-02 05:01:00,826.0,,0
20260702,AL1_SOLEXS_20260702_SDD2_L1.lc,1782972472.0,1782972562.0,1782972953.0,481.0,262.0,52.0,210.0,28.997517497692822,1.0,C5.6,2026-07-02 06:09:00,22.0,,0
20260702,AL1_SOLEXS_20260702_SDD2_L1.lc,1782976675.0,1782976914.0,1782977186.0,511.0,267.0,84.0,183.0,18.90527236120097,1.0,C6.3,2026-07-02 07:22:00,-6.0,,0
20260702,AL1_SOLEXS_20260702_SDD2_L1.lc,1782979963.0,1782980051.0,1782980141.0,178.0,128.0,58.900000000000006,69.1,7.921907570687463,1.0,UNMATCHED,,,,0
20260702,AL1_SOLEXS_20260702_SDD2_L1.lc,1782982823.0,1782983573.0,1782983595.0,772.0,230.0,145.0,85.0,5.714656328143562,1.0,UNMATCHED,,,,0
20260702,AL1_SOLEXS_20260702_SDD2_L1.lc,1782984044.0,1782984779.0,1782984888.0,844.0,396.0,263.0,133.0,7.9824382171963855,1.0,UNMATCHED,,,,0
20260702,AL1_SOLEXS_20260702_SDD2_L1.lc,1782985981.0,1782986094.0,1782986128.0,147.0,380.0,270.0,110.0,7.012886517325946,1.0,UNMATCHED,,,,0
20260702,AL1_SOLEXS_20260702_SDD2_L1.lc,1782987893.0,1782987989.0,1782988599.0,706.0,1888.0,182.0,1706.0,128.02348378836078,3.0,M2.8,2026-07-02 10:26:00,29.0,,1
20260702,AL1_SOLEXS_20260702_SDD2_L1.lc,1783020215.0,1783020733.0,1783020765.0,550.0,161.0,105.0,56.0,6.909019249480971,1.0,UNMATCHED,,,,0
20260702,AL1_SOLEXS_20260702_SDD2_L1.lc,1783021230.0,1783021452.0,1783021872.0,642.0,315.0,159.0,156.0,11.336690360184567,1.0,UNMATCHED,,,,0
20260702,AL1_SOLEXS_20260702_SDD2_L1.lc,1783024491.0,1783024532.0,1783024967.0,476.0,287.0,190.0,97.0,6.502161369659657,2.0,UNMATCHED,,,,0
20260702,AL1_SOLEXS_20260702_SDD2_L1.lc,1783028651.0,1783028706.0,1783028894.0,243.0,150.0,86.0,64.0,6.792879194496145,1.0,UNMATCHED,,,,0
20260702,AL1_SOLEXS_20260702_SDD2_L1.lc,1783033429.0,1783033940.0,1783034669.0,1240.0,677.0,119.0,558.0,49.185395638694,1.0,M1.2,2026-07-02 23:12:00,20.0,,1
20260703,AL1_SOLEXS_20260703_SDD2_L1.lc,1783039550.0,1783039634.0,1783039945.0,395.0,164.0,40.0,124.0,18.75831628324781,1.0,C4.3,2026-07-03 00:47:00,14.0,,0
20260703,AL1_SOLEXS_20260703_SDD2_L1.lc,1783045657.0,1783046159.0,1783046442.0,785.0,142.0,44.0,98.0,15.868228275040702,1.0,C4.1,2026-07-03 02:35:00,59.0,,0
20260703,AL1_SOLEXS_20260703_SDD2_L1.lc,1783046608.0,1783046750.0,1783047188.0,580.0,132.0,72.0,60.0,9.151646859736935,1.0,C4.3,2026-07-03 02:48:00,-130.0,,0
20260703,AL1_SOLEXS_20260703_SDD2_L1.lc,1783048132.0,1783048178.0,1783048369.0,237.0,124.0,53.0,71.0,7.221187801215728,1.0,C4.3,2026-07-03 02:48:00,1298.0,,0
20260703,AL1_SOLEXS_20260703_SDD2_L1.lc,1783048690.0,1783048842.0,1783048895.0,205.0,79.0,33.0,46.0,6.502822822521313,3.0,UNMATCHED,,,,0
20260703,AL1_SOLEXS_20260703_SDD2_L1.lc,1783053161.0,1783054372.0,1783054452.0,1291.0,210.0,121.9,88.1,7.6408669667298525,2.0,UNMATCHED,,,,0
20260703,AL1_SOLEXS_20260703_SDD2_L1.lc,1783055542.0,1783055552.0,1783055603.0,61.0,197.0,122.0,75.0,6.360853071503192,1.0,UNMATCHED,,,,0
20260703,AL1_SOLEXS_20260703_SDD2_L1.lc,1783061187.0,1783061247.0,1783061305.0,118.0,102.0,61.0,41.0,7.563677295366281,1.0,UNMATCHED,,,,0
20260703,AL1_SOLEXS_20260703_SDD2_L1.lc,1783065837.0,1783065914.0,1783066127.0,290.0,126.0,71.0,55.0,8.201359364977376,2.0,UNMATCHED,,,,0
20260703,AL1_SOLEXS_20260703_SDD2_L1.lc,1783069380.0,1783070342.0,1783070532.0,1152.0,276.0,139.0,137.0,9.490658429275316,1.0,UNMATCHED,,,,0
20260703,AL1_SOLEXS_20260703_SDD2_L1.lc,1783071211.0,1783071413.0,1783071511.0,300.0,391.0,245.0,146.0,6.819501433642013,2.0,C9.2,2026-07-03 09:51:00,-847.0,,0
20260703,AL1_SOLEXS_20260703_SDD2_L1.lc,1783072139.0,1783072198.0,1783072521.0,382.0,448.0,291.0,157.0,7.4733600813912675,1.0,C9.2,2026-07-03 09:51:00,-62.0,,0
20260703,AL1_SOLEXS_20260703_SDD2_L1.lc,1783076677.0,1783076863.0,1783077694.0,1017.0,471.0,254.0,217.0,12.56933096852162,1.0,UNMATCHED,,,,0
20260703,AL1_SOLEXS_20260703_SDD2_L1.lc,1783079001.0,1783079023.0,1783079079.0,78.0,234.0,136.0,98.0,8.636311782396014,1.0,UNMATCHED,,,,0
20260703,AL1_SOLEXS_20260703_SDD2_L1.lc,1783079485.0,1783079520.0,1783079556.0,71.0,191.0,122.9,68.1,6.340662768503142,1.0,UNMATCHED,,,,0
20260703,AL1_SOLEXS_20260703_SDD2_L1.lc,1783084125.0,1783084426.0,1783084978.0,853.0,898.0,130.0,768.0,66.0281025640917,1.0,M1.4,2026-07-03 13:13:00,46.0,,1
20260703,AL1_SOLEXS_20260703_SDD2_L1.lc,1783088405.0,1783089211.0,1783089288.0,883.0,261.0,143.0,118.0,11.56904873790094,2.0,C6.3,2026-07-03 14:33:00,31.0,,0
20260703,AL1_SOLEXS_20260703_SDD2_L1.lc,1783090757.0,1783090914.0,1783091557.0,800.0,222.0,120.0,102.0,10.979978491018835,1.0,C5.8,2026-07-03 15:01:00,54.0,,0
20260703,AL1_SOLEXS_20260703_SDD2_L1.lc,1783092500.0,1783092521.0,1783092577.0,77.0,121.0,78.0,43.0,5.782093075358561,1.0,C5.8,2026-07-03 15:01:00,1661.0,,0
20260703,AL1_SOLEXS_20260703_SDD2_L1.lc,1783096595.0,1783097248.0,1783097629.0,1034.0,299.0,128.0,171.0,14.806528036008856,1.0,C6.5,2026-07-03 16:51:00,-212.0,,0
20260703,AL1_SOLEXS_20260703_SDD2_L1.lc,1783098162.0,1783098274.0,1783098324.0,162.0,223.0,139.0,84.0,7.2119086776545505,1.0,C6.5,2026-07-03 16:51:00,814.0,,0
20260703,AL1_SOLEXS_20260703_SDD2_L1.lc,1783100029.0,1783100160.0,1783100407.0,378.0,255.0,137.0,118.0,12.348522192693284,1.0,C6.3,2026-07-03 17:36:00,0.0,,0
20260703,AL1_SOLEXS_20260703_SDD2_L1.lc,1783101247.0,1783102233.0,1783104516.0,3269.0,4462.0,353.8,4108.2,222.82656889904388,1.0,M6.7,2026-07-03 18:11:00,-27.0,,1
20260703,AL1_SOLEXS_20260703_SDD2_L1.lc,1783104982.0,1783105136.0,1783105704.0,722.0,4413.0,420.9,3992.1,195.66811844346108,1.0,M6.3,2026-07-03 18:59:00,-4.0,,1
20260703,AL1_SOLEXS_20260703_SDD2_L1.lc,1783106993.0,1783107025.0,1783107163.0,170.0,508.0,390.0,118.0,8.177068446263023,1.0,UNMATCHED,,,,0
20260703,AL1_SOLEXS_20260703_SDD2_L1.lc,1783107807.0,1783107926.0,1783108010.0,203.0,451.0,330.9,120.10000000000002,7.246049862652806,1.0,M1.5,2026-07-03 20:08:00,-1354.0,,1
20260703,AL1_SOLEXS_20260703_SDD2_L1.lc,1783109058.0,1783109337.0,1783110471.0,1413.0,849.0,329.0,520.0,28.96169938628796,1.0,M1.5,2026-07-03 20:08:00,57.0,,1
20260703,AL1_SOLEXS_20260703_SDD2_L1.lc,1783110639.0,1783110747.0,1783110868.0,229.0,351.0,210.0,141.0,8.960423226345739,1.0,M1.5,2026-07-03 20:08:00,1467.0,,1
20260703,AL1_SOLEXS_20260703_SDD2_L1.lc,1783117822.0,1783118104.0,1783119019.0,1197.0,403.0,105.0,298.0,28.34994127752944,2.0,C8.4,2026-07-03 22:35:00,4.0,,0
20260703,AL1_SOLEXS_20260703_SDD2_L1.lc,1783122889.0,1783123199.0,1783123199.0,310.0,1291.0,72.0,1219.0,143.46919293498118,1.0,M2.3,2026-07-04 00:23:00,-1381.0,,1
20260704,AL1_SOLEXS_20260704_SDD2_L1.lc,1783123201.0,1783123201.0,1783123697.0,496.0,1322.0,239.0,1083.0,69.7695678994595,1.0,M2.3,2026-07-04 00:23:00,-1379.0,,1
20260704,AL1_SOLEXS_20260704_SDD2_L1.lc,1783124243.0,1783124599.0,1783126078.0,1835.0,1499.0,252.0,1247.0,76.3391891593367,1.0,M2.3,2026-07-04 00:23:00,19.0,,1
20260704,AL1_SOLEXS_20260704_SDD2_L1.lc,1783127019.0,1783127590.0,1783129266.0,2247.0,1369.0,221.0,1148.0,76.6366678518278,1.0,M2.1,2026-07-04 01:13:00,10.0,,1
20260704,AL1_SOLEXS_20260704_SDD2_L1.lc,1783130126.0,1783130488.0,1783131308.0,1182.0,591.0,233.0,358.0,24.89302696900035,1.0,M1.2,2026-07-04 02:01:00,28.0,,1
20260704,AL1_SOLEXS_20260704_SDD2_L1.lc,1783131954.0,1783132051.0,1783132328.0,374.0,285.0,132.9,152.1,9.830170932847023,1.0,M1.2,2026-07-04 02:01:00,1591.0,,1
20260704,AL1_SOLEXS_20260704_SDD2_L1.lc,1783133342.0,1783133526.0,1783133921.0,579.0,205.0,115.0,90.0,8.295495262445606,1.0,UNMATCHED,,,,0
20260704,AL1_SOLEXS_20260704_SDD2_L1.lc,1783134513.0,1783134556.0,1783134609.0,96.0,250.0,169.0,81.0,6.5766098155239465,1.0,M3.7,2026-07-04 03:32:00,-1364.0,,1
20260704,AL1_SOLEXS_20260704_SDD2_L1.lc,1783135609.0,1783136534.0,1783138701.0,3092.0,2778.0,547.0,2231.0,94.25357003713005,1.0,M4.0,2026-07-04 03:42:00,14.0,,1
20260704,AL1_SOLEXS_20260704_SDD2_L1.lc,1783140161.0,1783140528.0,1783140809.0,648.0,192.0,95.0,97.0,9.23835475602913,1.0,M1.3,2026-07-04 05:15:00,-1572.0,,1
20260704,AL1_SOLEXS_20260704_SDD2_L1.lc,1783141816.0,1783142118.0,1783142749.0,933.0,864.0,148.0,716.0,55.75126725198488,1.0,M1.3,2026-07-04 05:15:00,18.0,,1
20260704,AL1_SOLEXS_20260704_SDD2_L1.lc,1783144080.0,1783144334.0,1783145086.0,1006.0,464.0,199.0,265.0,18.45227399458503,1.0,C9.5,2026-07-04 05:52:00,14.0,,0
20260704,AL1_SOLEXS_20260704_SDD2_L1.lc,1783145767.0,1783146505.0,1783146866.0,1099.0,353.0,174.0,179.0,14.282841565657847,1.0,C7.4,2026-07-04 06:20:00,505.0,,0
20260704,AL1_SOLEXS_20260704_SDD2_L1.lc,1783147685.0,1783147811.0,1783147962.0,277.0,171.0,96.0,75.0,8.686544564084924,1.0,UNMATCHED,,,,0
20260704,AL1_SOLEXS_20260704_SDD2_L1.lc,1783148204.0,1783148244.0,1783148285.0,81.0,186.0,83.0,103.0,11.409721656955597,1.0,UNMATCHED,,,,0
20260704,AL1_SOLEXS_20260704_SDD2_L1.lc,1783150287.0,1783150881.0,1783151050.0,763.0,188.0,83.0,105.0,13.635502447533876,1.0,C5.3,2026-07-04 07:42:00,-39.0,,0
20260704,AL1_SOLEXS_20260704_SDD2_L1.lc,1783151647.0,1783152395.0,1783153129.0,1482.0,1043.0,219.0,824.0,58.97212081090692,1.0,M1.8,2026-07-04 08:07:00,-25.0,,1
20260704,AL1_SOLEXS_20260704_SDD2_L1.lc,1783153529.0,1783153688.0,1783153961.0,432.0,247.0,155.0,92.0,8.754363789717079,1.0,M1.8,2026-07-04 08:07:00,1268.0,,1
20260704,AL1_SOLEXS_20260704_SDD2_L1.lc,1783154117.0,1783154144.0,1783154183.0,66.0,258.0,152.9,105.1,8.722097998632128,1.0,M1.0,2026-07-04 08:52:00,-976.0,,1
20260704,AL1_SOLEXS_20260704_SDD2_L1.lc,1783154825.0,1783155155.0,1783156059.0,1234.0,610.0,152.9,457.1,34.39500179555473,1.0,M1.0,2026-07-04 08:52:00,35.0,,1
20260704,AL1_SOLEXS_20260704_SDD2_L1.lc,1783157909.0,1783158324.0,1783158458.0,549.0,276.0,162.0,114.0,8.132972264054734,1.0,UNMATCHED,,,,0
20260704,AL1_SOLEXS_20260704_SDD2_L1.lc,1783160298.0,1783160375.0,1783160461.0,163.0,306.0,221.0,85.0,6.858583982659712,1.0,UNMATCHED,,,,0
20260704,AL1_SOLEXS_20260704_SDD2_L1.lc,1783163188.0,1783163537.0,1783165808.0,2620.0,2182.0,190.9,1991.1,146.6994828531331,5.0,M3.2,2026-07-04 11:12:00,17.0,,1
20260704,AL1_SOLEXS_20260704_SDD2_L1.lc,1783168550.0,1783168595.0,1783168944.0,394.0,279.0,149.0,130.0,8.195951998322228,1.0,UNMATCHED,,,,0
20260704,AL1_SOLEXS_20260704_SDD2_L1.lc,1783172626.0,1783173057.0,1783174775.0,2149.0,2266.0,171.0,2095.0,158.90337205444166,1.0,M3.2,2026-07-04 13:51:00,-3.0,,1
20260704,AL1_SOLEXS_20260704_SDD2_L1.lc,1783175347.0,1783175428.0,1783176335.0,988.0,376.0,236.0,140.0,10.26265636189665,1.0,C8.3,2026-07-04 14:30:00,28.0,,0
20260704,AL1_SOLEXS_20260704_SDD2_L1.lc,1783179043.0,1783179279.0,1783179601.0,558.0,372.0,171.0,201.0,14.345715325941772,1.0,C8.0,2026-07-04 15:34:00,39.0,,0
20260704,AL1_SOLEXS_20260704_SDD2_L1.lc,1783179746.0,1783179964.0,1783180374.0,628.0,328.0,180.0,148.0,9.981632073678597,1.0,C8.0,2026-07-04 15:34:00,724.0,,0
20260704,AL1_SOLEXS_20260704_SDD2_L1.lc,1783181064.0,1783181194.0,1783181815.0,751.0,652.0,162.9,489.1,37.9462212232686,1.0,M1.1,2026-07-04 16:06:00,34.0,,1
20260704,AL1_SOLEXS_20260704_SDD2_L1.lc,1783182398.0,1783182508.0,1783182758.0,360.0,234.0,134.0,100.0,9.191716404461909,2.0,M1.1,2026-07-04 16:06:00,1348.0,,1
20260704,AL1_SOLEXS_20260704_SDD2_L1.lc,1783184496.0,1783184544.0,1783185509.0,1013.0,397.0,126.0,271.0,24.22563929896092,3.0,C7.5,2026-07-04 17:02:00,24.0,,0
20260704,AL1_SOLEXS_20260704_SDD2_L1.lc,1783187545.0,1783187679.0,1783188032.0,487.0,228.0,113.0,115.0,10.671690770542112,1.0,UNMATCHED,,,,0
20260704,AL1_SOLEXS_20260704_SDD2_L1.lc,1783190441.0,1783190860.0,1783192493.0,2052.0,1204.0,92.0,1112.0,116.24952199881427,1.0,M1.9,2026-07-04 18:48:00,-20.0,,1
20260704,AL1_SOLEXS_20260704_SDD2_L1.lc,1783193112.0,1783193740.0,1783194197.0,1085.0,821.0,116.0,705.0,68.64677709678224,1.0,M1.5,2026-07-04 19:36:00,-20.0,,1
20260704,AL1_SOLEXS_20260704_SDD2_L1.lc,1783195004.0,1783195189.0,1783195464.0,460.0,211.0,119.0,92.0,8.567771102043777,1.0,M1.5,2026-07-04 19:36:00,1429.0,,1
20260704,AL1_SOLEXS_20260704_SDD2_L1.lc,1783197286.0,1783197688.0,1783198319.0,1033.0,9641.0,115.0,9526.0,881.4598325955455,1.0,X1.3,2026-07-04 20:41:00,28.0,,1
20260704,AL1_SOLEXS_20260704_SDD2_L1.lc,1783199389.0,1783199673.0,1783199971.0,582.0,1145.0,654.0,491.0,21.55217472183564,1.0,UNMATCHED,,,,0
20260704,AL1_SOLEXS_20260704_SDD2_L1.lc,1783200892.0,1783201078.0,1783202740.0,1848.0,917.0,593.9,323.1,13.191524067556298,1.0,UNMATCHED,,,,0
20260704,AL1_SOLEXS_20260704_SDD2_L1.lc,1783203685.0,1783203818.0,1783204480.0,795.0,630.0,254.0,376.0,23.323412418612683,1.0,M1.1,2026-07-04 22:24:00,-22.0,,1
20260704,AL1_SOLEXS_20260704_SDD2_L1.lc,1783208144.0,1783208957.0,1783209266.0,1122.0,476.0,188.0,288.0,23.43621398690309,1.0,M1.0,2026-07-04 23:48:00,77.0,,1
20260705,AL1_SOLEXS_20260705_SDD2_L1.lc,1783209606.0,1783209612.0,1783209736.0,130.0,215.0,112.0,103.0,7.454365838378685,1.0,M1.0,2026-07-04 23:48:00,732.0,,1
20260705,AL1_SOLEXS_20260705_SDD2_L1.lc,1783211283.0,1783211506.0,1783212516.0,1233.0,818.0,86.0,732.0,82.79605257622248,1.0,M1.3,2026-07-05 00:31:00,46.0,,1
20260705,AL1_SOLEXS_20260705_SDD2_L1.lc,1783214020.0,1783214473.0,1783214934.0,914.0,434.0,88.0,346.0,35.50303223156541,2.0,C8.3,2026-07-05 01:21:00,13.0,,0
20260705,AL1_SOLEXS_20260705_SDD2_L1.lc,1783216014.0,1783216143.0,1783216313.0,299.0,245.0,106.0,139.0,14.684699549592134,1.0,C8.3,2026-07-05 01:21:00,1683.0,,0
20260705,AL1_SOLEXS_20260705_SDD2_L1.lc,1783217559.0,1783217684.0,1783217768.0,209.0,160.0,92.0,68.0,6.687651666416158,1.0,UNMATCHED,,,,0
20260705,AL1_SOLEXS_20260705_SDD2_L1.lc,1783217907.0,1783217952.0,1783218078.0,171.0,150.0,87.0,63.0,6.360295484955448,2.0,UNMATCHED,,,,0
20260705,AL1_SOLEXS_20260705_SDD2_L1.lc,1783221598.0,1783221814.0,1783222192.0,594.0,145.0,55.0,90.0,13.165140373135277,1.0,C4.1,2026-07-05 03:24:00,-26.0,,0
20260705,AL1_SOLEXS_20260705_SDD2_L1.lc,1783225460.0,1783225916.0,1783226377.0,917.0,791.0,64.0,727.0,90.14909502262496,1.0,M1.3,2026-07-05 04:32:00,-4.0,,1
20260705,AL1_SOLEXS_20260705_SDD2_L1.lc,1783226610.0,1783226819.0,1783228198.0,1588.0,493.0,266.0,227.0,14.759401399725416,2.0,M1.0,2026-07-05 04:47:00,-1.0,,1
20260705,AL1_SOLEXS_20260705_SDD2_L1.lc,1783229272.0,1783229974.0,1783231198.0,1926.0,1772.0,160.0,1612.0,129.7844540368914,1.0,M2.7,2026-07-05 05:39:00,34.0,,1
20260705,AL1_SOLEXS_20260705_SDD2_L1.lc,1783232144.0,1783232364.0,1783232637.0,493.0,352.0,155.0,197.0,16.199589107621048,1.0,C7.8,2026-07-05 06:19:00,24.0,,0
20260705,AL1_SOLEXS_20260705_SDD2_L1.lc,1783232883.0,1783232956.0,1783234470.0,1587.0,305.0,187.0,118.0,9.767307182949372,2.0,C7.8,2026-07-05 06:19:00,616.0,,0
20260705,AL1_SOLEXS_20260705_SDD2_L1.lc,1783235593.0,1783235731.0,1783235901.0,308.0,437.0,66.0,371.0,43.56614457561396,1.0,C7.7,2026-07-05 07:15:00,31.0,,0
20260705,AL1_SOLEXS_20260705_SDD2_L1.lc,1783236212.0,1783236370.0,1783236990.0,778.0,588.0,75.0,513.0,61.189514737763055,1.0,C9.9,2026-07-05 07:26:00,10.0,,0
20260705,AL1_SOLEXS_20260705_SDD2_L1.lc,1783237903.0,1783238022.0,1783238219.0,316.0,184.0,82.0,102.0,10.610021173993008,1.0,C9.9,2026-07-05 07:26:00,1662.0,,0
20260705,AL1_SOLEXS_20260705_SDD2_L1.lc,1783239916.0,1783240005.0,1783240293.0,377.0,188.0,58.0,130.0,15.044746471949216,1.0,C4.2,2026-07-05 08:26:00,45.0,,0
20260705,AL1_SOLEXS_20260705_SDD2_L1.lc,1783241554.0,1783241988.0,1783242298.0,744.0,245.0,74.0,171.0,20.0217358465578,1.0,C5.7,2026-07-05 08:59:00,48.0,,0
20260705,AL1_SOLEXS_20260705_SDD2_L1.lc,1783243071.0,1783243571.0,1783244239.0,1168.0,233.0,123.0,110.0,11.884821775536489,2.0,C5.7,2026-07-05 08:59:00,1631.0,,0
20260705,AL1_SOLEXS_20260705_SDD2_L1.lc,1783246025.0,1783246133.0,1783246420.0,395.0,195.0,105.0,90.0,9.808104841753254,1.0,UNMATCHED,,,,0
20260705,AL1_SOLEXS_20260705_SDD2_L1.lc,1783248384.0,1783250151.0,1783251686.0,3302.0,1040.0,351.0,689.0,37.968293279878864,2.0,M1.0,2026-07-05 11:10:00,351.0,,1
20260705,AL1_SOLEXS_20260705_SDD2_L1.lc,1783252631.0,1783252870.0,1783253412.0,781.0,460.0,98.0,362.0,39.23725015904393,1.0,C9.5,2026-07-05 12:01:00,10.0,,0
20260705,AL1_SOLEXS_20260705_SDD2_L1.lc,1783254139.0,1783254352.0,1783254863.0,724.0,260.0,98.0,162.0,16.441352514955767,1.0,C9.5,2026-07-05 12:01:00,1492.0,,0
20260705,AL1_SOLEXS_20260705_SDD2_L1.lc,1783256158.0,1783256293.0,1783257759.0,1601.0,400.0,71.0,329.0,41.179605122446326,4.0,C8.1,2026-07-05 12:58:00,13.0,,0
20260705,AL1_SOLEXS_20260705_SDD2_L1.lc,1783257893.0,1783258050.0,1783258183.0,290.0,188.0,59.0,129.0,17.235008907538433,1.0,C8.1,2026-07-05 12:58:00,1770.0,,0
20260705,AL1_SOLEXS_20260705_SDD2_L1.lc,1783261251.0,1783261446.0,1783261836.0,585.0,165.0,67.0,98.0,13.81642439174165,2.0,C4.1,2026-07-05 14:23:00,66.0,,0
20260705,AL1_SOLEXS_20260705_SDD2_L1.lc,1783262025.0,1783262101.0,1783262245.0,220.0,207.0,96.0,111.0,10.517565855975343,1.0,C4.1,2026-07-05 14:23:00,721.0,,0
20260705,AL1_SOLEXS_20260705_SDD2_L1.lc,1783264234.0,1783264857.0,1783265157.0,923.0,288.0,92.0,196.0,21.16798704333728,1.0,C6.9,2026-07-05 15:20:00,57.0,,0
20260705,AL1_SOLEXS_20260705_SDD2_L1.lc,1783265941.0,1783266193.0,1783266921.0,980.0,357.0,196.0,161.0,10.30562378797686,2.0,C6.9,2026-07-05 15:20:00,1393.0,,0
20260705,AL1_SOLEXS_20260705_SDD2_L1.lc,1783268575.0,1783269133.0,1783269475.0,900.0,746.0,195.0,551.0,44.137043588579495,1.0,M1.4,2026-07-05 16:45:00,-767.0,,1
20260705,AL1_SOLEXS_20260705_SDD2_L1.lc,1783269712.0,1783269912.0,1783271459.0,1747.0,819.0,398.9,420.1,21.11663454733653,1.0,M1.4,2026-07-05 16:45:00,12.0,,1
20260705,AL1_SOLEXS_20260705_SDD2_L1.lc,1783273056.0,1783273250.0,1783273644.0,588.0,207.0,89.0,118.0,11.345814412466376,1.0,C5.0,2026-07-05 17:40:00,50.0,,0
20260705,AL1_SOLEXS_20260705_SDD2_L1.lc,1783274051.0,1783274257.0,1783275477.0,1426.0,3939.0,143.0,3796.0,321.71879905589986,1.0,M5.3,2026-07-05 17:57:00,37.0,,1
20260705,AL1_SOLEXS_20260705_SDD2_L1.lc,1783278144.0,1783278423.0,1783279650.0,1506.0,890.0,172.0,718.0,54.9524112941476,2.0,M1.4,2026-07-05 19:07:00,3.0,,1
20260705,AL1_SOLEXS_20260705_SDD2_L1.lc,1783282182.0,1783282622.0,1783283071.0,889.0,338.0,80.0,258.0,29.60665299710885,1.0,C7.3,2026-07-05 20:17:00,2.0,,0
20260705,AL1_SOLEXS_20260705_SDD2_L1.lc,1783283367.0,1783283382.0,1783283663.0,296.0,126.0,81.0,45.0,6.197385620915112,1.0,C7.3,2026-07-05 20:17:00,762.0,,0
20260705,AL1_SOLEXS_20260705_SDD2_L1.lc,1783286275.0,1783286541.0,1783287117.0,842.0,501.0,69.0,432.0,53.312194123574585,1.0,M1.0,2026-07-05 21:22:00,21.0,,1
20260705,AL1_SOLEXS_20260705_SDD2_L1.lc,1783287596.0,1783287716.0,1783288800.0,1204.0,460.0,213.0,247.0,18.19495365936513,2.0,C9.5,2026-07-05 21:42:00,-4.0,,0
20260705,AL1_SOLEXS_20260705_SDD2_L1.lc,1783291980.0,1783292179.0,1783292573.0,593.0,184.0,58.0,126.0,16.275462060300484,1.0,UNMATCHED,,,,0
20260706,AL1_SOLEXS_20260706_SDD2_L1.lc,1783296606.0,1783296655.0,1783296727.0,121.0,105.0,52.0,53.0,7.199305759424623,1.0,UNMATCHED,,,,0
20260706,AL1_SOLEXS_20260706_SDD2_L1.lc,1783298453.0,1783298681.0,1783299377.0,924.0,311.0,56.0,255.0,29.377573389853453,1.0,C5.9,2026-07-06 00:44:00,41.0,,0
20260706,AL1_SOLEXS_20260706_SDD2_L1.lc,1783303296.0,1783304395.0,1783305203.0,1907.0,512.0,233.9,278.1,16.79299334469697,1.0,C9.6,2026-07-06 02:21:00,-65.0,,0
20260706,AL1_SOLEXS_20260706_SDD2_L1.lc,1783306181.0,1783306874.0,1783307899.0,1718.0,374.0,157.0,217.0,15.869578516087367,1.0,UNMATCHED,,,,0
20260706,AL1_SOLEXS_20260706_SDD2_L1.lc,1783309015.0,1783309340.0,1783309662.0,647.0,138.0,82.0,56.0,9.333312806928596,1.0,UNMATCHED,,,,0
20260706,AL1_SOLEXS_20260706_SDD2_L1.lc,1783313997.0,1783314889.0,1783315908.0,1911.0,256.0,154.0,102.0,9.26105714872764,3.0,C6.1,2026-07-06 05:11:00,229.0,,0
20260706,AL1_SOLEXS_20260706_SDD2_L1.lc,1783318740.0,1783318774.0,1783318866.0,126.0,102.0,63.0,39.0,6.600867330436337,1.0,UNMATCHED,,,,0
20260706,AL1_SOLEXS_20260706_SDD2_L1.lc,1783320479.0,1783320586.0,1783320734.0,255.0,113.0,71.9,41.1,7.637632908302399,2.0,UNMATCHED,,,,0
20260706,AL1_SOLEXS_20260706_SDD2_L1.lc,1783323137.0,1783323789.0,1783323794.0,657.0,344.0,230.0,114.0,6.880273442857585,2.0,C7.2,2026-07-06 07:48:00,-291.0,,0
20260706,AL1_SOLEXS_20260706_SDD2_L1.lc,1783345667.0,1783346020.0,1783346056.0,389.0,109.0,67.0,42.0,6.806109497352249,1.0,UNMATCHED,,,,0
20260706,AL1_SOLEXS_20260706_SDD2_L1.lc,1783359959.0,1783360188.0,1783360310.0,351.0,82.0,37.0,45.0,7.917782538827051,1.0,UNMATCHED,,,,0
20260706,AL1_SOLEXS_20260706_SDD2_L1.lc,1783362654.0,1783363066.0,1783363417.0,763.0,139.0,39.0,100.0,16.802587722805416,1.0,C3.8,2026-07-06 18:40:00,-134.0,,0
20260707,AL1_SOLEXS_20260707_SDD2_L1.lc,1783395470.0,1783395655.0,1783395830.0,360.0,45.0,13.0,32.0,8.383251834354205,2.0,C1.8,2026-07-07 03:40:00,55.0,,0
20260707,AL1_SOLEXS_20260707_SDD2_L1.lc,1783426171.0,1783426375.0,1783426443.0,272.0,42.0,12.0,30.0,8.37131765878394,1.0,C1.6,2026-07-07 12:12:00,55.0,,0
20260707,AL1_SOLEXS_20260707_SDD2_L1.lc,1783433754.0,1783433979.0,1783435005.0,1251.0,2904.0,14.0,2890.0,764.969638524383,1.0,M4.0,2026-07-07 14:19:00,39.0,,1
20260707,AL1_SOLEXS_20260707_SDD2_L1.lc,1783464439.0,1783464548.0,1783464796.0,357.0,40.0,4.0,36.0,22.335294117647187,1.0,C1.8,2026-07-07 22:49:00,8.0,,0
20260708,AL1_SOLEXS_20260708_SDD2_L1.lc,1783496336.0,1783496490.0,1783496547.0,211.0,25.0,6.0,19.0,8.975551102741317,1.0,C1.2,2026-07-08 07:41:00,30.0,,0
20260708,AL1_SOLEXS_20260708_SDD2_L1.lc,1783504028.0,1783504504.0,1783504857.0,829.0,74.0,8.0,66.0,21.10057828311797,1.0,C2.1,2026-07-08 09:55:00,4.0,,0
20260708,AL1_SOLEXS_20260708_SDD2_L1.lc,1783511852.0,1783511890.0,1783511957.0,105.0,32.0,7.0,25.0,9.810657931991608,1.0,UNMATCHED,,,,0
20260708,AL1_SOLEXS_20260708_SDD2_L1.lc,1783533180.0,1783533399.0,1783534156.0,976.0,903.0,6.0,897.0,363.3047718771247,2.0,M1.5,2026-07-08 17:56:00,39.0,,1
20260709,AL1_SOLEXS_20260709_SDD2_L1.lc,1783563875.0,1783564039.0,1783564630.0,755.0,622.0,5.0,617.0,274.9230401404032,1.0,M1.1,2026-07-09 02:27:00,19.0,,1
20260709,AL1_SOLEXS_20260709_SDD2_L1.lc,1783570252.0,1783570272.0,1783570405.0,153.0,15.0,1.0,14.0,16.94932126696842,1.0,B8.7,2026-07-09 04:11:00,12.0,,0
20260709,AL1_SOLEXS_20260709_SDD2_L1.lc,1783573654.0,1783573810.0,1783573963.0,309.0,10.0,1.0,9.0,9.638914027149376,2.0,B6.9,2026-07-09 05:09:00,70.0,,0
20260709,AL1_SOLEXS_20260709_SDD2_L1.lc,1783580322.0,1783581108.0,1783581285.0,963.0,73.0,22.0,51.0,14.926172504965152,1.0,C2.7,2026-07-09 07:13:00,-72.0,,0
20260709,AL1_SOLEXS_20260709_SDD2_L1.lc,1783581651.0,1783581657.0,1783581861.0,210.0,85.0,40.900000000000006,44.1,6.421336706786249,2.0,C2.7,2026-07-09 07:13:00,477.0,,0
20260709,AL1_SOLEXS_20260709_SDD2_L1.lc,1783604263.0,1783604299.0,1783604400.0,137.0,14.0,2.0,12.0,11.168447648913018,1.0,B7.3,2026-07-09 13:49:00,-641.0,,0
20260709,AL1_SOLEXS_20260709_SDD2_L1.lc,1783611688.0,1783611715.0,1783611757.0,69.0,17.0,2.0,15.0,7.034592620437796,1.0,B7.0,2026-07-09 15:47:00,-305.0,,0
20260709,AL1_SOLEXS_20260709_SDD2_L1.lc,1783640813.0,1783640915.0,1783640998.0,185.0,15.0,1.0,14.0,11.880542986425407,1.0,UNMATCHED,,,,0
20260710,AL1_SOLEXS_20260710_SDD2_L1.lc,1783694335.0,1783695643.0,1783696847.0,2512.0,258.0,108.0,150.0,14.306791919412197,2.0,C6.0,2026-07-10 14:59:00,103.0,,0
20260710,AL1_SOLEXS_20260710_SDD2_L1.lc,1783725961.0,1783726093.0,1783726290.0,329.0,17.0,2.0,15.0,13.740268602387,1.0,B9.3,2026-07-10 23:27:00,73.0,,0
20260711,AL1_SOLEXS_20260711_SDD2_L1.lc,1783729070.0,1783729103.0,1783729138.0,68.0,21.0,2.0,19.0,12.499472178205352,1.0,UNMATCHED,,,,0
20260711,AL1_SOLEXS_20260711_SDD2_L1.lc,1783740936.0,1783741042.0,1783741362.0,426.0,26.0,3.0,23.0,14.318809164834196,1.0,C1.1,2026-07-11 03:37:00,22.0,,0
20260711,AL1_SOLEXS_20260711_SDD2_L1.lc,1783744647.0,1783744702.0,1783744760.0,113.0,15.0,2.0,13.0,9.079123087307508,1.0,B7.4,2026-07-11 04:38:00,22.0,,0
20260711,AL1_SOLEXS_20260711_SDD2_L1.lc,1783747677.0,1783747839.0,1783747973.0,296.0,25.0,4.0,21.0,9.809954751131286,1.0,B9.4,2026-07-11 05:30:00,39.0,,0
20260711,AL1_SOLEXS_20260711_SDD2_L1.lc,1783775981.0,1783776316.0,1783776640.0,659.0,26.0,3.0,23.0,16.107811265924955,2.0,C1.0,2026-07-11 13:27:00,-104.0,,0
20260711,AL1_SOLEXS_20260711_SDD2_L1.lc,1783800596.0,1783800665.0,1783800722.0,126.0,26.0,6.0,20.0,7.296376007575464,1.0,C1.0,2026-07-11 20:13:00,-115.0,,0
20260712,AL1_SOLEXS_20260712_SDD2_L1.lc,1783816566.0,1783817860.0,1783818327.0,1761.0,277.0,124.0,153.0,13.901450376872512,1.0,C5.9,2026-07-12 00:57:00,40.0,,0
20260712,AL1_SOLEXS_20260712_SDD2_L1.lc,1783841054.0,1783843771.0,1783844307.0,3253.0,582.0,375.0,207.0,12.47803966581193,1.0,M1.1,2026-07-12 08:11:00,-89.0,,1
20260712,AL1_SOLEXS_20260712_SDD2_L1.lc,1783844798.0,1783844818.0,1783847514.0,2716.0,373.0,264.0,109.0,8.289974048498141,5.0,M1.1,2026-07-12 08:11:00,958.0,,1
20260712,AL1_SOLEXS_20260712_SDD2_L1.lc,1783847802.0,1783847812.0,1783847863.0,61.0,51.0,19.0,32.0,6.29491859814977,1.0,UNMATCHED,,,,0
20260712,AL1_SOLEXS_20260712_SDD2_L1.lc,1783864376.0,1783864673.0,1783865245.0,869.0,104.0,8.0,96.0,33.602930081699185,1.0,C2.6,2026-07-12 13:58:00,-7.0,,0
20260712,AL1_SOLEXS_20260712_SDD2_L1.lc,1783870270.0,1783870311.0,1783870440.0,170.0,24.0,5.0,19.0,9.609628607738523,1.0,C1.0,2026-07-12 15:32:00,-9.0,,0
20260712,AL1_SOLEXS_20260712_SDD2_L1.lc,1783876284.0,1783876499.0,1783876787.0,503.0,25.0,4.0,21.0,10.194117647058889,2.0,B9.5,2026-07-12 17:16:00,-61.0,,0
20260712,AL1_SOLEXS_20260712_SDD2_L1.lc,1783896989.0,1783897236.0,1783897283.0,294.0,34.0,7.0,27.0,8.700631562043583,3.0,C1.1,2026-07-12 23:08:00,-444.0,,0
20260713,AL1_SOLEXS_20260713_SDD2_L1.lc,1783931946.0,1783931987.0,1783932081.0,135.0,17.0,1.0,16.0,12.409954751131291,1.0,B6.0,2026-07-13 08:40:00,-13.0,,0
20260713,AL1_SOLEXS_20260713_SDD2_L1.lc,1783957893.0,1783957950.0,1783958021.0,128.0,18.0,3.0,15.0,8.278837117927312,1.0,B7.8,2026-07-13 15:55:00,-150.0,,0
20260713,AL1_SOLEXS_20260713_SDD2_L1.lc,1783964441.0,1783964958.0,1783965253.0,812.0,47.0,10.0,37.0,11.988037211262832,1.0,C1.4,2026-07-13 17:47:00,138.0,,0
20260713,AL1_SOLEXS_20260713_SDD2_L1.lc,1783966773.0,1783966873.0,1783967029.0,256.0,33.0,11.0,22.0,7.040085250181846,2.0,C1.3,2026-07-13 18:22:00,-47.0,,0
20260713,AL1_SOLEXS_20260713_SDD2_L1.lc,1783982963.0,1783983065.0,1783983180.0,217.0,13.0,1.0,12.0,10.572850678733092,1.0,B6.6,2026-07-13 22:51:00,5.0,,0
20260714,AL1_SOLEXS_20260714_SDD2_L1.lc,1784022900.0,1784023000.0,1784023210.0,310.0,48.0,1.0,47.0,49.21809954751158,1.0,C1.5,2026-07-14 09:56:00,40.0,,0
20260715,AL1_SOLEXS_20260715_SDD2_L1.lc,1784083846.0,1784083996.0,1784084036.0,190.0,24.0,5.0,19.0,7.5601357139721905,2.0,C1.2,2026-07-15 03:12:00,-1124.0,,0
20260715,AL1_SOLEXS_20260715_SDD2_L1.lc,1784104727.0,1784105176.0,1784106023.0,1296.0,130.0,3.0,127.0,75.78701949860242,1.0,C3.3,2026-07-15 08:46:00,16.0,,0
20260715,AL1_SOLEXS_20260715_SDD2_L1.lc,1784139027.0,1784139195.0,1784140059.0,1032.0,49.0,2.0,47.0,34.97330942279511,2.0,C1.5,2026-07-15 18:14:00,-45.0,,0
20260715,AL1_SOLEXS_20260715_SDD2_L1.lc,1784148809.0,1784150147.0,1784150154.0,1345.0,261.0,144.0,117.0,6.481221719457111,1.0,UNMATCHED,,,,0
20260715,AL1_SOLEXS_20260715_SDD2_L1.lc,1784151134.0,1784151688.0,1784151889.0,755.0,389.0,271.0,118.0,6.472122022766494,3.0,C8.9,2026-07-15 21:55:00,-812.0,,0
20260715,AL1_SOLEXS_20260715_SDD2_L1.lc,1784152431.0,1784152530.0,1784154072.0,1641.0,424.0,301.0,123.0,7.293195115169589,2.0,C8.9,2026-07-15 21:55:00,30.0,,0
20260716,AL1_SOLEXS_20260716_SDD2_L1.lc,1784237170.0,1784237699.0,1784238079.0,909.0,233.0,11.0,222.0,77.6133858694419,1.0,C5.2,2026-07-16 21:35:00,-1.0,,0
20260716,AL1_SOLEXS_20260716_SDD2_L1.lc,1784245606.0,1784245691.0,1784245707.0,101.0,47.0,15.0,32.0,6.986324529004919,1.0,C1.5,2026-07-17 00:02:00,-829.0,,0
20260718,AL1_SOLEXS_20260718_SDD2_L1.lc,1784337303.0,1784337324.0,1784338026.0,723.0,76.0,1.0,75.0,73.51221719457052,1.0,C2.2,2026-07-18 01:20:00,-276.0,,0
20260718,AL1_SOLEXS_20260718_SDD2_L1.lc,1784347268.0,1784347565.0,1784348080.0,812.0,78.0,9.0,69.0,23.217194570135884,1.0,C2.3,2026-07-18 04:05:00,65.0,,0
20260718,AL1_SOLEXS_20260718_SDD2_L1.lc,1784367449.0,1784367476.0,1784367525.0,76.0,23.0,10.0,13.0,6.518012306605933,1.0,UNMATCHED,,,,0
20260718,AL1_SOLEXS_20260718_SDD2_L1.lc,1784411156.0,1784411580.0,1784411733.0,577.0,48.0,8.0,40.0,14.41345985470217,1.0,C1.5,2026-07-18 21:52:00,60.0,,0
20260719,AL1_SOLEXS_20260719_SDD2_L1.lc,1784485981.0,1784486332.0,1784486458.0,477.0,37.0,9.0,28.0,7.860935143288143,2.0,C1.3,2026-07-19 18:45:00,-368.0,,0
20260719,AL1_SOLEXS_20260719_SDD2_L1.lc,1784505481.0,1784505560.0,1784505599.0,118.0,32.0,10.0,22.0,8.064237301890081,1.0,UNMATCHED,,,,0
20260720,AL1_SOLEXS_20260720_SDD2_L1.lc,1784533419.0,1784533585.0,1784534044.0,625.0,64.0,13.0,51.0,15.18021170484257,1.0,C2.1,2026-07-20 07:46:00,25.0,,0
20260720,AL1_SOLEXS_20260720_SDD2_L1.lc,1784536760.0,1784536788.0,1784537025.0,265.0,55.0,17.0,38.0,8.682116908540506,2.0,C1.7,2026-07-20 08:40:00,-12.0,,0
20260720,AL1_SOLEXS_20260720_SDD2_L1.lc,1784538898.0,1784538951.0,1784539064.0,166.0,54.0,16.0,38.0,10.881900452488768,1.0,UNMATCHED,,,,0
20260720,AL1_SOLEXS_20260720_SDD2_L1.lc,1784550229.0,1784550527.0,1784550544.0,315.0,57.0,27.0,30.0,6.350852961085943,2.0,C2.9,2026-07-20 12:40:00,-673.0,,0
20260720,AL1_SOLEXS_20260720_SDD2_L1.lc,1784550675.0,1784551384.0,1784551709.0,1034.0,122.0,52.0,70.0,8.55907422686815,1.0,C2.9,2026-07-20 12:40:00,184.0,,0
20260720,AL1_SOLEXS_20260720_SDD2_L1.lc,1784553805.0,1784554018.0,1784554088.0,283.0,102.0,48.0,54.0,7.953979624833536,1.0,UNMATCHED,,,,0
20260720,AL1_SOLEXS_20260720_SDD2_L1.lc,1784558042.0,1784558205.0,1784559538.0,1496.0,1831.0,52.900000000000006,1778.1,245.70001554894893,2.0,M2.5,2026-07-20 14:36:00,45.0,,1
20260720,AL1_SOLEXS_20260720_SDD2_L1.lc,1784560662.0,1784560796.0,1784561766.0,1104.0,407.0,36.0,371.0,63.71598793363537,1.0,C7.1,2026-07-20 15:20:00,-4.0,,0
20260720,AL1_SOLEXS_20260720_SDD2_L1.lc,1784566987.0,1784567015.0,1784567060.0,73.0,54.0,17.0,37.0,7.3869108240704575,1.0,C3.2,2026-07-20 17:17:00,-805.0,,0
20260720,AL1_SOLEXS_20260720_SDD2_L1.lc,1784567650.0,1784567849.0,1784568520.0,870.0,137.0,22.0,115.0,25.108098480999843,1.0,C3.2,2026-07-20 17:17:00,29.0,,0
20260720,AL1_SOLEXS_20260720_SDD2_L1.lc,1784574967.0,1784575251.0,1784576200.0,1233.0,677.0,16.0,661.0,160.62963800905064,1.0,M1.1,2026-07-20 19:20:00,51.0,,1
20260720,AL1_SOLEXS_20260720_SDD2_L1.lc,1784583412.0,1784583700.0,1784584132.0,720.0,98.0,20.0,78.0,19.70431196136547,1.0,C2.9,2026-07-20 21:41:00,40.0,,0
20260720,AL1_SOLEXS_20260720_SDD2_L1.lc,1784584847.0,1784585083.0,1784585252.0,405.0,73.0,26.0,47.0,11.350066025540366,1.0,M3.4,2026-07-20 22:25:00,-1217.0,,1
20260720,AL1_SOLEXS_20260720_SDD2_L1.lc,1784585991.0,1784586342.0,1784587746.0,1755.0,2291.0,27.0,2264.0,460.162445908259,1.0,M3.4,2026-07-20 22:25:00,42.0,,1
20260720,AL1_SOLEXS_20260720_SDD2_L1.lc,1784588106.0,1784588214.0,1784588406.0,300.0,76.0,31.0,45.0,8.184150377965839,1.0,C7.6,2026-07-20 23:24:00,-1626.0,,0
20260720,AL1_SOLEXS_20260720_SDD2_L1.lc,1784589598.0,1784589853.0,1784590989.0,1391.0,413.0,36.0,377.0,66.90090497737596,1.0,C7.6,2026-07-20 23:24:00,13.0,,0
20260721,AL1_SOLEXS_20260721_SDD2_L1.lc,1784593087.0,1784593420.0,1784593713.0,626.0,71.0,25.0,46.0,11.096268674185067,3.0,C2.4,2026-07-21 00:20:00,220.0,,0
20260721,AL1_SOLEXS_20260721_SDD2_L1.lc,1784594682.0,1784595129.0,1784596127.0,1445.0,363.0,23.0,340.0,68.98958852715761,1.0,C6.5,2026-07-21 00:51:00,69.0,,0
20260721,AL1_SOLEXS_20260721_SDD2_L1.lc,1784597215.0,1784597372.0,1784597683.0,468.0,93.0,38.0,55.0,9.364506797365769,1.0,C2.6,2026-07-21 01:29:00,32.0,,0
20260721,AL1_SOLEXS_20260721_SDD2_L1.lc,1784599312.0,1784599341.0,1784599518.0,206.0,87.0,40.0,47.0,6.971892159006591,1.0,C2.5,2026-07-21 01:58:00,261.0,,0
20260721,AL1_SOLEXS_20260721_SDD2_L1.lc,1784605925.0,1784606699.0,1784607289.0,1364.0,204.0,50.900000000000006,153.1,22.95752216766553,1.0,C4.3,2026-07-21 04:05:00,-1.0,,0
20260721,AL1_SOLEXS_20260721_SDD2_L1.lc,1784626880.0,1784627770.0,1784628574.0,1694.0,373.0,96.0,277.0,27.462733190091,2.0,C7.7,2026-07-21 09:56:00,10.0,,0
20260721,AL1_SOLEXS_20260721_SDD2_L1.lc,1784634003.0,1784634106.0,1784634910.0,907.0,175.0,25.0,150.0,35.397828054298856,1.0,C4.0,2026-07-21 11:42:00,-14.0,,0
20260721,AL1_SOLEXS_20260721_SDD2_L1.lc,1784642887.0,1784643267.0,1784643510.0,623.0,248.0,45.0,203.0,29.925402295077923,1.0,C5.1,2026-07-21 14:14:00,27.0,,0
20260721,AL1_SOLEXS_20260721_SDD2_L1.lc,1784644433.0,1784644547.0,1784644848.0,415.0,125.0,53.0,72.0,8.2163201191185,2.0,C3.1,2026-07-21 14:38:00,-133.0,,0
20260721,AL1_SOLEXS_20260721_SDD2_L1.lc,1784647964.0,1784648002.0,1784648071.0,107.0,115.0,67.0,48.0,9.269288728858257,1.0,UNMATCHED,,,,0
20260721,AL1_SOLEXS_20260721_SDD2_L1.lc,1784650055.0,1784650113.0,1784650296.0,241.0,275.0,57.0,218.0,28.740434273405487,1.0,C5.1,2026-07-21 16:08:00,33.0,,0
20260721,AL1_SOLEXS_20260721_SDD2_L1.lc,1784653537.0,1784653653.0,1784653867.0,330.0,92.0,49.0,43.0,9.864899806076368,1.0,C3.3,2026-07-21 17:07:00,33.0,,0
20260721,AL1_SOLEXS_20260721_SDD2_L1.lc,1784654340.0,1784654746.0,1784655162.0,822.0,1167.0,73.0,1094.0,134.23592163371092,1.0,M1.9,2026-07-21 17:27:00,-74.0,,1
20260721,AL1_SOLEXS_20260721_SDD2_L1.lc,1784656667.0,1784656725.0,1784656841.0,174.0,276.0,140.0,136.0,10.151258656138843,1.0,UNMATCHED,,,,0
20260721,AL1_SOLEXS_20260721_SDD2_L1.lc,1784657284.0,1784657383.0,1784657597.0,313.0,241.0,106.0,135.0,12.206382365052477,1.0,UNMATCHED,,,,0
20260721,AL1_SOLEXS_20260721_SDD2_L1.lc,1784659389.0,1784659554.0,1784660072.0,683.0,180.0,77.0,103.0,10.953519335024254,1.0,UNMATCHED,,,,0
20260721,AL1_SOLEXS_20260721_SDD2_L1.lc,1784661747.0,1784661834.0,1784661905.0,158.0,107.0,33.0,74.0,12.83259520256954,1.0,C2.9,2026-07-21 19:24:00,-6.0,,0
20260721,AL1_SOLEXS_20260721_SDD2_L1.lc,1784665823.0,1784666053.0,1784666482.0,659.0,118.0,35.0,83.0,12.40105163377134,1.0,C3.1,2026-07-21 20:33:00,73.0,,0
20260721,AL1_SOLEXS_20260721_SDD2_L1.lc,1784669122.0,1784669242.0,1784669318.0,196.0,73.0,25.0,48.0,7.265703475372896,2.0,UNMATCHED,,,,0
20260721,AL1_SOLEXS_20260721_SDD2_L1.lc,1784673390.0,1784673574.0,1784673815.0,425.0,58.0,16.0,42.0,11.846832579185604,1.0,C2.0,2026-07-21 22:40:00,-26.0,,0
20260721,AL1_SOLEXS_20260721_SDD2_L1.lc,1784674458.0,1784674547.0,1784674679.0,221.0,82.0,24.0,58.0,10.503064728915854,1.0,C2.4,2026-07-21 22:55:00,47.0,,0
20260721,AL1_SOLEXS_20260721_SDD2_L1.lc,1784675343.0,1784675383.0,1784675533.0,190.0,62.0,25.0,37.0,7.8914027149321955,1.0,C2.4,2026-07-21 22:55:00,883.0,,0
20260722,AL1_SOLEXS_20260722_SDD2_L1.lc,1784678936.0,1784679084.0,1784679463.0,527.0,81.0,13.0,68.0,18.51945668700569,1.0,C2.4,2026-07-22 00:11:00,24.0,,0
20260722,AL1_SOLEXS_20260722_SDD2_L1.lc,1784682341.0,1784682393.0,1784682550.0,209.0,111.0,13.0,98.0,27.15922598766856,1.0,C2.6,2026-07-22 01:06:00,33.0,,0
20260722,AL1_SOLEXS_20260722_SDD2_L1.lc,1784687104.0,1784687167.0,1784687202.0,98.0,31.0,12.0,19.0,6.793401085976085,1.0,UNMATCHED,,,,0
20260722,AL1_SOLEXS_20260722_SDD2_L1.lc,1784690543.0,1784690622.0,1784690640.0,97.0,40.0,11.0,29.0,7.217444864639354,1.0,C1.4,2026-07-22 03:23:00,42.0,,0
20260722,AL1_SOLEXS_20260722_SDD2_L1.lc,1784691270.0,1784691567.0,1784692056.0,786.0,326.0,21.0,305.0,67.37442801641922,1.0,C6.8,2026-07-22 03:38:00,87.0,,0
20260722,AL1_SOLEXS_20260722_SDD2_L1.lc,1784692605.0,1784692768.0,1784692896.0,291.0,75.0,32.900000000000006,42.1,7.7091512827842195,1.0,C6.8,2026-07-22 03:38:00,1288.0,,0
20260722,AL1_SOLEXS_20260722_SDD2_L1.lc,1784701926.0,1784702082.0,1784702696.0,770.0,2589.0,23.0,2566.0,541.8168738429829,1.0,M3.6,2026-07-22 06:35:00,-18.0,,1
20260722,AL1_SOLEXS_20260722_SDD2_L1.lc,1784706418.0,1784706434.0,1784706483.0,65.0,74.0,13.0,61.0,18.582456573545294,1.0,UNMATCHED,,,,0
20260722,AL1_SOLEXS_20260722_SDD2_L1.lc,1784722495.0,1784722727.0,1784722966.0,471.0,125.0,12.0,113.0,31.59412194795755,1.0,C3.0,2026-07-22 12:18:00,47.0,,0
20260722,AL1_SOLEXS_20260722_SDD2_L1.lc,1784725684.0,1784725691.0,1784725757.0,73.0,54.0,15.0,39.0,9.713652530026527,1.0,UNMATCHED,,,,0
20260722,AL1_SOLEXS_20260722_SDD2_L1.lc,1784735514.0,1784735600.0,1784735952.0,438.0,146.0,8.0,138.0,49.130483064044576,1.0,C3.4,2026-07-22 15:53:00,20.0,,0
20260722,AL1_SOLEXS_20260722_SDD2_L1.lc,1784746160.0,1784746269.0,1784746822.0,662.0,259.0,8.0,251.0,86.05521522822285,1.0,C5.4,2026-07-22 18:51:00,9.0,,0
20260723,AL1_SOLEXS_20260723_SDD2_L1.lc,1784775103.0,1784775237.0,1784775408.0,305.0,68.0,9.0,59.0,13.11644042232286,1.0,C1.7,2026-07-23 02:53:00,57.0,,0
20260723,AL1_SOLEXS_20260723_SDD2_L1.lc,1784776299.0,1784776753.0,1784776893.0,594.0,62.0,16.0,46.0,10.516289592760256,3.0,C2.0,2026-07-23 03:18:00,73.0,,0
20260723,AL1_SOLEXS_20260723_SDD2_L1.lc,1784777133.0,1784777208.0,1784777600.0,467.0,310.0,26.0,284.0,47.49844052714205,1.0,C5.3,2026-07-23 03:27:00,-12.0,,0
20260723,AL1_SOLEXS_20260723_SDD2_L1.lc,1784780901.0,1784780950.0,1784781029.0,128.0,52.0,15.0,37.0,8.23502576593599,1.0,UNMATCHED,,,,0
20260723,AL1_SOLEXS_20260723_SDD2_L1.lc,1784789011.0,1784789053.0,1784789107.0,96.0,26.0,7.0,19.0,8.285802166674738,1.0,C1.3,2026-07-23 06:44:00,13.0,,0
20260723,AL1_SOLEXS_20260723_SDD2_L1.lc,1784800843.0,1784800997.0,1784801094.0,251.0,26.0,6.0,20.0,10.488101782523277,1.0,C1.3,2026-07-23 10:02:00,77.0,,0
20260723,AL1_SOLEXS_20260723_SDD2_L1.lc,1784818415.0,1784819096.0,1784819111.0,696.0,69.0,36.0,33.0,7.239318534738178,3.0,C2.8,2026-07-23 15:12:00,-424.0,,0
20260723,AL1_SOLEXS_20260723_SDD2_L1.lc,1784819752.0,1784819793.0,1784819827.0,75.0,72.0,34.0,38.0,5.864009993157899,1.0,C2.8,2026-07-23 15:12:00,273.0,,0
20260723,AL1_SOLEXS_20260723_SDD2_L1.lc,1784825436.0,1784825562.0,1784825687.0,251.0,58.0,10.0,48.0,14.69815209287321,1.0,C1.9,2026-07-23 16:52:00,42.0,,0
20260724,AL1_SOLEXS_20260724_SDD2_L1.lc,1784926626.0,1784927007.0,1784927525.0,899.0,88.0,14.0,74.0,18.90903519702577,1.0,C2.6,2026-07-24 21:05:00,-93.0,,0
20260724,AL1_SOLEXS_20260724_SDD2_L1.lc,1784929956.0,1784930635.0,1784931526.0,1570.0,94.0,35.900000000000006,58.1,12.580456349233604,1.0,C3.0,2026-07-24 22:03:00,55.0,,0
20260725,AL1_SOLEXS_20260725_SDD2_L1.lc,1784943348.0,1784943636.0,1784943849.0,501.0,41.0,9.0,32.0,13.09622926093523,2.0,C1.8,2026-07-25 01:41:00,-24.0,,0
20260725,AL1_SOLEXS_20260725_SDD2_L1.lc,1784951308.0,1784951462.0,1784951810.0,502.0,43.0,16.0,27.0,9.740950226244417,1.0,C2.0,2026-07-25 03:51:00,2.0,,0
20260725,AL1_SOLEXS_20260725_SDD2_L1.lc,1784951974.0,1784952052.0,1784952110.0,136.0,62.0,23.0,39.0,7.17176363860023,1.0,C2.0,2026-07-25 03:51:00,592.0,,0
20260725,AL1_SOLEXS_20260725_SDD2_L1.lc,1784958124.0,1784958261.0,1784958592.0,468.0,37.0,11.0,26.0,10.712793574178878,1.0,C1.9,2026-07-25 05:44:00,21.0,,0
20260725,AL1_SOLEXS_20260725_SDD2_L1.lc,1784979595.0,1784979627.0,1784979657.0,62.0,30.0,9.0,21.0,7.371040723981956,1.0,UNMATCHED,,,,0
20260725,AL1_SOLEXS_20260725_SDD2_L1.lc,1785014990.0,1785015302.0,1785015621.0,631.0,37.0,10.0,27.0,10.179958454978314,1.0,C1.6,2026-07-25 21:36:00,-58.0,,0
20260726,AL1_SOLEXS_20260726_SDD2_L1.lc,1785035179.0,1785035546.0,1785035611.0,432.0,36.0,9.0,27.0,7.161990950226297,2.0,C1.5,2026-07-26 03:10:00,146.0,,0
20260726,AL1_SOLEXS_20260726_SDD2_L1.lc,1785043399.0,1785043537.0,1785043643.0,244.0,62.0,13.0,49.0,10.666809474742063,1.0,C2.0,2026-07-26 05:25:00,37.0,,0
20260726,AL1_SOLEXS_20260726_SDD2_L1.lc,1785050978.0,1785051071.0,1785051758.0,780.0,201.0,7.0,194.0,64.57446060270892,1.0,C4.2,2026-07-26 07:31:00,11.0,,0
20260726,AL1_SOLEXS_20260726_SDD2_L1.lc,1785060628.0,1785060883.0,1785061108.0,480.0,54.0,9.0,45.0,14.12187028657626,2.0,C1.9,2026-07-26 10:14:00,43.0,,0
20260726,AL1_SOLEXS_20260726_SDD2_L1.lc,1785074069.0,1785074158.0,1785074174.0,105.0,42.0,12.0,30.0,6.622808449876164,1.0,C1.6,2026-07-26 13:57:00,-62.0,,0
20260726,AL1_SOLEXS_20260726_SDD2_L1.lc,1785079440.0,1785079686.0,1785080842.0,1402.0,2070.0,10.0,2060.0,646.5681619462173,1.0,M3.2,2026-07-26 15:28:00,6.0,,1
20260726,AL1_SOLEXS_20260726_SDD2_L1.lc,1785096341.0,1785096691.0,1785096698.0,357.0,43.0,13.0,30.0,7.149775350200182,4.0,C1.6,2026-07-26 20:11:00,31.0,,0
20260727,AL1_SOLEXS_20260727_SDD2_L1.lc,1785119930.0,1785120137.0,1785121255.0,1325.0,560.0,10.0,550.0,169.90645998059713,2.0,M1.0,2026-07-27 02:43:00,-43.0,,1
20260727,AL1_SOLEXS_20260727_SDD2_L1.lc,1785159751.0,1785159778.0,1785159825.0,74.0,26.0,11.0,15.0,6.472807344863137,1.0,C1.5,2026-07-27 13:42:00,58.0,,0
20260727,AL1_SOLEXS_20260727_SDD2_L1.lc,1785172814.0,1785173133.0,1785173562.0,748.0,103.0,9.0,94.0,29.357466063348586,1.0,C2.8,2026-07-27 17:25:00,33.0,,0
20260727,AL1_SOLEXS_20260727_SDD2_L1.lc,1785181328.0,1785181687.0,1785182183.0,855.0,123.0,11.0,112.0,37.04169190992342,1.0,C3.6,2026-07-27 19:48:00,7.0,,0
20260727,AL1_SOLEXS_20260727_SDD2_L1.lc,1785192014.0,1785192262.0,1785192551.0,537.0,114.0,10.0,104.0,30.355862284800224,1.0,C3.3,2026-07-27 22:44:00,22.0,,0
20260727,AL1_SOLEXS_20260727_SDD2_L1.lc,1785192865.0,1785193097.0,1785193656.0,791.0,123.0,28.0,95.0,17.393890842955074,1.0,C3.5,2026-07-27 22:59:00,-43.0,,0
20260727,AL1_SOLEXS_20260727_SDD2_L1.lc,1785194765.0,1785194812.0,1785194826.0,61.0,46.0,22.0,24.0,6.481687660860129,1.0,C3.5,2026-07-27 22:59:00,1672.0,,0
20260728,AL1_SOLEXS_20260728_SDD2_L1.lc,1785204835.0,1785204913.0,1785205019.0,184.0,36.0,11.0,25.0,8.941653178111661,1.0,C1.8,2026-07-28 02:15:00,13.0,,0
20260728,AL1_SOLEXS_20260728_SDD2_L1.lc,1785208453.0,1785208731.0,1785209099.0,646.0,233.0,11.0,222.0,65.95185478838803,1.0,C5.1,2026-07-28 03:19:00,-9.0,,0
20260728,AL1_SOLEXS_20260728_SDD2_L1.lc,1785260761.0,1785260830.0,1785261028.0,267.0,48.0,9.0,39.0,11.745399698340952,1.0,C1.5,2026-07-28 17:47:00,10.0,,0
20260728,AL1_SOLEXS_20260728_SDD2_L1.lc,1785282178.0,1785282332.0,1785282504.0,326.0,43.0,12.0,31.0,8.541649050418165,3.0,C1.7,2026-07-28 23:45:00,32.0,,0
20260729,AL1_SOLEXS_20260729_SDD2_L1.lc,1785290449.0,1785290527.0,1785290790.0,341.0,50.0,13.0,37.0,9.647767485296612,2.0,UNMATCHED,,,,0
20260729,AL1_SOLEXS_20260729_SDD2_L1.lc,1785299826.0,1785299917.0,1785299961.0,135.0,18.0,6.0,12.0,7.478887008018133,1.0,C1.2,2026-07-29 04:38:00,37.0,,0
20260729,AL1_SOLEXS_20260729_SDD2_L1.lc,1785304092.0,1785304321.0,1785304486.0,394.0,52.0,18.0,34.0,7.130090497737616,3.0,UNMATCHED,,,,0
20260729,AL1_SOLEXS_20260729_SDD2_L1.lc,1785329370.0,1785329409.0,1785329467.0,97.0,38.0,11.0,27.0,7.221537778819144,1.0,UNMATCHED,,,,0
20260729,AL1_SOLEXS_20260729_SDD2_L1.lc,1785341748.0,1785341962.0,1785342177.0,429.0,39.0,8.0,31.0,12.176954696107602,1.0,C1.6,2026-07-29 16:19:00,22.0,,0
20260730,AL1_SOLEXS_20260730_SDD2_L1.lc,1785390678.0,1785391551.0,1785392441.0,1763.0,142.0,49.900000000000006,92.1,11.560187503476728,5.0,C3.8,2026-07-30 06:06:00,-9.0,,0
20260730,AL1_SOLEXS_20260730_SDD2_L1.lc,1785426861.0,1785430646.0,1785430680.0,3819.0,1040.0,825.0,215.0,6.853555467231187,1.0,M1.9,2026-07-30 17:00:00,-154.0,,1
20260730,AL1_SOLEXS_20260730_SDD2_L1.lc,1785431510.0,1785431520.0,1785432390.0,880.0,980.0,788.0,192.0,6.215662900186147,3.0,M1.9,2026-07-30 17:00:00,720.0,,1
20260730,AL1_SOLEXS_20260730_SDD2_L1.lc,1785433029.0,1785433154.0,1785433792.0,763.0,671.0,473.0,198.0,8.724891141657984,1.0,UNMATCHED,,,,0
20260731,AL1_SOLEXS_20260731_SDD2_L1.lc,1785461189.0,1785461338.0,1785461476.0,287.0,39.0,14.0,25.0,7.755897053760885,2.0,C1.8,2026-07-31 01:29:00,-2.0,,0
20260731,AL1_SOLEXS_20260731_SDD2_L1.lc,1785465445.0,1785465575.0,1785465632.0,187.0,69.0,26.0,43.0,7.551624827144494,1.0,C2.3,2026-07-31 02:39:00,35.0,,0
20260731,AL1_SOLEXS_20260731_SDD2_L1.lc,1785467406.0,1785467824.0,1785468020.0,614.0,77.0,37.0,40.0,9.638541531744496,1.0,C3.1,2026-07-31 03:16:00,64.0,,0
20260731,AL1_SOLEXS_20260731_SDD2_L1.lc,1785478133.0,1785478201.0,1785478554.0,421.0,61.0,23.0,38.0,8.057147919827198,2.0,UNMATCHED,,,,0
20260731,AL1_SOLEXS_20260731_SDD2_L1.lc,1785480270.0,1785480490.0,1785480895.0,625.0,56.0,13.0,43.0,14.353934308474486,1.0,C2.4,2026-07-31 06:47:00,70.0,,0
20260731,AL1_SOLEXS_20260731_SDD2_L1.lc,1785486712.0,1785486840.0,1785486953.0,241.0,34.0,8.0,26.0,8.908905527311477,1.0,C1.4,2026-07-31 08:34:00,0.0,,0
20260731,AL1_SOLEXS_20260731_SDD2_L1.lc,1785496294.0,1785496683.0,1785497116.0,822.0,75.0,10.0,65.0,19.711721534365527,1.0,C2.3,2026-07-31 11:19:00,-57.0,,0
20260731,AL1_SOLEXS_20260731_SDD2_L1.lc,1785497947.0,1785498457.0,1785499353.0,1406.0,156.0,22.0,134.0,30.6189028796867,1.0,C3.9,2026-07-31 11:47:00,37.0,,0
20260731,AL1_SOLEXS_20260731_SDD2_L1.lc,1785505988.0,1785506213.0,1785506607.0,619.0,45.0,8.0,37.0,13.599807119608322,1.0,C1.7,2026-07-31 13:57:00,-7.0,,0
20260731,AL1_SOLEXS_20260731_SDD2_L1.lc,1785521318.0,1785521500.0,1785522096.0,778.0,45.0,8.0,37.0,12.708404634365907,1.0,C1.6,2026-07-31 18:13:00,-80.0,,0
20260801,AL1_SOLEXS_20260801_SDD2_L1.lc,1785590987.0,1785591018.0,1785591268.0,281.0,20.0,4.0,16.0,10.498642533936716,3.0,C1.0,2026-08-01 13:30:00,18.0,,0
20260801,AL1_SOLEXS_20260801_SDD2_L1.lc,1785614854.0,1785615038.0,1785615539.0,685.0,63.0,6.0,57.0,22.59515741917564,1.0,C2.0,2026-08-01 20:11:00,-22.0,,0
20260801,AL1_SOLEXS_20260801_SDD2_L1.lc,1785618741.0,1785618770.0,1785618816.0,75.0,30.0,6.0,24.0,9.920248730538695,1.0,UNMATCHED,,,,0
20260801,AL1_SOLEXS_20260801_SDD2_L1.lc,1785623721.0,1785624042.0,1785624383.0,662.0,67.0,17.0,50.0,14.821450816134451,1.0,C2.5,2026-08-01 22:40:00,42.0,,0
20260802,AL1_SOLEXS_20260802_SDD2_L1.lc,1785630360.0,1785630836.0,1785631355.0,995.0,175.0,10.0,165.0,48.66731010050474,1.0,C4.0,2026-08-02 00:33:00,56.0,,0
20260802,AL1_SOLEXS_20260802_SDD2_L1.lc,1785635835.0,1785636122.0,1785636519.0,684.0,38.0,7.0,31.0,14.436190573171524,1.0,C1.6,2026-08-02 02:02:00,2.0,,0
20260802,AL1_SOLEXS_20260802_SDD2_L1.lc,1785648424.0,1785648937.0,1785649527.0,1103.0,305.0,9.0,296.0,98.9140271493218,1.0,C6.3,2026-08-02 05:35:00,37.0,,0
20260802,AL1_SOLEXS_20260802_SDD2_L1.lc,1785689370.0,1785689380.0,1785689447.0,77.0,18.0,3.0,15.0,7.720818939199236,1.0,B8.4,2026-08-02 16:50:00,-20.0,,0
20260802,AL1_SOLEXS_20260802_SDD2_L1.lc,1785698128.0,1785698186.0,1785698193.0,65.0,12.0,2.0,10.0,7.220168155771826,1.0,UNMATCHED,,,,0
20260803,AL1_SOLEXS_20260803_SDD2_L1.lc,1785756741.0,1785756778.0,1785757154.0,413.0,38.0,6.0,32.0,11.217037417894502,1.0,C1.4,2026-08-03 11:33:00,-2.0,,0
20260803,AL1_SOLEXS_20260803_SDD2_L1.lc,1785779205.0,1785779383.0,1785779612.0,407.0,25.0,3.0,22.0,8.770499202368434,3.0,B8.9,2026-08-03 17:48:00,103.0,,0
20260804,AL1_SOLEXS_20260804_SDD2_L1.lc,1785802662.0,1785802715.0,1785802722.0,60.0,15.0,3.0,12.0,8.075588923615307,1.0,B8.9,2026-08-04 00:19:00,-25.0,,0
20260804,AL1_SOLEXS_20260804_SDD2_L1.lc,1785844620.0,1785844664.0,1785845071.0,451.0,44.0,2.0,42.0,26.328049138785783,2.0,C1.2,2026-08-04 11:58:00,-16.0,,0
20260804,AL1_SOLEXS_20260804_SDD2_L1.lc,1785852472.0,1785852505.0,1785852610.0,138.0,26.0,6.0,20.0,7.779254302268925,1.0,C1.0,2026-08-04 14:08:00,25.0,,0
20260804,AL1_SOLEXS_20260804_SDD2_L1.lc,1785857616.0,1785857690.0,1785857730.0,114.0,23.0,6.0,17.0,8.957817240350128,1.0,C1.1,2026-08-04 15:34:00,50.0,,0
20260804,AL1_SOLEXS_20260804_SDD2_L1.lc,1785867489.0,1785867528.0,1785867582.0,93.0,18.0,5.0,13.0,7.356562466427866,1.0,B9.8,2026-08-04 18:19:00,-12.0,,0
20260805,AL1_SOLEXS_20260805_SDD2_L1.lc,1785909777.0,1785910764.0,1785910924.0,1147.0,47.0,13.0,34.0,11.742986425339431,2.0,C1.6,2026-08-05 06:22:00,-156.0,,0
20260805,AL1_SOLEXS_20260805_SDD2_L1.lc,1785943675.0,1785943878.0,1785944085.0,410.0,21.0,3.0,18.0,10.5354668126151,2.0,B9.2,2026-08-05 15:30:00,78.0,,0
20260806,AL1_SOLEXS_20260806_SDD2_L1.lc,1786019291.0,1786019764.0,1786019922.0,631.0,15.0,2.0,13.0,11.136451866958875,2.0,B7.0,2026-08-06 12:36:00,4.0,,0
20260806,AL1_SOLEXS_20260806_SDD2_L1.lc,1786040207.0,1786040384.0,1786040627.0,420.0,10.0,1.0,9.0,9.70859728506793,3.0,B5.6,2026-08-06 18:18:00,104.0,,0
20260806,AL1_SOLEXS_20260806_SDD2_L1.lc,1786044408.0,1786044556.0,1786044959.0,551.0,29.0,1.0,28.0,28.5674208144798,1.0,C1.0,2026-08-06 19:29:00,16.0,,0
20260808,AL1_SOLEXS_20260808_SDD2_L1.lc,1786179407.0,1786179450.0,1786179647.0,240.0,17.0,2.0,15.0,10.713467629525113,2.0,B7.6,2026-08-08 08:58:00,-30.0,,0
20260809,AL1_SOLEXS_20260809_SDD2_L1.lc,1786287960.0,1786288013.0,1786288044.0,84.0,14.0,3.0,11.0,8.90791379132488,1.0,UNMATCHED,,,,0
20260809,AL1_SOLEXS_20260809_SDD2_L1.lc,1786290415.0,1786290622.0,1786290639.0,224.0,22.0,9.0,13.0,8.007541478129772,1.0,C1.1,2026-08-09 15:48:00,142.0,,0
20260809,AL1_SOLEXS_20260809_SDD2_L1.lc,1786293402.0,1786293636.0,1786294113.0,711.0,78.0,4.0,74.0,33.94751131221739,1.0,C1.8,2026-08-09 16:40:00,36.0,,0
20260809,AL1_SOLEXS_20260809_SDD2_L1.lc,1786297972.0,1786298750.0,1786299020.0,1048.0,35.0,9.0,26.0,9.361387631975932,2.0,C1.1,2026-08-09 18:06:00,-10.0,,0
20260809,AL1_SOLEXS_20260809_SDD2_L1.lc,1786301523.0,1786301601.0,1786301798.0,275.0,17.0,2.0,15.0,10.84784991373251,2.0,B7.3,2026-08-09 18:53:00,21.0,,0
20260809,AL1_SOLEXS_20260809_SDD2_L1.lc,1786303718.0,1786303800.0,1786303818.0,100.0,22.0,5.0,17.0,7.772208043421947,1.0,B8.8,2026-08-09 19:28:00,120.0,,0
20260809,AL1_SOLEXS_20260809_SDD2_L1.lc,1786307574.0,1786307873.0,1786308204.0,630.0,43.0,4.0,39.0,18.24434389140282,1.0,C1.2,2026-08-09 20:37:00,53.0,,0
20260809,AL1_SOLEXS_20260809_SDD2_L1.lc,1786308937.0,1786308995.0,1786309301.0,364.0,28.0,9.0,19.0,7.422624434389195,1.0,C1.0,2026-08-09 20:53:00,215.0,,0
20260813,AL1_SOLEXS_20260813_SDD2_L1.lc,1786618645.0,1786618769.0,1786618806.0,161.0,15.0,1.0,14.0,10.350226244343952,1.0,B5.4,2026-08-13 10:58:00,89.0,,0
20260813,AL1_SOLEXS_20260813_SDD2_L1.lc,1786645753.0,1786646145.0,1786646277.0,524.0,29.0,3.0,26.0,13.68973249143663,1.0,B9.2,2026-08-13 18:35:00,45.0,,0
20260813,AL1_SOLEXS_20260813_SDD2_L1.lc,1786664443.0,1786664472.0,1786664510.0,67.0,14.0,2.0,12.0,7.563802853959316,1.0,B6.7,2026-08-13 23:41:00,12.0,,0
20260814,AL1_SOLEXS_20260814_SDD2_L1.lc,1786689964.0,1786690746.0,1786691062.0,1098.0,157.0,29.0,128.0,23.57221664321906,1.0,C4.1,2026-08-14 07:01:00,-114.0,,0
20260814,AL1_SOLEXS_20260814_SDD2_L1.lc,1786694627.0,1786694651.0,1786694718.0,91.0,46.0,16.0,30.0,7.49208144796386,1.0,UNMATCHED,,,,0
20260814,AL1_SOLEXS_20260814_SDD2_L1.lc,1786701080.0,1786701180.0,1786701417.0,337.0,32.0,4.0,28.0,19.83212669683269,1.0,C1.5,2026-08-14 09:53:00,0.0,,0
20260814,AL1_SOLEXS_20260814_SDD2_L1.lc,1786707505.0,1786707737.0,1786707989.0,484.0,36.0,3.0,33.0,16.523712455314048,1.0,C1.1,2026-08-14 11:42:00,17.0,,0
20260814,AL1_SOLEXS_20260814_SDD2_L1.lc,1786744323.0,1786744559.0,1786745615.0,1292.0,179.0,4.0,175.0,94.76742081448016,1.0,C4.3,2026-08-14 21:55:00,59.0,,0
20260815,AL1_SOLEXS_20260815_SDD2_L1.lc,1786753754.0,1786753992.0,1786754206.0,452.0,32.0,3.0,29.0,16.11146868844471,1.0,C1.2,2026-08-15 00:33:00,12.0,,0
20260815,AL1_SOLEXS_20260815_SDD2_L1.lc,1786763834.0,1786763882.0,1786763985.0,151.0,16.0,2.0,14.0,10.635397921557002,1.0,B8.0,2026-08-15 03:18:00,2.0,,0
20260815,AL1_SOLEXS_20260815_SDD2_L1.lc,1786767588.0,1786767719.0,1786767815.0,227.0,17.0,2.0,15.0,11.41353533868175,1.0,B7.8,2026-08-15 04:21:00,59.0,,0
20260815,AL1_SOLEXS_20260815_SDD2_L1.lc,1786772114.0,1786772148.0,1786772327.0,213.0,13.0,1.0,12.0,9.439819004524942,2.0,B5.6,2026-08-15 05:37:00,-72.0,,0
20260815,AL1_SOLEXS_20260815_SDD2_L1.lc,1786773626.0,1786773767.0,1786773785.0,159.0,11.0,1.0,10.0,10.208144796380148,2.0,B6.3,2026-08-15 06:02:00,47.0,,0
20260815,AL1_SOLEXS_20260815_SDD2_L1.lc,1786779540.0,1786779583.0,1786779660.0,120.0,14.0,1.0,13.0,12.297737556561156,1.0,B7.3,2026-08-15 07:40:00,-17.0,,0
20260815,AL1_SOLEXS_20260815_SDD2_L1.lc,1786781791.0,1786781913.0,1786782223.0,432.0,140.0,1.0,139.0,135.02533936651656,1.0,C3.3,2026-08-15 08:18:00,33.0,,0
20260815,AL1_SOLEXS_20260815_SDD2_L1.lc,1786786003.0,1786786134.0,1786786288.0,285.0,28.0,2.0,26.0,19.86874067788348,1.0,C1.0,2026-08-15 09:28:00,54.0,,0
20260815,AL1_SOLEXS_20260815_SDD2_L1.lc,1786795510.0,1786795582.0,1786795626.0,116.0,10.0,2.0,8.0,10.469659771034546,1.0,B7.6,2026-08-15 12:06:00,22.0,,0
20260815,AL1_SOLEXS_20260815_SDD2_L1.lc,1786801021.0,1786801142.0,1786801264.0,243.0,75.0,3.0,72.0,45.75644567783943,1.0,C2.0,2026-08-15 13:39:00,2.0,,0
20260815,AL1_SOLEXS_20260815_SDD2_L1.lc,1786805041.0,1786805302.0,1786806104.0,1063.0,133.0,4.0,129.0,62.94977375565645,1.0,C3.2,2026-08-15 14:49:00,-38.0,,0
20260815,AL1_SOLEXS_20260815_SDD2_L1.lc,1786814118.0,1786814215.0,1786814275.0,157.0,16.0,3.0,13.0,8.822225606576374,1.0,B8.6,2026-08-15 17:16:00,55.0,,0
20260817,AL1_SOLEXS_20260817_SDD2_L1.lc,1786933128.0,1786933444.0,1786933972.0,844.0,80.0,10.0,70.0,23.52391164396763,1.0,C2.3,2026-08-17 02:24:00,4.0,,0
20260817,AL1_SOLEXS_20260817_SDD2_L1.lc,1786938529.0,1786938535.0,1786939257.0,728.0,24.0,11.0,13.0,7.109937652183571,1.0,UNMATCHED,,,,0
20260818,AL1_SOLEXS_20260818_SDD2_L1.lc,1787019624.0,1787019632.0,1787020345.0,721.0,18.0,1.0,17.0,15.25248868778289,1.0,UNMATCHED,,,,0
20260818,AL1_SOLEXS_20260818_SDD2_L1.lc,1787035318.0,1787035382.0,1787035577.0,259.0,164.0,12.0,152.0,48.52197959170433,1.0,C3.9,2026-08-18 06:43:00,2.0,,0
20260818,AL1_SOLEXS_20260818_SDD2_L1.lc,1787036724.0,1787036795.0,1787037047.0,323.0,39.0,15.0,24.0,8.526404965496816,2.0,C1.7,2026-08-18 07:07:00,-25.0,,0
20260818,AL1_SOLEXS_20260818_SDD2_L1.lc,1787071555.0,1787071611.0,1787071634.0,79.0,60.0,30.0,30.0,6.225862349729221,1.0,UNMATCHED,,,,0
20260818,AL1_SOLEXS_20260818_SDD2_L1.lc,1787073833.0,1787073889.0,1787073899.0,66.0,76.0,43.0,33.0,6.906046115849728,1.0,UNMATCHED,,,,0
20260818,AL1_SOLEXS_20260818_SDD2_L1.lc,1787078478.0,1787078528.0,1787078615.0,137.0,64.0,26.0,38.0,7.521630594711595,1.0,UNMATCHED,,,,0
20260818,AL1_SOLEXS_20260818_SDD2_L1.lc,1787082911.0,1787082960.0,1787083062.0,151.0,75.0,25.0,50.0,8.004162895927669,1.0,C2.0,2026-08-18 19:56:00,0.0,,0
20260818,AL1_SOLEXS_20260818_SDD2_L1.lc,1787086384.0,1787086452.0,1787086457.0,73.0,78.0,32.0,46.0,7.318715164190604,1.0,UNMATCHED,,,,0
20260818,AL1_SOLEXS_20260818_SDD2_L1.lc,1787086884.0,1787086943.0,1787087104.0,220.0,104.0,27.0,77.0,18.82858529466717,1.0,UNMATCHED,,,,0
20260818,AL1_SOLEXS_20260818_SDD2_L1.lc,1787092969.0,1787093021.0,1787093148.0,179.0,83.0,23.0,60.0,13.16603411546636,1.0,C2.3,2026-08-18 22:43:00,41.0,,0
20260818,AL1_SOLEXS_20260818_SDD2_L1.lc,1787096041.0,1787096305.0,1787096788.0,747.0,102.0,23.0,79.0,18.18811793059307,1.0,C2.8,2026-08-18 23:40:00,-95.0,,0
20260819,AL1_SOLEXS_20260819_SDD2_L1.lc,1787098367.0,1787098795.0,1787098884.0,517.0,73.0,29.0,44.0,7.069054898238862,4.0,C3.9,2026-08-19 00:37:00,-1025.0,,0
20260819,AL1_SOLEXS_20260819_SDD2_L1.lc,1787099633.0,1787099854.0,1787100022.0,389.0,133.0,63.0,70.0,12.048458448357293,1.0,C3.9,2026-08-19 00:37:00,34.0,,0
20260819,AL1_SOLEXS_20260819_SDD2_L1.lc,1787106587.0,1787106658.0,1787106752.0,165.0,63.0,19.0,44.0,9.01697261333253,1.0,C2.0,2026-08-19 02:31:00,-2.0,,0
20260819,AL1_SOLEXS_20260819_SDD2_L1.lc,1787108073.0,1787108211.0,1787108408.0,335.0,199.0,18.0,181.0,43.11047668937268,1.0,C3.9,2026-08-19 02:56:00,51.0,,0
20260819,AL1_SOLEXS_20260819_SDD2_L1.lc,1787110580.0,1787111178.0,1787111738.0,1158.0,113.0,29.0,84.0,16.032481762991317,2.0,C3.0,2026-08-19 03:46:00,18.0,,0
20260819,AL1_SOLEXS_20260819_SDD2_L1.lc,1787114855.0,1787115207.0,1787116433.0,1578.0,247.0,27.0,220.0,43.85702424924756,2.0,C5.0,2026-08-19 04:54:00,-33.0,,0
20260819,AL1_SOLEXS_20260819_SDD2_L1.lc,1787121230.0,1787121279.0,1787121508.0,278.0,35.0,9.0,26.0,9.917647058823595,1.0,C1.3,2026-08-19 06:36:00,-81.0,,0
20260819,AL1_SOLEXS_20260819_SDD2_L1.lc,1787128645.0,1787129016.0,1787129416.0,771.0,96.0,15.0,81.0,20.25751379785545,1.0,C2.7,2026-08-19 08:44:00,-24.0,,0
20260819,AL1_SOLEXS_20260819_SDD2_L1.lc,1787137486.0,1787137524.0,1787137613.0,127.0,35.0,11.0,24.0,8.153630768029684,1.0,C1.3,2026-08-19 11:05:00,24.0,,0
20260819,AL1_SOLEXS_20260819_SDD2_L1.lc,1787139093.0,1787139424.0,1787139586.0,493.0,49.0,11.0,38.0,11.599045924575783,1.0,C1.5,2026-08-19 11:36:00,64.0,,0
20260819,AL1_SOLEXS_20260819_SDD2_L1.lc,1787141690.0,1787141719.0,1787141809.0,119.0,51.0,11.0,40.0,9.333754356535415,1.0,C1.3,2026-08-19 12:31:00,-941.0,,0
20260819,AL1_SOLEXS_20260819_SDD2_L1.lc,1787142620.0,1787142667.0,1787142777.0,157.0,37.0,11.0,26.0,7.577348451515437,2.0,C1.3,2026-08-19 12:31:00,7.0,,0
20260819,AL1_SOLEXS_20260819_SDD2_L1.lc,1787146432.0,1787146762.0,1787147387.0,955.0,256.0,19.0,237.0,52.85800793192399,1.0,C4.9,2026-08-19 13:39:00,22.0,,0
20260819,AL1_SOLEXS_20260819_SDD2_L1.lc,1787148299.0,1787148389.0,1787148583.0,284.0,163.0,28.0,135.0,25.215874163113487,1.0,C3.6,2026-08-19 14:07:00,-31.0,,0
20260819,AL1_SOLEXS_20260819_SDD2_L1.lc,1787152491.0,1787152599.0,1787152939.0,448.0,297.0,25.0,272.0,60.40796380090533,1.0,C5.7,2026-08-19 15:17:00,-21.0,,0
20260819,AL1_SOLEXS_20260819_SDD2_L1.lc,1787155559.0,1787155738.0,1787155785.0,226.0,79.0,43.0,36.0,7.040963321055795,2.0,C3.4,2026-08-19 16:38:00,-1742.0,,0
20260819,AL1_SOLEXS_20260819_SDD2_L1.lc,1787157323.0,1787157509.0,1787157818.0,495.0,143.0,30.0,113.0,21.19529333312841,1.0,C3.4,2026-08-19 16:38:00,29.0,,0
20260819,AL1_SOLEXS_20260819_SDD2_L1.lc,1787159681.0,1787159845.0,1787159968.0,287.0,71.0,24.0,47.0,12.18704274514599,1.0,C2.4,2026-08-19 17:17:00,25.0,,0
20260819,AL1_SOLEXS_20260819_SDD2_L1.lc,1787164175.0,1787165387.0,1787166899.0,2724.0,591.0,232.0,359.0,21.900665292816377,1.0,M1.0,2026-08-19 18:51:00,-73.0,,1
20260819,AL1_SOLEXS_20260819_SDD2_L1.lc,1787167341.0,1787167471.0,1787168100.0,759.0,144.0,85.0,59.0,9.04079768639354,2.0,UNMATCHED,,,,0
20260819,AL1_SOLEXS_20260819_SDD2_L1.lc,1787176638.0,1787176762.0,1787177046.0,408.0,51.0,14.0,37.0,9.52683534632449,1.0,C1.7,2026-08-19 22:00:00,-38.0,,0
20260819,AL1_SOLEXS_20260819_SDD2_L1.lc,1787183501.0,1787183664.0,1787183999.0,498.0,63.0,13.0,50.0,15.803182694449369,1.0,C2.0,2026-08-19 23:54:00,24.0,,0
20260820,AL1_SOLEXS_20260820_SDD2_L1.lc,1787184001.0,1787184015.0,1787184245.0,244.0,56.0,17.0,39.0,8.15183087226197,1.0,C2.0,2026-08-19 23:54:00,375.0,,0
20260820,AL1_SOLEXS_20260820_SDD2_L1.lc,1787186744.0,1787186992.0,1787187105.0,361.0,52.0,18.0,34.0,8.117543186979027,1.0,C1.7,2026-08-20 00:49:00,52.0,,0
20260820,AL1_SOLEXS_20260820_SDD2_L1.lc,1787197322.0,1787197385.0,1787197712.0,390.0,51.0,13.0,38.0,9.41358862417528,2.0,C1.5,2026-08-20 03:43:00,5.0,,0
20260820,AL1_SOLEXS_20260820_SDD2_L1.lc,1787198811.0,1787198866.0,1787199092.0,281.0,126.0,12.0,114.0,36.27353281751621,1.0,C3.3,2026-08-20 04:08:00,-14.0,,0
20260820,AL1_SOLEXS_20260820_SDD2_L1.lc,1787201005.0,1787201352.0,1787201780.0,775.0,141.0,18.0,123.0,26.46925718981008,1.0,C3.1,2026-08-20 04:49:00,12.0,,0
20260820,AL1_SOLEXS_20260820_SDD2_L1.lc,1787207347.0,1787207432.0,1787207551.0,204.0,48.0,12.0,36.0,8.954676550684592,1.0,C1.5,2026-08-20 06:31:00,-28.0,,0
20260820,AL1_SOLEXS_20260820_SDD2_L1.lc,1787209714.0,1787209791.0,1787209817.0,103.0,47.0,15.0,32.0,6.94917192857976,1.0,UNMATCHED,,,,0
20260820,AL1_SOLEXS_20260820_SDD2_L1.lc,1787211465.0,1787213071.0,1787215186.0,3721.0,1283.0,450.0,833.0,38.50948324436705,2.0,M1.8,2026-08-20 08:05:00,-29.0,,1
20260820,AL1_SOLEXS_20260820_SDD2_L1.lc,1787221036.0,1787221197.0,1787221528.0,492.0,98.0,22.0,76.0,13.223846785141117,1.0,C2.4,2026-08-20 10:19:00,57.0,,0
20260820,AL1_SOLEXS_20260820_SDD2_L1.lc,1787225070.0,1787226093.0,1787228547.0,3477.0,6106.0,349.9,5756.1,307.15561376652005,1.0,M8.1,2026-08-20 11:42:00,-27.0,,1
20260820,AL1_SOLEXS_20260820_SDD2_L1.lc,1787229632.0,1787229742.0,1787229862.0,230.0,275.0,165.0,110.0,9.677974792807742,1.0,UNMATCHED,,,,0
20260820,AL1_SOLEXS_20260820_SDD2_L1.lc,1787230621.0,1787230825.0,1787231268.0,647.0,177.0,110.0,67.0,8.309189178205713,2.0,UNMATCHED,,,,0
20260820,AL1_SOLEXS_20260820_SDD2_L1.lc,1787238761.0,1787238881.0,1787239183.0,422.0,59.0,19.0,40.0,9.18265022023634,1.0,C1.6,2026-08-20 15:14:00,41.0,,0
20260820,AL1_SOLEXS_20260820_SDD2_L1.lc,1787241343.0,1787242303.0,1787244400.0,3057.0,2126.0,90.0,2036.0,215.32954984144376,1.0,M2.9,2026-08-20 16:11:00,43.0,,1
20260820,AL1_SOLEXS_20260820_SDD2_L1.lc,1787246429.0,1787246572.0,1787246633.0,204.0,80.0,35.0,45.0,8.026288460743109,1.0,C2.4,2026-08-20 17:22:00,52.0,,0
20260820,AL1_SOLEXS_20260820_SDD2_L1.lc,1787248148.0,1787248633.0,1787248850.0,702.0,99.0,37.0,62.0,8.209534949782533,1.0,C2.6,2026-08-20 17:52:00,313.0,,0
20260820,AL1_SOLEXS_20260820_SDD2_L1.lc,1787253643.0,1787253668.0,1787253708.0,65.0,34.0,13.0,21.0,6.484972384557177,1.0,UNMATCHED,,,,0
20260820,AL1_SOLEXS_20260820_SDD2_L1.lc,1787255052.0,1787255680.0,1787255698.0,646.0,50.0,24.0,26.0,6.629693618306659,1.0,C1.8,2026-08-20 19:54:00,40.0,,0
20260820,AL1_SOLEXS_20260820_SDD2_L1.lc,1787256441.0,1787256469.0,1787256663.0,222.0,60.0,25.0,35.0,8.473122171945771,1.0,C2.0,2026-08-20 20:08:00,-11.0,,0
20260820,AL1_SOLEXS_20260820_SDD2_L1.lc,1787259874.0,1787260128.0,1787260415.0,541.0,100.0,19.0,81.0,18.58994100522193,1.0,C2.7,2026-08-20 21:08:00,48.0,,0
20260820,AL1_SOLEXS_20260820_SDD2_L1.lc,1787260667.0,1787260712.0,1787260867.0,200.0,69.0,30.0,39.0,7.141046436010105,1.0,C2.7,2026-08-20 21:08:00,632.0,,0
20260820,AL1_SOLEXS_20260820_SDD2_L1.lc,1787265177.0,1787265240.0,1787265394.0,217.0,44.0,11.0,33.0,8.267959504118448,1.0,C1.5,2026-08-20 22:34:00,0.0,,0
20260820,AL1_SOLEXS_20260820_SDD2_L1.lc,1787265622.0,1787265715.0,1787265820.0,198.0,46.0,12.0,34.0,8.389082282451312,1.0,C1.5,2026-08-20 22:34:00,475.0,,0
20260820,AL1_SOLEXS_20260820_SDD2_L1.lc,1787269224.0,1787269429.0,1787269718.0,494.0,134.0,16.0,118.0,31.57556561085991,1.0,C3.5,2026-08-20 23:44:00,-11.0,,0
20260821,AL1_SOLEXS_20260821_SDD2_L1.lc,1787271644.0,1787271945.0,1787272157.0,513.0,90.0,28.90000000000001,61.1,10.745767954237946,1.0,C2.4,2026-08-21 00:25:00,45.0,,0
20260821,AL1_SOLEXS_20260821_SDD2_L1.lc,1787276585.0,1787277639.0,1787277816.0,1231.0,165.0,65.0,100.0,13.208969617664996,1.0,C4.1,2026-08-21 02:01:00,-21.0,,0
20260821,AL1_SOLEXS_20260821_SDD2_L1.lc,1787278139.0,1787278591.0,1787279067.0,928.0,358.0,99.9,258.1,22.895025036461853,1.0,C6.7,2026-08-21 02:20:00,-209.0,,0
20260821,AL1_SOLEXS_20260821_SDD2_L1.lc,1787279549.0,1787279765.0,1787281169.0,1620.0,232.0,106.0,126.0,12.88118431666485,2.0,C6.7,2026-08-21 02:20:00,965.0,,0
20260821,AL1_SOLEXS_20260821_SDD2_L1.lc,1787282651.0,1787282715.0,1787282791.0,140.0,49.0,15.0,34.0,7.476084594986866,1.0,C1.3,2026-08-21 03:52:00,-1605.0,,0
20260821,AL1_SOLEXS_20260821_SDD2_L1.lc,1787288810.0,1787288901.0,1787289098.0,288.0,42.0,10.0,32.0,9.72149973899734,1.0,C1.5,2026-08-21 05:09:00,-39.0,,0
20260821,AL1_SOLEXS_20260821_SDD2_L1.lc,1787291210.0,1787291507.0,1787291629.0,419.0,53.0,17.0,36.0,9.323025528546026,1.0,C1.8,2026-08-21 05:52:00,-13.0,,0
20260821,AL1_SOLEXS_20260821_SDD2_L1.lc,1787293784.0,1787294090.0,1787295101.0,1317.0,284.0,20.0,264.0,62.88754004557181,2.0,C6.2,2026-08-21 06:35:00,-10.0,,0
20260821,AL1_SOLEXS_20260821_SDD2_L1.lc,1787296183.0,1787296296.0,1787296540.0,357.0,59.0,18.0,41.0,7.911916961620403,2.0,C1.9,2026-08-21 07:12:00,-24.0,,0
20260821,AL1_SOLEXS_20260821_SDD2_L1.lc,1787297387.0,1787297465.0,1787297854.0,467.0,60.0,17.0,43.0,11.341009724549696,1.0,C2.1,2026-08-21 07:32:00,-55.0,,0
20260821,AL1_SOLEXS_20260821_SDD2_L1.lc,1787298793.0,1787298832.0,1787298930.0,137.0,48.0,19.0,29.0,6.723806925056575,2.0,C2.1,2026-08-21 07:32:00,1312.0,,0
20260821,AL1_SOLEXS_20260821_SDD2_L1.lc,1787303671.0,1787305803.0,1787305981.0,2310.0,927.0,688.9,238.1,9.15915805553765,1.0,M1.6,2026-08-21 09:57:00,-417.0,,1
20260821,AL1_SOLEXS_20260821_SDD2_L1.lc,1787307421.0,1787307497.0,1787307578.0,157.0,965.0,775.0,190.0,6.311476598082431,1.0,M1.6,2026-08-21 10:18:00,17.0,,1
20260821,AL1_SOLEXS_20260821_SDD2_L1.lc,1787334633.0,1787334819.0,1787335435.0,802.0,133.0,28.0,105.0,20.72835841320889,1.0,C3.4,2026-08-21 17:53:00,39.0,,0
20260821,AL1_SOLEXS_20260821_SDD2_L1.lc,1787337004.0,1787337109.0,1787337252.0,248.0,81.0,18.0,63.0,10.91760071839256,1.0,C2.0,2026-08-21 18:32:00,-11.0,,0
20260821,AL1_SOLEXS_20260821_SDD2_L1.lc,1787343589.0,1787343617.0,1787343681.0,92.0,34.0,11.0,23.0,7.643380800282694,1.0,UNMATCHED,,,,0
20260821,AL1_SOLEXS_20260821_SDD2_L1.lc,1787345543.0,1787345922.0,1787346430.0,887.0,175.0,16.0,159.0,36.98099547511334,1.0,C4.0,2026-08-21 20:59:00,-18.0,,0
20260822,AL1_SOLEXS_20260822_SDD2_L1.lc,1787422750.0,1787422970.0,1787423151.0,401.0,26.0,10.0,16.0,8.949961225711005,1.0,C1.4,2026-08-22 18:23:00,-10.0,,0
20240205,,1707103667.0,1707103774.0,1707103962.0,295.0,552.0,,,8.643318759814491,,UNMATCHED,,,SLX_20240205_0000,0
20240205,,1707106957.0,1707107268.0,1707108264.0,1307.0,1616.0,,,12.661703797272107,,UNMATCHED,,,SLX_20240205_0001,0
20240205,,1707114080.0,1707114132.0,1707114273.0,193.0,1016.0,,,20.54683670096252,,UNMATCHED,,,SLX_20240205_0002,0
20240205,,1707119988.0,1707120140.0,1707120574.0,586.0,463.0,,,4.700752307969285,,UNMATCHED,,,SLX_20240205_0003,0
20240205,,1707131126.0,1707131283.0,1707131707.0,581.0,646.0,,,6.97530987634152,,UNMATCHED,,,SLX_20240205_0004,0
20240205,,1707133235.0,1707133252.0,1707133288.0,53.0,141.0,,,5.079845236031324,,UNMATCHED,,,SLX_20240205_0005,0
20240206,,1707184073.0,1707189314.0,1707200688.0,16615.0,3429.0,,,19.930937736003308,,UNMATCHED,,,SLX_20240206_0006,0
20240206,,1707202469.0,1707202577.0,1707202889.0,420.0,358.0,,,13.466849821623857,,UNMATCHED,,,SLX_20240206_0007,0
20240206,,1707219863.0,1707219900.0,1707219988.0,125.0,256.0,,,13.08977802661839,,UNMATCHED,,,SLX_20240206_0008,0
20240206,,1707221337.0,1707221364.0,1707221400.0,63.0,179.0,,,5.063535532930571,,UNMATCHED,,,SLX_20240206_0009,0
20240206,,1707223831.0,1707224341.0,1707224609.0,778.0,606.0,,,8.995855680844738,,UNMATCHED,,,SLX_20240206_0010,0
20240206,,1707236038.0,1707236103.0,1707236210.0,172.0,286.0,,,7.54143590010936,,UNMATCHED,,,SLX_20240206_0011,0
20240206,,1707243974.0,1707245334.0,1707247799.0,3825.0,959.0,,,10.234805864434133,,UNMATCHED,,,SLX_20240206_0012,0
20240206,,1707249158.0,1707249599.0,1707249675.0,517.0,263.0,,,4.524861540065616,,UNMATCHED,,,SLX_20240206_0013,0
20240207,,1707275658.0,1707276723.0,1707279298.0,3640.0,4089.0,,,6.955958271255662,,UNMATCHED,,,SLX_20240207_0014,0
20240207,,1707279721.0,1707279721.0,1707280720.0,999.0,1467.0,,,4.4148517441179855,,UNMATCHED,,,SLX_20240207_0015,0
20240207,,1707329235.0,1707329235.0,1707329717.0,482.0,947.0,,,3.516480749675372,,UNMATCHED,,,SLX_20240207_0016,0
20240208,,1707360616.0,1707360619.0,1707360681.0,65.0,105.0,,,7.927165536444574,,UNMATCHED,,,SLX_20240208_0017,0
20240208,,1707367803.0,1707367838.0,1707367879.0,76.0,123.0,,,9.667275044444605,,UNMATCHED,,,SLX_20240208_0018,0
20240208,,1707382012.0,1707382109.0,1707382301.0,289.0,241.0,,,9.570602294000157,,UNMATCHED,,,SLX_20240208_0019,0
20240208,,1707391780.0,1707392773.0,1707393214.0,1434.0,631.0,,,46.11290196200076,,UNMATCHED,,,SLX_20240208_0020,0
20240208,,1707394893.0,1707395159.0,1707395169.0,276.0,274.0,,,10.827348049777957,,UNMATCHED,,,SLX_20240208_0021,0
20240208,,1707395690.0,1707395816.0,1707395937.0,247.0,245.0,,,9.28058404266682,,UNMATCHED,,,SLX_20240208_0022,0
20240208,,1707396372.0,1707397923.0,1707403476.0,7104.0,2651.0,,,25.13491511555597,,UNMATCHED,,,SLX_20240208_0023,0
20240208,,1707403895.0,1707404264.0,1707404691.0,796.0,287.0,,,7.927165536444574,,UNMATCHED,,,SLX_20240208_0024,0
20240208,,1707405640.0,1707405768.0,1707406577.0,937.0,1574.0,,,157.67325597489148,,UNMATCHED,,,SLX_20240208_0025,0
20240208,,1707408932.0,1707409196.0,1707409561.0,629.0,387.0,,,10.827348049777957,,UNMATCHED,,,SLX_20240208_0026,0
20240208,,1707411933.0,1707412021.0,1707412198.0,265.0,536.0,,,45.72621096022297,,UNMATCHED,,,SLX_20240208_0027,0
20240208,,1707418821.0,1707418925.0,1707419875.0,1054.0,1107.0,,,140.85219739755786,,UNMATCHED,,,SLX_20240208_0028,0
20240208,,1707423479.0,1707423548.0,1707423582.0,103.0,161.0,,,8.893893040889035,,UNMATCHED,,,SLX_20240208_0029,0
20240208,,1707431568.0,1707431630.0,1707431682.0,114.0,126.0,,,8.02383828688902,,UNMATCHED,,,SLX_20240208_0030,0
20240208,,1707434721.0,1707436523.0,1707436790.0,2069.0,3224.0,,,38.8624456786673,,UNMATCHED,,,SLX_20240208_0031,0
20240210,,1707526043.0,1707526221.0,1707526837.0,794.0,964.0,,,11.161730438714152,,UNMATCHED,,,SLX_20240210_0032,0
20240210,,1707535635.0,1707537301.0,1707542430.0,6795.0,2349.0,,,25.01303447711846,,UNMATCHED,,,SLX_20240210_0033,0
20240210,,1707547810.0,1707553852.0,1707555574.0,7764.0,459.0,,,6.544629092579382,,UNMATCHED,,,SLX_20240210_0034,0
20240210,,1707557864.0,1707558544.0,1707559301.0,1437.0,401.0,,,5.110189839411299,,UNMATCHED,,,SLX_20240210_0035,0
20240210,,1707589183.0,1707589259.0,1707589512.0,329.0,329.0,,,7.88941589242446,,UNMATCHED,,,SLX_20240210_0036,0
20240210,,1707606127.0,1707606464.0,1707607677.0,1550.0,5673.0,,,59.9774912730905,,UNMATCHED,,,SLX_20240210_0037,0
20240210,,1707609552.0,1707609598.0,1707609599.0,47.0,192.0,,,7.88941589242446,,UNMATCHED,,,SLX_20240210_0038,0
20240212,,1707701956.0,1707701989.0,1707702063.0,107.0,295.0,,,13.455061862758647,,UNMATCHED,,,SLX_20240212_0039,0
20240212,,1707702455.0,1707702560.0,1707702985.0,530.0,331.0,,,10.230807407166711,,UNMATCHED,,,SLX_20240212_0040,0
20240212,,1707703428.0,1707703433.0,1707703585.0,157.0,185.0,,,4.836381683387901,,UNMATCHED,,,SLX_20240212_0041,0
20240212,,1707709457.0,1707709669.0,1707712283.0,2826.0,4835.0,,,95.0535015465853,,UNMATCHED,,,SLX_20240212_0042,0
20240212,,1707717109.0,1707717256.0,1707717361.0,252.0,427.0,,,10.416822087297016,,UNMATCHED,,,SLX_20240212_0043,0
20240212,,1707717888.0,1707718009.0,1707718055.0,167.0,283.0,,,9.73476826015257,,UNMATCHED,,,SLX_20240212_0044,0
20240212,,1707741626.0,1707741685.0,1707741692.0,66.0,193.0,,,7.564596991965692,,UNMATCHED,,,SLX_20240212_0045,0
20240212,,1707742661.0,1707743217.0,1707744347.0,1686.0,596.0,,,12.897017822367737,,UNMATCHED,,,SLX_20240212_0046,0
20240212,,1707748105.0,1707748136.0,1707748263.0,158.0,188.0,,,6.3865040178071,,UNMATCHED,,,SLX_20240212_0047,0
20240212,,1707752234.0,1707752826.0,1707758820.0,6586.0,769.0,,,11.90493952833945,,UNMATCHED,,,SLX_20240212_0048,0
20240212,,1707759258.0,1707759320.0,1707760025.0,767.0,258.0,,,7.936626352226299,,UNMATCHED,,,SLX_20240212_0049,0
20240212,,1707762203.0,1707772607.0,1707780435.0,18232.0,1783.0,,,22.445771402390005,,UNMATCHED,,,SLX_20240212_0050,0
20240213,,1707788273.0,1707788295.0,1707788347.0,74.0,236.0,,,8.783903465319082,,UNMATCHED,,,SLX_20240213_0051,0
20240213,,1707826684.0,1707826733.0,1707826776.0,92.0,171.0,,,7.745412415232097,,UNMATCHED,,,SLX_20240213_0052,0
20240214,,1707876635.0,1707876644.0,1707876698.0,63.0,107.0,,,9.32260196396294,,UNMATCHED,,,SLX_20240214_0053,0
20240214,,1707879987.0,1707880209.0,1707881097.0,1110.0,681.0,,,20.630572864695765,,UNMATCHED,,,SLX_20240214_0054,0
20240214,,1707921015.0,1707921067.0,1707921233.0,218.0,245.0,,,15.106067997162173,,UNMATCHED,,,SLX_20240214_0055,0
20240214,,1707923831.0,1707924000.0,1707924042.0,211.0,203.0,,,10.185805849515065,,UNMATCHED,,,SLX_20240214_0056,0
20240214,,1707926789.0,1707926813.0,1707926867.0,78.0,161.0,,,8.632038855521241,,UNMATCHED,,,SLX_20240214_0057,0
20240214,,1707929549.0,1707930335.0,1707930962.0,1413.0,255.0,,,7.16459225008263,,UNMATCHED,,,SLX_20240214_0058,0
20240214,,1707933310.0,1707933415.0,1707933780.0,470.0,502.0,,,20.02633014480928,,UNMATCHED,,,SLX_20240214_0059,0
20240214,,1707950279.0,1707950369.0,1707950542.0,263.0,304.0,,,11.307970900732826,,UNMATCHED,,,SLX_20240214_0060,0
20240215,,1707975133.0,1707975623.0,1707975665.0,532.0,241.0,,,8.23836184123715,,UNMATCHED,,,SLX_20240215_0061,0
20240215,,1707983849.0,1707984698.0,1707985334.0,1485.0,285.0,,,7.53221654055968,,UNMATCHED,,,SLX_20240215_0062,0
20240215,,1707989685.0,1707989809.0,1707989900.0,215.0,155.0,,,6.5906894729897205,,UNMATCHED,,,SLX_20240215_0063,0
20240215,,1707992235.0,1707992568.0,1707992797.0,562.0,269.0,,,7.375295362631354,,UNMATCHED,,,SLX_20240215_0064,0
20240215,,1707995945.0,1707996034.0,1707996041.0,96.0,160.0,,,7.6891377184880065,,UNMATCHED,,,SLX_20240215_0065,0
20240215,,1708001397.0,1708001439.0,1708001489.0,92.0,164.0,,,11.29832481083952,,UNMATCHED,,,SLX_20240215_0066,0
20240215,,1708016198.0,1708016799.0,1708019750.0,3552.0,1282.0,,,21.262819609288265,,UNMATCHED,,,SLX_20240215_0067,0
20240215,,1708020549.0,1708020801.0,1708021116.0,567.0,483.0,,,13.495221301836091,,UNMATCHED,,,SLX_20240215_0068,0
20240216,,1708049058.0,1708049079.0,1708049110.0,52.0,148.0,,,4.536739066180456,,UNMATCHED,,,SLX_20240216_0069,0
20240216,,1708051643.0,1708051905.0,1708052214.0,571.0,1070.0,,,18.05436975316712,,UNMATCHED,,,SLX_20240216_0070,0
20240216,,1708066218.0,1708066380.0,1708067166.0,948.0,15738.0,,,139.6204594244924,,UNMATCHED,,,SLX_20240216_0071,0
20240216,,1708108111.0,1708108313.0,1708109533.0,1422.0,570.0,,,7.221747901266847,,UNMATCHED,,,SLX_20240216_0072,0
20240216,,1708121086.0,1708121354.0,1708122388.0,1302.0,2287.0,,,34.118129507908115,,UNMATCHED,,,SLX_20240216_0073,0
20240217,,1708149246.0,1708149416.0,1708149541.0,295.0,275.0,,,5.488402441008782,,UNMATCHED,,,SLX_20240217_0074,0
20240217,,1708165774.0,1708166057.0,1708166343.0,569.0,275.0,,,5.096373695222441,,UNMATCHED,,,SLX_20240217_0075,0
20240217,,1708192550.0,1708194835.0,1708196476.0,3926.0,442.0,,,7.056517424154149,,UNMATCHED,,,SLX_20240217_0076,0
20240218,,1708215337.0,1708215368.0,1708215418.0,81.0,124.0,,,9.479123846817108,,UNMATCHED,,,SLX_20240218_0077,0
20240218,,1708228911.0,1708229168.0,1708229755.0,844.0,264.0,,,7.52062718425159,,UNMATCHED,,,SLX_20240218_0078,0
20240219,,1708335458.0,1708335564.0,1708336347.0,889.0,399.0,,,12.554486811716831,,UNMATCHED,,,SLX_20240219_0079,0
20240219,,1708346759.0,1708346800.0,1708346910.0,151.0,379.0,,,24.546832422909027,,UNMATCHED,,,SLX_20240219_0080,0
20240219,,1708347691.0,1708347997.0,1708348110.0,419.0,269.0,,,8.432118007869514,,UNMATCHED,,,SLX_20240219_0081,0
20240221,,1708481865.0,1708481865.0,1708482359.0,494.0,237.0,,,8.934667977694051,,UNMATCHED,,,SLX_20240221_0082,0
20240221,,1708524351.0,1708524359.0,1708524429.0,78.0,112.0,,,14.81847371910233,,UNMATCHED,,,SLX_20240221_0083,0
20240221,,1708530942.0,1708531406.0,1708531465.0,523.0,233.0,,,8.934667977694051,,UNMATCHED,,,SLX_20240221_0084,0
20240221,,1708543710.0,1708543710.0,1708543846.0,136.0,148.0,,,9.479464805602229,,UNMATCHED,,,SLX_20240221_0085,0
20240221,,1708547807.0,1708547807.0,1708548007.0,200.0,185.0,,,10.89593655816348,,UNMATCHED,,,SLX_20240221_0086,0
20240221,,1708555286.0,1708555320.0,1708555428.0,142.0,233.0,,,13.837839428867618,,UNMATCHED,,,SLX_20240221_0087,0
20240221,,1708556342.0,1708556776.0,1708559997.0,3655.0,13102.0,,,202.1196231539325,,UNMATCHED,,,SLX_20240221_0088,0
20240222,,1708583348.0,1708583536.0,1708583958.0,610.0,12379.0,,,28.91235037336822,,UNMATCHED,,,SLX_20240222_0089,0
20240222,,1708585646.0,1708585724.0,1708585724.0,78.0,1172.0,,,4.515691836665242,,UNMATCHED,,,SLX_20240222_0090,0
20240222,,1708634658.0,1708634759.0,1708635157.0,499.0,3824.0,,,7.004538492517043,,UNMATCHED,,,SLX_20240222_0091,0
20240222,,1708640674.0,1708641154.0,1708644001.0,3327.0,25452.0,,,30.50700062591997,,UNMATCHED,,,SLX_20240222_0092,0
20240224,,1708746486.0,1708746933.0,1708747534.0,1048.0,345.0,,,6.693511469173985,,UNMATCHED,,,SLX_20240224_0093,0
20240224,,1708756134.0,1708756475.0,1708758061.0,1927.0,3797.0,,,33.35215197571175,,UNMATCHED,,,SLX_20240224_0094,0
20240224,,1708762189.0,1708762244.0,1708762682.0,493.0,258.0,,,9.520943038049202,,UNMATCHED,,,SLX_20240224_0095,0
20240224,,1708765904.0,1708766043.0,1708766307.0,403.0,303.0,,,6.001079248224952,,UNMATCHED,,,SLX_20240224_0096,0
20240224,,1708771482.0,1708773520.0,1708777037.0,5555.0,2899.0,,,31.101747257627395,,UNMATCHED,,,SLX_20240224_0097,0
20240224,,1708785820.0,1708785962.0,1708786074.0,254.0,245.0,,,6.347295358699468,,UNMATCHED,,,SLX_20240224_0098,0
20240224,,1708788502.0,1708788540.0,1708788641.0,139.0,115.0,,,4.616214806326886,,UNMATCHED,,,SLX_20240224_0099,0
20240224,,1708793179.0,1708793302.0,1708793404.0,225.0,232.0,,,7.3859436901230175,,UNMATCHED,,,SLX_20240224_0100,0
20240224,,1708795031.0,1708797369.0,1708798775.0,3744.0,500.0,,,10.15567257391915,,UNMATCHED,,,SLX_20240224_0101,0
20240224,,1708805971.0,1708806327.0,1708806414.0,443.0,254.0,,,5.88567387806678,,UNMATCHED,,,SLX_20240224_0102,0
20240225,,1708880537.0,1708881591.0,1708884393.0,3856.0,1608.0,,,14.985525637629202,,UNMATCHED,,,SLX_20240225_0103,0
20240228,,1709100369.0,1709100416.0,1709100573.0,204.0,150.0,,,16.85399650583101,,UNMATCHED,,,SLX_20240228_0104,0
20240228,,1709110926.0,1709111344.0,1709112132.0,1206.0,268.0,,,13.702436183602448,,UNMATCHED,,,SLX_20240228_0105,0
20240228,,1709119873.0,1709120609.0,1709120901.0,1028.0,328.0,,,15.072679801962693,,UNMATCHED,,,SLX_20240228_0106,0
20240228,,1709121649.0,1709121724.0,1709123649.0,2000.0,322.0,,,12.332192565242202,,UNMATCHED,,,SLX_20240228_0107,0
20240228,,1709141176.0,1709145370.0,1709159341.0,18165.0,1037.0,,,26.03462874884465,,UNMATCHED,,,SLX_20240228_0108,0
20240228,,1709160287.0,1709160287.0,1709160910.0,623.0,244.0,,,10.687900223209908,,UNMATCHED,,,SLX_20240228_0109,0
20240228,,1709164620.0,1709164783.0,1709164799.0,179.0,377.0,,,15.072679801962693,,UNMATCHED,,,SLX_20240228_0110,0
20240302,,1709383969.0,1709384331.0,1709384718.0,749.0,390.0,,,7.160992704205325,,UNMATCHED,,,SLX_20240302_0111,0
20240303,,1709438075.0,1709438085.0,1709438170.0,95.0,130.0,,,7.986314390022418,,UNMATCHED,,,SLX_20240303_0112,0
20240304,,1709520752.0,1709520809.0,1709520848.0,96.0,119.0,,,14.893814166828689,,UNMATCHED,,,SLX_20240304_0113,0
20240304,,1709522170.0,1709522197.0,1709522234.0,64.0,158.0,,,22.620680163153345,,UNMATCHED,,,SLX_20240304_0114,0
20240305,,1709648535.0,1709648624.0,1709648629.0,94.0,112.0,,,17.932061503416623,,UNMATCHED,,,SLX_20240305_0115,0
20240307,,1709792232.0,1709792280.0,1709792693.0,461.0,551.0,,,55.56395826776725,,UNMATCHED,,,SLX_20240307_0116,0
20240307,,1709800512.0,1709800552.0,1709800591.0,79.0,114.0,,,18.8844825485222,,UNMATCHED,,,SLX_20240307_0117,0
20240307,,1709807191.0,1709807306.0,1709807819.0,628.0,246.0,,,19.792390363355,,UNMATCHED,,,SLX_20240307_0118,0
20240307,,1709854375.0,1709854527.0,1709854820.0,445.0,236.0,,,18.158156296655964,,UNMATCHED,,,SLX_20240307_0119,0
20240308,,1709933114.0,1709933168.0,1709933363.0,249.0,905.0,,,24.894788944419805,,UNMATCHED,,,SLX_20240308_0120,0
20240309,,1709947001.0,1709947155.0,1709947562.0,561.0,410.0,,,27.465936673472093,,UNMATCHED,,,SLX_20240309_0121,0
20240310,,1710072535.0,1710072813.0,1710073969.0,1434.0,6060.0,,,227.2614962083363,,UNMATCHED,,,SLX_20240310_0122,0
20240310,,1710084809.0,1710085097.0,1710085650.0,841.0,407.0,,,18.283443679918783,,UNMATCHED,,,SLX_20240310_0123,0
20240311,,1710146822.0,1710146950.0,1710147323.0,501.0,377.0,,,20.67555149899017,,UNMATCHED,,,SLX_20240311_0124,0
20240312,,1710238661.0,1710238671.0,1710238730.0,69.0,174.0,,,17.048695661885752,,UNMATCHED,,,SLX_20240312_0125,0
20240313,,1710373063.0,1710373819.0,1710374139.0,1076.0,359.0,,,23.58199255754186,,UNMATCHED,,,SLX_20240313_0126,0
20240314,,1710396223.0,1710396232.0,1710396304.0,81.0,666.0,,,6.49138469741245,,UNMATCHED,,,SLX_20240314_0127,0
20240315,,1710473914.0,1710474702.0,1710474702.0,788.0,247.0,,,9.410254868229249,,UNMATCHED,,,SLX_20240315_0128,0
20240315,,1710475200.0,1710475697.0,1710476340.0,1140.0,244.0,,,10.023967142244198,,UNMATCHED,,,SLX_20240315_0129,0
20240315,,1710479661.0,1710479722.0,1710480038.0,377.0,275.0,,,14.115382302343871,,UNMATCHED,,,SLX_20240315_0130,0
20240315,,1710480830.0,1710484132.0,1710485935.0,5105.0,307.0,,,11.86510396428905,,UNMATCHED,,,SLX_20240315_0131,0
20240316,,1710606495.0,1710606887.0,1710612005.0,5510.0,2802.0,,,84.70845896185433,,UNMATCHED,,,SLX_20240316_0132,0
20240316,,1710616373.0,1710616561.0,1710617150.0,777.0,497.0,,,27.457224629014853,,UNMATCHED,,,SLX_20240316_0133,0
20240316,,1710624967.0,1710626117.0,1710627059.0,2092.0,780.0,,,22.49155634504408,,UNMATCHED,,,SLX_20240316_0134,0
20240317,,1710647803.0,1710647983.0,1710648643.0,840.0,387.0,,,7.929625338301852,,UNMATCHED,,,SLX_20240317_0135,0
20240317,,1710672116.0,1710672207.0,1710672249.0,133.0,220.0,,,8.042905700277593,,UNMATCHED,,,SLX_20240317_0136,0
20240317,,1710677447.0,1710677565.0,1710677847.0,400.0,298.0,,,5.720658279774908,,UNMATCHED,,,SLX_20240317_0137,0
20240317,,1710690004.0,1710690145.0,1710690494.0,490.0,275.0,,,5.267536831871944,,UNMATCHED,,,SLX_20240317_0138,0
20240317,,1710709915.0,1710709944.0,1710710333.0,418.0,265.0,,,4.757775202981111,,UNMATCHED,,,SLX_20240317_0139,0
20240318,,1710732368.0,1710732749.0,1710734346.0,1978.0,2209.0,,,21.265413883028444,,UNMATCHED,,,SLX_20240318_0140,0
20240318,,1710735015.0,1710735236.0,1710736231.0,1216.0,681.0,,,11.76880439553903,,UNMATCHED,,,SLX_20240318_0141,0
20240318,,1710737055.0,1710737086.0,1710737286.0,231.0,240.0,,,7.282675987338508,,UNMATCHED,,,SLX_20240318_0142,0
20240318,,1710770488.0,1710770779.0,1710771267.0,779.0,282.0,,,5.243526710883726,,UNMATCHED,,,SLX_20240318_0143,0
20240318,,1710772045.0,1710772086.0,1710772361.0,316.0,205.0,,,5.709617974073391,,UNMATCHED,,,SLX_20240318_0144,0
20240318,,1710774793.0,1710774819.0,1710774890.0,97.0,154.0,,,6.408754868857887,,UNMATCHED,,,SLX_20240318_0145,0
20240319,,1710811536.0,1710811588.0,1710811652.0,116.0,62.0,,,384.836738200101,,UNMATCHED,,,SLX_20240319_0146,0
20240319,,1710825308.0,1710825415.0,1710825551.0,243.0,283.0,,,353.80151737751225,,UNMATCHED,,,SLX_20240319_0147,0
20240319,,1710829022.0,1710829087.0,1710829147.0,125.0,238.0,,,822.4333517986031,,UNMATCHED,,,SLX_20240319_0148,0
20240319,,1710842417.0,1710842443.0,1710842503.0,86.0,151.0,,,648.6361151921058,,UNMATCHED,,,SLX_20240319_0149,0
20240319,,1710852545.0,1710852841.0,1710853415.0,870.0,331.0,,,353.80151737751225,,UNMATCHED,,,SLX_20240319_0150,0
20240319,,1710854104.0,1710854161.0,1710854354.0,250.0,199.0,,,344.4909511307356,,UNMATCHED,,,SLX_20240319_0151,0
20240319,,1710865704.0,1710865726.0,1710865771.0,67.0,134.0,,,353.80151737751225,,UNMATCHED,,,SLX_20240319_0152,0
20240319,,1710869107.0,1710869160.0,1710869271.0,164.0,466.0,,,1567.278651540734,,UNMATCHED,,,SLX_20240319_0153,0
20240319,,1710878152.0,1710878321.0,1710878363.0,211.0,332.0,,,484.1494448323852,,UNMATCHED,,,SLX_20240319_0154,0
20240320,,1710919890.0,1710920153.0,1710921984.0,2094.0,5699.0,,,23.294941245419245,,UNMATCHED,,,SLX_20240320_0155,0
20240320,,1710928323.0,1710928407.0,1710928420.0,97.0,348.0,,,5.714403609639765,,UNMATCHED,,,SLX_20240320_0156,0
20240320,,1710975235.0,1710975336.0,1710975472.0,237.0,1403.0,,,31.924856900793586,,UNMATCHED,,,SLX_20240320_0157,0
20240320,,1710976596.0,1710976601.0,1710976663.0,67.0,508.0,,,5.422852405066307,,UNMATCHED,,,SLX_20240320_0158,0
20240321,,1711020638.0,1711020737.0,1711020918.0,280.0,530.0,,,13.705751594623994,,UNMATCHED,,,SLX_20240321_0159,0
20240321,,1711044529.0,1711045010.0,1711045095.0,566.0,290.0,,,5.259771829671201,,UNMATCHED,,,SLX_20240321_0160,0
20240322,,1711084149.0,1711084515.0,1711085055.0,906.0,325.0,,,5.574277157507281,,UNMATCHED,,,SLX_20240322_0161,0
20240322,,1711113907.0,1711114025.0,1711114164.0,257.0,303.0,,,7.151902768122549,,UNMATCHED,,,SLX_20240322_0162,0
20240322,,1711114515.0,1711114556.0,1711114732.0,217.0,299.0,,,5.78462723892265,,UNMATCHED,,,SLX_20240322_0163,0
20240322,,1711115335.0,1711115898.0,1711116888.0,1553.0,440.0,,,5.679452198214966,,UNMATCHED,,,SLX_20240322_0164,0
20240322,,1711117793.0,1711118465.0,1711118865.0,1072.0,328.0,,,5.100989474322701,,UNMATCHED,,,SLX_20240322_0165,0
20240322,,1711137833.0,1711138300.0,1711138600.0,767.0,308.0,,,5.78462723892265,,UNMATCHED,,,SLX_20240322_0166,0
20240322,,1711138960.0,1711139531.0,1711143057.0,4097.0,3316.0,,,25.76788497338272,,UNMATCHED,,,SLX_20240322_0167,0
20240322,,1711147693.0,1711151884.0,1711151926.0,4233.0,497.0,,,15.092618341552734,,UNMATCHED,,,SLX_20240322_0168,0
20240323,,1711156437.0,1711157661.0,1711161813.0,5376.0,7651.0,,,9.564001357543084,,UNMATCHED,,,SLX_20240323_0169,0
20240323,,1711176838.0,1711176895.0,1711176938.0,100.0,652.0,,,7.286858177175683,,UNMATCHED,,,SLX_20240323_0170,0
20240323,,1711177686.0,1711177804.0,1711177876.0,190.0,1818.0,,,4.722963633354609,,UNMATCHED,,,SLX_20240323_0171,0
20240323,,1711179077.0,1711179434.0,1711179542.0,465.0,2238.0,,,5.768762723597416,,UNMATCHED,,,SLX_20240323_0172,0
20240323,,1711197974.0,1711198013.0,1711198056.0,82.0,930.0,,,5.397672723833839,,UNMATCHED,,,SLX_20240323_0173,0
20240323,,1711200975.0,1711201037.0,1711201167.0,192.0,1393.0,,,6.527810450386549,,UNMATCHED,,,SLX_20240323_0174,0
20240323,,1711201868.0,1711202536.0,1711203740.0,1872.0,4167.0,,,17.019536807338575,,UNMATCHED,,,SLX_20240323_0175,0
20240323,,1711204320.0,1711204430.0,1711204730.0,410.0,1081.0,,,4.486815451686879,,UNMATCHED,,,SLX_20240323_0176,0
20240323,,1711205566.0,1711205626.0,1711205751.0,185.0,1005.0,,,8.5856731763482,,UNMATCHED,,,SLX_20240323_0177,0
20240323,,1711206324.0,1711207260.0,1711209162.0,2838.0,2860.0,,,11.52065771993285,,UNMATCHED,,,SLX_20240323_0178,0
20240323,,1711211374.0,1711212805.0,1711213540.0,2166.0,1838.0,,,8.265186358370565,,UNMATCHED,,,SLX_20240323_0179,0
20240323,,1711220191.0,1711220200.0,1711220240.0,49.0,588.0,,,4.857905451450455,,UNMATCHED,,,SLX_20240323_0180,0
20240323,,1711234741.0,1711234796.0,1711234819.0,78.0,439.0,,,5.465143632881762,,UNMATCHED,,,SLX_20240323_0181,0
20240323,,1711237508.0,1711237770.0,1711238132.0,624.0,1668.0,,,8.248318631108585,,UNMATCHED,,,SLX_20240323_0182,0
20240324,,1711245079.0,1711245107.0,1711245133.0,54.0,1459.0,,,6.2422622134144525,,UNMATCHED,,,SLX_20240324_0183,0
20240324,,1711251767.0,1711251802.0,1711251856.0,89.0,890.0,,,7.439054555020809,,UNMATCHED,,,SLX_20240324_0184,0
20240324,,1711252968.0,1711252993.0,1711253033.0,65.0,645.0,,,5.915081573263074,,UNMATCHED,,,SLX_20240324_0185,0
20240324,,1711260336.0,1711260361.0,1711260421.0,85.0,1850.0,,,19.200337566778245,,UNMATCHED,,,SLX_20240324_0186,0
20240324,,1711282671.0,1711282687.0,1711282692.0,21.0,659.0,,,3.917557664970449,,UNMATCHED,,,SLX_20240324_0187,0
20240324,,1711296920.0,1711296947.0,1711296972.0,52.0,592.0,,,7.783455228864365,,UNMATCHED,,,SLX_20240324_0188,0
20240325,,1711326179.0,1711326516.0,1711326546.0,367.0,197.0,,,7.10477859531306,,UNMATCHED,,,SLX_20240325_0189,0
20240325,,1711328834.0,1711328932.0,1711329441.0,607.0,275.0,,,5.328583946484795,,UNMATCHED,,,SLX_20240325_0190,0
20240325,,1711368484.0,1711368566.0,1711368699.0,215.0,302.0,,,10.046600982434873,,UNMATCHED,,,SLX_20240325_0191,0
20240325,,1711369799.0,1711369905.0,1711370074.0,275.0,187.0,,,4.884535284277728,,UNMATCHED,,,SLX_20240325_0192,0
20240325,,1711377356.0,1711380583.0,1711381303.0,3947.0,443.0,,,8.325912416382492,,UNMATCHED,,,SLX_20240325_0193,0
20240325,,1711397518.0,1711397566.0,1711397637.0,119.0,181.0,,,8.492430664710142,,UNMATCHED,,,SLX_20240325_0194,0
20240325,,1711405785.0,1711405855.0,1711405960.0,175.0,273.0,,,12.655386872901389,,UNMATCHED,,,SLX_20240325_0195,0
20240325,,1711410652.0,1711410684.0,1711410767.0,115.0,197.0,,,7.382309009192476,,UNMATCHED,,,SLX_20240325_0196,0
20240326,,1711413330.0,1711413365.0,1711413458.0,128.0,1887.0,,,160.50926140752605,,UNMATCHED,,,SLX_20240326_0197,0
20240326,,1711415618.0,1711415747.0,1711415747.0,129.0,278.0,,,5.017393603420159,,UNMATCHED,,,SLX_20240326_0198,0
20240326,,1711419962.0,1711420002.0,1711420083.0,121.0,335.0,,,19.170230277218533,,UNMATCHED,,,SLX_20240326_0199,0
20240326,,1711422202.0,1711422220.0,1711422266.0,64.0,148.0,,,7.194753091696832,,UNMATCHED,,,SLX_20240326_0200,0
20240326,,1711425183.0,1711425261.0,1711425296.0,113.0,180.0,,,7.810093816644587,,UNMATCHED,,,SLX_20240326_0201,0
20240326,,1711427827.0,1711427848.0,1711427863.0,36.0,114.0,,,5.443398720691682,,UNMATCHED,,,SLX_20240326_0202,0
20240326,,1711448149.0,1711448203.0,1711448672.0,523.0,703.0,,,16.850869083184683,,UNMATCHED,,,SLX_20240326_0203,0
20240326,,1711449637.0,1711449749.0,1711450375.0,738.0,917.0,,,9.798117697245027,,UNMATCHED,,,SLX_20240326_0204,0
20240326,,1711455242.0,1711455324.0,1711455343.0,101.0,222.0,,,4.591388486148636,,UNMATCHED,,,SLX_20240326_0205,0
20240326,,1711457225.0,1711457601.0,1711457626.0,401.0,372.0,,,6.768747974425309,,UNMATCHED,,,SLX_20240326_0206,0
20240326,,1711458033.0,1711459791.0,1711462156.0,4123.0,1374.0,,,12.21214669511699,,UNMATCHED,,,SLX_20240326_0207,0
20240326,,1711462547.0,1711462725.0,1711463145.0,598.0,389.0,,,6.626746268668135,,UNMATCHED,,,SLX_20240326_0208,0
20240326,,1711465274.0,1711465357.0,1711465462.0,188.0,316.0,,,6.674080170587192,,UNMATCHED,,,SLX_20240326_0209,0
20240326,,1711474657.0,1711474690.0,1711474728.0,71.0,175.0,,,5.348730916853565,,UNMATCHED,,,SLX_20240326_0210,0
20240326,,1711482668.0,1711482785.0,1711483071.0,403.0,408.0,,,7.100085287858716,,UNMATCHED,,,SLX_20240326_0211,0
20240326,,1711489909.0,1711490318.0,1711491266.0,1357.0,1147.0,,,10.839463539464305,,UNMATCHED,,,SLX_20240326_0212,0
20240326,,1711497168.0,1711497589.0,1711497596.0,428.0,513.0,,,8.236098933916109,,UNMATCHED,,,SLX_20240326_0213,0
20240329,,1711717193.0,1711717430.0,1711719575.0,2382.0,468.0,,,73.0,,UNMATCHED,,,SLX_20240329_0214,0
20240329,,1711721109.0,1711721117.0,1711721301.0,192.0,182.0,,,59.0,,UNMATCHED,,,SLX_20240329_0215,0
20240329,,1711725928.0,1711725940.0,1711726168.0,240.0,165.0,,,48.0,,UNMATCHED,,,SLX_20240329_0216,0
20240329,,1711727001.0,1711729754.0,1711734095.0,7094.0,576.0,,,74.0,,UNMATCHED,,,SLX_20240329_0217,0
20240329,,1711734947.0,1711740817.0,1711746542.0,11595.0,750.0,,,72.0,,UNMATCHED,,,SLX_20240329_0218,0
20240329,,1711746941.0,1711746954.0,1711747013.0,72.0,214.0,,,79.0,,UNMATCHED,,,SLX_20240329_0219,0
20240329,,1711754556.0,1711754595.0,1711754621.0,65.0,185.0,,,90.0,,UNMATCHED,,,SLX_20240329_0220,0
20240331,,1711893933.0,1711894282.0,1711894322.0,389.0,266.0,,,40.5,,UNMATCHED,,,SLX_20240331_0221,0
20240401,,1711934369.0,1711935074.0,1711937938.0,3569.0,3329.0,,,36.66808852185216,,UNMATCHED,,,SLX_20240401_0222,0
20240410,,1712749737.0,1712749835.0,1712749921.0,184.0,239.0,,,34.19403620624024,,UNMATCHED,,,SLX_20240410_0223,0
20240411,,1712799323.0,1712799372.0,1712799408.0,85.0,117.0,,,6.557300644526801,,UNMATCHED,,,SLX_20240411_0224,0
20240411,,1712829362.0,1712829414.0,1712829535.0,173.0,184.0,,,7.929758918962643,,UNMATCHED,,,SLX_20240411_0225,0
20240411,,1712844434.0,1712844593.0,1712845456.0,1022.0,337.0,,,11.970886060357069,,UNMATCHED,,,SLX_20240411_0226,0
20240411,,1712852358.0,1712852424.0,1712852470.0,112.0,173.0,,,8.15850196470195,,UNMATCHED,,,SLX_20240411_0227,0
20240411,,1712854843.0,1712855185.0,1712855756.0,913.0,4426.0,,,98.51200503172822,,UNMATCHED,,,SLX_20240411_0228,0
20240411,,1712866853.0,1712869812.0,1712872809.0,5956.0,296.0,,,7.472272827484029,,UNMATCHED,,,SLX_20240411_0229,0
20240411,,1712873448.0,1712873448.0,1712873942.0,494.0,237.0,,,5.337337733917163,,UNMATCHED,,,SLX_20240411_0230,0
20240411,,1712877080.0,1712877252.0,1712877406.0,326.0,248.0,,,7.16728209983162,,UNMATCHED,,,SLX_20240411_0231,0
20240413,,1712984443.0,1712984548.0,1712984601.0,158.0,1775.0,,,183.69129693023967,,UNMATCHED,,,SLX_20240413_0232,0
20240413,,1713020183.0,1713020418.0,1713020652.0,469.0,285.0,,,8.307256454579731,,UNMATCHED,,,SLX_20240413_0233,0
20240414,,1713061876.0,1713061951.0,1713062380.0,504.0,3591.0,,,335.53733993093323,,UNMATCHED,,,SLX_20240414_0234,0
20240414,,1713092094.0,1713092482.0,1713092533.0,439.0,253.0,,,9.335918037164092,,UNMATCHED,,,SLX_20240414_0235,0
20240414,,1713094397.0,1713094416.0,1713094716.0,319.0,208.0,,,12.33674883482398,,UNMATCHED,,,SLX_20240414_0236,0
20240414,,1713100537.0,1713100559.0,1713100627.0,90.0,188.0,,,11.114188139481062,,UNMATCHED,,,SLX_20240414_0237,0
20240414,,1713101987.0,1713102318.0,1713102440.0,453.0,218.0,,,10.447336851112198,,UNMATCHED,,,SLX_20240414_0238,0
20240414,,1713107260.0,1713107332.0,1713107446.0,186.0,286.0,,,14.003877055746138,,UNMATCHED,,,SLX_20240414_0239,0
20240414,,1713111996.0,1713112080.0,1713112402.0,406.0,507.0,,,19.67211300688148,,UNMATCHED,,,SLX_20240414_0240,0
20240414,,1713118861.0,1713119350.0,1713120186.0,1325.0,410.0,,,15.337579632483864,,UNMATCHED,,,SLX_20240414_0241,0
20240414,,1713138746.0,1713138825.0,1713138837.0,91.0,179.0,,,12.447890716218788,,UNMATCHED,,,SLX_20240414_0242,0
20240415,,1713143676.0,1713143899.0,1713144307.0,631.0,1205.0,,,12.361615044430186,,UNMATCHED,,,SLX_20240415_0243,0
20240415,,1713156294.0,1713156337.0,1713156443.0,149.0,286.0,,,4.596975594647476,,UNMATCHED,,,SLX_20240415_0244,0
20240415,,1713159372.0,1713159460.0,1713159504.0,132.0,480.0,,,6.992038509505824,,UNMATCHED,,,SLX_20240415_0245,0
20240415,,1713166162.0,1713166353.0,1713166801.0,639.0,657.0,,,7.185188744575046,,UNMATCHED,,,SLX_20240415_0246,0
20240415,,1713170443.0,1713170548.0,1713170819.0,376.0,1792.0,,,26.19117187538646,,UNMATCHED,,,SLX_20240415_0247,0
20240415,,1713173355.0,1713173540.0,1713173930.0,575.0,788.0,,,9.618881706447238,,UNMATCHED,,,SLX_20240415_0248,0
20240415,,1713189264.0,1713190611.0,1713191788.0,2524.0,1604.0,,,9.580251659433394,,UNMATCHED,,,SLX_20240415_0249,0
20240415,,1713209407.0,1713209527.0,1713210417.0,1010.0,3132.0,,,42.80209209133952,,UNMATCHED,,,SLX_20240415_0250,0
20240415,,1713217360.0,1713217399.0,1713217438.0,78.0,270.0,,,5.137796252841296,,UNMATCHED,,,SLX_20240415_0251,0
20240416,,1713281623.0,1713281655.0,1713281755.0,132.0,275.0,,,13.125609164979194,,UNMATCHED,,,SLX_20240416_0252,0
20240416,,1713288417.0,1713288560.0,1713288956.0,539.0,273.0,,,4.308406061787063,,UNMATCHED,,,SLX_20240416_0253,0
20240416,,1713289955.0,1713290527.0,1713291288.0,1333.0,666.0,,,6.713097817203099,,UNMATCHED,,,SLX_20240416_0254,0
20240417,,1713324283.0,1713324467.0,1713325316.0,1033.0,480.0,,,11.721108477886816,,UNMATCHED,,,SLX_20240417_0255,0
20240417,,1713338967.0,1713339008.0,1713339176.0,209.0,647.0,,,73.03152205452555,,UNMATCHED,,,SLX_20240417_0256,0
20240417,,1713368832.0,1713368880.0,1713369250.0,418.0,363.0,,,26.884780284943187,,UNMATCHED,,,SLX_20240417_0257,0
20240417,,1713372411.0,1713372456.0,1713372616.0,205.0,283.0,,,12.704698000506689,,UNMATCHED,,,SLX_20240417_0258,0
20240417,,1713377939.0,1713377979.0,1713378112.0,173.0,228.0,,,9.589997845543758,,UNMATCHED,,,SLX_20240417_0259,0
20240417,,1713384218.0,1713384508.0,1713384607.0,389.0,649.0,,,54.01545795054134,,UNMATCHED,,,SLX_20240417_0260,0
20240417,,1713385176.0,1713385244.0,1713385373.0,197.0,213.0,,,8.52444252937223,,UNMATCHED,,,SLX_20240417_0261,0
20240417,,1713391399.0,1713391667.0,1713392680.0,1281.0,1063.0,,,23.770080129980258,,UNMATCHED,,,SLX_20240417_0262,0
20240417,,1713393331.0,1713394095.0,1713394958.0,1627.0,303.0,,,9.016237290682168,,UNMATCHED,,,SLX_20240417_0263,0
20240417,,1713396170.0,1713396298.0,1713396507.0,337.0,439.0,,,15.491534981262994,,UNMATCHED,,,SLX_20240417_0264,0
20240418,,1713402973.0,1713403160.0,1713403275.0,302.0,326.0,,,4.6517629312621045,,UNMATCHED,,,SLX_20240418_0265,0
20240418,,1713406730.0,1713406782.0,1713406845.0,115.0,293.0,,,7.796010097763341,,UNMATCHED,,,SLX_20240418_0266,0
20240418,,1713407981.0,1713408500.0,1713408717.0,736.0,1557.0,,,25.670839879927907,,UNMATCHED,,,SLX_20240418_0267,0
20240418,,1713409020.0,1713409020.0,1713409851.0,831.0,407.0,,,4.1349003833440925,,UNMATCHED,,,SLX_20240418_0268,0
20240418,,1713420365.0,1713420579.0,1713420897.0,532.0,417.0,,,5.900847422063966,,UNMATCHED,,,SLX_20240418_0269,0
20240418,,1713425294.0,1713425814.0,1713427753.0,2459.0,861.0,,,7.882153855749676,,UNMATCHED,,,SLX_20240418_0270,0
20240418,,1713440975.0,1713441104.0,1713441167.0,192.0,532.0,,,12.921563697950289,,UNMATCHED,,,SLX_20240418_0271,0
20240418,,1713457738.0,1713458786.0,1713459331.0,1593.0,568.0,,,5.2547692371664505,,UNMATCHED,,,SLX_20240418_0272,0
20240418,,1713469270.0,1713470219.0,1713474295.0,5025.0,1026.0,,,7.494506944811167,,UNMATCHED,,,SLX_20240418_0273,0
20240418,,1713474965.0,1713474965.0,1713475845.0,880.0,432.0,,,4.522547294282601,,UNMATCHED,,,SLX_20240418_0274,0
20240419,,1713490010.0,1713490030.0,1713490097.0,87.0,162.0,,,8.10321761621729,,UNMATCHED,,,SLX_20240419_0275,0
20240419,,1713497182.0,1713497231.0,1713497293.0,111.0,214.0,,,8.003177892560286,,UNMATCHED,,,SLX_20240419_0276,0
20240419,,1713502116.0,1713502407.0,1713503391.0,1275.0,1494.0,,,17.05677288351911,,UNMATCHED,,,SLX_20240419_0277,0
20240419,,1713525589.0,1713525621.0,1713525713.0,124.0,235.0,,,7.002780655990249,,UNMATCHED,,,SLX_20240419_0278,0
20240419,,1713531738.0,1713531963.0,1713532889.0,1151.0,547.0,,,7.1028203796472535,,UNMATCHED,,,SLX_20240419_0279,0
20240419,,1713549774.0,1713549802.0,1713549830.0,56.0,113.0,,,5.552204662963698,,UNMATCHED,,,SLX_20240419_0280,0
20240420,,1713613914.0,1713613939.0,1713613976.0,62.0,138.0,,,5.739716095153509,,UNMATCHED,,,SLX_20240420_0281,0
20240420,,1713631187.0,1713631255.0,1713631359.0,172.0,204.0,,,6.719667623594352,,UNMATCHED,,,SLX_20240420_0282,0
20240420,,1713632412.0,1713632692.0,1713633312.0,900.0,371.0,,,8.39958452949294,,UNMATCHED,,,SLX_20240420_0283,0
20240420,,1713649753.0,1713650256.0,1713650513.0,760.0,216.0,,,5.879709170645057,,UNMATCHED,,,SLX_20240420_0284,0
20240421,,1713661692.0,1713661986.0,1713662159.0,467.0,282.0,,,10.356215123292271,,UNMATCHED,,,SLX_20240421_0285,0
20240421,,1713666192.0,1713666364.0,1713666531.0,339.0,239.0,,,7.139511941057551,,UNMATCHED,,,SLX_20240421_0286,0
20240421,,1713703640.0,1713704339.0,1713706456.0,2816.0,574.0,,,10.356215123292271,,UNMATCHED,,,SLX_20240421_0287,0
20240421,,1713708520.0,1713708556.0,1713708622.0,102.0,145.0,,,7.688705167292747,,UNMATCHED,,,SLX_20240421_0288,0
20240421,,1713712178.0,1713712469.0,1713712966.0,788.0,1536.0,,,41.66022901869846,,UNMATCHED,,,SLX_20240421_0289,0
20240421,,1713716957.0,1713717066.0,1713717084.0,127.0,217.0,,,9.414741021174793,,UNMATCHED,,,SLX_20240421_0290,0
20240421,,1713741454.0,1713741471.0,1713741493.0,39.0,144.0,,,6.276494014116529,,UNMATCHED,,,SLX_20240421_0291,0
20240422,,1713746311.0,1713746332.0,1713746423.0,112.0,304.0,,,4.972537609147668,,UNMATCHED,,,SLX_20240422_0292,0
20240422,,1713764060.0,1713764209.0,1713764344.0,284.0,511.0,,,9.328644936169592,,UNMATCHED,,,SLX_20240422_0293,0
20240422,,1713773260.0,1713773754.0,1713774461.0,1201.0,627.0,,,8.835500710468997,,UNMATCHED,,,SLX_20240422_0294,0
20240422,,1713787889.0,1713787920.0,1713787961.0,72.0,276.0,,,4.972537609147668,,UNMATCHED,,,SLX_20240422_0295,0
20240422,,1713792367.0,1713792899.0,1713796846.0,4479.0,1003.0,,,7.972498315492955,,UNMATCHED,,,SLX_20240422_0296,0
20240422,,1713797454.0,1713800962.0,1713802021.0,4567.0,1862.0,,,13.19160803749092,,UNMATCHED,,,SLX_20240422_0297,0
20240422,,1713803263.0,1713803420.0,1713803843.0,580.0,547.0,,,7.725926202642658,,UNMATCHED,,,SLX_20240422_0298,0
20240422,,1713813422.0,1713813458.0,1713813531.0,109.0,220.0,,,5.342395778423114,,UNMATCHED,,,SLX_20240422_0299,0
20240422,,1713820373.0,1713820542.0,1713821021.0,648.0,982.0,,,12.082033529664582,,UNMATCHED,,,SLX_20240422_0300,0
20240422,,1713823861.0,1713823959.0,1713824166.0,305.0,302.0,,,5.260205074139682,,UNMATCHED,,,SLX_20240422_0301,0
20240422,,1713826206.0,1713826514.0,1713826761.0,555.0,440.0,,,5.753349299840277,,UNMATCHED,,,SLX_20240422_0302,0
20240422,,1713827494.0,1713827856.0,1713830230.0,2736.0,596.0,,,5.136919017714533,,UNMATCHED,,,SLX_20240422_0303,0
20240423,,1713842095.0,1713842357.0,1713843067.0,972.0,2776.0,,,7.742184145265173,,UNMATCHED,,,SLX_20240423_0304,0
20240423,,1713843721.0,1713843784.0,1713843798.0,77.0,801.0,,,6.403774652067736,,UNMATCHED,,,SLX_20240423_0305,0
20240423,,1713860315.0,1713860458.0,1713860691.0,376.0,2342.0,,,11.016139674778904,,UNMATCHED,,,SLX_20240423_0306,0
20240423,,1713894136.0,1713894200.0,1713894405.0,269.0,1958.0,,,7.412729500785804,,UNMATCHED,,,SLX_20240423_0307,0
20240424,,1713918247.0,1713918554.0,1713921647.0,3400.0,1118.0,,,8.462025088862088,,UNMATCHED,,,SLX_20240424_0308,0
20240424,,1713926172.0,1713926361.0,1713926732.0,560.0,1254.0,,,25.56422316319389,,UNMATCHED,,,SLX_20240424_0309,0
20240424,,1713929861.0,1713929879.0,1713929948.0,87.0,210.0,,,5.433510846532499,,UNMATCHED,,,SLX_20240424_0310,0
20240424,,1713933564.0,1713933643.0,1713933983.0,419.0,389.0,,,7.036841916001105,,UNMATCHED,,,SLX_20240424_0311,0
20240424,,1713944382.0,1713944438.0,1713944650.0,268.0,359.0,,,7.259526786760634,,UNMATCHED,,,SLX_20240424_0312,0
20240424,,1713954891.0,1713954932.0,1713954947.0,56.0,269.0,,,4.676382285950102,,UNMATCHED,,,SLX_20240424_0313,0
20240424,,1713960674.0,1713960851.0,1713961233.0,559.0,967.0,,,11.846835124406924,,UNMATCHED,,,SLX_20240424_0314,0
20240424,,1713961613.0,1713961659.0,1713962317.0,704.0,596.0,,,6.324250329570614,,UNMATCHED,,,SLX_20240424_0315,0
20240424,,1713967744.0,1713967823.0,1713968303.0,559.0,529.0,,,8.86285785622924,,UNMATCHED,,,SLX_20240424_0316,0
20240424,,1713989051.0,1713989168.0,1713989592.0,541.0,415.0,,,6.146102432962991,,UNMATCHED,,,SLX_20240424_0317,0
20240424,,1713997164.0,1713997186.0,1713997296.0,132.0,373.0,,,6.903230993545388,,UNMATCHED,,,SLX_20240424_0318,0
20240424,,1713998006.0,1713999620.0,1714001341.0,3335.0,1347.0,,,13.272018297267907,,UNMATCHED,,,SLX_20240424_0319,0
20240424,,1714001740.0,1714001740.0,1714002432.0,692.0,447.0,,,4.720919260102008,,UNMATCHED,,,SLX_20240424_0320,0
20240425,,1714051233.0,1714051251.0,1714051321.0,88.0,579.0,,,4.280802030622771,,UNMATCHED,,,SLX_20240425_0321,0
20240425,,1714065116.0,1714065160.0,1714065249.0,133.0,1082.0,,,23.493205402508703,,UNMATCHED,,,SLX_20240425_0322,0
20240425,,1714068414.0,1714068464.0,1714068526.0,112.0,632.0,,,9.851989362342358,,UNMATCHED,,,SLX_20240425_0323,0
20240426,,1714090059.0,1714090133.0,1714090281.0,222.0,249.0,,,5.796231559023706,,UNMATCHED,,,SLX_20240426_0324,0
20240426,,1714113305.0,1714113338.0,1714113661.0,356.0,372.0,,,12.693747114261916,,UNMATCHED,,,SLX_20240426_0325,0
20240426,,1714159921.0,1714160124.0,1714160370.0,449.0,244.0,,,5.216608403121335,,UNMATCHED,,,SLX_20240426_0326,0
20240426,,1714161968.0,1714162740.0,1714164532.0,2564.0,293.0,,,5.158646087531099,,UNMATCHED,,,SLX_20240426_0327,0
20240426,,1714167613.0,1714167673.0,1714167850.0,237.0,217.0,,,6.028080821384655,,UNMATCHED,,,SLX_20240426_0328,0
20240427,,1714220834.0,1714221355.0,1714222370.0,1536.0,1542.0,,,16.9019316053722,,UNMATCHED,,,SLX_20240427_0329,0
20240427,,1714234901.0,1714235198.0,1714235481.0,580.0,252.0,,,6.364744119177817,,UNMATCHED,,,SLX_20240427_0330,0
20240427,,1714253479.0,1714254014.0,1714255611.0,2132.0,2294.0,,,26.44904778413893,,UNMATCHED,,,SLX_20240427_0331,0
20240427,,1714257235.0,1714257379.0,1714257430.0,195.0,203.0,,,5.516111569954108,,UNMATCHED,,,SLX_20240427_0332,0
20240428,,1714307101.0,1714307731.0,1714308768.0,1667.0,502.0,,,8.908272742125448,,UNMATCHED,,,SLX_20240428_0333,0
20240428,,1714309230.0,1714310017.0,1714310151.0,921.0,248.0,,,7.572031830806631,,UNMATCHED,,,SLX_20240428_0334,0
20240428,,1714319827.0,1714320168.0,1714320831.0,1004.0,365.0,,,8.165916680281661,,UNMATCHED,,,SLX_20240428_0335,0
20240428,,1714335157.0,1714335555.0,1714336324.0,1167.0,541.0,,,11.580754564763083,,UNMATCHED,,,SLX_20240428_0336,0
20240428,,1714345428.0,1714345555.0,1714345936.0,508.0,457.0,,,12.174639414238111,,UNMATCHED,,,SLX_20240428_0337,0
20240429,,1714351325.0,1714353082.0,1714356120.0,4795.0,2817.0,,,21.116187682378023,,UNMATCHED,,,SLX_20240429_0338,0
20240429,,1714372253.0,1714372295.0,1714372317.0,64.0,150.0,,,6.260864272403189,,UNMATCHED,,,SLX_20240429_0339,0
20240429,,1714418548.0,1714418781.0,1714419350.0,802.0,539.0,,,9.334379460673844,,UNMATCHED,,,SLX_20240429_0340,0
20240430,,1714438566.0,1714439642.0,1714441267.0,2701.0,1089.0,,,28.517388626546843,,UNMATCHED,,,SLX_20240430_0341,0
20240430,,1714489239.0,1714489836.0,1714491699.0,2460.0,775.0,,,21.45113303766798,,UNMATCHED,,,SLX_20240430_0342,0
20240430,,1714493966.0,1714494809.0,1714496890.0,2924.0,883.0,,,22.71296439282492,,UNMATCHED,,,SLX_20240430_0343,0
20240430,,1714520368.0,1714520773.0,1714521506.0,1138.0,7234.0,,,183.97501158188183,,UNMATCHED,,,SLX_20240430_0344,0
20240502,,1714615976.0,1714616230.0,1714616659.0,683.0,656.0,,,22.640261630712,,UNMATCHED,,,SLX_20240502_0345,0
20240502,,1714643435.0,1714643487.0,1714643565.0,130.0,193.0,,,11.178037123113036,,UNMATCHED,,,SLX_20240502_0346,0
20240502,,1714648562.0,1714648604.0,1714648626.0,64.0,110.0,,,9.851829328845389,,UNMATCHED,,,SLX_20240502_0347,0
20240502,,1714666989.0,1714667218.0,1714667275.0,286.0,185.0,,,9.28345455987354,,UNMATCHED,,,SLX_20240502_0348,0
20240502,,1714669178.0,1714669237.0,1714669313.0,135.0,385.0,,,43.57539895450845,,UNMATCHED,,,SLX_20240502_0349,0
20240502,,1714670838.0,1714671136.0,1714671260.0,422.0,570.0,,,45.37525238958597,,UNMATCHED,,,SLX_20240502_0350,0
20240502,,1714676120.0,1714676141.0,1714676299.0,179.0,240.0,,,17.335430453641404,,UNMATCHED,,,SLX_20240502_0351,0
20240502,,1714683318.0,1714683440.0,1714683628.0,310.0,2094.0,,,152.13497982813166,,UNMATCHED,,,SLX_20240502_0352,0
20240502,,1714691885.0,1714691945.0,1714692025.0,140.0,263.0,,,20.93513732379645,,UNMATCHED,,,SLX_20240502_0353,0
20240502,,1714692460.0,1714692572.0,1714692591.0,131.0,150.0,,,10.420204097817235,,UNMATCHED,,,SLX_20240502_0354,0
20240503,,1714695231.0,1714695290.0,1714695499.0,268.0,2130.0,,,184.3180667783616,,UNMATCHED,,,SLX_20240503_0355,0
20240503,,1714702578.0,1714702964.0,1714704435.0,1857.0,10645.0,,,274.3780762012224,,UNMATCHED,,,SLX_20240503_0356,0
20240503,,1714706527.0,1714706805.0,1714708323.0,1796.0,381.0,,,10.21789025114252,,UNMATCHED,,,SLX_20240503_0357,0
20240503,,1714713379.0,1714713932.0,1714714549.0,1170.0,318.0,,,9.188180380872344,,UNMATCHED,,,SLX_20240503_0358,0
20240503,,1714717997.0,1714718149.0,1714718264.0,267.0,262.0,,,10.5347240573795,,UNMATCHED,,,SLX_20240503_0359,0
20240503,,1714723618.0,1714723842.0,1714724660.0,1042.0,2915.0,,,72.47573317670857,,UNMATCHED,,,SLX_20240503_0360,0
20240503,,1714752615.0,1714752786.0,1714753587.0,972.0,453.0,,,12.831769152597584,,UNMATCHED,,,SLX_20240503_0361,0
20240503,,1714762304.0,1714762507.0,1714762811.0,507.0,404.0,,,9.188180380872344,,UNMATCHED,,,SLX_20240503_0362,0
20240503,,1714764560.0,1714764612.0,1714764618.0,58.0,96.0,,,6.653509930976526,,UNMATCHED,,,SLX_20240503_0363,0
20240503,,1714766222.0,1714766253.0,1714766277.0,55.0,115.0,,,7.8416367043651904,,UNMATCHED,,,SLX_20240503_0364,0
20240503,,1714769714.0,1714769777.0,1714769830.0,116.0,230.0,,,16.475357924322825,,UNMATCHED,,,SLX_20240503_0365,0
20240503,,1714775473.0,1714779026.0,1714780569.0,5096.0,1665.0,,,32.07942288149396,,UNMATCHED,,,SLX_20240503_0366,0
20240504,,1714803305.0,1714803649.0,1714804429.0,1124.0,6953.0,,,8.652650287885555,,UNMATCHED,,,SLX_20240504_0367,0
20240504,,1714806381.0,1714806418.0,1714806497.0,116.0,941.0,,,10.067342160049352,,UNMATCHED,,,SLX_20240504_0368,0
20240504,,1714846760.0,1714846804.0,1714846869.0,109.0,898.0,,,4.967871458063569,,UNMATCHED,,,SLX_20240504_0369,0
20240504,,1714862156.0,1714862212.0,1714862351.0,195.0,2468.0,,,7.484706998075907,,UNMATCHED,,,SLX_20240504_0370,0
20240504,,1714865925.0,1714866463.0,1714866810.0,885.0,6917.0,,,19.49313800597791,,UNMATCHED,,,SLX_20240504_0371,0
20240505,,1714888810.0,1714888867.0,1714888922.0,112.0,9867.0,,,7.699787008793664,,UNMATCHED,,,SLX_20240505_0372,0
20240506,,1714956659.0,1714957535.0,1714958166.0,1507.0,1064.0,,,11.994976167004848,,UNMATCHED,,,SLX_20240506_0373,0
20240506,,1714967258.0,1714967451.0,1714967609.0,351.0,332.0,,,7.338103066873553,,UNMATCHED,,,SLX_20240506_0374,0
20240506,,1714968777.0,1714969354.0,1714969764.0,987.0,535.0,,,10.630841622521942,,UNMATCHED,,,SLX_20240506_0375,0
20240506,,1714972415.0,1714977255.0,1714985467.0,13052.0,20493.0,,,63.69097149068456,,UNMATCHED,,,SLX_20240506_0376,0
20240506,,1714985886.0,1714986132.0,1714986743.0,857.0,461.0,,,6.115085889061294,,UNMATCHED,,,SLX_20240506_0377,0
20240506,,1714989303.0,1714989553.0,1714990686.0,1383.0,1011.0,,,17.968944689395496,,UNMATCHED,,,SLX_20240506_0378,0
20240506,,1714998669.0,1714998962.0,1714999756.0,1087.0,362.0,,,5.456538177931616,,UNMATCHED,,,SLX_20240506_0379,0
20240506,,1715000110.0,1715000189.0,1715000400.0,290.0,581.0,,,17.075201367148075,,UNMATCHED,,,SLX_20240506_0380,0
20240506,,1715005773.0,1715005789.0,1715005871.0,98.0,230.0,,,6.914750966861617,,UNMATCHED,,,SLX_20240506_0381,0
20240506,,1715009350.0,1715009737.0,1715009821.0,471.0,382.0,,,7.055868333532263,,UNMATCHED,,,SLX_20240506_0382,0
20240506,,1715015263.0,1715015331.0,1715015402.0,139.0,256.0,,,12.935758611475814,,UNMATCHED,,,SLX_20240506_0383,0
20240506,,1715019663.0,1715019706.0,1715019777.0,114.0,211.0,,,11.00715460031033,,UNMATCHED,,,SLX_20240506_0384,0
20240506,,1715023009.0,1715023123.0,1715023968.0,959.0,620.0,,,12.559445633687426,,UNMATCHED,,,SLX_20240506_0385,0
20240506,,1715026071.0,1715026095.0,1715026129.0,58.0,137.0,,,5.1743034445903255,,UNMATCHED,,,SLX_20240506_0386,0
20240506,,1715030427.0,1715030446.0,1715030473.0,46.0,175.0,,,7.055868333532263,,UNMATCHED,,,SLX_20240506_0387,0
20240506,,1715031853.0,1715034319.0,1715039944.0,8091.0,3269.0,,,16.36961453379485,,UNMATCHED,,,SLX_20240506_0388,0
20240507,,1715062512.0,1715062512.0,1715062612.0,100.0,3802.0,,,5.197653120744058,,UNMATCHED,,,SLX_20240507_0389,0
20240507,,1715086406.0,1715086456.0,1715086478.0,72.0,1089.0,,,5.125748828559852,,UNMATCHED,,,SLX_20240507_0390,0
20240507,,1715099372.0,1715099428.0,1715099534.0,162.0,6659.0,,,27.559887990032227,,UNMATCHED,,,SLX_20240507_0391,0
20240508,,1715132330.0,1715132476.0,1715133017.0,687.0,8086.0,,,38.55062997858644,,UNMATCHED,,,SLX_20240508_0392,0
20240508,,1715134946.0,1715135252.0,1715135334.0,388.0,2595.0,,,8.821744982272731,,UNMATCHED,,,SLX_20240508_0393,0
20240508,,1715138670.0,1715138780.0,1715138886.0,216.0,1277.0,,,4.806466436529762,,UNMATCHED,,,SLX_20240508_0394,0
20240508,,1715139637.0,1715139710.0,1715139770.0,133.0,1340.0,,,6.329503126294337,,UNMATCHED,,,SLX_20240508_0395,0
20240508,,1715142453.0,1715145006.0,1715148441.0,5988.0,7715.0,,,11.195308654633108,,UNMATCHED,,,SLX_20240508_0396,0
20240508,,1715150832.0,1715151210.0,1715152263.0,1431.0,5552.0,,,13.450194143375464,,UNMATCHED,,,SLX_20240508_0397,0
20240508,,1715153719.0,1715154102.0,1715154857.0,1138.0,3154.0,,,8.94042316589075,,UNMATCHED,,,SLX_20240508_0398,0
20240508,,1715155192.0,1715155295.0,1715155679.0,487.0,1931.0,,,4.074617637551979,,UNMATCHED,,,SLX_20240508_0399,0
20240508,,1715157343.0,1715157449.0,1715158253.0,910.0,2343.0,,,6.349282823564006,,UNMATCHED,,,SLX_20240508_0400,0
20240508,,1715160939.0,1715161012.0,1715161064.0,125.0,1167.0,,,5.577874630046884,,UNMATCHED,,,SLX_20240508_0401,0
20240508,,1715161547.0,1715161663.0,1715161731.0,184.0,1383.0,,,5.99324827270995,,UNMATCHED,,,SLX_20240508_0402,0
20240508,,1715162406.0,1715162468.0,1715162566.0,160.0,1432.0,,,7.753641329710562,,UNMATCHED,,,SLX_20240508_0403,0
20240508,,1715167155.0,1715169848.0,1715172030.0,4875.0,6437.0,,,10.06786591026193,,UNMATCHED,,,SLX_20240508_0404,0
20240508,,1715172345.0,1715172520.0,1715173123.0,778.0,1996.0,,,4.114177032091319,,UNMATCHED,,,SLX_20240508_0405,0
20240508,,1715190389.0,1715190743.0,1715191336.0,947.0,5714.0,,,10.562358342003671,,UNMATCHED,,,SLX_20240508_0406,0
20240508,,1715193151.0,1715193340.0,1715193960.0,809.0,2028.0,,,5.617434024586223,,UNMATCHED,,,SLX_20240508_0407,0
20240508,,1715196014.0,1715196099.0,1715196197.0,183.0,1358.0,,,5.4987558409682045,,UNMATCHED,,,SLX_20240508_0408,0
20240508,,1715200374.0,1715200455.0,1715200487.0,113.0,1099.0,,,6.072367061788629,,UNMATCHED,,,SLX_20240508_0409,0
20240508,,1715203289.0,1715204501.0,1715211406.0,8117.0,7688.0,,,13.667770813341832,,UNMATCHED,,,SLX_20240508_0410,0
20240508,,1715211860.0,1715211860.0,1715212604.0,744.0,1899.0,,,5.656993419125563,,UNMATCHED,,,SLX_20240508_0411,0
20240509,,1715224570.0,1715224595.0,1715224661.0,91.0,3220.0,,,7.73047554673308,,UNMATCHED,,,SLX_20240509_0412,0
20240509,,1715245992.0,1715246039.0,1715246142.0,150.0,14555.0,,,6.014656855671331,,UNMATCHED,,,SLX_20240509_0413,0
20240509,,1715255730.0,1715255749.0,1715255799.0,69.0,2169.0,,,6.113765516526883,,UNMATCHED,,,SLX_20240509_0414,0
20240509,,1715260952.0,1715260982.0,1715261008.0,56.0,2742.0,,,4.168758047236669,,UNMATCHED,,,SLX_20240509_0415,0
20240510,,1715300235.0,1715300242.0,1715300306.0,71.0,889.0,,,5.1476265717978205,,UNMATCHED,,,SLX_20240510_0416,0
20240510,,1715308020.0,1715308057.0,1715308092.0,72.0,585.0,,,7.453644255695688,,UNMATCHED,,,SLX_20240510_0417,0
20240510,,1715322787.0,1715323845.0,1715327221.0,4434.0,19937.0,,,16.900877992954694,,UNMATCHED,,,SLX_20240510_0418,0
20240510,,1715329016.0,1715329093.0,1715329152.0,136.0,2269.0,,,5.6237076420218965,,UNMATCHED,,,SLX_20240510_0419,0
20240510,,1715336008.0,1715336068.0,1715336120.0,112.0,1578.0,,,8.346296262365831,,UNMATCHED,,,SLX_20240510_0420,0
20240510,,1715350052.0,1715350279.0,1715350542.0,490.0,4459.0,,,8.390928862699338,,UNMATCHED,,,SLX_20240510_0421,0
20240510,,1715363750.0,1715363789.0,1715363841.0,91.0,685.0,,,7.4685217891401905,,UNMATCHED,,,SLX_20240510_0422,0
20240510,,1715375218.0,1715375287.0,1715375356.0,138.0,2940.0,,,16.722347591620665,,UNMATCHED,,,SLX_20240510_0423,0
20240511,,1715390039.0,1715390369.0,1715394953.0,4914.0,22152.0,,,41.87151708749483,,UNMATCHED,,,SLX_20240511_0424,0
20240511,,1715399928.0,1715399942.0,1715400058.0,130.0,586.0,,,5.362117749470001,,UNMATCHED,,,SLX_20240511_0425,0
20240511,,1715402312.0,1715402399.0,1715402465.0,153.0,852.0,,,5.896193222524782,,UNMATCHED,,,SLX_20240511_0426,0
20240511,,1715418833.0,1715418873.0,1715419294.0,461.0,1024.0,,,8.07522115258829,,UNMATCHED,,,SLX_20240511_0427,0
20240511,,1715419832.0,1715419832.0,1715420177.0,345.0,737.0,,,4.507596992582352,,UNMATCHED,,,SLX_20240511_0428,0
20240511,,1715421925.0,1715422676.0,1715424002.0,2077.0,2075.0,,,7.882953982288567,,UNMATCHED,,,SLX_20240511_0429,0
20240511,,1715424898.0,1715425010.0,1715425071.0,173.0,1032.0,,,15.958175134876855,,UNMATCHED,,,SLX_20240511_0430,0
20240511,,1715426593.0,1715427807.0,1715432803.0,6210.0,10526.0,,,24.11884836315391,,UNMATCHED,,,SLX_20240511_0431,0
20240511,,1715435291.0,1715435367.0,1715436394.0,1103.0,1043.0,,,10.126070969118649,,UNMATCHED,,,SLX_20240511_0432,0
20240511,,1715437080.0,1715437166.0,1715437215.0,135.0,672.0,,,5.319391711625618,,UNMATCHED,,,SLX_20240511_0433,0
20240511,,1715439780.0,1715441168.0,1715448442.0,8662.0,6535.0,,,29.48096611262391,,UNMATCHED,,,SLX_20240511_0434,0
20240511,,1715460000.0,1715460069.0,1715460117.0,117.0,755.0,,,6.900255111867771,,UNMATCHED,,,SLX_20240511_0435,0
20240512,,1715474562.0,1715474726.0,1715475242.0,680.0,2466.0,,,20.427522621253956,,UNMATCHED,,,SLX_20240512_0436,0
20240512,,1715492605.0,1715493042.0,1715494270.0,1665.0,1545.0,,,7.353908143651423,,UNMATCHED,,,SLX_20240512_0437,0
20240512,,1715517427.0,1715517664.0,1715518516.0,1089.0,1067.0,,,6.5368072388012655,,UNMATCHED,,,SLX_20240512_0438,0
20240512,,1715521572.0,1715522173.0,1715522982.0,1410.0,1021.0,,,5.531144586677994,,UNMATCHED,,,SLX_20240512_0439,0
20240512,,1715523486.0,1715523577.0,1715524067.0,581.0,815.0,,,6.253964617891595,,UNMATCHED,,,SLX_20240512_0440,0
20240512,,1715524497.0,1715524594.0,1715524628.0,131.0,477.0,,,4.965459344858654,,UNMATCHED,,,SLX_20240512_0441,0
20240512,,1715527828.0,1715527855.0,1715527910.0,82.0,378.0,,,6.159683744255038,,UNMATCHED,,,SLX_20240512_0442,0
20240512,,1715528634.0,1715528667.0,1715528747.0,113.0,368.0,,,6.725368986074378,,UNMATCHED,,,SLX_20240512_0443,0
20240512,,1715530522.0,1715531117.0,1715532540.0,2018.0,8064.0,,,23.570218409139176,,UNMATCHED,,,SLX_20240512_0444,0
20240512,,1715533732.0,1715533810.0,1715533837.0,105.0,589.0,,,6.0968298284973335,,UNMATCHED,,,SLX_20240512_0445,0
20240512,,1715534335.0,1715534475.0,1715534573.0,238.0,621.0,,,5.782560249708811,,UNMATCHED,,,SLX_20240512_0446,0
20240512,,1715535708.0,1715535729.0,1715535744.0,36.0,431.0,,,4.5883358503124265,,UNMATCHED,,,SLX_20240512_0447,0
20240512,,1715537461.0,1715537472.0,1715537528.0,67.0,373.0,,,4.431201060918165,,UNMATCHED,,,SLX_20240512_0448,0
20240512,,1715543177.0,1715543215.0,1715543281.0,104.0,370.0,,,6.788222901832083,,UNMATCHED,,,SLX_20240512_0449,0
20240512,,1715545486.0,1715545904.0,1715547471.0,1985.0,3846.0,,,16.02774851821464,,UNMATCHED,,,SLX_20240512_0450,0
20240512,,1715548197.0,1715548221.0,1715548878.0,681.0,768.0,,,9.490941279413375,,UNMATCHED,,,SLX_20240512_0451,0
20240512,,1715551475.0,1715551543.0,1715551606.0,131.0,667.0,,,6.411099407285856,,UNMATCHED,,,SLX_20240512_0452,0
20240512,,1715552232.0,1715552294.0,1715552495.0,263.0,687.0,,,6.851076817589788,,UNMATCHED,,,SLX_20240512_0453,0
20240512,,1715555361.0,1715555414.0,1715555474.0,113.0,628.0,,,19.484713884888382,,UNMATCHED,,,SLX_20240512_0454,0
20240512,,1715557051.0,1715557141.0,1715557387.0,336.0,537.0,,,4.274066271523904,,UNMATCHED,,,SLX_20240512_0455,0
20240513,,1715558949.0,1715558980.0,1715558996.0,47.0,310.0,,,5.058335683019578,,UNMATCHED,,,SLX_20240513_0456,0
20240513,,1715562529.0,1715562557.0,1715562631.0,102.0,530.0,,,4.925221586098011,,UNMATCHED,,,SLX_20240513_0457,0
20240513,,1715563954.0,1715564034.0,1715564087.0,133.0,872.0,,,10.84879889910778,,UNMATCHED,,,SLX_20240513_0458,0
20240513,,1715588678.0,1715588817.0,1715588973.0,295.0,978.0,,,6.478219383516302,,UNMATCHED,,,SLX_20240513_0459,0
20240513,,1715591220.0,1715593463.0,1715599931.0,8711.0,5238.0,,,24.04928017716326,,UNMATCHED,,,SLX_20240513_0460,0
20240513,,1715600373.0,1715600478.0,1715600825.0,452.0,1376.0,,,4.74773612353592,,UNMATCHED,,,SLX_20240513_0461,0
20240513,,1715605410.0,1715605802.0,1715606659.0,1249.0,2917.0,,,8.031217180934593,,UNMATCHED,,,SLX_20240513_0462,0
20240513,,1715608272.0,1715608296.0,1715608329.0,57.0,732.0,,,6.322919603774474,,UNMATCHED,,,SLX_20240513_0463,0
20240513,,1715609662.0,1715609704.0,1715609749.0,87.0,866.0,,,5.612977753526112,,UNMATCHED,,,SLX_20240513_0464,0
20240513,,1715637404.0,1715637516.0,1715637701.0,297.0,1143.0,,,7.853731718372503,,UNMATCHED,,,SLX_20240513_0465,0
