date,source_file,start_time,peak_time,end_time,duration_sec,peak_counts,background_counts,net_peak_counts,snr
20240514,AL1_SOLEXS_20240514_SDD2_L1.lc,1715649392.0,1715651272.0,1715651956.0,2564.0,1937.0,605.6,1331.4,53.514044226716415
20240514,AL1_SOLEXS_20240514_SDD2_L1.lc,1715652309.0,1715652543.0,1715656424.0,4115.0,12413.0,1024.0,11389.0,360.44278846154054
20240514,AL1_SOLEXS_20240514_SDD2_L1.lc,1715657216.0,1715657286.0,1715657303.0,87.0,390.0,240.0,150.0,6.636295626886201
20240514,AL1_SOLEXS_20240514_SDD2_L1.lc,1715657405.0,1715657444.0,1715657546.0,141.0,319.0,227.0,92.0,6.7946646815838685
20240514,AL1_SOLEXS_20240514_SDD2_L1.lc,1715657548.0,1715657555.0,1715657656.0,108.0,299.0,218.0,81.0,7.009199659081234
20240514,AL1_SOLEXS_20240514_SDD2_L1.lc,1715659651.0,1715659716.0,1715659923.0,272.0,247.0,166.0,81.0,7.20689127054966
20240514,AL1_SOLEXS_20240514_SDD2_L1.lc,1715659927.0,1715659964.0,1715660078.0,151.0,225.0,159.0,66.0,6.605653208099468
20240514,AL1_SOLEXS_20240514_SDD2_L1.lc,1715662313.0,1715662378.0,1715662420.0,107.0,256.0,167.0,89.0,6.9081756036014665
20240514,AL1_SOLEXS_20240514_SDD2_L1.lc,1715662426.0,1715662451.0,1715662498.0,72.0,258.0,172.0,86.0,6.579243749743327
20240514,AL1_SOLEXS_20240514_SDD2_L1.lc,1715673736.0,1715674530.0,1715674539.0,803.0,375.0,290.0,85.0,6.240955236161867
20240514,AL1_SOLEXS_20240514_SDD2_L1.lc,1715681116.0,1715681343.0,1715681389.0,273.0,638.0,458.0,180.0,6.902307779906236
20240514,AL1_SOLEXS_20240514_SDD2_L1.lc,1715690616.0,1715691322.0,1715693925.0,3309.0,10154.0,373.0,9781.0,506.21025435088336
20240514,AL1_SOLEXS_20240514_SDD2_L1.lc,1715699982.0,1715700469.0,1715701599.0,1617.0,539.0,208.0,331.0,23.484525434349383
20240514,AL1_SOLEXS_20240514_SDD2_L1.lc,1715702747.0,1715702857.0,1715702983.0,236.0,276.0,176.0,100.0,7.0361969817110985
20240514,AL1_SOLEXS_20240514_SDD2_L1.lc,1715705147.0,1715705372.0,1715707305.0,2158.0,29460.0,170.9,29289.1,2238.3720253512274
20240514,AL1_SOLEXS_20240514_SDD2_L1.lc,1715707751.0,1715708242.0,1715708716.0,965.0,3121.0,1453.9,1667.1,41.490059283293014
20240514,AL1_SOLEXS_20240514_SDD2_L1.lc,1715708723.0,1715708732.0,1715708795.0,72.0,2753.0,2471.9,281.0999999999999,7.053808729333524
20240514,AL1_SOLEXS_20240514_SDD2_L1.lc,1715708925.0,1715709119.0,1715709436.0,511.0,2683.0,2349.9,333.0999999999999,9.356795256610804
20240514,AL1_SOLEXS_20240514_SDD2_L1.lc,1715709440.0,1715709459.0,1715712571.0,3131.0,2624.0,2305.9,318.0999999999999,6.227551523613835
20240514,AL1_SOLEXS_20240514_SDD2_L1.lc,1715712575.0,1715712583.0,1715713568.0,993.0,1017.0,892.0,125.0,6.2021666848381996
20240514,AL1_SOLEXS_20240514_SDD2_L1.lc,1715713572.0,1715713577.0,1715713729.0,157.0,854.0,670.0,184.0,6.447157840480412
20240514,AL1_SOLEXS_20240514_SDD2_L1.lc,1715714618.0,1715714674.0,1715715113.0,495.0,704.0,502.0,202.0,7.12402364923801
20240514,AL1_SOLEXS_20240514_SDD2_L1.lc,1715716536.0,1715716904.0,1715717625.0,1089.0,618.0,450.0,168.0,8.405206597268158
20240514,AL1_SOLEXS_20240514_SDD2_L1.lc,1715717628.0,1715717635.0,1715717729.0,101.0,467.0,358.0,109.0,6.730812087584599
20240514,AL1_SOLEXS_20240514_SDD2_L1.lc,1715717773.0,1715717793.0,1715717864.0,91.0,444.0,339.0,105.0,5.972807060557347
20240514,AL1_SOLEXS_20240514_SDD2_L1.lc,1715727979.0,1715728279.0,1715728750.0,771.0,341.0,153.0,188.0,15.758377275927948
20240515,AL1_SOLEXS_20240515_SDD2_L1.lc,1715732214.0,1715732330.0,1715732560.0,346.0,255.0,169.0,86.0,7.9462582666203705
20240515,AL1_SOLEXS_20240515_SDD2_L1.lc,1715736255.0,1715736471.0,1715736638.0,383.0,218.0,122.0,96.0,7.437859751800849
20240515,AL1_SOLEXS_20240515_SDD2_L1.lc,1715737885.0,1715738118.0,1715738264.0,379.0,251.0,150.0,101.0,8.578534258458589
20240515,AL1_SOLEXS_20240515_SDD2_L1.lc,1715746866.0,1715747125.0,1715747493.0,627.0,270.0,113.0,157.0,13.444646437962081
20240515,AL1_SOLEXS_20240515_SDD2_L1.lc,1715748552.0,1715748885.0,1715749677.0,1125.0,386.0,177.0,209.0,14.126047723374937
20240515,AL1_SOLEXS_20240515_SDD2_L1.lc,1715749679.0,1715749693.0,1715749764.0,85.0,192.0,116.0,76.0,5.712946487781053
20240515,AL1_SOLEXS_20240515_SDD2_L1.lc,1715753856.0,1715753892.0,1715753937.0,81.0,145.0,82.0,63.0,8.075292851969161
20240515,AL1_SOLEXS_20240515_SDD2_L1.lc,1715754105.0,1715754285.0,1715754616.0,511.0,266.0,87.0,179.0,18.923804989354718
20240515,AL1_SOLEXS_20240515_SDD2_L1.lc,1715757200.0,1715758812.0,1715759207.0,2007.0,560.0,304.0,256.0,14.029914014453148
20240515,AL1_SOLEXS_20240515_SDD2_L1.lc,1715760951.0,1715761008.0,1715761034.0,83.0,596.0,432.0,164.0,7.820440162118332
20240515,AL1_SOLEXS_20240515_SDD2_L1.lc,1715761283.0,1715762159.0,1715766050.0,4767.0,19823.0,822.5,19000.5,658.6524577110105
20240515,AL1_SOLEXS_20240515_SDD2_L1.lc,1715766885.0,1715768774.0,1715768899.0,2014.0,2550.0,2143.0,407.0,7.872596124216818
20240515,AL1_SOLEXS_20240515_SDD2_L1.lc,1715769694.0,1715769698.0,1715769770.0,76.0,2464.0,2190.0,274.0,5.6472328756527785
20240515,AL1_SOLEXS_20240515_SDD2_L1.lc,1715770121.0,1715770137.0,1715770182.0,61.0,2281.0,2044.9,236.0999999999999,6.108129969858331
20240515,AL1_SOLEXS_20240515_SDD2_L1.lc,1715770187.0,1715770195.0,1715770351.0,164.0,2272.0,2028.9,243.0999999999999,5.943851693743794
20240515,AL1_SOLEXS_20240515_SDD2_L1.lc,1715771019.0,1715771040.0,1715771968.0,949.0,2040.0,1775.8,264.20000000000005,6.29342220031395
20240515,AL1_SOLEXS_20240515_SDD2_L1.lc,1715771970.0,1715771985.0,1715772838.0,868.0,1684.0,1441.0,243.0,6.05728379436698
20240515,AL1_SOLEXS_20240515_SDD2_L1.lc,1715772840.0,1715772855.0,1715772917.0,77.0,1351.0,1182.0,169.0,5.577156081545316
20240515,AL1_SOLEXS_20240515_SDD2_L1.lc,1715781490.0,1715782396.0,1715782396.0,906.0,1990.0,1346.8,643.2,18.305024275994008
20240515,AL1_SOLEXS_20240515_SDD2_L1.lc,1715782398.0,1715782670.0,1715782833.0,435.0,2307.0,1820.9,486.0999999999999,9.880406212985145
20240515,AL1_SOLEXS_20240515_SDD2_L1.lc,1715782874.0,1715783905.0,1715789148.0,6274.0,16919.0,6449.0,10470.0,129.73437544447816
20240515,AL1_SOLEXS_20240515_SDD2_L1.lc,1715796779.0,1715796836.0,1715796843.0,64.0,296.0,230.0,66.0,5.949342370820017
20240515,AL1_SOLEXS_20240515_SDD2_L1.lc,1715796865.0,1715797375.0,1715797382.0,517.0,348.0,281.0,67.0,6.089236746749388
20240515,AL1_SOLEXS_20240515_SDD2_L1.lc,1715797966.0,1715797973.0,1715798082.0,116.0,374.0,276.0,98.0,6.139351667954209
20240515,AL1_SOLEXS_20240515_SDD2_L1.lc,1715798229.0,1715798263.0,1715798362.0,133.0,364.0,244.9,119.1,6.77957499817639
20240515,AL1_SOLEXS_20240515_SDD2_L1.lc,1715803994.0,1715804076.0,1715804233.0,239.0,196.0,110.0,86.0,8.306341733369052
20240515,AL1_SOLEXS_20240515_SDD2_L1.lc,1715805418.0,1715805603.0,1715805770.0,352.0,204.0,119.0,85.0,8.159861010651218
20240516,AL1_SOLEXS_20240516_SDD2_L1.lc,1715835837.0,1715835987.0,1715836157.0,320.0,137.0,50.0,87.0,14.721131293973228
20240516,AL1_SOLEXS_20240516_SDD2_L1.lc,1715839836.0,1715840060.0,1715840559.0,723.0,158.0,56.0,102.0,14.688121565139179
20240516,AL1_SOLEXS_20240516_SDD2_L1.lc,1715840917.0,1715841181.0,1715841664.0,747.0,200.0,95.0,105.0,10.644084371465265
20240516,AL1_SOLEXS_20240516_SDD2_L1.lc,1715846017.0,1715846663.0,1715847197.0,1180.0,550.0,51.0,499.0,73.93897026860449
20240516,AL1_SOLEXS_20240516_SDD2_L1.lc,1715863841.0,1715863938.0,1715864326.0,485.0,114.0,43.0,71.0,11.529167932656923
20240516,AL1_SOLEXS_20240516_SDD2_L1.lc,1715870790.0,1715871133.0,1715871467.0,677.0,137.0,43.0,94.0,13.310434038795332
20240516,AL1_SOLEXS_20240516_SDD2_L1.lc,1715875818.0,1715876407.0,1715876539.0,721.0,53.0,0.0,53.0,44.990950226244586
20240517,AL1_SOLEXS_20240517_SDD2_L1.lc,1715905709.0,1715905742.0,1715906449.0,740.0,82.0,0.0,82.0,95.634389140272
20240517,AL1_SOLEXS_20240517_SDD2_L1.lc,1715907941.0,1715907999.0,1715908095.0,154.0,93.0,39.0,54.0,8.026260683079135
20240517,AL1_SOLEXS_20240517_SDD2_L1.lc,1715909837.0,1715910360.0,1715911417.0,1580.0,474.0,85.0,389.0,40.83347773767985
20240517,AL1_SOLEXS_20240517_SDD2_L1.lc,1715912942.0,1715913426.0,1715913666.0,724.0,155.0,66.0,89.0,9.358852139935513
20240517,AL1_SOLEXS_20240517_SDD2_L1.lc,1715914019.0,1715914033.0,1715914091.0,72.0,125.0,66.0,59.0,6.3931826699420355
20240517,AL1_SOLEXS_20240517_SDD2_L1.lc,1715914093.0,1715914131.0,1715914170.0,77.0,112.0,61.0,51.0,6.4356781766814395
20240517,AL1_SOLEXS_20240517_SDD2_L1.lc,1715922379.0,1715922500.0,1715922710.0,331.0,124.0,25.0,99.0,18.071493212669804
20240517,AL1_SOLEXS_20240517_SDD2_L1.lc,1715930414.0,1715930450.0,1715930646.0,232.0,72.0,32.0,40.0,7.384786453925911
20240517,AL1_SOLEXS_20240517_SDD2_L1.lc,1715947606.0,1715948457.0,1715948464.0,858.0,146.0,70.0,76.0,7.543677255402734
20240517,AL1_SOLEXS_20240517_SDD2_L1.lc,1715948480.0,1715948528.0,1715948558.0,78.0,150.0,77.0,73.0,5.82560278957073
20240517,AL1_SOLEXS_20240517_SDD2_L1.lc,1715949848.0,1715950065.0,1715950351.0,503.0,201.0,67.0,134.0,16.063347122649525
20240517,AL1_SOLEXS_20240517_SDD2_L1.lc,1715950885.0,1715951008.0,1715951316.0,431.0,164.0,52.0,112.0,10.922824949922958
20240517,AL1_SOLEXS_20240517_SDD2_L1.lc,1715952299.0,1715952404.0,1715952595.0,296.0,88.0,43.0,45.0,8.266250558562993
20240517,AL1_SOLEXS_20240517_SDD2_L1.lc,1715954073.0,1715954104.0,1715954240.0,167.0,81.0,37.0,44.0,7.3902180058091345
20240517,AL1_SOLEXS_20240517_SDD2_L1.lc,1715975701.0,1715975810.0,1715975999.0,298.0,98.0,26.0,72.0,13.156819198125634
20240517,AL1_SOLEXS_20240517_SDD2_L1.lc,1715976853.0,1715976898.0,1715977018.0,165.0,81.0,26.0,55.0,11.553103906624605
20240517,AL1_SOLEXS_20240517_SDD2_L1.lc,1715978331.0,1715980094.0,1715984747.0,6416.0,5215.0,1273.3,3941.7,110.8042541941601
20240517,AL1_SOLEXS_20240517_SDD2_L1.lc,1715984764.0,1715984791.0,1715984843.0,79.0,467.0,378.0,89.0,5.654484660647181
20240517,AL1_SOLEXS_20240517_SDD2_L1.lc,1715984850.0,1715984875.0,1715984912.0,62.0,494.0,366.0,128.0,5.8812497165207915
20240517,AL1_SOLEXS_20240517_SDD2_L1.lc,1715984915.0,1715984919.0,1715984982.0,67.0,490.0,360.0,130.0,5.70950900920761
20240517,AL1_SOLEXS_20240517_SDD2_L1.lc,1715985173.0,1715985175.0,1715985254.0,81.0,391.0,329.0,62.0,5.4840908348366835
20240517,AL1_SOLEXS_20240517_SDD2_L1.lc,1715985342.0,1715985352.0,1715985494.0,152.0,424.0,307.0,117.0,6.187747773341841
20240517,AL1_SOLEXS_20240517_SDD2_L1.lc,1715988547.0,1715988590.0,1715988724.0,177.0,213.0,124.0,89.0,7.950094599759029
20240518,AL1_SOLEXS_20240518_SDD2_L1.lc,1716002743.0,1716003092.0,1716003474.0,731.0,137.0,46.0,91.0,13.157159754398105
20240518,AL1_SOLEXS_20240518_SDD2_L1.lc,1716005933.0,1716005999.0,1716006135.0,202.0,116.0,57.0,59.0,7.7501324957826565
20240518,AL1_SOLEXS_20240518_SDD2_L1.lc,1716008887.0,1716009066.0,1716009150.0,263.0,64.0,37.0,27.0,7.476211322245783
20240518,AL1_SOLEXS_20240518_SDD2_L1.lc,1716010456.0,1716010656.0,1716011386.0,930.0,379.0,36.0,343.0,54.300603318250694
20240518,AL1_SOLEXS_20240518_SDD2_L1.lc,1716016811.0,1716016895.0,1716016958.0,147.0,47.0,21.0,26.0,7.087638081963653
20240518,AL1_SOLEXS_20240518_SDD2_L1.lc,1716029545.0,1716029623.0,1716029634.0,89.0,51.0,18.0,33.0,7.106263172015092
20240518,AL1_SOLEXS_20240518_SDD2_L1.lc,1716059631.0,1716059815.0,1716060017.0,386.0,53.0,22.0,31.0,8.085420108233741
20240518,AL1_SOLEXS_20240518_SDD2_L1.lc,1716060951.0,1716061105.0,1716061302.0,351.0,174.0,31.0,143.0,29.02242888144349
20240518,AL1_SOLEXS_20240518_SDD2_L1.lc,1716063271.0,1716063361.0,1716063787.0,516.0,161.0,20.0,141.0,35.918536645994344
20240518,AL1_SOLEXS_20240518_SDD2_L1.lc,1716068201.0,1716068223.0,1716068265.0,64.0,49.0,16.0,33.0,7.188687782805488
20240519,AL1_SOLEXS_20240519_SDD2_L1.lc,1716090721.0,1716090826.0,1716090841.0,120.0,57.0,26.0,31.0,6.392321121513161
20240519,AL1_SOLEXS_20240519_SDD2_L1.lc,1716104324.0,1716104902.0,1716104942.0,618.0,96.0,43.0,53.0,7.402322006271492
20240519,AL1_SOLEXS_20240519_SDD2_L1.lc,1716108728.0,1716108921.0,1716108937.0,209.0,73.0,32.0,41.0,7.446218355277864
20240519,AL1_SOLEXS_20240519_SDD2_L1.lc,1716109194.0,1716109220.0,1716109333.0,139.0,48.0,32.0,16.0,7.120021358255379
20240519,AL1_SOLEXS_20240519_SDD2_L1.lc,1716112660.0,1716112985.0,1716113206.0,546.0,73.0,25.0,48.0,9.027330316742157
20240519,AL1_SOLEXS_20240519_SDD2_L1.lc,1716122056.0,1716122112.0,1716122253.0,197.0,67.0,22.0,45.0,11.438363138847153
20240519,AL1_SOLEXS_20240519_SDD2_L1.lc,1716124662.0,1716124769.0,1716124893.0,231.0,63.0,19.0,44.0,12.068928529981644
20240519,AL1_SOLEXS_20240519_SDD2_L1.lc,1716126083.0,1716126261.0,1716126709.0,626.0,1333.0,21.900000000000006,1311.1,273.89316339655886
20240519,AL1_SOLEXS_20240519_SDD2_L1.lc,1716141246.0,1716141358.0,1716141925.0,679.0,2017.0,55.0,1962.0,261.5461049794431
20240519,AL1_SOLEXS_20240519_SDD2_L1.lc,1716155182.0,1716155213.0,1716155367.0,185.0,55.0,39.0,16.0,7.640503990383077
20240519,AL1_SOLEXS_20240519_SDD2_L1.lc,1716155673.0,1716155984.0,1716156646.0,973.0,1047.0,66.0,981.0,118.20024728936822
20240520,AL1_SOLEXS_20240520_SDD2_L1.lc,1716183420.0,1716184435.0,1716186036.0,2616.0,289.0,59.0,230.0,33.69795633665389
20240520,AL1_SOLEXS_20240520_SDD2_L1.lc,1716198962.0,1716199037.0,1716199066.0,104.0,64.0,20.0,44.0,6.907122920905068
20240520,AL1_SOLEXS_20240520_SDD2_L1.lc,1716199073.0,1716199088.0,1716199139.0,66.0,53.0,20.0,33.0,6.862199202262085
20240520,AL1_SOLEXS_20240520_SDD2_L1.lc,1716201286.0,1716201342.0,1716201502.0,216.0,114.0,28.0,86.0,13.567214334547154
20240520,AL1_SOLEXS_20240520_SDD2_L1.lc,1716209340.0,1716209467.0,1716209643.0,303.0,45.0,13.0,32.0,15.276092010253448
20240520,AL1_SOLEXS_20240520_SDD2_L1.lc,1716210676.0,1716210695.0,1716210768.0,92.0,33.0,15.0,18.0,7.598290947328736
20240521,AL1_SOLEXS_20240521_SDD2_L1.lc,1716270936.0,1716272171.0,1716272496.0,1560.0,151.0,81.0,70.0,11.396581196581302
20240521,AL1_SOLEXS_20240521_SDD2_L1.lc,1716272837.0,1716272844.0,1716272964.0,127.0,102.0,55.0,47.0,6.562740778848151
20240521,AL1_SOLEXS_20240521_SDD2_L1.lc,1716272980.0,1716273025.0,1716273435.0,455.0,88.0,46.0,42.0,7.71741887790681
20240521,AL1_SOLEXS_20240521_SDD2_L1.lc,1716275373.0,1716275524.0,1716275633.0,260.0,58.0,27.0,31.0,7.3608240654692505
20240521,AL1_SOLEXS_20240521_SDD2_L1.lc,1716276423.0,1716276657.0,1716277256.0,833.0,211.0,38.0,173.0,27.929684097090963
20240521,AL1_SOLEXS_20240521_SDD2_L1.lc,1716286759.0,1716287032.0,1716287156.0,397.0,66.0,27.0,39.0,9.04654752112126
20240521,AL1_SOLEXS_20240521_SDD2_L1.lc,1716293234.0,1716293288.0,1716293416.0,182.0,59.0,23.0,36.0,7.464438621588942
20240521,AL1_SOLEXS_20240521_SDD2_L1.lc,1716293418.0,1716293447.0,1716293485.0,67.0,61.0,23.0,38.0,6.446208958012486
20240521,AL1_SOLEXS_20240521_SDD2_L1.lc,1716293694.0,1716293736.0,1716293792.0,98.0,49.0,22.0,27.0,6.889759620219512
20240521,AL1_SOLEXS_20240521_SDD2_L1.lc,1716293794.0,1716293819.0,1716293857.0,63.0,47.0,22.0,25.0,6.400266210813007
20240521,AL1_SOLEXS_20240521_SDD2_L1.lc,1716298339.0,1716298566.0,1716299050.0,711.0,390.0,24.0,366.0,74.34404569853554
20240521,AL1_SOLEXS_20240521_SDD2_L1.lc,1716299413.0,1716299435.0,1716299501.0,88.0,63.0,25.0,38.0,9.870769230769309
20240521,AL1_SOLEXS_20240521_SDD2_L1.lc,1716300291.0,1716300655.0,1716301786.0,1495.0,296.0,26.0,270.0,58.127935051631674
20240521,AL1_SOLEXS_20240521_SDD2_L1.lc,1716307170.0,1716307482.0,1716308382.0,1212.0,376.0,33.0,343.0,57.998894092273304
20240521,AL1_SOLEXS_20240521_SDD2_L1.lc,1716312727.0,1716312759.0,1716312820.0,93.0,68.0,25.0,43.0,8.087963800905047
20240521,AL1_SOLEXS_20240521_SDD2_L1.lc,1716319518.0,1716319881.0,1716320928.0,1410.0,1328.0,27.0,1301.0,245.33467773573778
20240521,AL1_SOLEXS_20240521_SDD2_L1.lc,1716330772.0,1716331176.0,1716331597.0,825.0,153.0,56.0,97.0,13.638909558427773
20240522,AL1_SOLEXS_20240522_SDD2_L1.lc,1716347295.0,1716347618.0,1716348448.0,1153.0,941.0,30.0,911.0,170.55997827957194
20240522,AL1_SOLEXS_20240522_SDD2_L1.lc,1716349441.0,1716350670.0,1716353320.0,3879.0,1413.0,601.0,812.0,32.38568375036148
20240522,AL1_SOLEXS_20240522_SDD2_L1.lc,1716361000.0,1716361507.0,1716361870.0,870.0,109.0,54.0,55.0,9.88835240859901
20240522,AL1_SOLEXS_20240522_SDD2_L1.lc,1716375579.0,1716375586.0,1716375641.0,62.0,90.0,60.0,30.0,6.060313488219414
20240522,AL1_SOLEXS_20240522_SDD2_L1.lc,1716377713.0,1716378341.0,1716378497.0,784.0,130.0,64.0,66.0,7.60271493212678
20240522,AL1_SOLEXS_20240522_SDD2_L1.lc,1716385692.0,1716386649.0,1716387405.0,1713.0,784.0,139.9,644.1,51.776621085523956
20240522,AL1_SOLEXS_20240522_SDD2_L1.lc,1716389413.0,1716389421.0,1716389511.0,98.0,215.0,145.0,70.0,5.716460030873416
20240522,AL1_SOLEXS_20240522_SDD2_L1.lc,1716389519.0,1716389537.0,1716389583.0,64.0,187.0,135.0,52.0,6.436279111389736
20240522,AL1_SOLEXS_20240522_SDD2_L1.lc,1716389589.0,1716389630.0,1716390111.0,522.0,200.0,125.9,74.1,7.711027937251524
20240522,AL1_SOLEXS_20240522_SDD2_L1.lc,1716394121.0,1716394230.0,1716394423.0,302.0,97.0,37.0,60.0,12.301507571363143
20240522,AL1_SOLEXS_20240522_SDD2_L1.lc,1716399429.0,1716399531.0,1716399608.0,179.0,123.0,74.0,49.0,7.630263563881726
20240522,AL1_SOLEXS_20240522_SDD2_L1.lc,1716403348.0,1716404242.0,1716405250.0,1902.0,401.0,100.0,301.0,29.036018099547714
20240522,AL1_SOLEXS_20240522_SDD2_L1.lc,1716409012.0,1716409194.0,1716409372.0,360.0,200.0,107.0,93.0,7.6021357899669635
20240522,AL1_SOLEXS_20240522_SDD2_L1.lc,1716409374.0,1716409437.0,1716409443.0,69.0,184.0,121.0,63.0,6.532538050185203
20240522,AL1_SOLEXS_20240522_SDD2_L1.lc,1716411150.0,1716411664.0,1716411906.0,756.0,396.0,205.0,191.0,13.341914840047338
20240522,AL1_SOLEXS_20240522_SDD2_L1.lc,1716414724.0,1716414787.0,1716414910.0,186.0,189.0,140.0,49.0,7.025947058245917
20240523,AL1_SOLEXS_20240523_SDD2_L1.lc,1716425424.0,1716425526.0,1716425544.0,120.0,108.0,55.0,53.0,6.5784822778993295
20240523,AL1_SOLEXS_20240523_SDD2_L1.lc,1716425626.0,1716425896.0,1716425961.0,335.0,123.0,62.0,61.0,6.886854850659278
20240523,AL1_SOLEXS_20240523_SDD2_L1.lc,1716427439.0,1716427492.0,1716427939.0,500.0,132.0,82.0,50.0,7.137574291643109
20240523,AL1_SOLEXS_20240523_SDD2_L1.lc,1716428903.0,1716429060.0,1716429656.0,753.0,418.0,67.0,351.0,46.36601286750475
20240523,AL1_SOLEXS_20240523_SDD2_L1.lc,1716430107.0,1716430546.0,1716432720.0,2613.0,3109.0,213.0,2896.0,196.3720458431978
20240523,AL1_SOLEXS_20240523_SDD2_L1.lc,1716437105.0,1716438647.0,1716440983.0,3878.0,998.0,706.0,292.0,11.956643963300262
20240523,AL1_SOLEXS_20240523_SDD2_L1.lc,1716441338.0,1716441347.0,1716441401.0,63.0,288.0,204.0,84.0,6.084945617634226
20240523,AL1_SOLEXS_20240523_SDD2_L1.lc,1716441553.0,1716441777.0,1716441999.0,446.0,277.0,165.0,112.0,9.342903211049173
20240523,AL1_SOLEXS_20240523_SDD2_L1.lc,1716444405.0,1716444486.0,1716444606.0,201.0,165.0,78.0,87.0,13.162387499273938
20240523,AL1_SOLEXS_20240523_SDD2_L1.lc,1716446351.0,1716446551.0,1716447440.0,1089.0,566.0,72.0,494.0,58.66703918068985
20240523,AL1_SOLEXS_20240523_SDD2_L1.lc,1716448613.0,1716448694.0,1716448842.0,229.0,216.0,115.0,101.0,11.136723487227059
20240523,AL1_SOLEXS_20240523_SDD2_L1.lc,1716451518.0,1716451770.0,1716452338.0,820.0,254.0,52.0,202.0,28.473564258045688
20240523,AL1_SOLEXS_20240523_SDD2_L1.lc,1716455660.0,1716456108.0,1716456455.0,795.0,478.0,69.0,409.0,48.41537698452834
20240523,AL1_SOLEXS_20240523_SDD2_L1.lc,1716456781.0,1716456852.0,1716457053.0,272.0,457.0,167.0,290.0,24.59952543062725
20240523,AL1_SOLEXS_20240523_SDD2_L1.lc,1716458402.0,1716458885.0,1716459299.0,897.0,521.0,215.0,306.0,22.910319166407227
20240523,AL1_SOLEXS_20240523_SDD2_L1.lc,1716459562.0,1716459606.0,1716459676.0,114.0,311.0,207.0,104.0,6.6740337567198464
20240523,AL1_SOLEXS_20240523_SDD2_L1.lc,1716459678.0,1716459779.0,1716459942.0,264.0,290.0,188.0,102.0,7.804701076757819
20240523,AL1_SOLEXS_20240523_SDD2_L1.lc,1716460716.0,1716460819.0,1716461325.0,609.0,380.0,102.0,278.0,29.69322552523962
20240523,AL1_SOLEXS_20240523_SDD2_L1.lc,1716462519.0,1716462629.0,1716462902.0,383.0,300.0,71.9,228.1,27.109928092508717
20240523,AL1_SOLEXS_20240523_SDD2_L1.lc,1716465717.0,1716466336.0,1716466459.0,742.0,152.0,65.0,87.0,12.53862080774033
20240523,AL1_SOLEXS_20240523_SDD2_L1.lc,1716466991.0,1716467078.0,1716467169.0,178.0,174.0,108.0,66.0,7.661429363997572
20240523,AL1_SOLEXS_20240523_SDD2_L1.lc,1716467494.0,1716467753.0,1716467991.0,497.0,289.0,130.0,159.0,12.7832992178746
20240523,AL1_SOLEXS_20240523_SDD2_L1.lc,1716468050.0,1716468103.0,1716468147.0,97.0,234.0,135.0,99.0,7.132754065271826
20240523,AL1_SOLEXS_20240523_SDD2_L1.lc,1716468811.0,1716470424.0,1716473550.0,4739.0,1715.0,1098.0,617.0,18.171493768888947
20240523,AL1_SOLEXS_20240523_SDD2_L1.lc,1716474487.0,1716474654.0,1716474849.0,362.0,266.0,130.0,136.0,11.575181560691579
20240523,AL1_SOLEXS_20240523_SDD2_L1.lc,1716474853.0,1716474911.0,1716474918.0,65.0,187.0,126.0,61.0,6.330342519976461
20240523,AL1_SOLEXS_20240523_SDD2_L1.lc,1716477413.0,1716477457.0,1716477520.0,107.0,165.0,99.0,66.0,7.220173474092583
20240523,AL1_SOLEXS_20240523_SDD2_L1.lc,1716477929.0,1716478007.0,1716478245.0,316.0,175.0,102.0,73.0,7.60621485842317
20240523,AL1_SOLEXS_20240523_SDD2_L1.lc,1716479239.0,1716479319.0,1716479460.0,221.0,313.0,133.0,180.0,18.539203505878117
20240523,AL1_SOLEXS_20240523_SDD2_L1.lc,1716479718.0,1716479869.0,1716480438.0,720.0,619.0,113.0,506.0,47.12688044782861
20240523,AL1_SOLEXS_20240523_SDD2_L1.lc,1716481034.0,1716481444.0,1716481799.0,765.0,239.0,96.0,143.0,14.083457654603949
20240523,AL1_SOLEXS_20240523_SDD2_L1.lc,1716484144.0,1716484368.0,1716484952.0,808.0,234.0,90.0,144.0,16.311438361011046
20240523,AL1_SOLEXS_20240523_SDD2_L1.lc,1716486111.0,1716486148.0,1716486232.0,121.0,133.0,60.0,73.0,7.2828443399453455
20240523,AL1_SOLEXS_20240523_SDD2_L1.lc,1716493418.0,1716493556.0,1716494004.0,586.0,274.0,35.0,239.0,47.00572050339777
20240523,AL1_SOLEXS_20240523_SDD2_L1.lc,1716496184.0,1716496451.0,1716497148.0,964.0,382.0,39.0,343.0,50.48398706787454
20240523,AL1_SOLEXS_20240523_SDD2_L1.lc,1716499254.0,1716499517.0,1716499852.0,598.0,150.0,39.0,111.0,19.78039173415452
20240523,AL1_SOLEXS_20240523_SDD2_L1.lc,1716500197.0,1716500374.0,1716500740.0,543.0,175.0,55.0,120.0,15.17321873271811
20240523,AL1_SOLEXS_20240523_SDD2_L1.lc,1716501609.0,1716501879.0,1716502160.0,551.0,118.0,50.0,68.0,12.72293071937311
20240523,AL1_SOLEXS_20240523_SDD2_L1.lc,1716502829.0,1716502886.0,1716503235.0,406.0,108.0,49.900000000000006,58.099999999999994,10.26741634248595
20240523,AL1_SOLEXS_20240523_SDD2_L1.lc,1716503237.0,1716503303.0,1716503480.0,243.0,84.0,39.0,45.0,8.247541851278564
20240523,AL1_SOLEXS_20240523_SDD2_L1.lc,1716505016.0,1716505125.0,1716505920.0,904.0,342.0,33.0,309.0,50.47306804673879
20240523,AL1_SOLEXS_20240523_SDD2_L1.lc,1716506539.0,1716506912.0,1716507186.0,647.0,243.0,102.0,141.0,13.073800630129146
20240523,AL1_SOLEXS_20240523_SDD2_L1.lc,1716508113.0,1716508142.0,1716508231.0,118.0,191.0,119.0,72.0,7.2129653866620735
20240524,AL1_SOLEXS_20240524_SDD2_L1.lc,1716508801.0,1716509096.0,1716509242.0,441.0,135.0,65.0,70.0,8.82869138429422
20240524,AL1_SOLEXS_20240524_SDD2_L1.lc,1716511001.0,1716511123.0,1716511287.0,286.0,102.0,54.0,48.0,8.52653955914217
20240524,AL1_SOLEXS_20240524_SDD2_L1.lc,1716512737.0,1716513347.0,1716513597.0,860.0,200.0,83.0,117.0,11.309890814159543
20240524,AL1_SOLEXS_20240524_SDD2_L1.lc,1716518424.0,1716518933.0,1716519269.0,845.0,201.0,62.0,139.0,17.34672322908498
20240524,AL1_SOLEXS_20240524_SDD2_L1.lc,1716520128.0,1716520267.0,1716520739.0,611.0,146.0,69.0,77.0,9.95193350391481
20240524,AL1_SOLEXS_20240524_SDD2_L1.lc,1716526006.0,1716526278.0,1716526487.0,481.0,104.0,43.0,61.0,8.851679459333052
20240524,AL1_SOLEXS_20240524_SDD2_L1.lc,1716528076.0,1716528278.0,1716528502.0,426.0,105.0,44.0,61.0,10.282355432937786
20240524,AL1_SOLEXS_20240524_SDD2_L1.lc,1716528506.0,1716528657.0,1716528660.0,154.0,96.0,54.900000000000006,41.099999999999994,6.306423249516371
20240524,AL1_SOLEXS_20240524_SDD2_L1.lc,1716530769.0,1716530860.0,1716530927.0,158.0,162.0,75.0,87.0,7.557384401459437
20240524,AL1_SOLEXS_20240524_SDD2_L1.lc,1716530931.0,1716530987.0,1716531051.0,120.0,139.0,74.0,65.0,7.509492261367784
20240524,AL1_SOLEXS_20240524_SDD2_L1.lc,1716532274.0,1716534303.0,1716536413.0,4139.0,830.0,446.0,384.0,15.89244898061841
20240524,AL1_SOLEXS_20240524_SDD2_L1.lc,1716537379.0,1716538961.0,1716540167.0,2788.0,705.0,344.9,360.1,21.449929577399555
20240524,AL1_SOLEXS_20240524_SDD2_L1.lc,1716540322.0,1716540375.0,1716540585.0,263.0,364.0,181.0,183.0,13.303619889052932
20240524,AL1_SOLEXS_20240524_SDD2_L1.lc,1716541080.0,1716541250.0,1716542839.0,1759.0,455.0,181.0,274.0,23.08214206461412
20240524,AL1_SOLEXS_20240524_SDD2_L1.lc,1716547560.0,1716547883.0,1716548512.0,952.0,248.0,53.0,195.0,27.695370321730614
20240524,AL1_SOLEXS_20240524_SDD2_L1.lc,1716548782.0,1716548920.0,1716549196.0,414.0,106.0,38.0,68.0,14.287229596783646
20240524,AL1_SOLEXS_20240524_SDD2_L1.lc,1716557575.0,1716557627.0,1716557670.0,95.0,71.0,32.0,39.0,5.871865904224279
20240524,AL1_SOLEXS_20240524_SDD2_L1.lc,1716558789.0,1716559071.0,1716559596.0,807.0,120.0,31.0,89.0,17.11386593276135
20240524,AL1_SOLEXS_20240524_SDD2_L1.lc,1716560484.0,1716560554.0,1716560721.0,237.0,100.0,31.0,69.0,9.96394952474701
20240524,AL1_SOLEXS_20240524_SDD2_L1.lc,1716574707.0,1716574808.0,1716574918.0,211.0,93.0,18.0,75.0,17.360911288317798
20240524,AL1_SOLEXS_20240524_SDD2_L1.lc,1716581526.0,1716582303.0,1716583474.0,1948.0,857.0,71.50000000000003,785.5,93.92026159609055
20240525,AL1_SOLEXS_20240525_SDD2_L1.lc,1716600549.0,1716600584.0,1716600667.0,118.0,86.0,46.0,40.0,8.892684714841055
20240525,AL1_SOLEXS_20240525_SDD2_L1.lc,1716611257.0,1716612107.0,1716612107.0,850.0,143.0,63.0,80.0,10.1571538696915
20240525,AL1_SOLEXS_20240525_SDD2_L1.lc,1716612109.0,1716612109.0,1716612276.0,167.0,127.0,63.0,64.0,9.836197612822426
20240525,AL1_SOLEXS_20240525_SDD2_L1.lc,1716613385.0,1716613475.0,1716613745.0,360.0,166.0,103.0,63.0,8.301911896439195
20240525,AL1_SOLEXS_20240525_SDD2_L1.lc,1716613800.0,1716613806.0,1716613868.0,68.0,142.0,85.0,57.0,6.313167115413968
20240525,AL1_SOLEXS_20240525_SDD2_L1.lc,1716624937.0,1716625119.0,1716625274.0,337.0,57.0,25.0,32.0,7.650497737556629
20240525,AL1_SOLEXS_20240525_SDD2_L1.lc,1716657768.0,1716657931.0,1716658584.0,816.0,272.0,19.0,253.0,67.59937024143673
20240526,AL1_SOLEXS_20240526_SDD2_L1.lc,1716684194.0,1716684498.0,1716685183.0,989.0,169.0,34.0,135.0,23.153085005936322
20240526,AL1_SOLEXS_20240526_SDD2_L1.lc,1716690871.0,1716691410.0,1716691548.0,677.0,64.0,28.0,36.0,10.449606018490483
20240526,AL1_SOLEXS_20240526_SDD2_L1.lc,1716715860.0,1716716216.0,1716717350.0,1490.0,272.0,36.0,236.0,36.27993966817519
20240526,AL1_SOLEXS_20240526_SDD2_L1.lc,1716717403.0,1716717429.0,1716717583.0,180.0,84.0,40.0,44.0,6.7190530356800044
20240526,AL1_SOLEXS_20240526_SDD2_L1.lc,1716726765.0,1716726837.0,1716726843.0,78.0,61.0,22.0,39.0,6.792516940542383
20240526,AL1_SOLEXS_20240526_SDD2_L1.lc,1716726959.0,1716727188.0,1716727231.0,272.0,69.0,29.0,40.0,7.156748748367585
20240526,AL1_SOLEXS_20240526_SDD2_L1.lc,1716728446.0,1716728552.0,1716728592.0,146.0,82.0,35.0,47.0,7.120405474950836
20240526,AL1_SOLEXS_20240526_SDD2_L1.lc,1716732248.0,1716732761.0,1716733428.0,1180.0,272.0,67.0,205.0,23.46648376889228
20240526,AL1_SOLEXS_20240526_SDD2_L1.lc,1716739394.0,1716739704.0,1716740167.0,773.0,119.0,31.0,88.0,18.53819286639089
20240526,AL1_SOLEXS_20240526_SDD2_L1.lc,1716741349.0,1716741696.0,1716742152.0,803.0,268.0,56.0,212.0,29.342502910145488
20240526,AL1_SOLEXS_20240526_SDD2_L1.lc,1716742757.0,1716743110.0,1716744087.0,1330.0,341.0,169.0,172.0,14.138391924817409
20240526,AL1_SOLEXS_20240526_SDD2_L1.lc,1716744246.0,1716744346.0,1716744538.0,292.0,161.0,112.0,49.0,8.04756483142507
20240526,AL1_SOLEXS_20240526_SDD2_L1.lc,1716744710.0,1716744743.0,1716744821.0,111.0,146.0,84.0,62.0,6.921061801045975
20240526,AL1_SOLEXS_20240526_SDD2_L1.lc,1716744835.0,1716744851.0,1716744963.0,128.0,154.0,80.0,74.0,6.702740236988819
20240526,AL1_SOLEXS_20240526_SDD2_L1.lc,1716748651.0,1716748710.0,1716748792.0,141.0,77.0,36.0,41.0,7.534539969834159
20240526,AL1_SOLEXS_20240526_SDD2_L1.lc,1716748798.0,1716748834.0,1716748868.0,70.0,65.0,36.0,29.0,6.443891402714999
20240527,AL1_SOLEXS_20240527_SDD2_L1.lc,1716768959.0,1716769147.0,1716769319.0,360.0,76.0,27.0,49.0,8.011322785053943
20240527,AL1_SOLEXS_20240527_SDD2_L1.lc,1716772394.0,1716772479.0,1716772485.0,91.0,76.0,41.0,35.0,6.340654732677474
20240527,AL1_SOLEXS_20240527_SDD2_L1.lc,1716772490.0,1716772927.0,1716773354.0,864.0,168.0,56.0,112.0,13.241282878152637
20240527,AL1_SOLEXS_20240527_SDD2_L1.lc,1716774318.0,1716774570.0,1716775217.0,899.0,212.0,79.0,133.0,12.645478916860695
20240527,AL1_SOLEXS_20240527_SDD2_L1.lc,1716776972.0,1716777546.0,1716777632.0,660.0,181.0,82.0,99.0,8.940856152724143
20240527,AL1_SOLEXS_20240527_SDD2_L1.lc,1716778831.0,1716779208.0,1716779261.0,430.0,271.0,196.0,75.0,6.471363930187566
20240527,AL1_SOLEXS_20240527_SDD2_L1.lc,1716779263.0,1716779439.0,1716779447.0,184.0,323.0,216.0,107.0,6.17594072955434
20240527,AL1_SOLEXS_20240527_SDD2_L1.lc,1716779455.0,1716779560.0,1716779580.0,125.0,324.0,232.0,92.0,5.449216963678594
20240527,AL1_SOLEXS_20240527_SDD2_L1.lc,1716781131.0,1716781179.0,1716781207.0,76.0,240.0,161.0,79.0,5.593800829079977
20240527,AL1_SOLEXS_20240527_SDD2_L1.lc,1716783665.0,1716783890.0,1716784237.0,572.0,238.0,123.0,115.0,10.973033857185905
20240527,AL1_SOLEXS_20240527_SDD2_L1.lc,1716785068.0,1716785078.0,1716785136.0,68.0,138.0,78.0,60.0,6.014389187250489
20240527,AL1_SOLEXS_20240527_SDD2_L1.lc,1716788492.0,1716788551.0,1716788739.0,247.0,93.0,40.0,53.0,8.883567703796171
20240527,AL1_SOLEXS_20240527_SDD2_L1.lc,1716792795.0,1716793677.0,1716799410.0,6615.0,16862.0,141.9,16720.1,1407.75981701196
20240527,AL1_SOLEXS_20240527_SDD2_L1.lc,1716799461.0,1716799494.0,1716799523.0,62.0,1123.0,951.0,172.0,5.7430223754979135
20240527,AL1_SOLEXS_20240527_SDD2_L1.lc,1716799630.0,1716799681.0,1716799713.0,83.0,1096.0,917.0,179.0,5.684453038340342
20240527,AL1_SOLEXS_20240527_SDD2_L1.lc,1716800652.0,1716800707.0,1716801291.0,639.0,930.0,723.0,207.0,7.408697934102093
20240527,AL1_SOLEXS_20240527_SDD2_L1.lc,1716811629.0,1716811773.0,1716812360.0,731.0,185.0,1.0,184.0,181.8886877828064
20240527,AL1_SOLEXS_20240527_SDD2_L1.lc,1716840617.0,1716840762.0,1716840972.0,355.0,114.0,0.0,114.0,112.35746606334902
20240528,AL1_SOLEXS_20240528_SDD2_L1.lc,1716856389.0,1716856807.0,1716857118.0,729.0,174.0,0.0,174.0,162.2144796380099
20240528,AL1_SOLEXS_20240528_SDD2_L1.lc,1716858230.0,1716858293.0,1716858383.0,153.0,191.0,102.0,89.0,9.49618698299006
20240528,AL1_SOLEXS_20240528_SDD2_L1.lc,1716859808.0,1716859991.0,1716860928.0,1120.0,333.0,95.0,238.0,30.538500983793856
20240528,AL1_SOLEXS_20240528_SDD2_L1.lc,1716864662.0,1716864730.0,1716864791.0,129.0,94.0,45.0,49.0,7.052484202700314
20240528,AL1_SOLEXS_20240528_SDD2_L1.lc,1716866461.0,1716866611.0,1716866970.0,509.0,135.0,50.0,85.0,12.977233194344638
20240528,AL1_SOLEXS_20240528_SDD2_L1.lc,1716867627.0,1716867784.0,1716868625.0,998.0,440.0,54.0,386.0,52.04088124970376
20240528,AL1_SOLEXS_20240528_SDD2_L1.lc,1716872727.0,1716872964.0,1716873413.0,686.0,175.0,44.0,131.0,21.041262506875597
20240528,AL1_SOLEXS_20240528_SDD2_L1.lc,1716877969.0,1716878152.0,1716878196.0,227.0,93.0,49.0,44.0,7.072656755009772
20240528,AL1_SOLEXS_20240528_SDD2_L1.lc,1716878412.0,1716878555.0,1716878979.0,567.0,169.0,52.0,117.0,14.922062767368537
20240528,AL1_SOLEXS_20240528_SDD2_L1.lc,1716882303.0,1716883338.0,1716883650.0,1347.0,185.0,74.0,111.0,11.001655490418555
20240528,AL1_SOLEXS_20240528_SDD2_L1.lc,1716886978.0,1716887466.0,1716887714.0,736.0,163.0,91.0,72.0,11.07349283721302
20240528,AL1_SOLEXS_20240528_SDD2_L1.lc,1716888873.0,1716889000.0,1716889191.0,318.0,263.0,123.0,140.0,11.071850321220497
20240528,AL1_SOLEXS_20240528_SDD2_L1.lc,1716889872.0,1716889913.0,1716889990.0,118.0,214.0,124.0,90.0,7.006719782597573
20240528,AL1_SOLEXS_20240528_SDD2_L1.lc,1716891661.0,1716891873.0,1716892387.0,726.0,379.0,98.0,281.0,30.075303704735138
20240528,AL1_SOLEXS_20240528_SDD2_L1.lc,1716892911.0,1716893135.0,1716893815.0,904.0,452.0,123.0,329.0,29.449591056044046
20240528,AL1_SOLEXS_20240528_SDD2_L1.lc,1716897479.0,1716897709.0,1716898205.0,726.0,213.0,81.0,132.0,19.032277526395323
20240528,AL1_SOLEXS_20240528_SDD2_L1.lc,1716899140.0,1716899372.0,1716899638.0,498.0,254.0,147.0,107.0,7.656552800637911
20240528,AL1_SOLEXS_20240528_SDD2_L1.lc,1716899640.0,1716899696.0,1716899825.0,185.0,214.0,137.0,77.0,6.842515687807847
20240528,AL1_SOLEXS_20240528_SDD2_L1.lc,1716899832.0,1716899859.0,1716899940.0,108.0,214.0,129.0,85.0,6.681148320933116
20240528,AL1_SOLEXS_20240528_SDD2_L1.lc,1716903662.0,1716903954.0,1716904335.0,673.0,178.0,62.0,116.0,15.849615849623898
20240528,AL1_SOLEXS_20240528_SDD2_L1.lc,1716904662.0,1716904747.0,1716905048.0,386.0,193.0,114.0,79.0,8.567683582996695
20240528,AL1_SOLEXS_20240528_SDD2_L1.lc,1716908065.0,1716908127.0,1716908620.0,555.0,288.0,80.0,208.0,22.355721977219893
20240528,AL1_SOLEXS_20240528_SDD2_L1.lc,1716908622.0,1716908631.0,1716908731.0,109.0,135.0,79.0,56.0,6.2012197833394005
20240528,AL1_SOLEXS_20240528_SDD2_L1.lc,1716909733.0,1716909853.0,1716910233.0,500.0,204.0,74.0,130.0,14.960071692240918
20240528,AL1_SOLEXS_20240528_SDD2_L1.lc,1716911940.0,1716912087.0,1716912324.0,384.0,115.0,51.0,64.0,9.470962255211434
20240528,AL1_SOLEXS_20240528_SDD2_L1.lc,1716913734.0,1716913896.0,1716913923.0,189.0,112.0,59.0,53.0,6.879276310641999
20240528,AL1_SOLEXS_20240528_SDD2_L1.lc,1716916122.0,1716916246.0,1716916389.0,267.0,117.0,62.0,55.0,7.992503015131532
20240528,AL1_SOLEXS_20240528_SDD2_L1.lc,1716916961.0,1716917133.0,1716917427.0,466.0,174.0,85.0,89.0,10.410993279466227
20240528,AL1_SOLEXS_20240528_SDD2_L1.lc,1716919392.0,1716919532.0,1716919791.0,399.0,164.0,55.0,109.0,14.171864149664104
20240528,AL1_SOLEXS_20240528_SDD2_L1.lc,1716921548.0,1716921683.0,1716922294.0,746.0,484.0,85.0,399.0,45.81983535158481
20240528,AL1_SOLEXS_20240528_SDD2_L1.lc,1716922867.0,1716923126.0,1716923353.0,486.0,213.0,107.0,106.0,8.238344635970593
20240528,AL1_SOLEXS_20240528_SDD2_L1.lc,1716925558.0,1716925761.0,1716926510.0,952.0,367.0,74.0,293.0,34.74910185834498
20240528,AL1_SOLEXS_20240528_SDD2_L1.lc,1716929723.0,1716929777.0,1716929806.0,83.0,114.0,51.0,63.0,7.26510927578377
20240528,AL1_SOLEXS_20240528_SDD2_L1.lc,1716929812.0,1716929884.0,1716929944.0,132.0,115.0,52.0,63.0,7.316520687767239
20240528,AL1_SOLEXS_20240528_SDD2_L1.lc,1716930624.0,1716930740.0,1716931122.0,498.0,162.0,58.0,104.0,12.00045732857071
20240528,AL1_SOLEXS_20240528_SDD2_L1.lc,1716931719.0,1716931752.0,1716931797.0,78.0,111.0,67.0,44.0,6.013721798074744
20240528,AL1_SOLEXS_20240528_SDD2_L1.lc,1716933335.0,1716933471.0,1716934050.0,715.0,156.0,60.0,96.0,13.425057114007595
20240528,AL1_SOLEXS_20240528_SDD2_L1.lc,1716934877.0,1716934940.0,1716934982.0,105.0,141.0,90.0,51.0,7.214953500729356
20240528,AL1_SOLEXS_20240528_SDD2_L1.lc,1716939124.0,1716939406.0,1716939995.0,871.0,404.0,81.0,323.0,38.075515334339116
20240529,AL1_SOLEXS_20240529_SDD2_L1.lc,1716941738.0,1716941838.0,1716942334.0,596.0,326.0,130.0,196.0,16.071115899662402
20240529,AL1_SOLEXS_20240529_SDD2_L1.lc,1716942963.0,1716942995.0,1716943027.0,64.0,276.0,195.0,81.0,6.387939096759641
20240529,AL1_SOLEXS_20240529_SDD2_L1.lc,1716943217.0,1716943244.0,1716943288.0,71.0,275.0,188.0,87.0,6.568148761955528
20240529,AL1_SOLEXS_20240529_SDD2_L1.lc,1716944602.0,1716944747.0,1716945514.0,912.0,748.0,187.0,561.0,41.757640772657076
20240529,AL1_SOLEXS_20240529_SDD2_L1.lc,1716958757.0,1716958829.0,1716958975.0,218.0,361.0,268.0,93.0,7.571907376387547
20240529,AL1_SOLEXS_20240529_SDD2_L1.lc,1716964680.0,1716965122.0,1716965717.0,1037.0,803.0,250.9,552.1,37.82142051935365
20240529,AL1_SOLEXS_20240529_SDD2_L1.lc,1716966201.0,1716966384.0,1716967132.0,931.0,522.0,334.9,187.10000000000002,9.050108433049944
20240529,AL1_SOLEXS_20240529_SDD2_L1.lc,1716968099.0,1716968105.0,1716968177.0,78.0,251.0,169.0,82.0,6.009885137487047
20240529,AL1_SOLEXS_20240529_SDD2_L1.lc,1716968179.0,1716968188.0,1716968277.0,98.0,254.0,161.0,93.0,5.989425120791137
20240529,AL1_SOLEXS_20240529_SDD2_L1.lc,1716968280.0,1716968301.0,1716968388.0,108.0,245.0,154.0,91.0,6.193095873021946
20240529,AL1_SOLEXS_20240529_SDD2_L1.lc,1716974841.0,1716975143.0,1716975588.0,747.0,423.0,69.0,354.0,42.174814042803476
20240529,AL1_SOLEXS_20240529_SDD2_L1.lc,1716976321.0,1716976378.0,1716976393.0,72.0,247.0,146.0,101.0,7.009185256547849
20240529,AL1_SOLEXS_20240529_SDD2_L1.lc,1716976395.0,1716976477.0,1716976671.0,276.0,252.0,143.0,109.0,8.93923789195102
20240529,AL1_SOLEXS_20240529_SDD2_L1.lc,1716978127.0,1716978266.0,1716978530.0,403.0,141.0,82.0,59.0,8.915671768497118
20240529,AL1_SOLEXS_20240529_SDD2_L1.lc,1716981369.0,1716981678.0,1716982543.0,1174.0,1056.0,62.0,994.0,127.9244120873727
20240529,AL1_SOLEXS_20240529_SDD2_L1.lc,1716986905.0,1716987312.0,1716988863.0,1958.0,1714.0,87.0,1627.0,171.494927025137
20240529,AL1_SOLEXS_20240529_SDD2_L1.lc,1716990987.0,1716993941.0,1716997819.0,6832.0,10028.0,8849.0,1179.0,12.33927513018254
20240529,AL1_SOLEXS_20240529_SDD2_L1.lc,1716997822.0,1716997829.0,1716997916.0,94.0,4545.0,4174.0,371.0,5.563776118575682
20240529,AL1_SOLEXS_20240529_SDD2_L1.lc,1716999560.0,1716999684.0,1717000286.0,726.0,4025.0,3506.9,518.0999999999999,8.430471331835804
20240529,AL1_SOLEXS_20240529_SDD2_L1.lc,1717000288.0,1717000288.0,1717003730.0,3442.0,3627.0,2853.0,774.0,14.96778390672038
20240529,AL1_SOLEXS_20240529_SDD2_L1.lc,1717003981.0,1717003994.0,1717004097.0,116.0,929.0,772.0,157.0,6.171296368398706
20240529,AL1_SOLEXS_20240529_SDD2_L1.lc,1717004306.0,1717004374.0,1717004582.0,276.0,1041.0,743.9,297.1,13.182653395821317
20240529,AL1_SOLEXS_20240529_SDD2_L1.lc,1717004900.0,1717004913.0,1717004969.0,69.0,720.0,616.9,103.10000000000002,5.887524444470498
20240529,AL1_SOLEXS_20240529_SDD2_L1.lc,1717004971.0,1717005028.0,1717005464.0,493.0,869.0,596.9,272.1,10.235768860922127
20240529,AL1_SOLEXS_20240529_SDD2_L1.lc,1717006685.0,1717008074.0,1717009183.0,2498.0,3572.0,1202.9,2369.1,67.37513267133525
20240529,AL1_SOLEXS_20240529_SDD2_L1.lc,1717009611.0,1717009852.0,1717010741.0,1130.0,563.0,326.9,236.10000000000002,14.16252623598078
20240529,AL1_SOLEXS_20240529_SDD2_L1.lc,1717013200.0,1717013413.0,1717013874.0,674.0,287.0,188.0,99.0,8.254902482643406
20240529,AL1_SOLEXS_20240529_SDD2_L1.lc,1717018374.0,1717018684.0,1717018900.0,526.0,224.0,135.0,89.0,7.992638150583644
20240529,AL1_SOLEXS_20240529_SDD2_L1.lc,1717022483.0,1717022812.0,1717023312.0,829.0,199.0,95.0,104.0,10.207045448092877
20240530,AL1_SOLEXS_20240530_SDD2_L1.lc,1717039179.0,1717039950.0,1717039971.0,792.0,142.0,85.0,57.0,7.223293452470345
20240530,AL1_SOLEXS_20240530_SDD2_L1.lc,1717040024.0,1717040252.0,1717040351.0,327.0,156.0,114.0,42.0,7.774170789510012
20240530,AL1_SOLEXS_20240530_SDD2_L1.lc,1717040397.0,1717040432.0,1717040469.0,72.0,166.0,120.0,46.0,5.5785914239294
20240530,AL1_SOLEXS_20240530_SDD2_L1.lc,1717052120.0,1717053195.0,1717053926.0,1806.0,484.0,215.0,269.0,19.803264049880283
20240530,AL1_SOLEXS_20240530_SDD2_L1.lc,1717054791.0,1717054812.0,1717054870.0,79.0,255.0,171.0,84.0,5.946677279043732
20240530,AL1_SOLEXS_20240530_SDD2_L1.lc,1717055034.0,1717055061.0,1717055265.0,231.0,217.0,146.9,70.1,6.723920936209031
20240530,AL1_SOLEXS_20240530_SDD2_L1.lc,1717055280.0,1717055343.0,1717055517.0,237.0,180.0,126.0,54.0,6.69217312441174
20240530,AL1_SOLEXS_20240530_SDD2_L1.lc,1717089942.0,1717089969.0,1717090061.0,119.0,85.0,33.0,52.0,7.97574983323543
20240530,AL1_SOLEXS_20240530_SDD2_L1.lc,1717094533.0,1717094743.0,1717095462.0,929.0,359.0,29.0,330.0,56.926628431493505
20240530,AL1_SOLEXS_20240530_SDD2_L1.lc,1717095861.0,1717095937.0,1717096054.0,193.0,117.0,37.0,80.0,10.822214240343072
20240531,AL1_SOLEXS_20240531_SDD2_L1.lc,1717114565.0,1717114898.0,1717115240.0,675.0,93.0,28.0,65.0,11.535954585257283
20240531,AL1_SOLEXS_20240531_SDD2_L1.lc,1717118843.0,1717118880.0,1717118928.0,85.0,61.0,22.0,39.0,8.03872818664274
20240531,AL1_SOLEXS_20240531_SDD2_L1.lc,1717122401.0,1717122858.0,1717123700.0,1299.0,369.0,29.0,340.0,66.18904467973299
20240531,AL1_SOLEXS_20240531_SDD2_L1.lc,1717124343.0,1717124413.0,1717124759.0,416.0,114.0,53.0,61.0,7.901775210825751
20240531,AL1_SOLEXS_20240531_SDD2_L1.lc,1717126334.0,1717126631.0,1717127716.0,1382.0,553.0,49.0,504.0,70.3217840982551
20240531,AL1_SOLEXS_20240531_SDD2_L1.lc,1717127721.0,1717127748.0,1717127849.0,128.0,89.0,38.0,51.0,6.469625165440407
20240531,AL1_SOLEXS_20240531_SDD2_L1.lc,1717129916.0,1717130292.0,1717130529.0,613.0,83.0,32.0,51.0,9.53842253725925
20240531,AL1_SOLEXS_20240531_SDD2_L1.lc,1717130670.0,1717130684.0,1717130736.0,66.0,101.0,43.900000000000006,57.099999999999994,6.372477488005321
20240531,AL1_SOLEXS_20240531_SDD2_L1.lc,1717136282.0,1717136466.0,1717136816.0,534.0,87.0,21.0,66.0,13.323337721865673
20240531,AL1_SOLEXS_20240531_SDD2_L1.lc,1717138024.0,1717138034.0,1717138178.0,154.0,70.0,37.0,33.0,6.641867864500579
20240531,AL1_SOLEXS_20240531_SDD2_L1.lc,1717139382.0,1717139441.0,1717139562.0,180.0,82.0,35.0,47.0,7.2957080588275565
20240531,AL1_SOLEXS_20240531_SDD2_L1.lc,1717145958.0,1717146264.0,1717146331.0,373.0,60.0,25.0,35.0,7.3929411764706545
20240531,AL1_SOLEXS_20240531_SDD2_L1.lc,1717146334.0,1717146355.0,1717146411.0,77.0,81.0,25.0,56.0,7.026787330316805
20240531,AL1_SOLEXS_20240531_SDD2_L1.lc,1717150789.0,1717150846.0,1717150853.0,64.0,42.0,21.0,21.0,6.912866287521249
20240531,AL1_SOLEXS_20240531_SDD2_L1.lc,1717153978.0,1717154433.0,1717155637.0,1659.0,555.0,27.0,528.0,104.12629664844523
20240531,AL1_SOLEXS_20240531_SDD2_L1.lc,1717159131.0,1717159268.0,1717159931.0,800.0,239.0,29.0,210.0,38.93249808701739
20240531,AL1_SOLEXS_20240531_SDD2_L1.lc,1717169125.0,1717169339.0,1717169527.0,402.0,83.0,30.0,53.0,8.084318858573308
20240531,AL1_SOLEXS_20240531_SDD2_L1.lc,1717171777.0,1717171894.0,1717172644.0,867.0,425.0,48.0,377.0,57.71229865044731
20240531,AL1_SOLEXS_20240531_SDD2_L1.lc,1717173557.0,1717173683.0,1717173927.0,370.0,131.0,46.0,85.0,13.06322388368946
20240531,AL1_SOLEXS_20240531_SDD2_L1.lc,1717175386.0,1717175453.0,1717175487.0,101.0,78.0,39.0,39.0,5.985749792826244
20240531,AL1_SOLEXS_20240531_SDD2_L1.lc,1717175771.0,1717176324.0,1717177160.0,1389.0,217.0,65.0,152.0,22.00791511538348
20240531,AL1_SOLEXS_20240531_SDD2_L1.lc,1717178848.0,1717178931.0,1717179022.0,174.0,127.0,64.0,63.0,7.311651583710489
20240531,AL1_SOLEXS_20240531_SDD2_L1.lc,1717186729.0,1717186824.0,1717186961.0,232.0,104.0,46.0,58.0,8.454495227046772
20240531,AL1_SOLEXS_20240531_SDD2_L1.lc,1717186965.0,1717187212.0,1717187432.0,467.0,144.0,53.0,91.0,10.595409654449423
20240531,AL1_SOLEXS_20240531_SDD2_L1.lc,1717187515.0,1717187564.0,1717187593.0,78.0,108.0,71.0,37.0,6.160739319214177
20240531,AL1_SOLEXS_20240531_SDD2_L1.lc,1717192590.0,1717192978.0,1717195952.0,3362.0,8871.0,62.0,8809.0,1119.7551776742955
20240531,AL1_SOLEXS_20240531_SDD2_L1.lc,1717195958.0,1717195979.0,1717196034.0,76.0,176.0,119.0,57.0,6.148516661289311
20240531,AL1_SOLEXS_20240531_SDD2_L1.lc,1717196395.0,1717196457.0,1717196508.0,113.0,161.0,92.0,69.0,6.726429686405958
20260506,AL1_SOLEXS_20260506_SDD2_L1.lc,1778042439.0,1778042490.0,1778042501.0,62.0,14.0,3.0,11.0,7.629383376205403
20260506,AL1_SOLEXS_20260506_SDD2_L1.lc,1778042509.0,1778042789.0,1778042965.0,456.0,31.0,4.0,27.0,8.521266968325849
20260506,AL1_SOLEXS_20260506_SDD2_L1.lc,1778088148.0,1778088264.0,1778088449.0,301.0,34.0,5.0,29.0,11.017238458551976
20260507,AL1_SOLEXS_20260507_SDD2_L1.lc,1778117486.0,1778117532.0,1778117546.0,60.0,42.0,15.0,27.0,6.95805116641722
20260507,AL1_SOLEXS_20260507_SDD2_L1.lc,1778117607.0,1778118664.0,1778118677.0,1070.0,102.0,72.0,30.0,6.307328496620175
20260507,AL1_SOLEXS_20260507_SDD2_L1.lc,1778150532.0,1778150687.0,1778151336.0,804.0,65.0,5.0,60.0,31.09895012833707
20260507,AL1_SOLEXS_20260507_SDD2_L1.lc,1778158672.0,1778158757.0,1778158940.0,268.0,34.0,8.0,26.0,10.545169816446329
20260507,AL1_SOLEXS_20260507_SDD2_L1.lc,1778163642.0,1778163912.0,1778163986.0,344.0,56.0,20.0,36.0,8.010384695866957
20260507,AL1_SOLEXS_20260507_SDD2_L1.lc,1778163989.0,1778166929.0,1778169144.0,5155.0,1659.0,1251.0,408.0,11.479744625152401
20260507,AL1_SOLEXS_20260507_SDD2_L1.lc,1778169293.0,1778169329.0,1778169420.0,127.0,405.0,298.0,107.0,6.353728109937582
20260507,AL1_SOLEXS_20260507_SDD2_L1.lc,1778169459.0,1778169554.0,1778170058.0,599.0,389.0,262.0,127.0,7.190041912356678
20260507,AL1_SOLEXS_20260507_SDD2_L1.lc,1778170060.0,1778170067.0,1778170146.0,86.0,311.0,211.0,100.0,6.721241636832458
20260507,AL1_SOLEXS_20260507_SDD2_L1.lc,1778172374.0,1778172447.0,1778172454.0,80.0,214.0,133.0,81.0,6.7370913414954625
20260507,AL1_SOLEXS_20260507_SDD2_L1.lc,1778172458.0,1778172463.0,1778172640.0,182.0,209.0,131.0,78.0,6.683559294615559
20260507,AL1_SOLEXS_20260507_SDD2_L1.lc,1778176128.0,1778176608.0,1778177987.0,1859.0,236.0,61.0,175.0,25.09673478308229
20260507,AL1_SOLEXS_20260507_SDD2_L1.lc,1778177990.0,1778178015.0,1778178054.0,64.0,88.0,44.0,44.0,6.27921250415915
20260507,AL1_SOLEXS_20260507_SDD2_L1.lc,1778197470.0,1778197514.0,1778197545.0,75.0,26.0,2.5,23.5,13.19828809133994
20260508,AL1_SOLEXS_20260508_SDD2_L1.lc,1778255133.0,1778255459.0,1778256202.0,1069.0,133.0,7.0,126.0,59.96945091933947
20260508,AL1_SOLEXS_20260508_SDD2_L1.lc,1778256806.0,1778256823.0,1778256904.0,98.0,21.0,13.0,8.0,6.598422379441251
20260508,AL1_SOLEXS_20260508_SDD2_L1.lc,1778256911.0,1778256934.0,1778257004.0,93.0,41.0,12.0,29.0,8.556539984962875
20260508,AL1_SOLEXS_20260508_SDD2_L1.lc,1778263247.0,1778263430.0,1778263544.0,297.0,44.0,9.0,35.0,9.238914027149386
20260508,AL1_SOLEXS_20260508_SDD2_L1.lc,1778264671.0,1778264698.0,1778264757.0,86.0,25.0,5.0,20.0,8.477631841572563
20260508,AL1_SOLEXS_20260508_SDD2_L1.lc,1778267134.0,1778267251.0,1778267365.0,231.0,69.0,5.0,64.0,26.717066328809402
20260508,AL1_SOLEXS_20260508_SDD2_L1.lc,1778268021.0,1778268052.0,1778268101.0,80.0,27.0,6.0,21.0,8.848827877737602
20260508,AL1_SOLEXS_20260508_SDD2_L1.lc,1778268350.0,1778268404.0,1778268410.0,60.0,19.0,6.0,13.0,7.074702727685581
20260508,AL1_SOLEXS_20260508_SDD2_L1.lc,1778271156.0,1778271648.0,1778272087.0,931.0,84.0,8.0,76.0,25.370735342717843
20260508,AL1_SOLEXS_20260508_SDD2_L1.lc,1778272895.0,1778272925.0,1778273051.0,156.0,51.0,12.0,39.0,10.546439080174371
20260508,AL1_SOLEXS_20260508_SDD2_L1.lc,1778282647.0,1778282940.0,1778283590.0,943.0,73.0,5.0,68.0,34.940939867777004
20260509,AL1_SOLEXS_20260509_SDD2_L1.lc,1778285996.0,1778286105.0,1778286297.0,301.0,34.0,3.0,31.0,15.934867429633767
20260509,AL1_SOLEXS_20260509_SDD2_L1.lc,1778293338.0,1778293757.0,1778294194.0,856.0,63.0,9.900000000000006,53.099999999999994,17.410687072729534
20260509,AL1_SOLEXS_20260509_SDD2_L1.lc,1778297290.0,1778297461.0,1778297984.0,694.0,80.0,8.0,72.0,29.031372756091297
20260509,AL1_SOLEXS_20260509_SDD2_L1.lc,1778307943.0,1778308384.0,1778308632.0,689.0,34.0,9.0,25.0,8.653092006033242
20260509,AL1_SOLEXS_20260509_SDD2_L1.lc,1778308704.0,1778308745.0,1778308849.0,145.0,24.0,8.0,16.0,6.494503821051878
20260509,AL1_SOLEXS_20260509_SDD2_L1.lc,1778313600.0,1778313728.0,1778313988.0,388.0,46.0,6.0,40.0,16.353207312943056
20260509,AL1_SOLEXS_20260509_SDD2_L1.lc,1778318595.0,1778318652.0,1778318711.0,116.0,27.0,7.0,20.0,7.687215897203107
20260509,AL1_SOLEXS_20260509_SDD2_L1.lc,1778332714.0,1778332777.0,1778332823.0,109.0,30.0,9.0,21.0,8.14389140271499
20260509,AL1_SOLEXS_20260509_SDD2_L1.lc,1778335895.0,1778335985.0,1778336062.0,167.0,39.0,12.0,27.0,7.589935461885213
20260509,AL1_SOLEXS_20260509_SDD2_L1.lc,1778336064.0,1778336122.0,1778336139.0,75.0,41.0,14.900000000000006,26.099999999999994,6.908331060852869
20260509,AL1_SOLEXS_20260509_SDD2_L1.lc,1778337302.0,1778337431.0,1778337577.0,275.0,42.0,13.0,29.0,7.242226000851986
20260509,AL1_SOLEXS_20260509_SDD2_L1.lc,1778337591.0,1778337607.0,1778337653.0,62.0,19.0,10.0,9.0,6.677700173970093
20260509,AL1_SOLEXS_20260509_SDD2_L1.lc,1778337675.0,1778337684.0,1778337738.0,63.0,31.0,9.0,22.0,6.465158371040775
20260509,AL1_SOLEXS_20260509_SDD2_L1.lc,1778340246.0,1778340405.0,1778340548.0,302.0,42.0,9.0,33.0,9.272398190045314
20260509,AL1_SOLEXS_20260509_SDD2_L1.lc,1778340622.0,1778340687.0,1778340824.0,202.0,24.0,10.0,14.0,8.477479740015255
20260509,AL1_SOLEXS_20260509_SDD2_L1.lc,1778352857.0,1778352887.0,1778352928.0,71.0,20.0,7.0,13.0,7.811721841253206
20260509,AL1_SOLEXS_20260509_SDD2_L1.lc,1778362925.0,1778363251.0,1778363395.0,470.0,45.0,19.0,26.0,8.870188066865119
20260510,AL1_SOLEXS_20260510_SDD2_L1.lc,1778380341.0,1778380388.0,1778380464.0,123.0,31.0,11.0,20.0,8.157996543154791
20260510,AL1_SOLEXS_20260510_SDD2_L1.lc,1778380669.0,1778380797.0,1778380970.0,301.0,58.0,11.0,47.0,16.27124389127721
20260510,AL1_SOLEXS_20260510_SDD2_L1.lc,1778389365.0,1778389477.0,1778389824.0,459.0,71.0,8.0,63.0,18.09841406236077
20260510,AL1_SOLEXS_20260510_SDD2_L1.lc,1778395053.0,1778395250.0,1778395504.0,451.0,44.0,5.0,39.0,14.78678364270277
20260510,AL1_SOLEXS_20260510_SDD2_L1.lc,1778398247.0,1778398388.0,1778398757.0,510.0,82.0,10.0,72.0,18.411896635498124
20260510,AL1_SOLEXS_20260510_SDD2_L1.lc,1778404936.0,1778405072.0,1778405310.0,374.0,81.0,8.0,73.0,21.32998803972917
20260510,AL1_SOLEXS_20260510_SDD2_L1.lc,1778405727.0,1778405985.0,1778406322.0,595.0,150.0,13.0,137.0,37.4881954333974
20260510,AL1_SOLEXS_20260510_SDD2_L1.lc,1778409682.0,1778409788.0,1778409939.0,257.0,36.0,6.0,30.0,8.555480237349991
20260510,AL1_SOLEXS_20260510_SDD2_L1.lc,1778417708.0,1778417749.0,1778417822.0,114.0,35.0,6.0,29.0,11.830333492256509
20260510,AL1_SOLEXS_20260510_SDD2_L1.lc,1778419517.0,1778420352.0,1778424637.0,5120.0,3693.0,54.0,3639.0,499.6738633516041
20260510,AL1_SOLEXS_20260510_SDD2_L1.lc,1778426320.0,1778426420.0,1778426600.0,280.0,176.0,72.0,104.0,13.176396271748533
20260510,AL1_SOLEXS_20260510_SDD2_L1.lc,1778447172.0,1778447263.0,1778447437.0,265.0,22.0,7.0,15.0,8.55944160414748
20260510,AL1_SOLEXS_20260510_SDD2_L1.lc,1778455012.0,1778455127.0,1778455281.0,269.0,32.0,6.0,26.0,11.680334572864354
20260511,AL1_SOLEXS_20260511_SDD2_L1.lc,1778460726.0,1778460781.0,1778460799.0,73.0,15.0,6.0,9.0,6.130744010821171
20260511,AL1_SOLEXS_20260511_SDD2_L1.lc,1778488130.0,1778488276.0,1778488647.0,517.0,45.0,6.0,39.0,14.32194115821878
20260511,AL1_SOLEXS_20260511_SDD2_L1.lc,1778500366.0,1778500495.0,1778500698.0,332.0,34.0,6.0,28.0,11.13427939340228
20260511,AL1_SOLEXS_20260511_SDD2_L1.lc,1778508734.0,1778508945.0,1778509086.0,352.0,70.0,6.0,64.0,26.658059184090686
20260512,AL1_SOLEXS_20260512_SDD2_L1.lc,1778547276.0,1778547343.0,1778547352.0,76.0,22.0,7.0,15.0,7.268889607166646
20260512,AL1_SOLEXS_20260512_SDD2_L1.lc,1778547357.0,1778547692.0,1778547758.0,401.0,39.0,10.0,29.0,8.262273151739544
20260512,AL1_SOLEXS_20260512_SDD2_L1.lc,1778578392.0,1778578555.0,1778578639.0,247.0,30.0,6.0,24.0,8.484544787785229
20260512,AL1_SOLEXS_20260512_SDD2_L1.lc,1778581396.0,1778581583.0,1778581942.0,546.0,34.0,7.0,27.0,12.829585025909669
20260512,AL1_SOLEXS_20260512_SDD2_L1.lc,1778590030.0,1778590147.0,1778590294.0,264.0,60.0,11.0,49.0,15.221820695579394
20260512,AL1_SOLEXS_20260512_SDD2_L1.lc,1778597828.0,1778597924.0,1778598018.0,190.0,31.0,4.0,27.0,17.359728506787434
20260512,AL1_SOLEXS_20260512_SDD2_L1.lc,1778606155.0,1778606244.0,1778606332.0,177.0,34.0,7.0,27.0,10.980808576484435
20260512,AL1_SOLEXS_20260512_SDD2_L1.lc,1778622515.0,1778622522.0,1778622576.0,61.0,25.0,6.0,19.0,7.488123394680211
20260512,AL1_SOLEXS_20260512_SDD2_L1.lc,1778624194.0,1778624255.0,1778624340.0,146.0,26.0,5.0,21.0,9.097255384296941
20260513,AL1_SOLEXS_20260513_SDD2_L1.lc,1778637000.0,1778637286.0,1778637682.0,682.0,78.0,8.0,70.0,20.951157981392125
20260513,AL1_SOLEXS_20260513_SDD2_L1.lc,1778654246.0,1778654392.0,1778654768.0,522.0,73.0,10.0,63.0,17.952293203622066
20260513,AL1_SOLEXS_20260513_SDD2_L1.lc,1778668512.0,1778668599.0,1778668769.0,257.0,50.0,7.0,43.0,15.520828893454118
20260513,AL1_SOLEXS_20260513_SDD2_L1.lc,1778691089.0,1778691336.0,1778691530.0,441.0,19.0,3.0,16.0,12.895026826787376
20260513,AL1_SOLEXS_20260513_SDD2_L1.lc,1778692307.0,1778692499.0,1778692669.0,362.0,60.0,12.0,48.0,11.99477839799668
20260513,AL1_SOLEXS_20260513_SDD2_L1.lc,1778694407.0,1778694470.0,1778694624.0,217.0,43.0,13.0,30.0,8.2936464180409
20260513,AL1_SOLEXS_20260513_SDD2_L1.lc,1778695479.0,1778695510.0,1778695598.0,119.0,33.0,11.0,22.0,7.238728018374255
20260513,AL1_SOLEXS_20260513_SDD2_L1.lc,1778701337.0,1778701653.0,1778701906.0,569.0,40.0,7.0,33.0,11.638227325012705
20260514,AL1_SOLEXS_20260514_SDD2_L1.lc,1778724671.0,1778724748.0,1778724909.0,238.0,37.0,7.0,30.0,15.52082889345412
20260514,AL1_SOLEXS_20260514_SDD2_L1.lc,1778729487.0,1778730064.0,1778730785.0,1298.0,82.0,7.0,75.0,33.7281129642969
20260514,AL1_SOLEXS_20260514_SDD2_L1.lc,1778736290.0,1778736984.0,1778737210.0,920.0,52.0,14.0,38.0,11.7631226248062
20260514,AL1_SOLEXS_20260514_SDD2_L1.lc,1778738630.0,1778738760.0,1778738768.0,138.0,38.0,14.0,24.0,7.52999479136613
20260514,AL1_SOLEXS_20260514_SDD2_L1.lc,1778740660.0,1778740956.0,1778741494.0,834.0,261.0,13.0,248.0,76.17640065781416
20260514,AL1_SOLEXS_20260514_SDD2_L1.lc,1778742407.0,1778742552.0,1778742766.0,359.0,73.0,29.0,44.0,8.11950765553169
20260514,AL1_SOLEXS_20260514_SDD2_L1.lc,1778748824.0,1778748895.0,1778748999.0,175.0,32.0,9.0,23.0,7.673001508295681
20260514,AL1_SOLEXS_20260514_SDD2_L1.lc,1778750155.0,1778750498.0,1778750857.0,702.0,86.0,10.0,76.0,25.78358082086262
20260514,AL1_SOLEXS_20260514_SDD2_L1.lc,1778755848.0,1778755894.0,1778755975.0,127.0,67.0,23.0,44.0,8.025068779203034
20260514,AL1_SOLEXS_20260514_SDD2_L1.lc,1778756035.0,1778756147.0,1778756885.0,850.0,98.0,27.0,71.0,12.961034595120083
20260514,AL1_SOLEXS_20260514_SDD2_L1.lc,1778758258.0,1778758623.0,1778759253.0,995.0,162.0,14.0,148.0,38.71345602080246
20260514,AL1_SOLEXS_20260514_SDD2_L1.lc,1778769093.0,1778769143.0,1778769284.0,191.0,35.0,8.0,27.0,9.076563424751185
20260514,AL1_SOLEXS_20260514_SDD2_L1.lc,1778778582.0,1778780100.0,1778780214.0,1632.0,211.0,109.0,102.0,10.344090474829624
20260514,AL1_SOLEXS_20260514_SDD2_L1.lc,1778797103.0,1778797189.0,1778797532.0,429.0,38.0,9.0,29.0,9.862745098039284
20260515,AL1_SOLEXS_20260515_SDD2_L1.lc,1778809916.0,1778809968.0,1778810025.0,109.0,19.0,5.0,14.0,7.414032448836005
20260515,AL1_SOLEXS_20260515_SDD2_L1.lc,1778813988.0,1778814549.0,1778814940.0,952.0,84.0,16.0,68.0,19.71809954751144
20260515,AL1_SOLEXS_20260515_SDD2_L1.lc,1778818984.0,1778819031.0,1778819072.0,88.0,21.0,4.0,17.0,8.327149321267022
20260515,AL1_SOLEXS_20260515_SDD2_L1.lc,1778837683.0,1778837780.0,1778837966.0,283.0,18.0,2.0,16.0,16.720355733595838
20260515,AL1_SOLEXS_20260515_SDD2_L1.lc,1778843351.0,1778843467.0,1778843695.0,344.0,17.0,1.0,16.0,15.631674208144887
20260515,AL1_SOLEXS_20260515_SDD2_L1.lc,1778845571.0,1778845860.0,1778846175.0,604.0,210.0,1.0,209.0,198.84524886877932
20260515,AL1_SOLEXS_20260515_SDD2_L1.lc,1778850724.0,1778850829.0,1778851329.0,605.0,371.0,2.0,369.0,263.9415242430303
20260515,AL1_SOLEXS_20260515_SDD2_L1.lc,1778852861.0,1778853083.0,1778853238.0,377.0,26.0,2.0,24.0,16.434313442925806
20260515,AL1_SOLEXS_20260515_SDD2_L1.lc,1778853241.0,1778853247.0,1778853315.0,74.0,17.0,3.0,14.0,7.352986731498333
20260515,AL1_SOLEXS_20260515_SDD2_L1.lc,1778861533.0,1778861689.0,1778862343.0,810.0,580.0,2.0,578.0,384.71792213224956
20260515,AL1_SOLEXS_20260515_SDD2_L1.lc,1778866684.0,1778866812.0,1778866934.0,250.0,27.0,3.0,24.0,8.994646953936172
20260515,AL1_SOLEXS_20260515_SDD2_L1.lc,1778875462.0,1778875585.0,1778876003.0,541.0,16.0,1.0,15.0,17.059728506787422
20260515,AL1_SOLEXS_20260515_SDD2_L1.lc,1778885324.0,1778885399.0,1778885691.0,367.0,28.0,2.0,26.0,15.909582618877868
20260516,AL1_SOLEXS_20260516_SDD2_L1.lc,1778941505.0,1778941569.0,1778941607.0,102.0,21.0,3.0,18.0,7.9188422441973065
20260516,AL1_SOLEXS_20260516_SDD2_L1.lc,1778941609.0,1778941619.0,1778941717.0,108.0,15.0,3.0,12.0,7.634608265519338
20260516,AL1_SOLEXS_20260516_SDD2_L1.lc,1778941910.0,1778941943.0,1778941973.0,63.0,15.0,5.0,10.0,7.337135993501169
20260516,AL1_SOLEXS_20260516_SDD2_L1.lc,1778944270.0,1778944355.0,1778945006.0,736.0,172.0,4.0,168.0,79.2981900452493
20260516,AL1_SOLEXS_20260516_SDD2_L1.lc,1778947060.0,1778947949.0,1778948334.0,1274.0,1034.0,46.0,988.0,146.01650600322125
20260516,AL1_SOLEXS_20260516_SDD2_L1.lc,1778948653.0,1778948927.0,1778950674.0,2021.0,675.0,371.9,303.1,14.823011668476747
20260516,AL1_SOLEXS_20260516_SDD2_L1.lc,1778953223.0,1778953305.0,1778953812.0,589.0,1422.0,46.0,1376.0,199.01074769942383
20260516,AL1_SOLEXS_20260516_SDD2_L1.lc,1778958363.0,1778958420.0,1778958660.0,297.0,78.0,17.0,61.0,13.993537352209517
20260516,AL1_SOLEXS_20260516_SDD2_L1.lc,1778961696.0,1778961807.0,1778962283.0,587.0,116.0,17.0,99.0,27.942298896719993
20260516,AL1_SOLEXS_20260516_SDD2_L1.lc,1778970321.0,1778970426.0,1778970460.0,139.0,26.0,8.0,18.0,8.447846309352283
20260516,AL1_SOLEXS_20260516_SDD2_L1.lc,1778973550.0,1778974176.0,1778975162.0,1612.0,280.0,11.0,269.0,79.63119256007771
20260517,AL1_SOLEXS_20260517_SDD2_L1.lc,1778988797.0,1778989117.0,1778990457.0,1660.0,932.0,5.0,927.0,414.852329349574
20260518,AL1_SOLEXS_20260518_SDD2_L1.lc,1779074639.0,1779074966.0,1779075188.0,549.0,17.0,1.0,16.0,14.075113122172024
20260518,AL1_SOLEXS_20260518_SDD2_L1.lc,1779128190.0,1779128847.0,1779129107.0,917.0,58.0,5.0,53.0,21.067605170814883
20260518,AL1_SOLEXS_20260518_SDD2_L1.lc,1779129112.0,1779129159.0,1779129183.0,71.0,39.0,15.0,24.0,6.616667837982282
20260518,AL1_SOLEXS_20260518_SDD2_L1.lc,1779129261.0,1779129270.0,1779129328.0,67.0,52.0,15.0,37.0,6.867856803120925
20260518,AL1_SOLEXS_20260518_SDD2_L1.lc,1779134345.0,1779134376.0,1779134536.0,191.0,5.0,1.0,4.0,10.357466063348475
20260519,AL1_SOLEXS_20260519_SDD2_L1.lc,1779176201.0,1779176371.0,1779176891.0,690.0,67.0,1.0,66.0,64.93393665158405
20260519,AL1_SOLEXS_20260519_SDD2_L1.lc,1779186245.0,1779186398.0,1779186608.0,363.0,13.0,1.0,12.0,13.016289592760256
20260519,AL1_SOLEXS_20260519_SDD2_L1.lc,1779199618.0,1779199701.0,1779199807.0,189.0,4.0,1.0,3.0,9.271493212669737
20260519,AL1_SOLEXS_20260519_SDD2_L1.lc,1779209253.0,1779209476.0,1779210067.0,814.0,23.0,2.0,21.0,19.651809276234385
20260519,AL1_SOLEXS_20260519_SDD2_L1.lc,1779220298.0,1779220402.0,1779220418.0,120.0,13.0,1.0,12.0,9.827149321267026
20260519,AL1_SOLEXS_20260519_SDD2_L1.lc,1779220435.0,1779220468.0,1779220502.0,67.0,7.0,2.0,5.0,7.108182918932325
20260519,AL1_SOLEXS_20260519_SDD2_L1.lc,1779220507.0,1779220811.0,1779221247.0,740.0,66.0,4.0,62.0,30.774208144796553
20260519,AL1_SOLEXS_20260519_SDD2_L1.lc,1779221563.0,1779221667.0,1779221875.0,312.0,47.0,9.0,38.0,11.898944193061917
20260519,AL1_SOLEXS_20260519_SDD2_L1.lc,1779222865.0,1779222921.0,1779222985.0,120.0,18.0,5.0,13.0,7.489310031426949
20260519,AL1_SOLEXS_20260519_SDD2_L1.lc,1779223040.0,1779223081.0,1779223175.0,135.0,16.0,3.9000000000000057,12.099999999999994,7.654889030520001
20260519,AL1_SOLEXS_20260519_SDD2_L1.lc,1779225578.0,1779225866.0,1779226072.0,494.0,20.0,3.0,17.0,11.603956677314459
20260519,AL1_SOLEXS_20260519_SDD2_L1.lc,1779228094.0,1779228159.0,1779228416.0,322.0,47.0,7.0,40.0,12.738941962246823
20260520,AL1_SOLEXS_20260520_SDD2_L1.lc,1779271661.0,1779271830.0,1779271847.0,186.0,20.0,4.0,16.0,8.058371040724035
20260521,AL1_SOLEXS_20260521_SDD2_L1.lc,1779369402.0,1779369653.0,1779370112.0,710.0,302.0,5.0,297.0,127.54976933663437
20260521,AL1_SOLEXS_20260521_SDD2_L1.lc,1779381306.0,1779381368.0,1779381529.0,223.0,27.0,5.0,22.0,8.308459639835926
20260521,AL1_SOLEXS_20260521_SDD2_L1.lc,1779387059.0,1779387917.0,1779389110.0,2051.0,486.0,72.9,413.1,49.69874151886008
20260521,AL1_SOLEXS_20260521_SDD2_L1.lc,1779389113.0,1779389127.0,1779389203.0,90.0,37.0,9.0,28.0,7.268476621417853
20260521,AL1_SOLEXS_20260521_SDD2_L1.lc,1779393108.0,1779393179.0,1779393185.0,77.0,23.0,7.900000000000006,15.099999999999994,6.828316642604762
20260521,AL1_SOLEXS_20260521_SDD2_L1.lc,1779393232.0,1779393258.0,1779393318.0,86.0,20.0,8.0,12.0,6.8534964945773575
20260521,AL1_SOLEXS_20260521_SDD2_L1.lc,1779393322.0,1779393371.0,1779393442.0,120.0,33.0,9.0,24.0,6.752337858220263
20260523,AL1_SOLEXS_20260523_SDD2_L1.lc,1779502956.0,1779503100.0,1779503338.0,382.0,41.0,8.0,33.0,12.392606266478523
20260523,AL1_SOLEXS_20260523_SDD2_L1.lc,1779506732.0,1779506862.0,1779507093.0,361.0,29.0,5.0,24.0,12.067077432965457
20260523,AL1_SOLEXS_20260523_SDD2_L1.lc,1779508183.0,1779508258.0,1779508359.0,176.0,53.0,5.0,48.0,16.872296455020685
20260523,AL1_SOLEXS_20260523_SDD2_L1.lc,1779514930.0,1779515282.0,1779515729.0,799.0,162.0,8.0,154.0,52.08657335878782
20260523,AL1_SOLEXS_20260523_SDD2_L1.lc,1779520475.0,1779520635.0,1779520850.0,375.0,72.0,19.0,53.0,11.82996245786851
20260523,AL1_SOLEXS_20260523_SDD2_L1.lc,1779527532.0,1779527599.0,1779527810.0,278.0,62.0,7.0,55.0,21.237156742259767
20260523,AL1_SOLEXS_20260523_SDD2_L1.lc,1779536517.0,1779536633.0,1779536999.0,482.0,114.0,7.0,107.0,42.0864295819019
20260523,AL1_SOLEXS_20260523_SDD2_L1.lc,1779545364.0,1779545489.0,1779545881.0,517.0,75.0,10.0,65.0,23.070890328488304
20260523,AL1_SOLEXS_20260523_SDD2_L1.lc,1779548225.0,1779548268.0,1779548287.0,62.0,35.0,13.0,22.0,6.466398712828371
20260523,AL1_SOLEXS_20260523_SDD2_L1.lc,1779548291.0,1779548475.0,1779548527.0,236.0,46.0,16.0,30.0,7.334389140271552
20260523,AL1_SOLEXS_20260523_SDD2_L1.lc,1779556339.0,1779556448.0,1779556583.0,244.0,65.0,20.0,45.0,8.39567640891308
20260523,AL1_SOLEXS_20260523_SDD2_L1.lc,1779557947.0,1779557968.0,1779558174.0,227.0,61.0,19.0,42.0,9.522725308091525
20260523,AL1_SOLEXS_20260523_SDD2_L1.lc,1779558213.0,1779558297.0,1779558663.0,450.0,57.0,21.0,36.0,8.925802898539786
20260523,AL1_SOLEXS_20260523_SDD2_L1.lc,1779563534.0,1779564311.0,1779564315.0,781.0,98.0,47.0,51.0,6.2908072713337
20260523,AL1_SOLEXS_20260523_SDD2_L1.lc,1779570225.0,1779570367.0,1779570685.0,460.0,102.0,36.0,66.0,10.457315233785911
20260523,AL1_SOLEXS_20260523_SDD2_L1.lc,1779571968.0,1779572181.0,1779572640.0,672.0,106.0,48.0,58.0,9.544697176460527
20260523,AL1_SOLEXS_20260523_SDD2_L1.lc,1779573622.0,1779573863.0,1779574215.0,593.0,243.0,30.0,213.0,40.44274315783193
20260523,AL1_SOLEXS_20260523_SDD2_L1.lc,1779575261.0,1779575455.0,1779575872.0,611.0,104.0,26.0,78.0,13.319746448855822
20260523,AL1_SOLEXS_20260523_SDD2_L1.lc,1779580186.0,1779580789.0,1779580799.0,613.0,190.0,36.0,154.0,30.302111613876516
20260524,AL1_SOLEXS_20260524_SDD2_L1.lc,1779580801.0,1779580801.0,1779581588.0,787.0,222.0,71.0,151.0,17.982484684292366
20260524,AL1_SOLEXS_20260524_SDD2_L1.lc,1779584051.0,1779584678.0,1779584939.0,888.0,151.0,30.0,121.0,21.612983416197206
20260524,AL1_SOLEXS_20260524_SDD2_L1.lc,1779588615.0,1779588675.0,1779588682.0,67.0,62.0,31.0,31.0,6.902857531018259
20260524,AL1_SOLEXS_20260524_SDD2_L1.lc,1779588698.0,1779588793.0,1779588927.0,229.0,83.0,34.0,49.0,8.627853254893477
20260524,AL1_SOLEXS_20260524_SDD2_L1.lc,1779589401.0,1779589484.0,1779589555.0,154.0,128.0,61.0,67.0,8.359128137664323
20260524,AL1_SOLEXS_20260524_SDD2_L1.lc,1779589558.0,1779589566.0,1779589622.0,64.0,123.0,64.0,59.0,7.1485294117647875
20260524,AL1_SOLEXS_20260524_SDD2_L1.lc,1779590026.0,1779590273.0,1779590665.0,639.0,179.0,37.0,142.0,20.680499938829627
20260525,AL1_SOLEXS_20260525_SDD2_L1.lc,1779670675.0,1779670989.0,1779671772.0,1097.0,121.0,8.0,113.0,50.69027743430904
20260525,AL1_SOLEXS_20260525_SDD2_L1.lc,1779671813.0,1779671828.0,1779671897.0,84.0,45.0,22.0,23.0,5.832245478730728
20260525,AL1_SOLEXS_20260525_SDD2_L1.lc,1779691656.0,1779691962.0,1779692250.0,594.0,44.0,11.0,33.0,11.336007973288032
20260525,AL1_SOLEXS_20260525_SDD2_L1.lc,1779743541.0,1779743584.0,1779743722.0,181.0,63.0,24.0,39.0,7.541509709587039
20260525,AL1_SOLEXS_20260525_SDD2_L1.lc,1779745401.0,1779745450.0,1779745465.0,64.0,107.0,56.0,51.0,6.27967172343286
20260525,AL1_SOLEXS_20260525_SDD2_L1.lc,1779745467.0,1779745529.0,1779745572.0,105.0,83.0,57.0,26.0,6.895839092271108
20260525,AL1_SOLEXS_20260525_SDD2_L1.lc,1779750349.0,1779750383.0,1779750435.0,86.0,123.0,61.0,62.0,5.926543289418863
20260526,AL1_SOLEXS_20260526_SDD2_L1.lc,1779779707.0,1779779844.0,1779780180.0,473.0,52.0,17.0,35.0,13.353506689217703
20260526,AL1_SOLEXS_20260526_SDD2_L1.lc,1779784512.0,1779784675.0,1779784995.0,483.0,99.0,46.0,53.0,8.005497776855611
20260526,AL1_SOLEXS_20260526_SDD2_L1.lc,1779798906.0,1779799100.0,1779799708.0,802.0,544.0,13.0,531.0,144.3156723638961
20260526,AL1_SOLEXS_20260526_SDD2_L1.lc,1779803789.0,1779804097.0,1779804161.0,372.0,49.0,13.0,36.0,7.848631283241197
20260526,AL1_SOLEXS_20260526_SDD2_L1.lc,1779826331.0,1779826761.0,1779827135.0,804.0,89.0,13.0,76.0,19.156985419318847
20260526,AL1_SOLEXS_20260526_SDD2_L1.lc,1779828329.0,1779828466.0,1779828711.0,382.0,56.0,14.0,42.0,10.089414213915715
20260526,AL1_SOLEXS_20260526_SDD2_L1.lc,1779839175.0,1779839318.0,1779839857.0,682.0,200.0,18.0,182.0,43.238033206763184
20260527,AL1_SOLEXS_20260527_SDD2_L1.lc,1779846961.0,1779847168.0,1779847406.0,445.0,63.0,7.0,56.0,20.94094205119552
20260527,AL1_SOLEXS_20260527_SDD2_L1.lc,1779884041.0,1779884192.0,1779884420.0,379.0,114.0,14.0,100.0,27.069089296248777
20260527,AL1_SOLEXS_20260527_SDD2_L1.lc,1779884422.0,1779884503.0,1779884509.0,87.0,52.0,20.0,32.0,5.66038854901581
20260527,AL1_SOLEXS_20260527_SDD2_L1.lc,1779888101.0,1779888186.0,1779888681.0,580.0,91.0,13.0,78.0,21.319312202341642
20260527,AL1_SOLEXS_20260527_SDD2_L1.lc,1779907411.0,1779907457.0,1779907477.0,66.0,8.0,4.0,4.0,7.9950226244344424
20260527,AL1_SOLEXS_20260527_SDD2_L1.lc,1779907502.0,1779907576.0,1779907603.0,101.0,20.0,4.0,16.0,7.9932126696833095
20260528,AL1_SOLEXS_20260528_SDD2_L1.lc,1779981259.0,1779981397.0,1779981854.0,595.0,100.0,5.0,95.0,48.678693972438225
20260528,AL1_SOLEXS_20260528_SDD2_L1.lc,1779986114.0,1779986262.0,1779986332.0,218.0,34.0,8.0,26.0,9.642888765339508
20260529,AL1_SOLEXS_20260529_SDD2_L1.lc,1780030545.0,1780031286.0,1780031664.0,1119.0,261.0,30.900000000000006,230.1,38.717378483267254
20260529,AL1_SOLEXS_20260529_SDD2_L1.lc,1780032610.0,1780033184.0,1780033895.0,1285.0,314.0,179.0,135.0,11.578547460353558
20260529,AL1_SOLEXS_20260529_SDD2_L1.lc,1780033899.0,1780033949.0,1780033977.0,78.0,185.0,136.0,49.0,5.9789373255543365
20260529,AL1_SOLEXS_20260529_SDD2_L1.lc,1780034195.0,1780034209.0,1780034530.0,335.0,189.0,117.0,72.0,6.916099098154293
20260529,AL1_SOLEXS_20260529_SDD2_L1.lc,1780034555.0,1780034655.0,1780034940.0,385.0,102.0,83.0,19.0,7.09385055466411
20260529,AL1_SOLEXS_20260529_SDD2_L1.lc,1780036203.0,1780038327.0,1780041339.0,5136.0,618.0,360.0,258.0,12.663181106884085
20260529,AL1_SOLEXS_20260529_SDD2_L1.lc,1780042298.0,1780042355.0,1780042384.0,86.0,32.0,7.0,25.0,7.7008978690767425
20260529,AL1_SOLEXS_20260529_SDD2_L1.lc,1780042420.0,1780042426.0,1780042489.0,69.0,29.0,6.0,23.0,7.428641064576427
20260529,AL1_SOLEXS_20260529_SDD2_L1.lc,1780069689.0,1780069854.0,1780070153.0,464.0,27.0,4.0,23.0,10.625339366515902
20260529,AL1_SOLEXS_20260529_SDD2_L1.lc,1780081717.0,1780081783.0,1780081865.0,148.0,14.0,3.0,11.0,9.881833159442046
20260529,AL1_SOLEXS_20260529_SDD2_L1.lc,1780083079.0,1780083887.0,1780084490.0,1411.0,87.0,21.0,66.0,15.374388407830402
20260529,AL1_SOLEXS_20260529_SDD2_L1.lc,1780084526.0,1780084561.0,1780084618.0,92.0,61.0,25.0,36.0,6.516199095022685
20260529,AL1_SOLEXS_20260529_SDD2_L1.lc,1780084625.0,1780084686.0,1780084692.0,67.0,55.0,21.0,34.0,7.214224206525889
20260529,AL1_SOLEXS_20260529_SDD2_L1.lc,1780084697.0,1780084736.0,1780084775.0,78.0,54.0,20.0,34.0,6.339505665078193
20260529,AL1_SOLEXS_20260529_SDD2_L1.lc,1780084940.0,1780084947.0,1780085122.0,182.0,45.0,15.0,30.0,6.380667042828767
20260529,AL1_SOLEXS_20260529_SDD2_L1.lc,1780089397.0,1780090228.0,1780090847.0,1450.0,66.0,15.0,51.0,10.350854676941019
20260530,AL1_SOLEXS_20260530_SDD2_L1.lc,1780108700.0,1780108799.0,1780108805.0,105.0,25.0,6.0,19.0,7.119406839130042
20260530,AL1_SOLEXS_20260530_SDD2_L1.lc,1780126549.0,1780127179.0,1780128080.0,1531.0,114.0,20.0,94.0,23.909940990901973
20260530,AL1_SOLEXS_20260530_SDD2_L1.lc,1780128100.0,1780128126.0,1780128181.0,81.0,45.0,18.0,27.0,6.316820578599882
20260530,AL1_SOLEXS_20260530_SDD2_L1.lc,1780130930.0,1780131159.0,1780131229.0,299.0,47.0,13.0,34.0,8.55819574239447
20260530,AL1_SOLEXS_20260530_SDD2_L1.lc,1780141879.0,1780141999.0,1780142315.0,436.0,179.0,3.0,176.0,102.68945208711354
20260530,AL1_SOLEXS_20260530_SDD2_L1.lc,1780152338.0,1780152394.0,1780152423.0,85.0,16.0,4.0,12.0,7.837556561086025
20260531,AL1_SOLEXS_20260531_SDD2_L1.lc,1780231375.0,1780231416.0,1780231436.0,61.0,20.0,4.0,16.0,7.767420814479689
20260531,AL1_SOLEXS_20260531_SDD2_L1.lc,1780231705.0,1780231771.0,1780231959.0,254.0,23.0,4.0,19.0,9.573303167420875
20260531,AL1_SOLEXS_20260531_SDD2_L1.lc,1780250476.0,1780250880.0,1780251191.0,715.0,41.0,5.0,36.0,15.613622896645232
20260531,AL1_SOLEXS_20260531_SDD2_L1.lc,1780251193.0,1780251230.0,1780251256.0,63.0,36.0,12.0,24.0,6.194628770599331
20260531,AL1_SOLEXS_20260531_SDD2_L1.lc,1780252468.0,1780252528.0,1780252740.0,272.0,29.0,8.0,21.0,10.510614371935855
20260531,AL1_SOLEXS_20260531_SDD2_L1.lc,1780256525.0,1780256629.0,1780256798.0,273.0,32.0,4.0,28.0,14.685067873303254
20260531,AL1_SOLEXS_20260531_SDD2_L1.lc,1780264066.0,1780264130.0,1780264178.0,112.0,44.0,12.900000000000006,31.099999999999994,8.289573078370234
20260531,AL1_SOLEXS_20260531_SDD2_L1.lc,1780264180.0,1780264347.0,1780264561.0,381.0,51.0,14.0,37.0,9.44484298342104
20260601,AL1_SOLEXS_20260601_SDD2_L1.lc,1780291004.0,1780291206.0,1780291371.0,367.0,40.0,4.0,36.0,14.071493212669768
20260601,AL1_SOLEXS_20260601_SDD2_L1.lc,1780291397.0,1780291423.0,1780291463.0,66.0,19.0,4.0,15.0,6.8054298642534405
20260602,AL1_SOLEXS_20260602_SDD2_L1.lc,1780367561.0,1780367594.0,1780367636.0,75.0,25.0,4.0,21.0,8.966063348416348
20260602,AL1_SOLEXS_20260602_SDD2_L1.lc,1780368265.0,1780368488.0,1780368807.0,542.0,32.0,9.0,23.0,9.195776772247426
20260602,AL1_SOLEXS_20260602_SDD2_L1.lc,1780369353.0,1780369371.0,1780369483.0,130.0,41.0,7.0,34.0,10.146208292192561
20260602,AL1_SOLEXS_20260602_SDD2_L1.lc,1780373915.0,1780374099.0,1780374279.0,364.0,31.0,8.0,23.0,8.131727983645353
20260602,AL1_SOLEXS_20260602_SDD2_L1.lc,1780375439.0,1780375499.0,1780376163.0,724.0,727.0,11.0,716.0,211.07404000020952
20260602,AL1_SOLEXS_20260602_SDD2_L1.lc,1780383086.0,1780383564.0,1780384106.0,1020.0,89.0,12.0,77.0,20.625773055683084
20260602,AL1_SOLEXS_20260602_SDD2_L1.lc,1780386845.0,1780386921.0,1780387017.0,172.0,20.0,4.0,16.0,8.773755656108655
20260602,AL1_SOLEXS_20260602_SDD2_L1.lc,1780388854.0,1780388895.0,1780388983.0,129.0,27.0,8.0,19.0,6.699916741197473
20260602,AL1_SOLEXS_20260602_SDD2_L1.lc,1780389358.0,1780389846.0,1780390591.0,1233.0,122.0,22.0,100.0,23.19932500868666
20260602,AL1_SOLEXS_20260602_SDD2_L1.lc,1780394292.0,1780394668.0,1780395920.0,1628.0,636.0,16.0,620.0,167.06538461538554
20260602,AL1_SOLEXS_20260602_SDD2_L1.lc,1780398023.0,1780398129.0,1780398518.0,495.0,174.0,38.0,136.0,19.964832529644415
20260602,AL1_SOLEXS_20260602_SDD2_L1.lc,1780408532.0,1780408685.0,1780408957.0,425.0,77.0,8.0,69.0,24.8460045186699
20260602,AL1_SOLEXS_20260602_SDD2_L1.lc,1780418286.0,1780418915.0,1780420014.0,1728.0,1944.0,16.0,1928.0,483.7135746606361
20260602,AL1_SOLEXS_20260602_SDD2_L1.lc,1780423875.0,1780423999.0,1780424284.0,409.0,85.0,15.0,70.0,19.71424464069513
20260602,AL1_SOLEXS_20260602_SDD2_L1.lc,1780425506.0,1780425654.0,1780425926.0,420.0,67.0,14.0,53.0,13.859853580587934
20260602,AL1_SOLEXS_20260602_SDD2_L1.lc,1780432214.0,1780432781.0,1780433249.0,1035.0,139.0,18.0,121.0,29.430573462272495
20260602,AL1_SOLEXS_20260602_SDD2_L1.lc,1780433553.0,1780433688.0,1780433948.0,395.0,46.0,21.0,25.0,7.676925126727639
20260603,AL1_SOLEXS_20260603_SDD2_L1.lc,1780446501.0,1780447569.0,1780448343.0,1842.0,136.0,43.0,93.0,14.252889004226429
20260603,AL1_SOLEXS_20260603_SDD2_L1.lc,1780449230.0,1780449309.0,1780449354.0,124.0,46.0,17.0,29.0,6.992049657156097
20260603,AL1_SOLEXS_20260603_SDD2_L1.lc,1780449933.0,1780450561.0,1780452117.0,2184.0,6362.0,24.0,6338.0,1304.5599983655468
20260603,AL1_SOLEXS_20260603_SDD2_L1.lc,1780457484.0,1780457681.0,1780457904.0,420.0,42.0,13.0,29.0,7.919663027825697
20260603,AL1_SOLEXS_20260603_SDD2_L1.lc,1780462391.0,1780462571.0,1780462704.0,313.0,57.0,11.0,46.0,11.38075716832039
20260603,AL1_SOLEXS_20260603_SDD2_L1.lc,1780465697.0,1780465723.0,1780465773.0,76.0,33.0,11.0,22.0,7.739973574925708
20260603,AL1_SOLEXS_20260603_SDD2_L1.lc,1780469638.0,1780470026.0,1780471405.0,1767.0,5242.0,9.0,5233.0,1741.8256410256502
20260603,AL1_SOLEXS_20260603_SDD2_L1.lc,1780484229.0,1780484387.0,1780484823.0,594.0,77.0,12.0,65.0,18.391087896113813
20260603,AL1_SOLEXS_20260603_SDD2_L1.lc,1780485679.0,1780486068.0,1780488293.0,2614.0,7008.0,37.900000000000006,6970.1,1141.078897797478
20260603,AL1_SOLEXS_20260603_SDD2_L1.lc,1780488295.0,1780488344.0,1780488390.0,95.0,50.0,14.0,36.0,6.848418158145122
20260603,AL1_SOLEXS_20260603_SDD2_L1.lc,1780488617.0,1780488634.0,1780488696.0,79.0,28.0,11.0,17.0,6.362298662008842
20260603,AL1_SOLEXS_20260603_SDD2_L1.lc,1780500742.0,1780500942.0,1780501176.0,434.0,35.0,10.0,25.0,9.662546870400535
20260603,AL1_SOLEXS_20260603_SDD2_L1.lc,1780514654.0,1780514829.0,1780514850.0,196.0,37.0,7.0,30.0,8.234836821445437
20260603,AL1_SOLEXS_20260603_SDD2_L1.lc,1780519885.0,1780519945.0,1780520129.0,244.0,36.0,6.0,30.0,16.06133749442138
20260603,AL1_SOLEXS_20260603_SDD2_L1.lc,1780529456.0,1780530192.0,1780530648.0,1192.0,219.0,33.0,186.0,27.93166573204823
20260605,AL1_SOLEXS_20260605_SDD2_L1.lc,1780624808.0,1780624873.0,1780624877.0,69.0,17.0,5.900000000000006,11.099999999999994,5.641691034867106
20260605,AL1_SOLEXS_20260605_SDD2_L1.lc,1780624911.0,1780624941.0,1780625002.0,91.0,26.0,6.0,20.0,6.932462373089575
20260605,AL1_SOLEXS_20260605_SDD2_L1.lc,1780625026.0,1780625050.0,1780625109.0,83.0,22.0,6.0,16.0,7.12864322579212
20260605,AL1_SOLEXS_20260605_SDD2_L1.lc,1780625156.0,1780625206.0,1780625221.0,65.0,30.0,7.0,23.0,7.255549684589851
20260605,AL1_SOLEXS_20260605_SDD2_L1.lc,1780625226.0,1780625291.0,1780625317.0,91.0,17.0,8.0,9.0,6.6445640384168065
20260605,AL1_SOLEXS_20260605_SDD2_L1.lc,1780659930.0,1780660045.0,1780660236.0,306.0,42.0,10.0,32.0,9.588140337220102
20260605,AL1_SOLEXS_20260605_SDD2_L1.lc,1780660306.0,1780660326.0,1780660373.0,67.0,42.0,12.0,30.0,7.989639494401113
20260605,AL1_SOLEXS_20260605_SDD2_L1.lc,1780660389.0,1780660486.0,1780660534.0,145.0,32.0,12.0,20.0,10.02473388217813
20260605,AL1_SOLEXS_20260605_SDD2_L1.lc,1780671336.0,1780671733.0,1780672763.0,1427.0,121.0,10.0,111.0,46.62055808009531
20260605,AL1_SOLEXS_20260605_SDD2_L1.lc,1780684571.0,1780684633.0,1780684686.0,115.0,48.0,14.0,34.0,7.664230075765584
20260605,AL1_SOLEXS_20260605_SDD2_L1.lc,1780684728.0,1780685702.0,1780685951.0,1223.0,114.0,38.0,76.0,11.325110488950695
20260605,AL1_SOLEXS_20260605_SDD2_L1.lc,1780686793.0,1780686910.0,1780687031.0,238.0,45.0,23.0,22.0,8.054317407419184
20260605,AL1_SOLEXS_20260605_SDD2_L1.lc,1780697999.0,1780698056.0,1780698065.0,66.0,28.0,10.0,18.0,6.9338303554950445
20260605,AL1_SOLEXS_20260605_SDD2_L1.lc,1780698067.0,1780698672.0,1780698799.0,732.0,71.0,23.0,48.0,10.428739916089034
20260605,AL1_SOLEXS_20260605_SDD2_L1.lc,1780698801.0,1780698857.0,1780698868.0,67.0,63.0,32.0,31.0,5.789476765692361
20260605,AL1_SOLEXS_20260605_SDD2_L1.lc,1780698903.0,1780699518.0,1780700069.0,1166.0,136.0,60.900000000000006,75.1,13.02183209786892
20260605,AL1_SOLEXS_20260605_SDD2_L1.lc,1780701045.0,1780701116.0,1780701249.0,204.0,68.0,30.0,38.0,7.293880030487416
20260606,AL1_SOLEXS_20260606_SDD2_L1.lc,1780718240.0,1780718682.0,1780718885.0,645.0,66.0,9.0,57.0,19.52790346908006
20260606,AL1_SOLEXS_20260606_SDD2_L1.lc,1780727276.0,1780727388.0,1780727978.0,702.0,105.0,9.0,96.0,30.49803921568645
20260606,AL1_SOLEXS_20260606_SDD2_L1.lc,1780746865.0,1780747019.0,1780747228.0,363.0,49.0,11.0,38.0,10.752085550304848
20260606,AL1_SOLEXS_20260606_SDD2_L1.lc,1780751459.0,1780751469.0,1780751557.0,98.0,36.0,13.0,23.0,7.902595329480306
20260606,AL1_SOLEXS_20260606_SDD2_L1.lc,1780751561.0,1780751859.0,1780752660.0,1099.0,458.0,17.0,441.0,99.05725598542801
20260606,AL1_SOLEXS_20260606_SDD2_L1.lc,1780753446.0,1780754650.0,1780756709.0,3263.0,938.0,607.0,331.0,14.168191185764698
20260606,AL1_SOLEXS_20260606_SDD2_L1.lc,1780756774.0,1780756788.0,1780757416.0,642.0,277.0,193.0,84.0,6.864436594266643
20260606,AL1_SOLEXS_20260606_SDD2_L1.lc,1780757419.0,1780757449.0,1780757553.0,134.0,216.0,135.0,81.0,6.38674231082286
20260606,AL1_SOLEXS_20260606_SDD2_L1.lc,1780757615.0,1780757621.0,1780757703.0,88.0,173.0,123.9,49.099999999999994,5.93152082979135
20260607,AL1_SOLEXS_20260607_SDD2_L1.lc,1780797003.0,1780797213.0,1780797524.0,521.0,40.0,8.0,32.0,13.711792356447821
20260607,AL1_SOLEXS_20260607_SDD2_L1.lc,1780805703.0,1780805963.0,1780806417.0,714.0,114.0,6.0,108.0,42.67432311160112
20260607,AL1_SOLEXS_20260607_SDD2_L1.lc,1780811185.0,1780811463.0,1780812164.0,979.0,57.0,20.0,37.0,11.995037595862307
20260607,AL1_SOLEXS_20260607_SDD2_L1.lc,1780812166.0,1780812222.0,1780812345.0,179.0,21.0,11.0,10.0,7.757709536371459
20260607,AL1_SOLEXS_20260607_SDD2_L1.lc,1780814462.0,1780814701.0,1780814823.0,361.0,46.0,8.0,38.0,11.332266052518236
20260607,AL1_SOLEXS_20260607_SDD2_L1.lc,1780819192.0,1780819312.0,1780819318.0,126.0,38.0,10.0,28.0,6.827371777252271
20260607,AL1_SOLEXS_20260607_SDD2_L1.lc,1780820583.0,1780820738.0,1780821117.0,534.0,69.0,13.0,56.0,17.938401956570658
20260607,AL1_SOLEXS_20260607_SDD2_L1.lc,1780824181.0,1780824404.0,1780824684.0,503.0,34.0,6.0,28.0,11.726147050708262
20260607,AL1_SOLEXS_20260607_SDD2_L1.lc,1780838880.0,1780838964.0,1780839358.0,478.0,33.0,4.0,29.0,15.380995475113213
20260607,AL1_SOLEXS_20260607_SDD2_L1.lc,1780840463.0,1780840629.0,1780841143.0,680.0,69.0,18.0,51.0,11.22177395216994
20260607,AL1_SOLEXS_20260607_SDD2_L1.lc,1780847327.0,1780847356.0,1780847397.0,70.0,23.0,7.0,16.0,8.036106179980855
20260607,AL1_SOLEXS_20260607_SDD2_L1.lc,1780847399.0,1780847993.0,1780848094.0,695.0,52.0,14.0,38.0,7.799190956296927
20260607,AL1_SOLEXS_20260607_SDD2_L1.lc,1780850765.0,1780850785.0,1780850843.0,78.0,24.0,9.0,15.0,7.265761689291154
20260607,AL1_SOLEXS_20260607_SDD2_L1.lc,1780850845.0,1780850862.0,1780851013.0,168.0,35.0,10.0,25.0,7.450383403151512
20260607,AL1_SOLEXS_20260607_SDD2_L1.lc,1780858867.0,1780859016.0,1780859057.0,190.0,21.0,4.0,17.0,8.757918552036255
20260607,AL1_SOLEXS_20260607_SDD2_L1.lc,1780860768.0,1780860783.0,1780860853.0,85.0,21.0,5.0,16.0,7.78556374355905
20260607,AL1_SOLEXS_20260607_SDD2_L1.lc,1780861134.0,1780861156.0,1780861226.0,92.0,19.0,5.0,14.0,7.671028496928742
20260607,AL1_SOLEXS_20260607_SDD2_L1.lc,1780861232.0,1780861263.0,1780861309.0,77.0,23.0,5.0,18.0,7.265500874583982
20260608,AL1_SOLEXS_20260608_SDD2_L1.lc,1780885245.0,1780885770.0,1780886043.0,798.0,86.0,20.0,66.0,18.059132535385977
20260608,AL1_SOLEXS_20260608_SDD2_L1.lc,1780886612.0,1780886958.0,1780887734.0,1122.0,346.0,77.0,269.0,29.015394084058045
20260608,AL1_SOLEXS_20260608_SDD2_L1.lc,1780888569.0,1780888725.0,1780889005.0,436.0,67.0,28.0,39.0,9.965777288108983
20260608,AL1_SOLEXS_20260608_SDD2_L1.lc,1780892363.0,1780892456.0,1780892491.0,128.0,39.0,10.0,29.0,7.8913852017324615
20260608,AL1_SOLEXS_20260608_SDD2_L1.lc,1780895177.0,1780895396.0,1780895930.0,753.0,196.0,10.0,186.0,60.75093108900703
20260608,AL1_SOLEXS_20260608_SDD2_L1.lc,1780900620.0,1780900822.0,1780900845.0,225.0,37.0,8.0,29.0,8.730369064007363
20260608,AL1_SOLEXS_20260608_SDD2_L1.lc,1780907246.0,1780907312.0,1780907460.0,214.0,28.0,5.0,23.0,9.081876093229972
20260610,AL1_SOLEXS_20260610_SDD2_L1.lc,1781053074.0,1781053161.0,1781053368.0,294.0,85.0,4.0,81.0,40.707239819004755
20260610,AL1_SOLEXS_20260610_SDD2_L1.lc,1781097800.0,1781098027.0,1781098333.0,533.0,48.0,4.0,44.0,17.914479638009155
20260610,AL1_SOLEXS_20260610_SDD2_L1.lc,1781134546.0,1781134562.0,1781134613.0,67.0,17.0,8.0,9.0,7.3814268968207095
20260610,AL1_SOLEXS_20260610_SDD2_L1.lc,1781134617.0,1781135989.0,1781135999.0,1382.0,269.0,146.0,123.0,10.11326906226055
20260611,AL1_SOLEXS_20260611_SDD2_L1.lc,1781138647.0,1781138672.0,1781138758.0,111.0,247.0,162.0,85.0,6.028503032324264
20260611,AL1_SOLEXS_20260611_SDD2_L1.lc,1781160253.0,1781160417.0,1781160709.0,456.0,38.0,4.0,34.0,12.402714932126774
20260611,AL1_SOLEXS_20260611_SDD2_L1.lc,1781165168.0,1781165207.0,1781165362.0,194.0,39.0,8.0,31.0,9.206786257304545
20260611,AL1_SOLEXS_20260611_SDD2_L1.lc,1781166358.0,1781166478.0,1781167147.0,789.0,438.0,9.0,429.0,148.48144796380174
20260611,AL1_SOLEXS_20260611_SDD2_L1.lc,1781177530.0,1781177838.0,1781178015.0,485.0,27.0,6.0,21.0,9.417050385188666
20260611,AL1_SOLEXS_20260611_SDD2_L1.lc,1781197956.0,1781198040.0,1781198239.0,283.0,22.0,5.0,17.0,7.936118908740935
20260611,AL1_SOLEXS_20260611_SDD2_L1.lc,1781208736.0,1781208811.0,1781208816.0,80.0,13.0,5.900000000000006,7.099999999999994,5.849586930357008
20260611,AL1_SOLEXS_20260611_SDD2_L1.lc,1781213948.0,1781214000.0,1781214016.0,68.0,31.0,10.0,21.0,7.078923095196891
20260612,AL1_SOLEXS_20260612_SDD2_L1.lc,1781230287.0,1781230406.0,1781230900.0,613.0,196.0,3.0,193.0,112.29959100223105
20260612,AL1_SOLEXS_20260612_SDD2_L1.lc,1781231440.0,1781231717.0,1781231954.0,514.0,57.0,16.0,41.0,9.114253393665228
20260612,AL1_SOLEXS_20260612_SDD2_L1.lc,1781266595.0,1781266693.0,1781266908.0,313.0,19.0,2.0,17.0,14.347548543876629
20260613,AL1_SOLEXS_20260613_SDD2_L1.lc,1781316447.0,1781316503.0,1781316553.0,106.0,21.0,4.0,17.0,7.702262443438965
20260613,AL1_SOLEXS_20260613_SDD2_L1.lc,1781316560.0,1781316610.0,1781316629.0,69.0,24.0,5.0,19.0,8.246133039196112
20260613,AL1_SOLEXS_20260613_SDD2_L1.lc,1781316633.0,1781316734.0,1781316766.0,133.0,25.0,6.0,19.0,7.355119426746284
20260613,AL1_SOLEXS_20260613_SDD2_L1.lc,1781316770.0,1781317088.0,1781317215.0,445.0,51.0,13.0,38.0,10.18439600092084
20260613,AL1_SOLEXS_20260613_SDD2_L1.lc,1781333525.0,1781333585.0,1781333644.0,119.0,19.0,4.0,15.0,6.96832579185525
20260613,AL1_SOLEXS_20260613_SDD2_L1.lc,1781354903.0,1781355983.0,1781356100.0,1197.0,87.0,39.0,48.0,8.47389495195146
20260614,AL1_SOLEXS_20260614_SDD2_L1.lc,1781427242.0,1781427349.0,1781427982.0,740.0,52.0,2.0,50.0,33.02668604870507
20260614,AL1_SOLEXS_20260614_SDD2_L1.lc,1781439500.0,1781439551.0,1781439565.0,65.0,15.0,4.0,11.0,6.833031674208192
20260614,AL1_SOLEXS_20260614_SDD2_L1.lc,1781439570.0,1781439697.0,1781439778.0,208.0,21.0,4.0,17.0,8.80361990950232
20260614,AL1_SOLEXS_20260614_SDD2_L1.lc,1781439782.0,1781439853.0,1781439881.0,99.0,10.0,5.0,5.0,7.331874657083524
20260614,AL1_SOLEXS_20260614_SDD2_L1.lc,1781440585.0,1781440594.0,1781440651.0,66.0,23.0,8.0,15.0,6.188944103389815
20260614,AL1_SOLEXS_20260614_SDD2_L1.lc,1781441901.0,1781442171.0,1781442468.0,567.0,28.0,6.0,22.0,10.799922196235045
20260615,AL1_SOLEXS_20260615_SDD2_L1.lc,1781489039.0,1781489556.0,1781490072.0,1033.0,47.0,8.0,39.0,13.135228365634173
20260615,AL1_SOLEXS_20260615_SDD2_L1.lc,1781517203.0,1781517347.0,1781517579.0,376.0,58.0,5.0,53.0,24.871146682587394
20260615,AL1_SOLEXS_20260615_SDD2_L1.lc,1781517581.0,1781517686.0,1781517828.0,247.0,24.0,7.0,17.0,8.769801921704655
20260615,AL1_SOLEXS_20260615_SDD2_L1.lc,1781524225.0,1781524359.0,1781524483.0,258.0,51.0,6.0,45.0,16.836455063103
20260615,AL1_SOLEXS_20260615_SDD2_L1.lc,1781529289.0,1781529325.0,1781529401.0,112.0,82.0,5.0,77.0,34.549172663755314
20260615,AL1_SOLEXS_20260615_SDD2_L1.lc,1781549385.0,1781549472.0,1781549606.0,221.0,69.0,4.0,65.0,32.06199095022643
20260615,AL1_SOLEXS_20260615_SDD2_L1.lc,1781556249.0,1781556257.0,1781556309.0,60.0,15.0,4.0,11.0,6.696832579185568
20260616,AL1_SOLEXS_20260616_SDD2_L1.lc,1781570825.0,1781570899.0,1781570973.0,148.0,26.0,10.0,16.0,10.36053738742775
20260616,AL1_SOLEXS_20260616_SDD2_L1.lc,1781623884.0,1781623959.0,1781624040.0,156.0,29.0,4.0,25.0,11.883257918552111
20260616,AL1_SOLEXS_20260616_SDD2_L1.lc,1781632306.0,1781632395.0,1781632438.0,132.0,21.0,3.0,18.0,8.427223974443017
20260616,AL1_SOLEXS_20260616_SDD2_L1.lc,1781636054.0,1781636081.0,1781636130.0,76.0,12.0,1.0,11.0,7.15294117647063
20260616,AL1_SOLEXS_20260616_SDD2_L1.lc,1781644605.0,1781644715.0,1781644845.0,240.0,12.0,1.0,11.0,19.114027149321373
20260616,AL1_SOLEXS_20260616_SDD2_L1.lc,1781650303.0,1781650339.0,1781650406.0,103.0,9.0,1.0,8.0,7.997285067873351
20260616,AL1_SOLEXS_20260616_SDD2_L1.lc,1781654124.0,1781654131.0,1781654223.0,99.0,11.0,2.0,9.0,8.81675767528354
20260618,AL1_SOLEXS_20260618_SDD2_L1.lc,1781761433.0,1781761438.0,1781761493.0,60.0,11.0,1.0,10.0,7.013574660633527
20260618,AL1_SOLEXS_20260618_SDD2_L1.lc,1781761519.0,1781761553.0,1781761618.0,99.0,10.0,1.0,9.0,8.132126696832627
20260618,AL1_SOLEXS_20260618_SDD2_L1.lc,1781768529.0,1781768763.0,1781768967.0,438.0,20.0,6.0,14.0,9.657196438402703
20260618,AL1_SOLEXS_20260618_SDD2_L1.lc,1781781608.0,1781781661.0,1781781677.0,69.0,18.0,4.0,14.0,6.263348416289636
20260618,AL1_SOLEXS_20260618_SDD2_L1.lc,1781781752.0,1781781780.0,1781781832.0,80.0,17.0,4.0,13.0,7.603619909502312
20260618,AL1_SOLEXS_20260618_SDD2_L1.lc,1781783127.0,1781783774.0,1781784025.0,898.0,75.0,9.0,66.0,23.136048265460165
20260618,AL1_SOLEXS_20260618_SDD2_L1.lc,1781788938.0,1781789106.0,1781789271.0,333.0,18.0,4.0,14.0,9.739366515837165
20260618,AL1_SOLEXS_20260618_SDD2_L1.lc,1781794304.0,1781794500.0,1781794792.0,488.0,15.0,2.0,13.0,14.53248416357157
20260618,AL1_SOLEXS_20260618_SDD2_L1.lc,1781810114.0,1781810119.0,1781810176.0,62.0,15.0,2.0,13.0,7.158096338780787
20260618,AL1_SOLEXS_20260618_SDD2_L1.lc,1781812201.0,1781812282.0,1781812354.0,153.0,17.0,2.0,15.0,8.848753457237681
20260618,AL1_SOLEXS_20260618_SDD2_L1.lc,1781819707.0,1781820251.0,1781820574.0,867.0,54.0,5.0,49.0,19.673351020138536
20260619,AL1_SOLEXS_20260619_SDD2_L1.lc,1781862149.0,1781862443.0,1781862451.0,302.0,12.0,3.0,9.0,7.8530086388417475
20260619,AL1_SOLEXS_20260619_SDD2_L1.lc,1781862474.0,1781862492.0,1781862538.0,64.0,15.0,3.0,12.0,9.868248447225819
20260619,AL1_SOLEXS_20260619_SDD2_L1.lc,1781881432.0,1781881500.0,1781881632.0,200.0,28.0,4.0,24.0,9.404524886877887
20260619,AL1_SOLEXS_20260619_SDD2_L1.lc,1781897355.0,1781897870.0,1781898839.0,1484.0,162.0,9.0,153.0,58.90015082956293
20260619,AL1_SOLEXS_20260619_SDD2_L1.lc,1781910992.0,1781911003.0,1781911183.0,191.0,22.0,3.0,19.0,8.117388038126771
20260620,AL1_SOLEXS_20260620_SDD2_L1.lc,1781918465.0,1781918503.0,1781918551.0,86.0,26.0,4.0,22.0,7.794570135746657
20260620,AL1_SOLEXS_20260620_SDD2_L1.lc,1781919068.0,1781919127.0,1781919135.0,67.0,19.0,7.0,12.0,8.053208644822902
20260620,AL1_SOLEXS_20260620_SDD2_L1.lc,1781919198.0,1781919222.0,1781919261.0,63.0,29.0,9.0,20.0,6.491101055806989
20260620,AL1_SOLEXS_20260620_SDD2_L1.lc,1781919476.0,1781920257.0,1781922237.0,2761.0,796.0,37.900000000000006,758.1,124.97117259656113
20260620,AL1_SOLEXS_20260620_SDD2_L1.lc,1781924785.0,1781924836.0,1781924980.0,195.0,33.0,10.0,23.0,9.052699477294755
20260620,AL1_SOLEXS_20260620_SDD2_L1.lc,1781924983.0,1781925019.0,1781925067.0,84.0,30.0,10.0,20.0,6.7349359687242725
20260620,AL1_SOLEXS_20260620_SDD2_L1.lc,1781954449.0,1781954848.0,1781955193.0,744.0,91.0,8.0,83.0,25.497758597075784
20260620,AL1_SOLEXS_20260620_SDD2_L1.lc,1781957455.0,1781957592.0,1781957667.0,212.0,34.0,10.0,24.0,7.720536354391237
20260620,AL1_SOLEXS_20260620_SDD2_L1.lc,1781957674.0,1781958045.0,1781958450.0,776.0,96.0,10.0,86.0,23.050571621350567
20260620,AL1_SOLEXS_20260620_SDD2_L1.lc,1781967450.0,1781967616.0,1781969074.0,1624.0,678.0,5.0,673.0,300.17785966329285
20260620,AL1_SOLEXS_20260620_SDD2_L1.lc,1781969078.0,1781969124.0,1781969201.0,123.0,40.0,13.0,27.0,7.720372550086858
20260620,AL1_SOLEXS_20260620_SDD2_L1.lc,1781990998.0,1781991772.0,1781992667.0,1669.0,230.0,23.0,207.0,43.14531193453944
20260620,AL1_SOLEXS_20260620_SDD2_L1.lc,1781992672.0,1781992717.0,1781992766.0,94.0,136.0,78.0,58.0,6.0433877755457805
20260620,AL1_SOLEXS_20260620_SDD2_L1.lc,1781992957.0,1781993021.0,1781993116.0,159.0,114.0,61.0,53.0,6.6640588919282635
20260620,AL1_SOLEXS_20260620_SDD2_L1.lc,1781993132.0,1781993167.0,1781993213.0,81.0,92.0,55.0,37.0,6.517346688561034
20260621,AL1_SOLEXS_20260621_SDD2_L1.lc,1782003855.0,1782003965.0,1782004205.0,350.0,28.0,4.0,24.0,13.301809954751212
20260621,AL1_SOLEXS_20260621_SDD2_L1.lc,1782004208.0,1782004225.0,1782004289.0,81.0,25.0,5.0,20.0,7.140038236932411
20260621,AL1_SOLEXS_20260621_SDD2_L1.lc,1782009343.0,1782009941.0,1782012908.0,3565.0,1790.0,13.0,1777.0,492.8019292155938
20260621,AL1_SOLEXS_20260621_SDD2_L1.lc,1782012914.0,1782012947.0,1782013297.0,383.0,140.0,80.0,60.0,7.203073094397711
20260621,AL1_SOLEXS_20260621_SDD2_L1.lc,1782031013.0,1782031057.0,1782031247.0,234.0,31.0,5.0,26.0,12.08488503314826
20260621,AL1_SOLEXS_20260621_SDD2_L1.lc,1782033829.0,1782033969.0,1782034110.0,281.0,12.0,5.0,7.0,8.29793696700063
20260621,AL1_SOLEXS_20260621_SDD2_L1.lc,1782037005.0,1782037081.0,1782037104.0,99.0,14.0,5.0,9.0,6.574242212942415
20260621,AL1_SOLEXS_20260621_SDD2_L1.lc,1782037152.0,1782037180.0,1782037214.0,62.0,19.0,5.0,14.0,6.409926629437451
20260621,AL1_SOLEXS_20260621_SDD2_L1.lc,1782038894.0,1782038928.0,1782039006.0,112.0,21.0,4.0,17.0,8.827149321267026
20260621,AL1_SOLEXS_20260621_SDD2_L1.lc,1782042763.0,1782042783.0,1782042932.0,169.0,20.0,5.0,15.0,7.963235027201115
20260621,AL1_SOLEXS_20260621_SDD2_L1.lc,1782065560.0,1782065932.0,1782066137.0,577.0,103.0,18.0,85.0,20.19083154955519
20260621,AL1_SOLEXS_20260621_SDD2_L1.lc,1782069842.0,1782070124.0,1782072230.0,2388.0,4847.0,13.0,4834.0,1348.2040978322686
20260621,AL1_SOLEXS_20260621_SDD2_L1.lc,1782081071.0,1782081222.0,1782081590.0,519.0,97.0,34.0,63.0,9.796526871294471
20260622,AL1_SOLEXS_20260622_SDD2_L1.lc,1782097238.0,1782097293.0,1782097298.0,60.0,22.0,3.0,19.0,7.726043828513167
20260623,AL1_SOLEXS_20260623_SDD2_L1.lc,1782243481.0,1782243560.0,1782243578.0,97.0,80.0,41.0,39.0,6.9134803045639215
20260623,AL1_SOLEXS_20260623_SDD2_L1.lc,1782252434.0,1782253423.0,1782253598.0,1164.0,140.0,74.0,66.0,8.834399738598252
20260623,AL1_SOLEXS_20260623_SDD2_L1.lc,1782255547.0,1782256459.0,1782256839.0,1292.0,241.0,132.9,108.1,13.542876090177698
20260623,AL1_SOLEXS_20260623_SDD2_L1.lc,1782256844.0,1782257110.0,1782258415.0,1571.0,414.0,197.0,217.0,18.753255188311034
20260624,AL1_SOLEXS_20260624_SDD2_L1.lc,1782259206.0,1782259211.0,1782259360.0,154.0,75.0,21.0,54.0,9.723236238605795
20260624,AL1_SOLEXS_20260624_SDD2_L1.lc,1782261659.0,1782262280.0,1782262585.0,926.0,88.0,29.0,59.0,11.822659213965661
20260624,AL1_SOLEXS_20260624_SDD2_L1.lc,1782262891.0,1782263021.0,1782263765.0,874.0,131.0,41.0,90.0,13.716154971733538
20260624,AL1_SOLEXS_20260624_SDD2_L1.lc,1782271936.0,1782272267.0,1782272656.0,720.0,52.0,12.0,40.0,15.506426505891245
20260624,AL1_SOLEXS_20260624_SDD2_L1.lc,1782272977.0,1782273159.0,1782273727.0,750.0,104.0,44.900000000000006,59.099999999999994,9.394577349972696
20260624,AL1_SOLEXS_20260624_SDD2_L1.lc,1782273826.0,1782273901.0,1782273931.0,105.0,57.0,23.0,34.0,7.721826549891069
20260624,AL1_SOLEXS_20260624_SDD2_L1.lc,1782273934.0,1782273942.0,1782274034.0,100.0,55.0,23.0,32.0,7.6118139676329015
20260624,AL1_SOLEXS_20260624_SDD2_L1.lc,1782283349.0,1782283893.0,1782284130.0,781.0,102.0,26.0,76.0,14.215136405210702
20260624,AL1_SOLEXS_20260624_SDD2_L1.lc,1782284135.0,1782284197.0,1782284222.0,87.0,74.0,30.0,44.0,7.731562399968921
20260624,AL1_SOLEXS_20260624_SDD2_L1.lc,1782284950.0,1782285042.0,1782285586.0,636.0,152.0,22.0,130.0,26.877567955839037
20260624,AL1_SOLEXS_20260624_SDD2_L1.lc,1782291716.0,1782291779.0,1782291858.0,142.0,35.0,18.0,17.0,8.221422825723476
20260624,AL1_SOLEXS_20260624_SDD2_L1.lc,1782295354.0,1782295434.0,1782295607.0,253.0,59.0,17.0,42.0,8.70560225865715
20260624,AL1_SOLEXS_20260624_SDD2_L1.lc,1782311582.0,1782312059.0,1782312591.0,1009.0,162.0,30.0,132.0,26.877894214056095
20260624,AL1_SOLEXS_20260624_SDD2_L1.lc,1782312631.0,1782312656.0,1782312876.0,245.0,110.0,53.0,57.0,7.745395491868782
20260624,AL1_SOLEXS_20260624_SDD2_L1.lc,1782317638.0,1782317665.0,1782317924.0,286.0,127.0,12.0,115.0,30.85584508789878
20260624,AL1_SOLEXS_20260624_SDD2_L1.lc,1782322520.0,1782322579.0,1782322600.0,80.0,29.0,7.0,22.0,6.834144950881823
20260624,AL1_SOLEXS_20260624_SDD2_L1.lc,1782326205.0,1782326540.0,1782327014.0,809.0,79.0,23.0,56.0,11.980049416508239
20260624,AL1_SOLEXS_20260624_SDD2_L1.lc,1782338880.0,1782339465.0,1782339523.0,643.0,100.0,43.0,57.0,7.956975177463112
20260624,AL1_SOLEXS_20260624_SDD2_L1.lc,1782339968.0,1782340129.0,1782340347.0,379.0,78.0,29.0,49.0,9.730267670397799
20260625,AL1_SOLEXS_20260625_SDD2_L1.lc,1782346821.0,1782346939.0,1782347241.0,420.0,152.0,84.0,68.0,10.132518209206811
20260625,AL1_SOLEXS_20260625_SDD2_L1.lc,1782355304.0,1782356036.0,1782356331.0,1027.0,161.0,52.0,109.0,15.223884932961678
20260625,AL1_SOLEXS_20260625_SDD2_L1.lc,1782365874.0,1782365966.0,1782365977.0,103.0,42.0,14.0,28.0,7.609810365873913
20260625,AL1_SOLEXS_20260625_SDD2_L1.lc,1782365979.0,1782366121.0,1782366151.0,172.0,40.0,15.0,25.0,7.922850456703221
20260625,AL1_SOLEXS_20260625_SDD2_L1.lc,1782366153.0,1782366452.0,1782366643.0,490.0,78.0,15.0,63.0,13.690149096286447
20260625,AL1_SOLEXS_20260625_SDD2_L1.lc,1782366648.0,1782366710.0,1782366727.0,79.0,40.0,13.0,27.0,6.35420369576381
20260625,AL1_SOLEXS_20260625_SDD2_L1.lc,1782374525.0,1782374554.0,1782374607.0,82.0,36.0,18.0,18.0,6.2338448507321385
20260625,AL1_SOLEXS_20260625_SDD2_L1.lc,1782376182.0,1782376287.0,1782376348.0,166.0,61.0,18.0,43.0,9.496774694415599
20260625,AL1_SOLEXS_20260625_SDD2_L1.lc,1782378152.0,1782378279.0,1782378923.0,771.0,55.0,11.0,44.0,20.100574397887485
20260625,AL1_SOLEXS_20260625_SDD2_L1.lc,1782394105.0,1782394290.0,1782394412.0,307.0,69.0,36.0,33.0,9.444645550527985
20260625,AL1_SOLEXS_20260625_SDD2_L1.lc,1782399594.0,1782399813.0,1782400184.0,590.0,335.0,35.0,300.0,48.866283616567536
20260625,AL1_SOLEXS_20260625_SDD2_L1.lc,1782422003.0,1782422097.0,1782422225.0,222.0,69.0,17.0,52.0,14.036776735134543
20260625,AL1_SOLEXS_20260625_SDD2_L1.lc,1782424808.0,1782424953.0,1782425260.0,452.0,53.0,14.0,39.0,10.642318466415087
20260625,AL1_SOLEXS_20260625_SDD2_L1.lc,1782430849.0,1782431294.0,1782431585.0,736.0,230.0,17.0,213.0,50.29925476149463
20260626,AL1_SOLEXS_20260626_SDD2_L1.lc,1782476992.0,1782477059.0,1782477117.0,125.0,54.0,27.0,27.0,6.909567791722544
20260626,AL1_SOLEXS_20260626_SDD2_L1.lc,1782477119.0,1782478163.0,1782479541.0,2422.0,240.0,84.0,156.0,17.08201745477218
20260626,AL1_SOLEXS_20260626_SDD2_L1.lc,1782479544.0,1782479559.0,1782479608.0,64.0,51.0,26.0,25.0,6.034875061632341
20260626,AL1_SOLEXS_20260626_SDD2_L1.lc,1782481949.0,1782481978.0,1782482027.0,78.0,44.0,16.0,28.0,6.673303167420871
20260626,AL1_SOLEXS_20260626_SDD2_L1.lc,1782482394.0,1782482696.0,1782483119.0,725.0,143.0,25.0,118.0,20.692126696832712
20260626,AL1_SOLEXS_20260626_SDD2_L1.lc,1782485833.0,1782486013.0,1782486379.0,546.0,59.0,12.0,47.0,13.804941300808869
20260626,AL1_SOLEXS_20260626_SDD2_L1.lc,1782505068.0,1782505242.0,1782505696.0,628.0,88.0,16.0,72.0,15.255656108597385
20260627,AL1_SOLEXS_20260627_SDD2_L1.lc,1782538836.0,1782538881.0,1782538926.0,90.0,59.0,22.0,37.0,10.633216904139488
20260627,AL1_SOLEXS_20260627_SDD2_L1.lc,1782541543.0,1782541578.0,1782541668.0,125.0,59.0,21.0,38.0,9.071544801701926
20260627,AL1_SOLEXS_20260627_SDD2_L1.lc,1782549908.0,1782549941.0,1782549970.0,62.0,82.0,32.0,50.0,8.265950288942998
20260627,AL1_SOLEXS_20260627_SDD2_L1.lc,1782551658.0,1782552195.0,1782552473.0,815.0,113.0,47.900000000000006,65.1,12.37191262246917
20260627,AL1_SOLEXS_20260627_SDD2_L1.lc,1782552476.0,1782552541.0,1782552579.0,103.0,125.0,66.0,59.0,6.388949659392519
20260627,AL1_SOLEXS_20260627_SDD2_L1.lc,1782552876.0,1782552935.0,1782553077.0,201.0,112.0,53.0,59.0,8.405472048038503
20260627,AL1_SOLEXS_20260627_SDD2_L1.lc,1782557535.0,1782557567.0,1782557718.0,183.0,105.0,31.0,74.0,13.308509072081822
20260627,AL1_SOLEXS_20260627_SDD2_L1.lc,1782562747.0,1782562910.0,1782563141.0,394.0,83.0,29.0,54.0,9.406603216706392
20260627,AL1_SOLEXS_20260627_SDD2_L1.lc,1782569660.0,1782569731.0,1782569751.0,91.0,51.0,17.0,34.0,6.425986872569035
20260627,AL1_SOLEXS_20260627_SDD2_L1.lc,1782573268.0,1782573414.0,1782573489.0,221.0,52.0,16.0,36.0,8.430316742081512
20260627,AL1_SOLEXS_20260627_SDD2_L1.lc,1782593882.0,1782594099.0,1782595076.0,1194.0,298.0,112.0,186.0,16.993778677975428
20260628,AL1_SOLEXS_20260628_SDD2_L1.lc,1782606090.0,1782606145.0,1782606254.0,164.0,73.0,32.0,41.0,8.116849945036693
20260628,AL1_SOLEXS_20260628_SDD2_L1.lc,1782611461.0,1782611750.0,1782612060.0,599.0,172.0,17.0,155.0,33.735937230167124
20260628,AL1_SOLEXS_20260628_SDD2_L1.lc,1782629534.0,1782629626.0,1782629841.0,307.0,65.0,18.0,47.0,10.295602717204027
20260628,AL1_SOLEXS_20260628_SDD2_L1.lc,1782636473.0,1782636806.0,1782637025.0,552.0,65.0,19.0,46.0,9.965777956127527
20260628,AL1_SOLEXS_20260628_SDD2_L1.lc,1782659189.0,1782659339.0,1782659645.0,456.0,63.0,19.0,44.0,12.956694754443662
20260628,AL1_SOLEXS_20260628_SDD2_L1.lc,1782679471.0,1782679573.0,1782679694.0,223.0,73.0,26.0,47.0,9.199710284966383
20260628,AL1_SOLEXS_20260628_SDD2_L1.lc,1782679970.0,1782680199.0,1782680559.0,589.0,69.0,39.0,30.0,8.615474324139306
20260628,AL1_SOLEXS_20260628_SDD2_L1.lc,1782680564.0,1782680584.0,1782680633.0,69.0,74.0,32.0,42.0,7.229606911448317
20260628,AL1_SOLEXS_20260628_SDD2_L1.lc,1782681776.0,1782683051.0,1782683484.0,1708.0,435.0,153.0,282.0,22.12524837624074
20260628,AL1_SOLEXS_20260628_SDD2_L1.lc,1782683755.0,1782683948.0,1782685000.0,1245.0,332.0,112.9,219.1,23.69251638120209
20260629,AL1_SOLEXS_20260629_SDD2_L1.lc,1782693268.0,1782693705.0,1782694135.0,867.0,206.0,34.0,172.0,26.704580140611483
20260629,AL1_SOLEXS_20260629_SDD2_L1.lc,1782696094.0,1782696123.0,1782696164.0,70.0,95.0,30.0,65.0,8.153217895218752
20260629,AL1_SOLEXS_20260629_SDD2_L1.lc,1782700165.0,1782700295.0,1782700506.0,341.0,87.0,22.0,65.0,12.649458972841877
20260629,AL1_SOLEXS_20260629_SDD2_L1.lc,1782701334.0,1782701425.0,1782701697.0,363.0,78.0,25.0,53.0,12.588054298642627
20260629,AL1_SOLEXS_20260629_SDD2_L1.lc,1782702756.0,1782703019.0,1782703483.0,727.0,167.0,36.0,131.0,20.29230769230783
20260629,AL1_SOLEXS_20260629_SDD2_L1.lc,1782719059.0,1782719708.0,1782720091.0,1032.0,292.0,43.0,249.0,32.80747976163591
20260629,AL1_SOLEXS_20260629_SDD2_L1.lc,1782721403.0,1782721669.0,1782722327.0,924.0,308.0,155.0,153.0,11.399608549725311
20260629,AL1_SOLEXS_20260629_SDD2_L1.lc,1782723981.0,1782724030.0,1782724191.0,210.0,318.0,98.0,220.0,21.13723630758547
20260629,AL1_SOLEXS_20260629_SDD2_L1.lc,1782724937.0,1782724967.0,1782725282.0,345.0,137.0,66.0,71.0,6.975667200558264
20260629,AL1_SOLEXS_20260629_SDD2_L1.lc,1782725848.0,1782725900.0,1782725941.0,93.0,69.0,35.0,34.0,6.742265869939271
20260629,AL1_SOLEXS_20260629_SDD2_L1.lc,1782727160.0,1782727378.0,1782727631.0,471.0,74.0,34.0,40.0,8.116461546255858
20260629,AL1_SOLEXS_20260629_SDD2_L1.lc,1782732269.0,1782732390.0,1782732399.0,130.0,46.0,19.0,27.0,7.15195764739654
20260629,AL1_SOLEXS_20260629_SDD2_L1.lc,1782732403.0,1782732410.0,1782732469.0,66.0,36.0,18.900000000000006,17.099999999999994,6.614949717044296
20260629,AL1_SOLEXS_20260629_SDD2_L1.lc,1782735044.0,1782735095.0,1782735203.0,159.0,47.0,16.0,31.0,7.355656108597344
20260629,AL1_SOLEXS_20260629_SDD2_L1.lc,1782736341.0,1782736450.0,1782736571.0,230.0,53.0,17.0,36.0,11.814228554937335
20260629,AL1_SOLEXS_20260629_SDD2_L1.lc,1782744217.0,1782744420.0,1782744428.0,211.0,84.0,49.0,35.0,7.010601163542414
20260629,AL1_SOLEXS_20260629_SDD2_L1.lc,1782745163.0,1782745186.0,1782745261.0,98.0,103.0,48.0,55.0,7.136284447202978
20260629,AL1_SOLEXS_20260629_SDD2_L1.lc,1782754047.0,1782754761.0,1782755372.0,1325.0,247.0,54.0,193.0,24.614847302616806
20260629,AL1_SOLEXS_20260629_SDD2_L1.lc,1782757081.0,1782757170.0,1782757341.0,260.0,264.0,61.0,203.0,25.4297465413874
20260629,AL1_SOLEXS_20260629_SDD2_L1.lc,1782761380.0,1782761475.0,1782761749.0,369.0,84.0,31.0,53.0,9.73980860936699
20260629,AL1_SOLEXS_20260629_SDD2_L1.lc,1782762354.0,1782762429.0,1782762815.0,461.0,176.0,40.0,136.0,21.47730271304509
20260629,AL1_SOLEXS_20260629_SDD2_L1.lc,1782764940.0,1782765223.0,1782765484.0,544.0,113.0,39.0,74.0,11.23650411406928
20260629,AL1_SOLEXS_20260629_SDD2_L1.lc,1782766692.0,1782766822.0,1782767073.0,381.0,199.0,50.0,149.0,21.646554306383482
20260629,AL1_SOLEXS_20260629_SDD2_L1.lc,1782767789.0,1782769190.0,1782770685.0,2896.0,704.0,203.0,501.0,35.51989077041291
20260629,AL1_SOLEXS_20260629_SDD2_L1.lc,1782771952.0,1782772017.0,1782772079.0,127.0,142.0,73.0,69.0,7.916959771198981
20260629,AL1_SOLEXS_20260629_SDD2_L1.lc,1782777096.0,1782777213.0,1782777284.0,188.0,81.0,30.0,51.0,9.021973613880041
20260630,AL1_SOLEXS_20260630_SDD2_L1.lc,1782780330.0,1782782113.0,1782783937.0,3607.0,619.0,375.0,244.0,15.915800159491711
20260630,AL1_SOLEXS_20260630_SDD2_L1.lc,1782783943.0,1782783984.0,1782784023.0,80.0,176.0,102.0,74.0,5.976010853954872
20260630,AL1_SOLEXS_20260630_SDD2_L1.lc,1782784025.0,1782784043.0,1782784128.0,103.0,148.0,97.0,51.0,6.308469770791818
20260630,AL1_SOLEXS_20260630_SDD2_L1.lc,1782784140.0,1782784209.0,1782784352.0,212.0,195.0,90.0,105.0,9.41147251741224
20260630,AL1_SOLEXS_20260630_SDD2_L1.lc,1782786925.0,1782787127.0,1782787569.0,644.0,130.0,47.0,83.0,13.161774395729134
20260630,AL1_SOLEXS_20260630_SDD2_L1.lc,1782789325.0,1782789552.0,1782789976.0,651.0,120.0,30.0,90.0,11.459875977677559
20260630,AL1_SOLEXS_20260630_SDD2_L1.lc,1782800600.0,1782801249.0,1782801456.0,856.0,132.0,35.0,97.0,14.294962009842616
20260630,AL1_SOLEXS_20260630_SDD2_L1.lc,1782801460.0,1782801487.0,1782801541.0,81.0,100.0,57.0,43.0,6.492366158888218
20260630,AL1_SOLEXS_20260630_SDD2_L1.lc,1782810921.0,1782811216.0,1782811714.0,793.0,81.0,25.0,56.0,12.174479638009142
20260630,AL1_SOLEXS_20260630_SDD2_L1.lc,1782812003.0,1782812129.0,1782812399.0,396.0,99.0,29.0,70.0,13.977229287058869
20260630,AL1_SOLEXS_20260630_SDD2_L1.lc,1782818176.0,1782818207.0,1782818267.0,91.0,80.0,35.0,45.0,7.023576037259767
20260630,AL1_SOLEXS_20260630_SDD2_L1.lc,1782822418.0,1782824253.0,1782828429.0,6011.0,3690.0,1284.9,2405.1,66.96525494758698
20260630,AL1_SOLEXS_20260630_SDD2_L1.lc,1782833604.0,1782833646.0,1782833732.0,128.0,127.0,29.0,98.0,16.18305463449054
20260630,AL1_SOLEXS_20260630_SDD2_L1.lc,1782836743.0,1782836777.0,1782836978.0,235.0,100.0,39.0,61.0,8.704015773890355
20260630,AL1_SOLEXS_20260630_SDD2_L1.lc,1782836980.0,1782837039.0,1782837152.0,172.0,97.0,41.900000000000006,55.099999999999994,7.364434047021784
20260630,AL1_SOLEXS_20260630_SDD2_L1.lc,1782837798.0,1782838079.0,1782838743.0,945.0,199.0,52.0,147.0,22.246991806526484
20260630,AL1_SOLEXS_20260630_SDD2_L1.lc,1782840070.0,1782840368.0,1782840893.0,823.0,228.0,31.0,197.0,31.292282313845224
20260630,AL1_SOLEXS_20260630_SDD2_L1.lc,1782844526.0,1782845316.0,1782845503.0,977.0,195.0,64.0,131.0,15.029298642534059
20260630,AL1_SOLEXS_20260630_SDD2_L1.lc,1782849105.0,1782849533.0,1782849966.0,861.0,443.0,47.0,396.0,55.91711348281312
20260630,AL1_SOLEXS_20260630_SDD2_L1.lc,1782852010.0,1782852610.0,1782854214.0,2204.0,7480.0,98.0,7382.0,745.1072572482879
20260630,AL1_SOLEXS_20260630_SDD2_L1.lc,1782854723.0,1782854868.0,1782855058.0,335.0,647.0,453.0,194.0,9.568938837798962
20260630,AL1_SOLEXS_20260630_SDD2_L1.lc,1782855165.0,1782855218.0,1782856557.0,1392.0,537.0,387.9,149.10000000000002,8.159449866636283
20260630,AL1_SOLEXS_20260630_SDD2_L1.lc,1782856725.0,1782856763.0,1782857247.0,522.0,207.0,127.0,80.0,6.210451617078282
20260630,AL1_SOLEXS_20260630_SDD2_L1.lc,1782861060.0,1782861102.0,1782861167.0,107.0,109.0,52.0,57.0,7.193156368109003
20260630,AL1_SOLEXS_20260630_SDD2_L1.lc,1782861169.0,1782861503.0,1782861924.0,755.0,164.0,54.0,110.0,18.219450025971568
20260630,AL1_SOLEXS_20260630_SDD2_L1.lc,1782862520.0,1782862649.0,1782862918.0,398.0,118.0,45.900000000000006,72.1,11.215584531228721
20260701,AL1_SOLEXS_20260701_SDD2_L1.lc,1782874373.0,1782874437.0,1782874471.0,98.0,52.0,20.0,32.0,6.734105896401689
20260701,AL1_SOLEXS_20260701_SDD2_L1.lc,1782879598.0,1782879650.0,1782879693.0,95.0,86.0,46.0,40.0,5.750236290041055
20260701,AL1_SOLEXS_20260701_SDD2_L1.lc,1782881245.0,1782881754.0,1782883307.0,2062.0,360.0,57.0,303.0,39.66357093424412
20260701,AL1_SOLEXS_20260701_SDD2_L1.lc,1782886937.0,1782887199.0,1782887667.0,730.0,674.0,35.0,639.0,104.43827348915934
20260701,AL1_SOLEXS_20260701_SDD2_L1.lc,1782887972.0,1782888179.0,1782889046.0,1074.0,574.0,74.0,500.0,59.2137067360602
20260701,AL1_SOLEXS_20260701_SDD2_L1.lc,1782891021.0,1782891324.0,1782891878.0,857.0,905.0,36.0,869.0,148.90633484162979
20260701,AL1_SOLEXS_20260701_SDD2_L1.lc,1782893611.0,1782893862.0,1782894400.0,789.0,1723.0,25.0,1698.0,333.4923076923095
20260701,AL1_SOLEXS_20260701_SDD2_L1.lc,1782895763.0,1782896143.0,1782896558.0,795.0,183.0,27.0,156.0,29.306578324828994
20260701,AL1_SOLEXS_20260701_SDD2_L1.lc,1782899119.0,1782899170.0,1782899255.0,136.0,119.0,46.0,73.0,7.890346276256806
20260701,AL1_SOLEXS_20260701_SDD2_L1.lc,1782900356.0,1782900475.0,1782901072.0,716.0,861.0,48.0,813.0,111.07657503607217
20260701,AL1_SOLEXS_20260701_SDD2_L1.lc,1782903547.0,1782905101.0,1782905404.0,1857.0,480.0,299.0,181.0,10.840761996623778
20260701,AL1_SOLEXS_20260701_SDD2_L1.lc,1782906855.0,1782906920.0,1782907104.0,249.0,541.0,358.0,183.0,9.85078084427477
20260701,AL1_SOLEXS_20260701_SDD2_L1.lc,1782909760.0,1782909832.0,1782910071.0,311.0,580.0,324.0,256.0,14.1694318753144
20260701,AL1_SOLEXS_20260701_SDD2_L1.lc,1782911193.0,1782911262.0,1782911447.0,254.0,459.0,312.0,147.0,8.030303416322376
20260701,AL1_SOLEXS_20260701_SDD2_L1.lc,1782915918.0,1782916278.0,1782916607.0,689.0,548.0,182.0,366.0,28.337525346944314
20260701,AL1_SOLEXS_20260701_SDD2_L1.lc,1782916979.0,1782917689.0,1782920623.0,3644.0,1560.0,351.9,1208.1,64.0718411290879
20260701,AL1_SOLEXS_20260701_SDD2_L1.lc,1782925852.0,1782925915.0,1782926742.0,890.0,387.0,59.0,328.0,44.0979885086895
20260701,AL1_SOLEXS_20260701_SDD2_L1.lc,1782926834.0,1782926845.0,1782926914.0,80.0,163.0,100.0,63.0,6.267239819004613
20260701,AL1_SOLEXS_20260701_SDD2_L1.lc,1782930992.0,1782931034.0,1782931102.0,110.0,127.0,49.0,78.0,9.22443438914036
20260701,AL1_SOLEXS_20260701_SDD2_L1.lc,1782931808.0,1782932911.0,1782932919.0,1111.0,220.0,159.9,60.099999999999994,6.168691406038118
20260701,AL1_SOLEXS_20260701_SDD2_L1.lc,1782932934.0,1782932988.0,1782933021.0,87.0,262.0,169.0,93.0,6.524469195962511
20260701,AL1_SOLEXS_20260701_SDD2_L1.lc,1782933024.0,1782934982.0,1782936362.0,3338.0,2046.0,905.0,1141.0,38.2173061019234
20260701,AL1_SOLEXS_20260701_SDD2_L1.lc,1782937200.0,1782937346.0,1782938330.0,1130.0,994.0,312.0,682.0,40.01513149496476
20260701,AL1_SOLEXS_20260701_SDD2_L1.lc,1782943353.0,1782943471.0,1782943561.0,208.0,216.0,91.0,125.0,9.272719735796224
20260701,AL1_SOLEXS_20260701_SDD2_L1.lc,1782945559.0,1782945577.0,1782945643.0,84.0,185.0,109.0,76.0,6.6407266549392405
20260701,AL1_SOLEXS_20260701_SDD2_L1.lc,1782947034.0,1782947331.0,1782947996.0,962.0,5916.0,129.0,5787.0,514.9519908229746
20260701,AL1_SOLEXS_20260701_SDD2_L1.lc,1782950105.0,1782950392.0,1782950399.0,294.0,509.0,106.0,403.0,37.717710960111276
20260702,AL1_SOLEXS_20260702_SDD2_L1.lc,1782950401.0,1782950484.0,1782950993.0,592.0,569.0,301.0,268.0,14.533593098862141
20260702,AL1_SOLEXS_20260702_SDD2_L1.lc,1782951203.0,1782951568.0,1782952096.0,893.0,306.0,162.0,144.0,13.610934541554652
20260702,AL1_SOLEXS_20260702_SDD2_L1.lc,1782955344.0,1782955384.0,1782955469.0,125.0,152.0,75.0,77.0,7.705666760188864
20260702,AL1_SOLEXS_20260702_SDD2_L1.lc,1782956501.0,1782957348.0,1782960068.0,3567.0,2622.0,211.9,2410.1,165.1088332218767
20260702,AL1_SOLEXS_20260702_SDD2_L1.lc,1782960175.0,1782960225.0,1782960238.0,63.0,208.0,131.0,77.0,6.080901166120496
20260702,AL1_SOLEXS_20260702_SDD2_L1.lc,1782964430.0,1782964450.0,1782964505.0,75.0,144.0,76.0,68.0,6.922126681428499
20260702,AL1_SOLEXS_20260702_SDD2_L1.lc,1782964510.0,1782964587.0,1782964717.0,207.0,168.0,77.0,91.0,9.230806693230766
20260702,AL1_SOLEXS_20260702_SDD2_L1.lc,1782965384.0,1782965732.0,1782966551.0,1167.0,365.0,88.0,277.0,30.55011911916114
20260702,AL1_SOLEXS_20260702_SDD2_L1.lc,1782968257.0,1782968447.0,1782968989.0,732.0,465.0,68.0,397.0,46.80421763455703
20260702,AL1_SOLEXS_20260702_SDD2_L1.lc,1782969233.0,1782969286.0,1782969440.0,207.0,112.0,55.0,57.0,7.980085829076314
20260702,AL1_SOLEXS_20260702_SDD2_L1.lc,1782972472.0,1782972562.0,1782972953.0,481.0,262.0,52.0,210.0,28.997517497692826
20260702,AL1_SOLEXS_20260702_SDD2_L1.lc,1782976675.0,1782976914.0,1782977186.0,511.0,267.0,84.0,183.0,18.90527236120097
20260702,AL1_SOLEXS_20260702_SDD2_L1.lc,1782979963.0,1782980051.0,1782980141.0,178.0,128.0,58.900000000000006,69.1,7.9219075706874635
20260702,AL1_SOLEXS_20260702_SDD2_L1.lc,1782982823.0,1782983573.0,1782983595.0,772.0,230.0,145.0,85.0,5.714656328143562
20260702,AL1_SOLEXS_20260702_SDD2_L1.lc,1782984044.0,1782984779.0,1782984888.0,844.0,396.0,263.0,133.0,7.9824382171963855
20260702,AL1_SOLEXS_20260702_SDD2_L1.lc,1782985981.0,1782986094.0,1782986128.0,147.0,380.0,270.0,110.0,7.012886517325946
20260702,AL1_SOLEXS_20260702_SDD2_L1.lc,1782987893.0,1782987989.0,1782988349.0,456.0,1888.0,182.0,1706.0,128.02348378836078
20260702,AL1_SOLEXS_20260702_SDD2_L1.lc,1782988396.0,1782988406.0,1782988493.0,97.0,224.0,150.0,74.0,6.0095626178147565
20260702,AL1_SOLEXS_20260702_SDD2_L1.lc,1782988518.0,1782988535.0,1782988599.0,81.0,210.0,145.0,65.0,6.034512945571185
20260702,AL1_SOLEXS_20260702_SDD2_L1.lc,1783020215.0,1783020733.0,1783020765.0,550.0,161.0,105.0,56.0,6.909019249480971
20260702,AL1_SOLEXS_20260702_SDD2_L1.lc,1783021230.0,1783021452.0,1783021872.0,642.0,315.0,159.0,156.0,11.336690360184567
20260702,AL1_SOLEXS_20260702_SDD2_L1.lc,1783024491.0,1783024532.0,1783024802.0,311.0,287.0,190.0,97.0,6.345980396663772
20260702,AL1_SOLEXS_20260702_SDD2_L1.lc,1783024897.0,1783024946.0,1783024967.0,70.0,248.0,158.9,89.1,6.502161369659657
20260702,AL1_SOLEXS_20260702_SDD2_L1.lc,1783028651.0,1783028706.0,1783028894.0,243.0,150.0,86.0,64.0,6.792879194496145
20260702,AL1_SOLEXS_20260702_SDD2_L1.lc,1783033429.0,1783033940.0,1783034669.0,1240.0,677.0,119.0,558.0,49.185395638694
20260703,AL1_SOLEXS_20260703_SDD2_L1.lc,1783039550.0,1783039634.0,1783039945.0,395.0,164.0,40.0,124.0,18.75831628324781
20260703,AL1_SOLEXS_20260703_SDD2_L1.lc,1783045657.0,1783046159.0,1783046442.0,785.0,142.0,44.0,98.0,15.868228275040702
20260703,AL1_SOLEXS_20260703_SDD2_L1.lc,1783046608.0,1783046750.0,1783047188.0,580.0,132.0,72.0,60.0,9.151646859736935
20260703,AL1_SOLEXS_20260703_SDD2_L1.lc,1783048132.0,1783048178.0,1783048369.0,237.0,124.0,53.0,71.0,7.221187801215728
20260703,AL1_SOLEXS_20260703_SDD2_L1.lc,1783048690.0,1783048706.0,1783048759.0,69.0,72.0,35.0,37.0,6.091688305168158
20260703,AL1_SOLEXS_20260703_SDD2_L1.lc,1783048764.0,1783048770.0,1783048829.0,65.0,69.0,34.0,35.0,6.502822822521313
20260703,AL1_SOLEXS_20260703_SDD2_L1.lc,1783048832.0,1783048842.0,1783048895.0,63.0,79.0,33.0,46.0,6.128636244022245
20260703,AL1_SOLEXS_20260703_SDD2_L1.lc,1783053161.0,1783053560.0,1783053591.0,430.0,123.0,59.0,64.0,7.274437946324972
20260703,AL1_SOLEXS_20260703_SDD2_L1.lc,1783053593.0,1783054372.0,1783054452.0,859.0,210.0,121.9,88.1,7.6408669667298525
20260703,AL1_SOLEXS_20260703_SDD2_L1.lc,1783055542.0,1783055552.0,1783055603.0,61.0,197.0,122.0,75.0,6.360853071503192
20260703,AL1_SOLEXS_20260703_SDD2_L1.lc,1783061187.0,1783061247.0,1783061305.0,118.0,102.0,61.0,41.0,7.563677295366281
20260703,AL1_SOLEXS_20260703_SDD2_L1.lc,1783065837.0,1783065914.0,1783066029.0,192.0,126.0,71.0,55.0,8.201359364977376
20260703,AL1_SOLEXS_20260703_SDD2_L1.lc,1783066061.0,1783066098.0,1783066127.0,66.0,121.0,80.0,41.0,6.062071348593855
20260703,AL1_SOLEXS_20260703_SDD2_L1.lc,1783069380.0,1783070342.0,1783070532.0,1152.0,276.0,139.0,137.0,9.490658429275316
20260703,AL1_SOLEXS_20260703_SDD2_L1.lc,1783071211.0,1783071303.0,1783071312.0,101.0,353.0,237.0,116.0,6.030300366146854
20260703,AL1_SOLEXS_20260703_SDD2_L1.lc,1783071330.0,1783071413.0,1783071511.0,181.0,391.0,245.0,146.0,6.819501433642013
20260703,AL1_SOLEXS_20260703_SDD2_L1.lc,1783072139.0,1783072198.0,1783072521.0,382.0,448.0,291.0,157.0,7.4733600813912675
20260703,AL1_SOLEXS_20260703_SDD2_L1.lc,1783076677.0,1783076863.0,1783077694.0,1017.0,471.0,254.0,217.0,12.56933096852162
20260703,AL1_SOLEXS_20260703_SDD2_L1.lc,1783079001.0,1783079023.0,1783079079.0,78.0,234.0,136.0,98.0,8.636311782396014
20260703,AL1_SOLEXS_20260703_SDD2_L1.lc,1783079485.0,1783079520.0,1783079556.0,71.0,191.0,122.9,68.1,6.340662768503142
20260703,AL1_SOLEXS_20260703_SDD2_L1.lc,1783084125.0,1783084426.0,1783084978.0,853.0,898.0,130.0,768.0,66.0281025640917
20260703,AL1_SOLEXS_20260703_SDD2_L1.lc,1783088405.0,1783089080.0,1783089130.0,725.0,217.0,130.9,86.1,7.967545952216819
20260703,AL1_SOLEXS_20260703_SDD2_L1.lc,1783089174.0,1783089211.0,1783089288.0,114.0,261.0,143.0,118.0,11.56904873790094
20260703,AL1_SOLEXS_20260703_SDD2_L1.lc,1783090757.0,1783090914.0,1783091557.0,800.0,222.0,120.0,102.0,10.979978491018837
20260703,AL1_SOLEXS_20260703_SDD2_L1.lc,1783092500.0,1783092521.0,1783092577.0,77.0,121.0,78.0,43.0,5.782093075358561
20260703,AL1_SOLEXS_20260703_SDD2_L1.lc,1783096595.0,1783097248.0,1783097629.0,1034.0,299.0,128.0,171.0,14.806528036008856
20260703,AL1_SOLEXS_20260703_SDD2_L1.lc,1783098162.0,1783098274.0,1783098324.0,162.0,223.0,139.0,84.0,7.2119086776545505
20260703,AL1_SOLEXS_20260703_SDD2_L1.lc,1783100029.0,1783100160.0,1783100407.0,378.0,255.0,137.0,118.0,12.348522192693283
20260703,AL1_SOLEXS_20260703_SDD2_L1.lc,1783101247.0,1783102233.0,1783104516.0,3269.0,4462.0,353.8,4108.2,222.82656889904388
20260703,AL1_SOLEXS_20260703_SDD2_L1.lc,1783104982.0,1783105136.0,1783105704.0,722.0,4413.0,420.9,3992.1,195.66811844346108
20260703,AL1_SOLEXS_20260703_SDD2_L1.lc,1783106993.0,1783107025.0,1783107163.0,170.0,508.0,390.0,118.0,8.177068446263023
20260703,AL1_SOLEXS_20260703_SDD2_L1.lc,1783107807.0,1783107926.0,1783108010.0,203.0,451.0,330.9,120.10000000000002,7.246049862652806
20260703,AL1_SOLEXS_20260703_SDD2_L1.lc,1783109058.0,1783109337.0,1783110471.0,1413.0,849.0,329.0,520.0,28.96169938628796
20260703,AL1_SOLEXS_20260703_SDD2_L1.lc,1783110639.0,1783110747.0,1783110868.0,229.0,351.0,210.0,141.0,8.960423226345739
20260703,AL1_SOLEXS_20260703_SDD2_L1.lc,1783117822.0,1783118104.0,1783118868.0,1046.0,403.0,105.0,298.0,28.34994127752944
20260703,AL1_SOLEXS_20260703_SDD2_L1.lc,1783118876.0,1783118917.0,1783119019.0,143.0,142.0,89.0,53.0,6.745615468058661
20260703,AL1_SOLEXS_20260703_SDD2_L1.lc,1783122889.0,1783123199.0,1783123199.0,310.0,1291.0,72.0,1219.0,143.46919293498118
20260704,AL1_SOLEXS_20260704_SDD2_L1.lc,1783123201.0,1783123201.0,1783123697.0,496.0,1322.0,239.0,1083.0,69.7695678994595
20260704,AL1_SOLEXS_20260704_SDD2_L1.lc,1783124243.0,1783124599.0,1783126078.0,1835.0,1499.0,252.0,1247.0,76.3391891593367
20260704,AL1_SOLEXS_20260704_SDD2_L1.lc,1783127019.0,1783127590.0,1783129266.0,2247.0,1369.0,221.0,1148.0,76.6366678518278
20260704,AL1_SOLEXS_20260704_SDD2_L1.lc,1783130126.0,1783130488.0,1783131308.0,1182.0,591.0,233.0,358.0,24.89302696900035
20260704,AL1_SOLEXS_20260704_SDD2_L1.lc,1783131954.0,1783132051.0,1783132328.0,374.0,285.0,132.9,152.1,9.830170932847025
20260704,AL1_SOLEXS_20260704_SDD2_L1.lc,1783133342.0,1783133526.0,1783133921.0,579.0,205.0,115.0,90.0,8.295495262445606
20260704,AL1_SOLEXS_20260704_SDD2_L1.lc,1783134513.0,1783134556.0,1783134609.0,96.0,250.0,169.0,81.0,6.5766098155239465
20260704,AL1_SOLEXS_20260704_SDD2_L1.lc,1783135609.0,1783136534.0,1783138701.0,3092.0,2778.0,547.0,2231.0,94.25357003713005
20260704,AL1_SOLEXS_20260704_SDD2_L1.lc,1783140161.0,1783140528.0,1783140809.0,648.0,192.0,95.0,97.0,9.23835475602913
20260704,AL1_SOLEXS_20260704_SDD2_L1.lc,1783141816.0,1783142118.0,1783142749.0,933.0,864.0,148.0,716.0,55.75126725198488
20260704,AL1_SOLEXS_20260704_SDD2_L1.lc,1783144080.0,1783144334.0,1783145086.0,1006.0,464.0,199.0,265.0,18.45227399458503
20260704,AL1_SOLEXS_20260704_SDD2_L1.lc,1783145767.0,1783146505.0,1783146866.0,1099.0,353.0,174.0,179.0,14.282841565657849
20260704,AL1_SOLEXS_20260704_SDD2_L1.lc,1783147685.0,1783147811.0,1783147962.0,277.0,171.0,96.0,75.0,8.686544564084924
20260704,AL1_SOLEXS_20260704_SDD2_L1.lc,1783148204.0,1783148244.0,1783148285.0,81.0,186.0,83.0,103.0,11.409721656955595
20260704,AL1_SOLEXS_20260704_SDD2_L1.lc,1783150287.0,1783150881.0,1783151050.0,763.0,188.0,83.0,105.0,13.635502447533877
20260704,AL1_SOLEXS_20260704_SDD2_L1.lc,1783151647.0,1783152395.0,1783153129.0,1482.0,1043.0,219.0,824.0,58.972120810906915
20260704,AL1_SOLEXS_20260704_SDD2_L1.lc,1783153529.0,1783153688.0,1783153961.0,432.0,247.0,155.0,92.0,8.754363789717079
20260704,AL1_SOLEXS_20260704_SDD2_L1.lc,1783154117.0,1783154144.0,1783154183.0,66.0,258.0,152.9,105.1,8.722097998632128
20260704,AL1_SOLEXS_20260704_SDD2_L1.lc,1783154825.0,1783155155.0,1783156059.0,1234.0,610.0,152.9,457.1,34.39500179555473
20260704,AL1_SOLEXS_20260704_SDD2_L1.lc,1783157909.0,1783158324.0,1783158458.0,549.0,276.0,162.0,114.0,8.132972264054734
20260704,AL1_SOLEXS_20260704_SDD2_L1.lc,1783160298.0,1783160375.0,1783160461.0,163.0,306.0,221.0,85.0,6.858583982659712
20260704,AL1_SOLEXS_20260704_SDD2_L1.lc,1783163188.0,1783163537.0,1783163851.0,663.0,2182.0,190.9,1991.1,146.6994828531331
20260704,AL1_SOLEXS_20260704_SDD2_L1.lc,1783163961.0,1783163961.0,1783165100.0,1139.0,1118.0,385.0,733.0,39.92239407722616
20260704,AL1_SOLEXS_20260704_SDD2_L1.lc,1783165103.0,1783165122.0,1783165183.0,80.0,324.0,238.0,86.0,5.888388214494799
20260704,AL1_SOLEXS_20260704_SDD2_L1.lc,1783165251.0,1783165420.0,1783165646.0,395.0,350.0,205.0,145.0,10.997843713449079
20260704,AL1_SOLEXS_20260704_SDD2_L1.lc,1783165744.0,1783165781.0,1783165808.0,64.0,248.0,181.9,66.1,6.170331943474169
20260704,AL1_SOLEXS_20260704_SDD2_L1.lc,1783168550.0,1783168595.0,1783168944.0,394.0,279.0,149.0,130.0,8.195951998322228
20260704,AL1_SOLEXS_20260704_SDD2_L1.lc,1783172626.0,1783173057.0,1783174775.0,2149.0,2266.0,171.0,2095.0,158.90337205444166
20260704,AL1_SOLEXS_20260704_SDD2_L1.lc,1783175347.0,1783175428.0,1783176335.0,988.0,376.0,236.0,140.0,10.26265636189665
20260704,AL1_SOLEXS_20260704_SDD2_L1.lc,1783179043.0,1783179279.0,1783179601.0,558.0,372.0,171.0,201.0,14.345715325941773
20260704,AL1_SOLEXS_20260704_SDD2_L1.lc,1783179746.0,1783179964.0,1783180374.0,628.0,328.0,180.0,148.0,9.981632073678597
20260704,AL1_SOLEXS_20260704_SDD2_L1.lc,1783181064.0,1783181194.0,1783181815.0,751.0,652.0,162.9,489.1,37.9462212232686
20260704,AL1_SOLEXS_20260704_SDD2_L1.lc,1783182398.0,1783182508.0,1783182661.0,263.0,234.0,134.0,100.0,9.191716404461907
20260704,AL1_SOLEXS_20260704_SDD2_L1.lc,1783182663.0,1783182702.0,1783182758.0,95.0,204.0,133.0,71.0,6.0626288810375595
20260704,AL1_SOLEXS_20260704_SDD2_L1.lc,1783184496.0,1783184544.0,1783184648.0,152.0,397.0,126.0,271.0,24.22563929896092
20260704,AL1_SOLEXS_20260704_SDD2_L1.lc,1783184687.0,1783185119.0,1783185387.0,700.0,304.0,151.9,152.1,12.61848186612049
20260704,AL1_SOLEXS_20260704_SDD2_L1.lc,1783185389.0,1783185394.0,1783185509.0,120.0,229.0,149.9,79.1,6.097198187640966
20260704,AL1_SOLEXS_20260704_SDD2_L1.lc,1783187545.0,1783187679.0,1783188032.0,487.0,228.0,113.0,115.0,10.671690770542112
20260704,AL1_SOLEXS_20260704_SDD2_L1.lc,1783190441.0,1783190860.0,1783192493.0,2052.0,1204.0,92.0,1112.0,116.24952199881427
20260704,AL1_SOLEXS_20260704_SDD2_L1.lc,1783193112.0,1783193740.0,1783194197.0,1085.0,821.0,116.0,705.0,68.64677709678224
20260704,AL1_SOLEXS_20260704_SDD2_L1.lc,1783195004.0,1783195189.0,1783195464.0,460.0,211.0,119.0,92.0,8.567771102043777
20260704,AL1_SOLEXS_20260704_SDD2_L1.lc,1783197286.0,1783197688.0,1783198319.0,1033.0,9641.0,115.0,9526.0,881.4598325955455
20260704,AL1_SOLEXS_20260704_SDD2_L1.lc,1783199389.0,1783199673.0,1783199971.0,582.0,1145.0,654.0,491.0,21.55217472183564
20260704,AL1_SOLEXS_20260704_SDD2_L1.lc,1783200892.0,1783201078.0,1783202740.0,1848.0,917.0,593.9,323.1,13.191524067556298
20260704,AL1_SOLEXS_20260704_SDD2_L1.lc,1783203685.0,1783203818.0,1783204480.0,795.0,630.0,254.0,376.0,23.323412418612683
20260704,AL1_SOLEXS_20260704_SDD2_L1.lc,1783208144.0,1783208957.0,1783209266.0,1122.0,476.0,188.0,288.0,23.436213986903095
20260705,AL1_SOLEXS_20260705_SDD2_L1.lc,1783209606.0,1783209612.0,1783209736.0,130.0,215.0,112.0,103.0,7.454365838378685
20260705,AL1_SOLEXS_20260705_SDD2_L1.lc,1783211283.0,1783211506.0,1783212516.0,1233.0,818.0,86.0,732.0,82.79605257622248
20260705,AL1_SOLEXS_20260705_SDD2_L1.lc,1783214020.0,1783214203.0,1783214212.0,192.0,167.0,81.0,86.0,10.962895927601917
20260705,AL1_SOLEXS_20260705_SDD2_L1.lc,1783214331.0,1783214473.0,1783214934.0,603.0,434.0,88.0,346.0,35.50303223156541
20260705,AL1_SOLEXS_20260705_SDD2_L1.lc,1783216014.0,1783216143.0,1783216313.0,299.0,245.0,106.0,139.0,14.684699549592134
20260705,AL1_SOLEXS_20260705_SDD2_L1.lc,1783217559.0,1783217684.0,1783217768.0,209.0,160.0,92.0,68.0,6.687651666416158
20260705,AL1_SOLEXS_20260705_SDD2_L1.lc,1783217907.0,1783217952.0,1783217994.0,87.0,150.0,87.0,63.0,6.360295484955448
20260705,AL1_SOLEXS_20260705_SDD2_L1.lc,1783217996.0,1783218012.0,1783218078.0,82.0,147.0,86.0,61.0,6.229709118335923
20260705,AL1_SOLEXS_20260705_SDD2_L1.lc,1783221598.0,1783221814.0,1783222192.0,594.0,145.0,55.0,90.0,13.165140373135277
20260705,AL1_SOLEXS_20260705_SDD2_L1.lc,1783225460.0,1783225916.0,1783226377.0,917.0,791.0,64.0,727.0,90.14909502262495
20260705,AL1_SOLEXS_20260705_SDD2_L1.lc,1783226610.0,1783226819.0,1783228116.0,1506.0,493.0,266.0,227.0,14.759401399725416
20260705,AL1_SOLEXS_20260705_SDD2_L1.lc,1783228122.0,1783228142.0,1783228198.0,76.0,168.0,116.0,52.0,5.996446972400682
20260705,AL1_SOLEXS_20260705_SDD2_L1.lc,1783229272.0,1783229974.0,1783231198.0,1926.0,1772.0,160.0,1612.0,129.7844540368914
20260705,AL1_SOLEXS_20260705_SDD2_L1.lc,1783232144.0,1783232364.0,1783232637.0,493.0,352.0,155.0,197.0,16.199589107621048
20260705,AL1_SOLEXS_20260705_SDD2_L1.lc,1783232883.0,1783232956.0,1783234030.0,1147.0,305.0,187.0,118.0,9.041902265707424
20260705,AL1_SOLEXS_20260705_SDD2_L1.lc,1783234032.0,1783234115.0,1783234470.0,438.0,200.0,86.0,114.0,9.767307182949372
20260705,AL1_SOLEXS_20260705_SDD2_L1.lc,1783235593.0,1783235731.0,1783235901.0,308.0,437.0,66.0,371.0,43.56614457561396
20260705,AL1_SOLEXS_20260705_SDD2_L1.lc,1783236212.0,1783236370.0,1783236990.0,778.0,588.0,75.0,513.0,61.189514737763055
20260705,AL1_SOLEXS_20260705_SDD2_L1.lc,1783237903.0,1783238022.0,1783238219.0,316.0,184.0,82.0,102.0,10.610021173993008
20260705,AL1_SOLEXS_20260705_SDD2_L1.lc,1783239916.0,1783240005.0,1783240293.0,377.0,188.0,58.0,130.0,15.044746471949216
20260705,AL1_SOLEXS_20260705_SDD2_L1.lc,1783241554.0,1783241988.0,1783242298.0,744.0,245.0,74.0,171.0,20.0217358465578
20260705,AL1_SOLEXS_20260705_SDD2_L1.lc,1783243071.0,1783243571.0,1783244123.0,1052.0,233.0,123.0,110.0,11.884821775536487
20260705,AL1_SOLEXS_20260705_SDD2_L1.lc,1783244176.0,1783244196.0,1783244239.0,63.0,201.0,136.0,65.0,6.334971492356977
20260705,AL1_SOLEXS_20260705_SDD2_L1.lc,1783246025.0,1783246133.0,1783246420.0,395.0,195.0,105.0,90.0,9.808104841753254
20260705,AL1_SOLEXS_20260705_SDD2_L1.lc,1783248384.0,1783248769.0,1783248945.0,561.0,198.0,97.0,101.0,10.860160959575458
20260705,AL1_SOLEXS_20260705_SDD2_L1.lc,1783249055.0,1783250151.0,1783251686.0,2631.0,1040.0,351.0,689.0,37.968293279878864
20260705,AL1_SOLEXS_20260705_SDD2_L1.lc,1783252631.0,1783252870.0,1783253412.0,781.0,460.0,98.0,362.0,39.23725015904393
20260705,AL1_SOLEXS_20260705_SDD2_L1.lc,1783254139.0,1783254352.0,1783254863.0,724.0,260.0,98.0,162.0,16.441352514955767
20260705,AL1_SOLEXS_20260705_SDD2_L1.lc,1783256158.0,1783256293.0,1783257397.0,1239.0,400.0,71.0,329.0,41.179605122446326
20260705,AL1_SOLEXS_20260705_SDD2_L1.lc,1783257455.0,1783257492.0,1783257517.0,62.0,157.0,92.0,65.0,6.787474404005476
20260705,AL1_SOLEXS_20260705_SDD2_L1.lc,1783257519.0,1783257569.0,1783257606.0,87.0,147.0,83.0,64.0,6.69631519857475
20260705,AL1_SOLEXS_20260705_SDD2_L1.lc,1783257609.0,1783257617.0,1783257759.0,150.0,143.0,78.0,65.0,6.725623114309101
20260705,AL1_SOLEXS_20260705_SDD2_L1.lc,1783257893.0,1783258050.0,1783258183.0,290.0,188.0,59.0,129.0,17.235008907538433
20260705,AL1_SOLEXS_20260705_SDD2_L1.lc,1783261251.0,1783261446.0,1783261728.0,477.0,165.0,67.0,98.0,13.81642439174165
20260705,AL1_SOLEXS_20260705_SDD2_L1.lc,1783261760.0,1783261812.0,1783261836.0,76.0,124.0,76.0,48.0,6.557033859698737
20260705,AL1_SOLEXS_20260705_SDD2_L1.lc,1783262025.0,1783262101.0,1783262245.0,220.0,207.0,96.0,111.0,10.517565855975345
20260705,AL1_SOLEXS_20260705_SDD2_L1.lc,1783264234.0,1783264857.0,1783265157.0,923.0,288.0,92.0,196.0,21.167987043337273
20260705,AL1_SOLEXS_20260705_SDD2_L1.lc,1783265941.0,1783266193.0,1783266805.0,864.0,357.0,196.0,161.0,10.30562378797686
20260705,AL1_SOLEXS_20260705_SDD2_L1.lc,1783266813.0,1783266889.0,1783266921.0,108.0,272.0,192.0,80.0,5.757436157256015
20260705,AL1_SOLEXS_20260705_SDD2_L1.lc,1783268575.0,1783269133.0,1783269475.0,900.0,746.0,195.0,551.0,44.137043588579495
20260705,AL1_SOLEXS_20260705_SDD2_L1.lc,1783269712.0,1783269912.0,1783271459.0,1747.0,819.0,398.9,420.1,21.11663454733653
20260705,AL1_SOLEXS_20260705_SDD2_L1.lc,1783273056.0,1783273250.0,1783273644.0,588.0,207.0,89.0,118.0,11.345814412466376
20260705,AL1_SOLEXS_20260705_SDD2_L1.lc,1783274051.0,1783274257.0,1783275477.0,1426.0,3939.0,143.0,3796.0,321.71879905589986
20260705,AL1_SOLEXS_20260705_SDD2_L1.lc,1783278144.0,1783278423.0,1783279051.0,907.0,890.0,172.0,718.0,54.952411294147595
20260705,AL1_SOLEXS_20260705_SDD2_L1.lc,1783279053.0,1783279068.0,1783279650.0,597.0,237.0,126.0,111.0,10.51638722663618
20260705,AL1_SOLEXS_20260705_SDD2_L1.lc,1783282182.0,1783282622.0,1783283071.0,889.0,338.0,80.0,258.0,29.60665299710885
20260705,AL1_SOLEXS_20260705_SDD2_L1.lc,1783283367.0,1783283382.0,1783283663.0,296.0,126.0,81.0,45.0,6.197385620915112
20260705,AL1_SOLEXS_20260705_SDD2_L1.lc,1783286275.0,1783286541.0,1783287117.0,842.0,501.0,69.0,432.0,53.312194123574585
20260705,AL1_SOLEXS_20260705_SDD2_L1.lc,1783287596.0,1783287716.0,1783288000.0,404.0,460.0,213.0,247.0,18.19495365936513
20260705,AL1_SOLEXS_20260705_SDD2_L1.lc,1783288048.0,1783288050.0,1783288800.0,752.0,309.0,149.0,160.0,14.27761839398718
20260705,AL1_SOLEXS_20260705_SDD2_L1.lc,1783291980.0,1783292179.0,1783292573.0,593.0,184.0,58.0,126.0,16.275462060300484
20260706,AL1_SOLEXS_20260706_SDD2_L1.lc,1783296606.0,1783296655.0,1783296727.0,121.0,105.0,52.0,53.0,7.199305759424623
20260706,AL1_SOLEXS_20260706_SDD2_L1.lc,1783298453.0,1783298681.0,1783299377.0,924.0,311.0,56.0,255.0,29.377573389853453
20260706,AL1_SOLEXS_20260706_SDD2_L1.lc,1783303296.0,1783304395.0,1783305203.0,1907.0,512.0,233.9,278.1,16.79299334469697
20260706,AL1_SOLEXS_20260706_SDD2_L1.lc,1783306181.0,1783306874.0,1783307899.0,1718.0,374.0,157.0,217.0,15.869578516087369
20260706,AL1_SOLEXS_20260706_SDD2_L1.lc,1783309015.0,1783309340.0,1783309662.0,647.0,138.0,82.0,56.0,9.333312806928596
20260706,AL1_SOLEXS_20260706_SDD2_L1.lc,1783313997.0,1783314889.0,1783315587.0,1590.0,256.0,154.0,102.0,9.26105714872764
20260706,AL1_SOLEXS_20260706_SDD2_L1.lc,1783315656.0,1783315664.0,1783315766.0,110.0,175.0,106.0,69.0,6.204978424934386
20260706,AL1_SOLEXS_20260706_SDD2_L1.lc,1783315768.0,1783315793.0,1783315908.0,140.0,178.0,97.0,81.0,7.2424963561839695
20260706,AL1_SOLEXS_20260706_SDD2_L1.lc,1783318740.0,1783318774.0,1783318866.0,126.0,102.0,63.0,39.0,6.600867330436337
20260706,AL1_SOLEXS_20260706_SDD2_L1.lc,1783320479.0,1783320586.0,1783320663.0,184.0,113.0,71.9,41.099999999999994,7.637632908302399
20260706,AL1_SOLEXS_20260706_SDD2_L1.lc,1783320667.0,1783320727.0,1783320734.0,67.0,106.0,75.0,31.0,6.4522158137762675
20260706,AL1_SOLEXS_20260706_SDD2_L1.lc,1783323137.0,1783323284.0,1783323292.0,155.0,239.0,188.0,51.0,6.880273442857585
20260706,AL1_SOLEXS_20260706_SDD2_L1.lc,1783323296.0,1783323789.0,1783323794.0,498.0,344.0,230.0,114.0,6.0659423205951635
20260706,AL1_SOLEXS_20260706_SDD2_L1.lc,1783345667.0,1783346020.0,1783346056.0,389.0,109.0,67.0,42.0,6.806109497352249
20260706,AL1_SOLEXS_20260706_SDD2_L1.lc,1783359959.0,1783360188.0,1783360310.0,351.0,82.0,37.0,45.0,7.917782538827051
20260706,AL1_SOLEXS_20260706_SDD2_L1.lc,1783362654.0,1783363066.0,1783363417.0,763.0,139.0,39.0,100.0,16.802587722805416
20260707,AL1_SOLEXS_20260707_SDD2_L1.lc,1783395470.0,1783395655.0,1783395729.0,259.0,45.0,13.0,32.0,8.383251834354205
20260707,AL1_SOLEXS_20260707_SDD2_L1.lc,1783395770.0,1783395803.0,1783395830.0,60.0,26.0,13.0,13.0,6.8290873026679435
20260707,AL1_SOLEXS_20260707_SDD2_L1.lc,1783426171.0,1783426375.0,1783426443.0,272.0,42.0,12.0,30.0,8.37131765878394
20260707,AL1_SOLEXS_20260707_SDD2_L1.lc,1783433754.0,1783433979.0,1783435005.0,1251.0,2904.0,14.0,2890.0,764.969638524383
20260707,AL1_SOLEXS_20260707_SDD2_L1.lc,1783464439.0,1783464548.0,1783464796.0,357.0,40.0,4.0,36.0,22.335294117647187
20260708,AL1_SOLEXS_20260708_SDD2_L1.lc,1783496336.0,1783496490.0,1783496547.0,211.0,25.0,6.0,19.0,8.975551102741317
20260708,AL1_SOLEXS_20260708_SDD2_L1.lc,1783504028.0,1783504504.0,1783504857.0,829.0,74.0,8.0,66.0,21.10057828311797
20260708,AL1_SOLEXS_20260708_SDD2_L1.lc,1783511852.0,1783511890.0,1783511957.0,105.0,32.0,7.0,25.0,9.810657931991607
20260708,AL1_SOLEXS_20260708_SDD2_L1.lc,1783533180.0,1783533399.0,1783534032.0,852.0,903.0,6.0,897.0,363.3047718771247
20260708,AL1_SOLEXS_20260708_SDD2_L1.lc,1783534035.0,1783534065.0,1783534156.0,121.0,87.0,32.0,55.0,6.643604164958196
20260709,AL1_SOLEXS_20260709_SDD2_L1.lc,1783563875.0,1783564039.0,1783564630.0,755.0,622.0,5.0,617.0,274.9230401404032
20260709,AL1_SOLEXS_20260709_SDD2_L1.lc,1783570252.0,1783570272.0,1783570405.0,153.0,15.0,1.0,14.0,16.94932126696842
20260709,AL1_SOLEXS_20260709_SDD2_L1.lc,1783573654.0,1783573810.0,1783573894.0,240.0,10.0,1.0,9.0,9.638914027149376
20260709,AL1_SOLEXS_20260709_SDD2_L1.lc,1783573897.0,1783573950.0,1783573963.0,66.0,5.0,1.0,4.0,7.988235294117693
20260709,AL1_SOLEXS_20260709_SDD2_L1.lc,1783580322.0,1783581108.0,1783581285.0,963.0,73.0,22.0,51.0,14.926172504965153
20260709,AL1_SOLEXS_20260709_SDD2_L1.lc,1783581651.0,1783581657.0,1783581758.0,107.0,85.0,40.900000000000006,44.099999999999994,6.1884284322076075
20260709,AL1_SOLEXS_20260709_SDD2_L1.lc,1783581785.0,1783581847.0,1783581861.0,76.0,77.0,35.0,42.0,6.421336706786249
20260709,AL1_SOLEXS_20260709_SDD2_L1.lc,1783604263.0,1783604299.0,1783604400.0,137.0,14.0,2.0,12.0,11.168447648913018
20260709,AL1_SOLEXS_20260709_SDD2_L1.lc,1783611688.0,1783611715.0,1783611757.0,69.0,17.0,2.0,15.0,7.034592620437796
20260709,AL1_SOLEXS_20260709_SDD2_L1.lc,1783640813.0,1783640915.0,1783640998.0,185.0,15.0,1.0,14.0,11.880542986425407
20260710,AL1_SOLEXS_20260710_SDD2_L1.lc,1783694335.0,1783695643.0,1783696688.0,2353.0,258.0,108.0,150.0,14.306791919412197
20260710,AL1_SOLEXS_20260710_SDD2_L1.lc,1783696743.0,1783696770.0,1783696847.0,104.0,115.0,59.0,56.0,6.967050734787444
20260710,AL1_SOLEXS_20260710_SDD2_L1.lc,1783725961.0,1783726093.0,1783726290.0,329.0,17.0,2.0,15.0,13.740268602387
20260711,AL1_SOLEXS_20260711_SDD2_L1.lc,1783729070.0,1783729103.0,1783729138.0,68.0,21.0,2.0,19.0,12.499472178205352
20260711,AL1_SOLEXS_20260711_SDD2_L1.lc,1783740936.0,1783741042.0,1783741362.0,426.0,26.0,3.0,23.0,14.318809164834196
20260711,AL1_SOLEXS_20260711_SDD2_L1.lc,1783744647.0,1783744702.0,1783744760.0,113.0,15.0,2.0,13.0,9.079123087307508
20260711,AL1_SOLEXS_20260711_SDD2_L1.lc,1783747677.0,1783747839.0,1783747973.0,296.0,25.0,4.0,21.0,9.809954751131286
20260711,AL1_SOLEXS_20260711_SDD2_L1.lc,1783775981.0,1783776040.0,1783776083.0,102.0,9.0,2.0,7.0,9.637769440226839
20260711,AL1_SOLEXS_20260711_SDD2_L1.lc,1783776087.0,1783776316.0,1783776640.0,553.0,26.0,3.0,23.0,16.107811265924955
20260711,AL1_SOLEXS_20260711_SDD2_L1.lc,1783800596.0,1783800665.0,1783800722.0,126.0,26.0,6.0,20.0,7.296376007575464
20260712,AL1_SOLEXS_20260712_SDD2_L1.lc,1783816566.0,1783817860.0,1783818327.0,1761.0,277.0,124.0,153.0,13.901450376872512
20260712,AL1_SOLEXS_20260712_SDD2_L1.lc,1783841054.0,1783843771.0,1783844307.0,3253.0,582.0,375.0,207.0,12.47803966581193
20260712,AL1_SOLEXS_20260712_SDD2_L1.lc,1783844798.0,1783844818.0,1783844976.0,178.0,373.0,264.0,109.0,6.348513269143241
20260712,AL1_SOLEXS_20260712_SDD2_L1.lc,1783844984.0,1783845103.0,1783845740.0,756.0,339.0,218.0,121.0,8.289974048498141
20260712,AL1_SOLEXS_20260712_SDD2_L1.lc,1783845743.0,1783845846.0,1783847333.0,1590.0,243.0,144.0,99.0,7.929487179487286
20260712,AL1_SOLEXS_20260712_SDD2_L1.lc,1783847335.0,1783847391.0,1783847397.0,62.0,76.0,30.0,46.0,7.815662183308327
20260712,AL1_SOLEXS_20260712_SDD2_L1.lc,1783847429.0,1783847465.0,1783847514.0,85.0,47.0,28.0,19.0,5.989454212333158
20260712,AL1_SOLEXS_20260712_SDD2_L1.lc,1783847802.0,1783847812.0,1783847863.0,61.0,51.0,19.0,32.0,6.29491859814977
20260712,AL1_SOLEXS_20260712_SDD2_L1.lc,1783864376.0,1783864673.0,1783865245.0,869.0,104.0,8.0,96.0,33.602930081699185
20260712,AL1_SOLEXS_20260712_SDD2_L1.lc,1783870270.0,1783870311.0,1783870440.0,170.0,24.0,5.0,19.0,9.609628607738525
20260712,AL1_SOLEXS_20260712_SDD2_L1.lc,1783876284.0,1783876499.0,1783876706.0,422.0,25.0,4.0,21.0,10.194117647058889
20260712,AL1_SOLEXS_20260712_SDD2_L1.lc,1783876710.0,1783876717.0,1783876787.0,77.0,21.0,5.0,16.0,7.762090088772626
20260712,AL1_SOLEXS_20260712_SDD2_L1.lc,1783896989.0,1783897070.0,1783897085.0,96.0,24.0,5.0,19.0,8.700631562043583
20260712,AL1_SOLEXS_20260712_SDD2_L1.lc,1783897136.0,1783897200.0,1783897206.0,70.0,24.0,7.0,17.0,6.6949308870675655
20260712,AL1_SOLEXS_20260712_SDD2_L1.lc,1783897213.0,1783897236.0,1783897283.0,70.0,34.0,7.0,27.0,7.524058382609984
20260713,AL1_SOLEXS_20260713_SDD2_L1.lc,1783931946.0,1783931987.0,1783932081.0,135.0,17.0,1.0,16.0,12.409954751131291
20260713,AL1_SOLEXS_20260713_SDD2_L1.lc,1783957893.0,1783957950.0,1783958021.0,128.0,18.0,3.0,15.0,8.278837117927312
20260713,AL1_SOLEXS_20260713_SDD2_L1.lc,1783964441.0,1783964958.0,1783965253.0,812.0,47.0,10.0,37.0,11.988037211262832
20260713,AL1_SOLEXS_20260713_SDD2_L1.lc,1783966773.0,1783966873.0,1783966910.0,137.0,33.0,11.0,22.0,7.040085250181846
20260713,AL1_SOLEXS_20260713_SDD2_L1.lc,1783966949.0,1783967022.0,1783967029.0,80.0,21.0,11.0,10.0,6.150831429386427
20260713,AL1_SOLEXS_20260713_SDD2_L1.lc,1783982963.0,1783983065.0,1783983180.0,217.0,13.0,1.0,12.0,10.572850678733092
20260714,AL1_SOLEXS_20260714_SDD2_L1.lc,1784022900.0,1784023000.0,1784023210.0,310.0,48.0,1.0,47.0,49.21809954751158
20260715,AL1_SOLEXS_20260715_SDD2_L1.lc,1784083846.0,1784083891.0,1784083918.0,72.0,15.0,4.0,11.0,7.361990950226293
20260715,AL1_SOLEXS_20260715_SDD2_L1.lc,1784083970.0,1784083996.0,1784084036.0,66.0,24.0,5.0,19.0,7.5601357139721905
20260715,AL1_SOLEXS_20260715_SDD2_L1.lc,1784104727.0,1784105176.0,1784106023.0,1296.0,130.0,3.0,127.0,75.78701949860242
20260715,AL1_SOLEXS_20260715_SDD2_L1.lc,1784139027.0,1784139195.0,1784139942.0,915.0,49.0,2.0,47.0,34.97330942279511
20260715,AL1_SOLEXS_20260715_SDD2_L1.lc,1784139991.0,1784139995.0,1784140059.0,68.0,11.0,3.0,8.0,5.633475658282886
20260715,AL1_SOLEXS_20260715_SDD2_L1.lc,1784148809.0,1784150147.0,1784150154.0,1345.0,261.0,144.0,117.0,6.4812217194571105
20260715,AL1_SOLEXS_20260715_SDD2_L1.lc,1784151134.0,1784151619.0,1784151627.0,493.0,353.0,263.0,90.0,6.472122022766494
20260715,AL1_SOLEXS_20260715_SDD2_L1.lc,1784151629.0,1784151688.0,1784151711.0,82.0,389.0,271.0,118.0,5.755391480274151
20260715,AL1_SOLEXS_20260715_SDD2_L1.lc,1784151774.0,1784151883.0,1784151889.0,115.0,362.0,298.0,64.0,6.04804416362577
20260715,AL1_SOLEXS_20260715_SDD2_L1.lc,1784152431.0,1784152530.0,1784153098.0,667.0,424.0,301.0,123.0,6.48869556654477
20260715,AL1_SOLEXS_20260715_SDD2_L1.lc,1784153102.0,1784153110.0,1784154072.0,970.0,314.0,233.0,81.0,7.293195115169589
20260716,AL1_SOLEXS_20260716_SDD2_L1.lc,1784237170.0,1784237699.0,1784238079.0,909.0,233.0,11.0,222.0,77.6133858694419
20260716,AL1_SOLEXS_20260716_SDD2_L1.lc,1784245606.0,1784245691.0,1784245707.0,101.0,47.0,15.0,32.0,6.986324529004919
20260718,AL1_SOLEXS_20260718_SDD2_L1.lc,1784337303.0,1784337324.0,1784338026.0,723.0,76.0,1.0,75.0,73.51221719457052
20260718,AL1_SOLEXS_20260718_SDD2_L1.lc,1784347268.0,1784347565.0,1784348080.0,812.0,78.0,9.0,69.0,23.217194570135884
20260718,AL1_SOLEXS_20260718_SDD2_L1.lc,1784367449.0,1784367476.0,1784367525.0,76.0,23.0,10.0,13.0,6.518012306605933
20260718,AL1_SOLEXS_20260718_SDD2_L1.lc,1784411156.0,1784411580.0,1784411733.0,577.0,48.0,8.0,40.0,14.41345985470217
20260719,AL1_SOLEXS_20260719_SDD2_L1.lc,1784485981.0,1784486026.0,1784486094.0,113.0,19.0,7.0,12.0,6.791046739479865
20260719,AL1_SOLEXS_20260719_SDD2_L1.lc,1784486113.0,1784486332.0,1784486458.0,345.0,37.0,9.0,28.0,7.860935143288143
20260719,AL1_SOLEXS_20260719_SDD2_L1.lc,1784505481.0,1784505560.0,1784505599.0,118.0,32.0,10.0,22.0,8.064237301890081
20260720,AL1_SOLEXS_20260720_SDD2_L1.lc,1784533419.0,1784533585.0,1784534044.0,625.0,64.0,13.0,51.0,15.18021170484257
20260720,AL1_SOLEXS_20260720_SDD2_L1.lc,1784536760.0,1784536788.0,1784536859.0,99.0,55.0,17.0,38.0,8.682116908540506
20260720,AL1_SOLEXS_20260720_SDD2_L1.lc,1784536923.0,1784536990.0,1784537025.0,102.0,42.0,17.0,25.0,7.504776553160511
20260720,AL1_SOLEXS_20260720_SDD2_L1.lc,1784538898.0,1784538951.0,1784539064.0,166.0,54.0,16.0,38.0,10.881900452488768
20260720,AL1_SOLEXS_20260720_SDD2_L1.lc,1784550229.0,1784550264.0,1784550296.0,67.0,54.0,20.0,34.0,6.3372797150553435
20260720,AL1_SOLEXS_20260720_SDD2_L1.lc,1784550316.0,1784550527.0,1784550544.0,228.0,57.0,27.0,30.0,6.350852961085943
20260720,AL1_SOLEXS_20260720_SDD2_L1.lc,1784550675.0,1784551384.0,1784551709.0,1034.0,122.0,52.0,70.0,8.55907422686815
20260720,AL1_SOLEXS_20260720_SDD2_L1.lc,1784553805.0,1784554018.0,1784554088.0,283.0,102.0,48.0,54.0,7.953979624833536
20260720,AL1_SOLEXS_20260720_SDD2_L1.lc,1784558042.0,1784558205.0,1784559390.0,1348.0,1831.0,52.900000000000006,1778.1,245.70001554894895
20260720,AL1_SOLEXS_20260720_SDD2_L1.lc,1784559394.0,1784559422.0,1784559538.0,144.0,79.0,45.0,34.0,6.959129207802584
20260720,AL1_SOLEXS_20260720_SDD2_L1.lc,1784560662.0,1784560796.0,1784561766.0,1104.0,407.0,36.0,371.0,63.71598793363537
20260720,AL1_SOLEXS_20260720_SDD2_L1.lc,1784566987.0,1784567015.0,1784567060.0,73.0,54.0,17.0,37.0,7.3869108240704575
20260720,AL1_SOLEXS_20260720_SDD2_L1.lc,1784567650.0,1784567849.0,1784568520.0,870.0,137.0,22.0,115.0,25.108098480999843
20260720,AL1_SOLEXS_20260720_SDD2_L1.lc,1784574967.0,1784575251.0,1784576200.0,1233.0,677.0,16.0,661.0,160.62963800905064
20260720,AL1_SOLEXS_20260720_SDD2_L1.lc,1784583412.0,1784583700.0,1784584132.0,720.0,98.0,20.0,78.0,19.70431196136547
20260720,AL1_SOLEXS_20260720_SDD2_L1.lc,1784584847.0,1784585083.0,1784585252.0,405.0,73.0,26.0,47.0,11.350066025540366
20260720,AL1_SOLEXS_20260720_SDD2_L1.lc,1784585991.0,1784586342.0,1784587746.0,1755.0,2291.0,27.0,2264.0,460.162445908259
20260720,AL1_SOLEXS_20260720_SDD2_L1.lc,1784588106.0,1784588214.0,1784588406.0,300.0,76.0,31.0,45.0,8.184150377965839
20260720,AL1_SOLEXS_20260720_SDD2_L1.lc,1784589598.0,1784589853.0,1784590989.0,1391.0,413.0,36.0,377.0,66.90090497737596
20260721,AL1_SOLEXS_20260721_SDD2_L1.lc,1784593087.0,1784593193.0,1784593384.0,297.0,67.0,26.0,41.0,11.096268674185069
20260721,AL1_SOLEXS_20260721_SDD2_L1.lc,1784593391.0,1784593420.0,1784593498.0,107.0,71.0,25.0,46.0,6.177194570135805
20260721,AL1_SOLEXS_20260721_SDD2_L1.lc,1784593615.0,1784593669.0,1784593713.0,98.0,58.0,22.0,36.0,7.389671888162852
20260721,AL1_SOLEXS_20260721_SDD2_L1.lc,1784594682.0,1784595129.0,1784596127.0,1445.0,363.0,23.0,340.0,68.98958852715761
20260721,AL1_SOLEXS_20260721_SDD2_L1.lc,1784597215.0,1784597372.0,1784597683.0,468.0,93.0,38.0,55.0,9.364506797365767
20260721,AL1_SOLEXS_20260721_SDD2_L1.lc,1784599312.0,1784599341.0,1784599518.0,206.0,87.0,40.0,47.0,6.9718921590065905
20260721,AL1_SOLEXS_20260721_SDD2_L1.lc,1784605925.0,1784606699.0,1784607289.0,1364.0,204.0,50.900000000000006,153.1,22.95752216766553
20260721,AL1_SOLEXS_20260721_SDD2_L1.lc,1784626880.0,1784627770.0,1784628372.0,1492.0,373.0,96.0,277.0,27.462733190090994
20260721,AL1_SOLEXS_20260721_SDD2_L1.lc,1784628422.0,1784628496.0,1784628574.0,152.0,126.0,83.0,43.0,6.365135069338886
20260721,AL1_SOLEXS_20260721_SDD2_L1.lc,1784634003.0,1784634106.0,1784634910.0,907.0,175.0,25.0,150.0,35.397828054298856
20260721,AL1_SOLEXS_20260721_SDD2_L1.lc,1784642887.0,1784643267.0,1784643510.0,623.0,248.0,45.0,203.0,29.925402295077923
20260721,AL1_SOLEXS_20260721_SDD2_L1.lc,1784644433.0,1784644547.0,1784644606.0,173.0,125.0,53.0,72.0,7.254005166720211
20260721,AL1_SOLEXS_20260721_SDD2_L1.lc,1784644608.0,1784644698.0,1784644848.0,240.0,101.0,54.0,47.0,8.2163201191185
20260721,AL1_SOLEXS_20260721_SDD2_L1.lc,1784647964.0,1784648002.0,1784648071.0,107.0,115.0,67.0,48.0,9.269288728858257
20260721,AL1_SOLEXS_20260721_SDD2_L1.lc,1784650055.0,1784650113.0,1784650296.0,241.0,275.0,57.0,218.0,28.740434273405487
20260721,AL1_SOLEXS_20260721_SDD2_L1.lc,1784653537.0,1784653653.0,1784653867.0,330.0,92.0,49.0,43.0,9.864899806076368
20260721,AL1_SOLEXS_20260721_SDD2_L1.lc,1784654340.0,1784654746.0,1784655162.0,822.0,1167.0,73.0,1094.0,134.23592163371092
20260721,AL1_SOLEXS_20260721_SDD2_L1.lc,1784656667.0,1784656725.0,1784656841.0,174.0,276.0,140.0,136.0,10.151258656138843
20260721,AL1_SOLEXS_20260721_SDD2_L1.lc,1784657284.0,1784657383.0,1784657597.0,313.0,241.0,106.0,135.0,12.206382365052477
20260721,AL1_SOLEXS_20260721_SDD2_L1.lc,1784659389.0,1784659554.0,1784660072.0,683.0,180.0,77.0,103.0,10.953519335024254
20260721,AL1_SOLEXS_20260721_SDD2_L1.lc,1784661747.0,1784661834.0,1784661905.0,158.0,107.0,33.0,74.0,12.83259520256954
20260721,AL1_SOLEXS_20260721_SDD2_L1.lc,1784665823.0,1784666053.0,1784666482.0,659.0,118.0,35.0,83.0,12.40105163377134
20260721,AL1_SOLEXS_20260721_SDD2_L1.lc,1784669122.0,1784669162.0,1784669201.0,79.0,53.0,26.0,27.0,7.265703475372896
20260721,AL1_SOLEXS_20260721_SDD2_L1.lc,1784669233.0,1784669242.0,1784669318.0,85.0,73.0,25.0,48.0,6.443438914027209
20260721,AL1_SOLEXS_20260721_SDD2_L1.lc,1784673390.0,1784673574.0,1784673815.0,425.0,58.0,16.0,42.0,11.846832579185605
20260721,AL1_SOLEXS_20260721_SDD2_L1.lc,1784674458.0,1784674547.0,1784674679.0,221.0,82.0,24.0,58.0,10.503064728915854
20260721,AL1_SOLEXS_20260721_SDD2_L1.lc,1784675343.0,1784675383.0,1784675533.0,190.0,62.0,25.0,37.0,7.8914027149321955
20260722,AL1_SOLEXS_20260722_SDD2_L1.lc,1784678936.0,1784679084.0,1784679463.0,527.0,81.0,13.0,68.0,18.519456687005686
20260722,AL1_SOLEXS_20260722_SDD2_L1.lc,1784682341.0,1784682393.0,1784682550.0,209.0,111.0,13.0,98.0,27.159225987668556
20260722,AL1_SOLEXS_20260722_SDD2_L1.lc,1784687104.0,1784687167.0,1784687202.0,98.0,31.0,12.0,19.0,6.793401085976085
20260722,AL1_SOLEXS_20260722_SDD2_L1.lc,1784690543.0,1784690622.0,1784690640.0,97.0,40.0,11.0,29.0,7.217444864639354
20260722,AL1_SOLEXS_20260722_SDD2_L1.lc,1784691270.0,1784691567.0,1784692056.0,786.0,326.0,21.0,305.0,67.37442801641922
20260722,AL1_SOLEXS_20260722_SDD2_L1.lc,1784692605.0,1784692768.0,1784692896.0,291.0,75.0,32.900000000000006,42.099999999999994,7.7091512827842195
20260722,AL1_SOLEXS_20260722_SDD2_L1.lc,1784701926.0,1784702082.0,1784702696.0,770.0,2589.0,23.0,2566.0,541.8168738429829
20260722,AL1_SOLEXS_20260722_SDD2_L1.lc,1784706418.0,1784706434.0,1784706483.0,65.0,74.0,13.0,61.0,18.582456573545294
20260722,AL1_SOLEXS_20260722_SDD2_L1.lc,1784722495.0,1784722727.0,1784722966.0,471.0,125.0,12.0,113.0,31.59412194795755
20260722,AL1_SOLEXS_20260722_SDD2_L1.lc,1784725684.0,1784725691.0,1784725757.0,73.0,54.0,15.0,39.0,9.713652530026527
20260722,AL1_SOLEXS_20260722_SDD2_L1.lc,1784735514.0,1784735600.0,1784735952.0,438.0,146.0,8.0,138.0,49.130483064044576
20260722,AL1_SOLEXS_20260722_SDD2_L1.lc,1784746160.0,1784746269.0,1784746822.0,662.0,259.0,8.0,251.0,86.05521522822285
20260723,AL1_SOLEXS_20260723_SDD2_L1.lc,1784775103.0,1784775237.0,1784775408.0,305.0,68.0,9.0,59.0,13.11644042232286
20260723,AL1_SOLEXS_20260723_SDD2_L1.lc,1784776299.0,1784776333.0,1784776380.0,81.0,39.0,11.0,28.0,7.679944166955472
20260723,AL1_SOLEXS_20260723_SDD2_L1.lc,1784776435.0,1784776460.0,1784776543.0,108.0,32.0,11.0,21.0,6.533382474724011
20260723,AL1_SOLEXS_20260723_SDD2_L1.lc,1784776549.0,1784776753.0,1784776893.0,344.0,62.0,16.0,46.0,10.516289592760257
20260723,AL1_SOLEXS_20260723_SDD2_L1.lc,1784777133.0,1784777208.0,1784777600.0,467.0,310.0,26.0,284.0,47.498440527142044
20260723,AL1_SOLEXS_20260723_SDD2_L1.lc,1784780901.0,1784780950.0,1784781029.0,128.0,52.0,15.0,37.0,8.23502576593599
20260723,AL1_SOLEXS_20260723_SDD2_L1.lc,1784789011.0,1784789053.0,1784789107.0,96.0,26.0,7.0,19.0,8.285802166674738
20260723,AL1_SOLEXS_20260723_SDD2_L1.lc,1784800843.0,1784800997.0,1784801094.0,251.0,26.0,6.0,20.0,10.488101782523275
20260723,AL1_SOLEXS_20260723_SDD2_L1.lc,1784818415.0,1784818440.0,1784818475.0,60.0,47.0,17.0,30.0,7.1737867589932796
20260723,AL1_SOLEXS_20260723_SDD2_L1.lc,1784818580.0,1784818788.0,1784818795.0,215.0,55.0,23.0,32.0,7.239318534738178
20260723,AL1_SOLEXS_20260723_SDD2_L1.lc,1784818799.0,1784819096.0,1784819111.0,312.0,69.0,36.0,33.0,5.84404223227759
20260723,AL1_SOLEXS_20260723_SDD2_L1.lc,1784819752.0,1784819793.0,1784819827.0,75.0,72.0,34.0,38.0,5.864009993157899
20260723,AL1_SOLEXS_20260723_SDD2_L1.lc,1784825436.0,1784825562.0,1784825687.0,251.0,58.0,10.0,48.0,14.69815209287321
20260724,AL1_SOLEXS_20260724_SDD2_L1.lc,1784926626.0,1784927007.0,1784927525.0,899.0,88.0,14.0,74.0,18.909035197025766
20260724,AL1_SOLEXS_20260724_SDD2_L1.lc,1784929956.0,1784930635.0,1784931526.0,1570.0,94.0,35.900000000000006,58.099999999999994,12.580456349233605
20260725,AL1_SOLEXS_20260725_SDD2_L1.lc,1784943348.0,1784943447.0,1784943468.0,120.0,15.0,8.0,7.0,6.88293261397517
20260725,AL1_SOLEXS_20260725_SDD2_L1.lc,1784943471.0,1784943636.0,1784943849.0,378.0,41.0,9.0,32.0,13.09622926093523
20260725,AL1_SOLEXS_20260725_SDD2_L1.lc,1784951308.0,1784951462.0,1784951810.0,502.0,43.0,16.0,27.0,9.740950226244417
20260725,AL1_SOLEXS_20260725_SDD2_L1.lc,1784951974.0,1784952052.0,1784952110.0,136.0,62.0,23.0,39.0,7.17176363860023
20260725,AL1_SOLEXS_20260725_SDD2_L1.lc,1784958124.0,1784958261.0,1784958592.0,468.0,37.0,11.0,26.0,10.712793574178878
20260725,AL1_SOLEXS_20260725_SDD2_L1.lc,1784979595.0,1784979627.0,1784979657.0,62.0,30.0,9.0,21.0,7.371040723981956
20260725,AL1_SOLEXS_20260725_SDD2_L1.lc,1785014990.0,1785015302.0,1785015621.0,631.0,37.0,10.0,27.0,10.179958454978314
20260726,AL1_SOLEXS_20260726_SDD2_L1.lc,1785035179.0,1785035303.0,1785035312.0,133.0,24.0,7.0,17.0,7.103337747495637
20260726,AL1_SOLEXS_20260726_SDD2_L1.lc,1785035315.0,1785035546.0,1785035611.0,296.0,36.0,9.0,27.0,7.161990950226297
20260726,AL1_SOLEXS_20260726_SDD2_L1.lc,1785043399.0,1785043537.0,1785043643.0,244.0,62.0,13.0,49.0,10.666809474742063
20260726,AL1_SOLEXS_20260726_SDD2_L1.lc,1785050978.0,1785051071.0,1785051758.0,780.0,201.0,7.0,194.0,64.57446060270892
20260726,AL1_SOLEXS_20260726_SDD2_L1.lc,1785060628.0,1785060692.0,1785060695.0,67.0,32.0,9.0,23.0,6.181900452488736
20260726,AL1_SOLEXS_20260726_SDD2_L1.lc,1785060697.0,1785060883.0,1785061108.0,411.0,54.0,9.0,45.0,14.12187028657626
20260726,AL1_SOLEXS_20260726_SDD2_L1.lc,1785074069.0,1785074158.0,1785074174.0,105.0,42.0,12.0,30.0,6.622808449876164
20260726,AL1_SOLEXS_20260726_SDD2_L1.lc,1785079440.0,1785079686.0,1785080842.0,1402.0,2070.0,10.0,2060.0,646.5681619462173
20260726,AL1_SOLEXS_20260726_SDD2_L1.lc,1785096341.0,1785096400.0,1785096440.0,99.0,33.0,9.0,24.0,7.003921568627503
20260726,AL1_SOLEXS_20260726_SDD2_L1.lc,1785096443.0,1785096476.0,1785096513.0,70.0,25.0,10.0,15.0,7.131007668423191
20260726,AL1_SOLEXS_20260726_SDD2_L1.lc,1785096517.0,1785096536.0,1785096609.0,92.0,35.0,11.0,24.0,7.149775350200182
20260726,AL1_SOLEXS_20260726_SDD2_L1.lc,1785096611.0,1785096691.0,1785096698.0,87.0,43.0,13.0,30.0,6.524880679217726
20260727,AL1_SOLEXS_20260727_SDD2_L1.lc,1785119930.0,1785120137.0,1785121185.0,1255.0,560.0,10.0,550.0,169.90645998059713
20260727,AL1_SOLEXS_20260727_SDD2_L1.lc,1785121187.0,1785121193.0,1785121255.0,68.0,59.0,18.0,41.0,6.985319116228433
20260727,AL1_SOLEXS_20260727_SDD2_L1.lc,1785159751.0,1785159778.0,1785159825.0,74.0,26.0,11.0,15.0,6.472807344863137
20260727,AL1_SOLEXS_20260727_SDD2_L1.lc,1785172814.0,1785173133.0,1785173562.0,748.0,103.0,9.0,94.0,29.357466063348586
20260727,AL1_SOLEXS_20260727_SDD2_L1.lc,1785181328.0,1785181687.0,1785182183.0,855.0,123.0,11.0,112.0,37.04169190992342
20260727,AL1_SOLEXS_20260727_SDD2_L1.lc,1785192014.0,1785192262.0,1785192551.0,537.0,114.0,10.0,104.0,30.355862284800224
20260727,AL1_SOLEXS_20260727_SDD2_L1.lc,1785192865.0,1785193097.0,1785193656.0,791.0,123.0,28.0,95.0,17.393890842955074
20260727,AL1_SOLEXS_20260727_SDD2_L1.lc,1785194765.0,1785194812.0,1785194826.0,61.0,46.0,22.0,24.0,6.481687660860129
20260728,AL1_SOLEXS_20260728_SDD2_L1.lc,1785204835.0,1785204913.0,1785205019.0,184.0,36.0,11.0,25.0,8.941653178111661
20260728,AL1_SOLEXS_20260728_SDD2_L1.lc,1785208453.0,1785208731.0,1785209099.0,646.0,233.0,11.0,222.0,65.95185478838803
20260728,AL1_SOLEXS_20260728_SDD2_L1.lc,1785260761.0,1785260830.0,1785261028.0,267.0,48.0,9.0,39.0,11.745399698340952
20260728,AL1_SOLEXS_20260728_SDD2_L1.lc,1785282178.0,1785282197.0,1785282244.0,66.0,17.0,12.0,5.0,6.494537417219101
20260728,AL1_SOLEXS_20260728_SDD2_L1.lc,1785282249.0,1785282332.0,1785282429.0,180.0,43.0,12.0,31.0,8.541649050418165
20260728,AL1_SOLEXS_20260728_SDD2_L1.lc,1785282437.0,1785282482.0,1785282504.0,67.0,40.0,13.0,27.0,6.820302457931346
20260729,AL1_SOLEXS_20260729_SDD2_L1.lc,1785290449.0,1785290527.0,1785290534.0,85.0,50.0,13.0,37.0,6.533665523954326
20260729,AL1_SOLEXS_20260729_SDD2_L1.lc,1785290536.0,1785290719.0,1785290790.0,254.0,49.0,13.0,36.0,9.647767485296612
20260729,AL1_SOLEXS_20260729_SDD2_L1.lc,1785299826.0,1785299917.0,1785299961.0,135.0,18.0,6.0,12.0,7.478887008018133
20260729,AL1_SOLEXS_20260729_SDD2_L1.lc,1785304092.0,1785304221.0,1785304239.0,147.0,40.0,16.0,24.0,7.130090497737616
20260729,AL1_SOLEXS_20260729_SDD2_L1.lc,1785304243.0,1785304321.0,1785304398.0,155.0,52.0,18.0,34.0,7.030966431816345
20260729,AL1_SOLEXS_20260729_SDD2_L1.lc,1785304403.0,1785304420.0,1785304486.0,83.0,47.0,19.0,28.0,6.489662451878809
20260729,AL1_SOLEXS_20260729_SDD2_L1.lc,1785329370.0,1785329409.0,1785329467.0,97.0,38.0,11.0,27.0,7.221537778819144
20260729,AL1_SOLEXS_20260729_SDD2_L1.lc,1785341748.0,1785341962.0,1785342177.0,429.0,39.0,8.0,31.0,12.176954696107602
20260730,AL1_SOLEXS_20260730_SDD2_L1.lc,1785390678.0,1785391551.0,1785391756.0,1078.0,142.0,49.900000000000006,92.1,11.560187503476728
20260730,AL1_SOLEXS_20260730_SDD2_L1.lc,1785391766.0,1785391805.0,1785391905.0,139.0,125.0,69.0,56.0,6.479591504322361
20260730,AL1_SOLEXS_20260730_SDD2_L1.lc,1785391909.0,1785391913.0,1785392056.0,147.0,114.0,62.0,52.0,6.2935746193696955
20260730,AL1_SOLEXS_20260730_SDD2_L1.lc,1785392126.0,1785392159.0,1785392293.0,167.0,105.0,51.900000000000006,53.099999999999994,6.776559654675662
20260730,AL1_SOLEXS_20260730_SDD2_L1.lc,1785392309.0,1785392347.0,1785392441.0,132.0,89.0,44.0,45.0,7.3234513418958995
20260730,AL1_SOLEXS_20260730_SDD2_L1.lc,1785426861.0,1785430646.0,1785430680.0,3819.0,1040.0,825.0,215.0,6.853555467231187
20260730,AL1_SOLEXS_20260730_SDD2_L1.lc,1785431510.0,1785431520.0,1785431589.0,79.0,980.0,788.0,192.0,5.869467379637637
20260730,AL1_SOLEXS_20260730_SDD2_L1.lc,1785431594.0,1785431617.0,1785431773.0,179.0,935.0,769.0,166.0,6.215662900186147
20260730,AL1_SOLEXS_20260730_SDD2_L1.lc,1785431779.0,1785431797.0,1785432390.0,611.0,902.0,733.9,168.10000000000002,6.0536125288216995
20260730,AL1_SOLEXS_20260730_SDD2_L1.lc,1785433029.0,1785433154.0,1785433792.0,763.0,671.0,473.0,198.0,8.724891141657984
20260731,AL1_SOLEXS_20260731_SDD2_L1.lc,1785461189.0,1785461266.0,1785461298.0,109.0,34.0,14.0,20.0,7.5982008277636925
20260731,AL1_SOLEXS_20260731_SDD2_L1.lc,1785461303.0,1785461338.0,1785461476.0,173.0,39.0,14.0,25.0,7.755897053760885
20260731,AL1_SOLEXS_20260731_SDD2_L1.lc,1785465445.0,1785465575.0,1785465632.0,187.0,69.0,26.0,43.0,7.551624827144494
20260731,AL1_SOLEXS_20260731_SDD2_L1.lc,1785467406.0,1785467824.0,1785468020.0,614.0,77.0,37.0,40.0,9.638541531744496
20260731,AL1_SOLEXS_20260731_SDD2_L1.lc,1785478133.0,1785478201.0,1785478387.0,254.0,61.0,23.0,38.0,8.057147919827198
20260731,AL1_SOLEXS_20260731_SDD2_L1.lc,1785478444.0,1785478540.0,1785478554.0,110.0,27.0,18.0,9.0,7.293971759479395
20260731,AL1_SOLEXS_20260731_SDD2_L1.lc,1785480270.0,1785480490.0,1785480895.0,625.0,56.0,13.0,43.0,14.353934308474486
20260731,AL1_SOLEXS_20260731_SDD2_L1.lc,1785486712.0,1785486840.0,1785486953.0,241.0,34.0,8.0,26.0,8.908905527311477
20260731,AL1_SOLEXS_20260731_SDD2_L1.lc,1785496294.0,1785496683.0,1785497116.0,822.0,75.0,10.0,65.0,19.711721534365527
20260731,AL1_SOLEXS_20260731_SDD2_L1.lc,1785497947.0,1785498457.0,1785499353.0,1406.0,156.0,22.0,134.0,30.6189028796867
20260731,AL1_SOLEXS_20260731_SDD2_L1.lc,1785505988.0,1785506213.0,1785506607.0,619.0,45.0,8.0,37.0,13.599807119608322
20260731,AL1_SOLEXS_20260731_SDD2_L1.lc,1785521318.0,1785521500.0,1785522096.0,778.0,45.0,8.0,37.0,12.708404634365909
20260801,AL1_SOLEXS_20260801_SDD2_L1.lc,1785590987.0,1785591018.0,1785591073.0,86.0,20.0,4.0,16.0,10.498642533936717
20260801,AL1_SOLEXS_20260801_SDD2_L1.lc,1785591075.0,1785591092.0,1785591201.0,126.0,20.0,4.0,16.0,8.634389140271551
20260801,AL1_SOLEXS_20260801_SDD2_L1.lc,1785591203.0,1785591223.0,1785591268.0,65.0,18.0,4.0,14.0,7.1533936651584185
20260801,AL1_SOLEXS_20260801_SDD2_L1.lc,1785614854.0,1785615038.0,1785615539.0,685.0,63.0,6.0,57.0,22.59515741917564
20260801,AL1_SOLEXS_20260801_SDD2_L1.lc,1785618741.0,1785618770.0,1785618816.0,75.0,30.0,6.0,24.0,9.920248730538695
20260801,AL1_SOLEXS_20260801_SDD2_L1.lc,1785623721.0,1785624042.0,1785624383.0,662.0,67.0,17.0,50.0,14.821450816134451
20260802,AL1_SOLEXS_20260802_SDD2_L1.lc,1785630360.0,1785630836.0,1785631355.0,995.0,175.0,10.0,165.0,48.66731010050474
20260802,AL1_SOLEXS_20260802_SDD2_L1.lc,1785635835.0,1785636122.0,1785636519.0,684.0,38.0,7.0,31.0,14.436190573171524
20260802,AL1_SOLEXS_20260802_SDD2_L1.lc,1785648424.0,1785648937.0,1785649527.0,1103.0,305.0,9.0,296.0,98.9140271493218
20260802,AL1_SOLEXS_20260802_SDD2_L1.lc,1785689370.0,1785689380.0,1785689447.0,77.0,18.0,3.0,15.0,7.720818939199236
20260802,AL1_SOLEXS_20260802_SDD2_L1.lc,1785698128.0,1785698186.0,1785698193.0,65.0,12.0,2.0,10.0,7.220168155771826
20260803,AL1_SOLEXS_20260803_SDD2_L1.lc,1785756741.0,1785756778.0,1785757154.0,413.0,38.0,6.0,32.0,11.217037417894502
20260803,AL1_SOLEXS_20260803_SDD2_L1.lc,1785779205.0,1785779240.0,1785779314.0,109.0,19.0,3.0,16.0,8.31332138739927
20260803,AL1_SOLEXS_20260803_SDD2_L1.lc,1785779316.0,1785779383.0,1785779444.0,128.0,25.0,3.0,22.0,8.770499202368434
20260803,AL1_SOLEXS_20260803_SDD2_L1.lc,1785779551.0,1785779565.0,1785779612.0,61.0,18.0,3.0,15.0,7.6309508429995825
20260804,AL1_SOLEXS_20260804_SDD2_L1.lc,1785802662.0,1785802715.0,1785802722.0,60.0,15.0,3.0,12.0,8.075588923615307
20260804,AL1_SOLEXS_20260804_SDD2_L1.lc,1785844620.0,1785844664.0,1785844994.0,374.0,44.0,2.0,42.0,26.328049138785783
20260804,AL1_SOLEXS_20260804_SDD2_L1.lc,1785844998.0,1785845006.0,1785845071.0,73.0,10.0,2.0,8.0,8.377775546872702
20260804,AL1_SOLEXS_20260804_SDD2_L1.lc,1785852472.0,1785852505.0,1785852610.0,138.0,26.0,6.0,20.0,7.779254302268925
20260804,AL1_SOLEXS_20260804_SDD2_L1.lc,1785857616.0,1785857690.0,1785857730.0,114.0,23.0,6.0,17.0,8.957817240350128
20260804,AL1_SOLEXS_20260804_SDD2_L1.lc,1785867489.0,1785867528.0,1785867582.0,93.0,18.0,5.0,13.0,7.356562466427866
20260805,AL1_SOLEXS_20260805_SDD2_L1.lc,1785909777.0,1785909838.0,1785909862.0,85.0,14.0,1.0,13.0,11.742986425339433
20260805,AL1_SOLEXS_20260805_SDD2_L1.lc,1785909897.0,1785910764.0,1785910924.0,1027.0,47.0,13.0,34.0,10.116878194230983
20260805,AL1_SOLEXS_20260805_SDD2_L1.lc,1785943675.0,1785943878.0,1785944012.0,337.0,21.0,3.0,18.0,10.5354668126151
20260805,AL1_SOLEXS_20260805_SDD2_L1.lc,1785944015.0,1785944058.0,1785944085.0,70.0,17.0,3.0,14.0,7.1596658268828
20260806,AL1_SOLEXS_20260806_SDD2_L1.lc,1786019291.0,1786019764.0,1786019856.0,565.0,15.0,2.0,13.0,11.136451866958877
20260806,AL1_SOLEXS_20260806_SDD2_L1.lc,1786019858.0,1786019906.0,1786019922.0,64.0,15.0,2.0,13.0,8.174282373644356
20260806,AL1_SOLEXS_20260806_SDD2_L1.lc,1786040207.0,1786040215.0,1786040290.0,83.0,8.0,1.0,7.0,8.232579185520411
20260806,AL1_SOLEXS_20260806_SDD2_L1.lc,1786040294.0,1786040384.0,1786040489.0,195.0,10.0,1.0,9.0,9.70859728506793
20260806,AL1_SOLEXS_20260806_SDD2_L1.lc,1786040529.0,1786040539.0,1786040627.0,98.0,9.0,1.0,8.0,8.3276018099548
20260806,AL1_SOLEXS_20260806_SDD2_L1.lc,1786044408.0,1786044556.0,1786044959.0,551.0,29.0,1.0,28.0,28.567420814479796
20260808,AL1_SOLEXS_20260808_SDD2_L1.lc,1786179407.0,1786179450.0,1786179572.0,165.0,17.0,2.0,15.0,10.713467629525113
20260808,AL1_SOLEXS_20260808_SDD2_L1.lc,1786179579.0,1786179608.0,1786179647.0,68.0,16.0,2.0,14.0,9.228223431213811
20260809,AL1_SOLEXS_20260809_SDD2_L1.lc,1786287960.0,1786288013.0,1786288044.0,84.0,14.0,3.0,11.0,8.90791379132488
20260809,AL1_SOLEXS_20260809_SDD2_L1.lc,1786290415.0,1786290622.0,1786290639.0,224.0,22.0,9.0,13.0,8.007541478129772
20260809,AL1_SOLEXS_20260809_SDD2_L1.lc,1786293402.0,1786293636.0,1786294113.0,711.0,78.0,4.0,74.0,33.94751131221739
20260809,AL1_SOLEXS_20260809_SDD2_L1.lc,1786297972.0,1786298750.0,1786298936.0,964.0,35.0,9.0,26.0,9.361387631975932
20260809,AL1_SOLEXS_20260809_SDD2_L1.lc,1786298940.0,1786298979.0,1786299020.0,80.0,31.0,8.0,23.0,7.979748019363177
20260809,AL1_SOLEXS_20260809_SDD2_L1.lc,1786301523.0,1786301601.0,1786301729.0,206.0,17.0,2.0,15.0,10.84784991373251
20260809,AL1_SOLEXS_20260809_SDD2_L1.lc,1786301733.0,1786301738.0,1786301798.0,65.0,11.0,2.0,9.0,6.933485949462706
20260809,AL1_SOLEXS_20260809_SDD2_L1.lc,1786303718.0,1786303800.0,1786303818.0,100.0,22.0,5.0,17.0,7.772208043421947
20260809,AL1_SOLEXS_20260809_SDD2_L1.lc,1786307574.0,1786307873.0,1786308204.0,630.0,43.0,4.0,39.0,18.24434389140282
20260809,AL1_SOLEXS_20260809_SDD2_L1.lc,1786308937.0,1786308995.0,1786309301.0,364.0,28.0,9.0,19.0,7.422624434389195
20260813,AL1_SOLEXS_20260813_SDD2_L1.lc,1786618645.0,1786618769.0,1786618806.0,161.0,15.0,1.0,14.0,10.350226244343952
20260813,AL1_SOLEXS_20260813_SDD2_L1.lc,1786645753.0,1786646145.0,1786646277.0,524.0,29.0,3.0,26.0,13.68973249143663
20260813,AL1_SOLEXS_20260813_SDD2_L1.lc,1786664443.0,1786664472.0,1786664510.0,67.0,14.0,2.0,12.0,7.563802853959316
20260814,AL1_SOLEXS_20260814_SDD2_L1.lc,1786689964.0,1786690746.0,1786691062.0,1098.0,157.0,29.0,128.0,23.57221664321906
20260814,AL1_SOLEXS_20260814_SDD2_L1.lc,1786694627.0,1786694651.0,1786694718.0,91.0,46.0,16.0,30.0,7.49208144796386
20260814,AL1_SOLEXS_20260814_SDD2_L1.lc,1786701080.0,1786701180.0,1786701417.0,337.0,32.0,4.0,28.0,19.832126696832695
20260814,AL1_SOLEXS_20260814_SDD2_L1.lc,1786707505.0,1786707737.0,1786707989.0,484.0,36.0,3.0,33.0,16.523712455314048
20260814,AL1_SOLEXS_20260814_SDD2_L1.lc,1786744323.0,1786744559.0,1786745615.0,1292.0,179.0,4.0,175.0,94.76742081448015
20260815,AL1_SOLEXS_20260815_SDD2_L1.lc,1786753754.0,1786753992.0,1786754206.0,452.0,32.0,3.0,29.0,16.11146868844471
20260815,AL1_SOLEXS_20260815_SDD2_L1.lc,1786763834.0,1786763882.0,1786763985.0,151.0,16.0,2.0,14.0,10.635397921557002
20260815,AL1_SOLEXS_20260815_SDD2_L1.lc,1786767588.0,1786767719.0,1786767815.0,227.0,17.0,2.0,15.0,11.41353533868175
20260815,AL1_SOLEXS_20260815_SDD2_L1.lc,1786772114.0,1786772148.0,1786772177.0,63.0,13.0,1.0,12.0,8.066063348416336
20260815,AL1_SOLEXS_20260815_SDD2_L1.lc,1786772182.0,1786772231.0,1786772327.0,145.0,6.0,1.0,5.0,9.439819004524942
20260815,AL1_SOLEXS_20260815_SDD2_L1.lc,1786773626.0,1786773677.0,1786773699.0,73.0,7.0,1.0,6.0,9.197285067873356
20260815,AL1_SOLEXS_20260815_SDD2_L1.lc,1786773701.0,1786773767.0,1786773785.0,84.0,11.0,1.0,10.0,10.208144796380148
20260815,AL1_SOLEXS_20260815_SDD2_L1.lc,1786779540.0,1786779583.0,1786779660.0,120.0,14.0,1.0,13.0,12.297737556561156
20260815,AL1_SOLEXS_20260815_SDD2_L1.lc,1786781791.0,1786781913.0,1786782223.0,432.0,140.0,1.0,139.0,135.02533936651656
20260815,AL1_SOLEXS_20260815_SDD2_L1.lc,1786786003.0,1786786134.0,1786786288.0,285.0,28.0,2.0,26.0,19.868740677883473
20260815,AL1_SOLEXS_20260815_SDD2_L1.lc,1786795510.0,1786795582.0,1786795626.0,116.0,10.0,2.0,8.0,10.469659771034546
20260815,AL1_SOLEXS_20260815_SDD2_L1.lc,1786801021.0,1786801142.0,1786801264.0,243.0,75.0,3.0,72.0,45.75644567783943
20260815,AL1_SOLEXS_20260815_SDD2_L1.lc,1786805041.0,1786805302.0,1786806104.0,1063.0,133.0,4.0,129.0,62.94977375565645
20260815,AL1_SOLEXS_20260815_SDD2_L1.lc,1786814118.0,1786814215.0,1786814275.0,157.0,16.0,3.0,13.0,8.822225606576374
20260817,AL1_SOLEXS_20260817_SDD2_L1.lc,1786933128.0,1786933444.0,1786933972.0,844.0,80.0,10.0,70.0,23.52391164396763
20260817,AL1_SOLEXS_20260817_SDD2_L1.lc,1786938529.0,1786938535.0,1786939257.0,728.0,24.0,11.0,13.0,7.109937652183571
20260818,AL1_SOLEXS_20260818_SDD2_L1.lc,1787019624.0,1787019632.0,1787020345.0,721.0,18.0,1.0,17.0,15.25248868778289
20260818,AL1_SOLEXS_20260818_SDD2_L1.lc,1787035318.0,1787035382.0,1787035577.0,259.0,164.0,12.0,152.0,48.52197959170433
20260818,AL1_SOLEXS_20260818_SDD2_L1.lc,1787036724.0,1787036795.0,1787036971.0,247.0,39.0,15.0,24.0,8.526404965496816
20260818,AL1_SOLEXS_20260818_SDD2_L1.lc,1787036973.0,1787037003.0,1787037047.0,74.0,39.0,15.0,24.0,7.624461332533877
20260818,AL1_SOLEXS_20260818_SDD2_L1.lc,1787071555.0,1787071611.0,1787071634.0,79.0,60.0,30.0,30.0,6.225862349729221
20260818,AL1_SOLEXS_20260818_SDD2_L1.lc,1787073833.0,1787073889.0,1787073899.0,66.0,76.0,43.0,33.0,6.906046115849728
20260818,AL1_SOLEXS_20260818_SDD2_L1.lc,1787078478.0,1787078528.0,1787078615.0,137.0,64.0,26.0,38.0,7.521630594711595
20260818,AL1_SOLEXS_20260818_SDD2_L1.lc,1787082911.0,1787082960.0,1787083062.0,151.0,75.0,25.0,50.0,8.004162895927669
20260818,AL1_SOLEXS_20260818_SDD2_L1.lc,1787086384.0,1787086452.0,1787086457.0,73.0,78.0,32.0,46.0,7.318715164190604
20260818,AL1_SOLEXS_20260818_SDD2_L1.lc,1787086884.0,1787086943.0,1787087104.0,220.0,104.0,27.0,77.0,18.82858529466717
20260818,AL1_SOLEXS_20260818_SDD2_L1.lc,1787092969.0,1787093021.0,1787093148.0,179.0,83.0,23.0,60.0,13.16603411546636
20260818,AL1_SOLEXS_20260818_SDD2_L1.lc,1787096041.0,1787096305.0,1787096788.0,747.0,102.0,23.0,79.0,18.18811793059307
20260819,AL1_SOLEXS_20260819_SDD2_L1.lc,1787098367.0,1787098428.0,1787098464.0,97.0,52.0,25.0,27.0,6.54769230769237
20260819,AL1_SOLEXS_20260819_SDD2_L1.lc,1787098466.0,1787098530.0,1787098536.0,70.0,66.0,25.900000000000006,40.099999999999994,6.610657522585087
20260819,AL1_SOLEXS_20260819_SDD2_L1.lc,1787098538.0,1787098626.0,1787098705.0,167.0,51.0,26.0,25.0,7.069054898238862
20260819,AL1_SOLEXS_20260819_SDD2_L1.lc,1787098754.0,1787098795.0,1787098884.0,130.0,73.0,29.0,44.0,6.907866580186396
20260819,AL1_SOLEXS_20260819_SDD2_L1.lc,1787099633.0,1787099854.0,1787100022.0,389.0,133.0,63.0,70.0,12.048458448357293
20260819,AL1_SOLEXS_20260819_SDD2_L1.lc,1787106587.0,1787106658.0,1787106752.0,165.0,63.0,19.0,44.0,9.01697261333253
20260819,AL1_SOLEXS_20260819_SDD2_L1.lc,1787108073.0,1787108211.0,1787108408.0,335.0,199.0,18.0,181.0,43.110476689372675
20260819,AL1_SOLEXS_20260819_SDD2_L1.lc,1787110580.0,1787111178.0,1787111627.0,1047.0,113.0,29.0,84.0,16.032481762991317
20260819,AL1_SOLEXS_20260819_SDD2_L1.lc,1787111630.0,1787111636.0,1787111738.0,108.0,90.0,45.0,45.0,6.657074535004874
20260819,AL1_SOLEXS_20260819_SDD2_L1.lc,1787114855.0,1787115207.0,1787116305.0,1450.0,247.0,27.0,220.0,43.85702424924756
20260819,AL1_SOLEXS_20260819_SDD2_L1.lc,1787116313.0,1787116353.0,1787116433.0,120.0,42.0,17.0,25.0,6.975807452402535
20260819,AL1_SOLEXS_20260819_SDD2_L1.lc,1787121230.0,1787121279.0,1787121508.0,278.0,35.0,9.0,26.0,9.917647058823597
20260819,AL1_SOLEXS_20260819_SDD2_L1.lc,1787128645.0,1787129016.0,1787129416.0,771.0,96.0,15.0,81.0,20.25751379785545
20260819,AL1_SOLEXS_20260819_SDD2_L1.lc,1787137486.0,1787137524.0,1787137613.0,127.0,35.0,11.0,24.0,8.153630768029684
20260819,AL1_SOLEXS_20260819_SDD2_L1.lc,1787139093.0,1787139424.0,1787139586.0,493.0,49.0,11.0,38.0,11.599045924575783
20260819,AL1_SOLEXS_20260819_SDD2_L1.lc,1787141690.0,1787141719.0,1787141809.0,119.0,51.0,11.0,40.0,9.333754356535417
20260819,AL1_SOLEXS_20260819_SDD2_L1.lc,1787142620.0,1787142667.0,1787142696.0,76.0,37.0,11.0,26.0,7.577348451515437
20260819,AL1_SOLEXS_20260819_SDD2_L1.lc,1787142699.0,1787142742.0,1787142777.0,78.0,34.0,11.0,23.0,6.3486556147428805
20260819,AL1_SOLEXS_20260819_SDD2_L1.lc,1787146432.0,1787146762.0,1787147387.0,955.0,256.0,19.0,237.0,52.858007931923986
20260819,AL1_SOLEXS_20260819_SDD2_L1.lc,1787148299.0,1787148389.0,1787148583.0,284.0,163.0,28.0,135.0,25.215874163113487
20260819,AL1_SOLEXS_20260819_SDD2_L1.lc,1787152491.0,1787152599.0,1787152939.0,448.0,297.0,25.0,272.0,60.40796380090533
20260819,AL1_SOLEXS_20260819_SDD2_L1.lc,1787155559.0,1787155567.0,1787155622.0,63.0,63.0,41.0,22.0,7.040963321055795
20260819,AL1_SOLEXS_20260819_SDD2_L1.lc,1787155706.0,1787155738.0,1787155785.0,79.0,79.0,43.0,36.0,6.216007336064182
20260819,AL1_SOLEXS_20260819_SDD2_L1.lc,1787157323.0,1787157509.0,1787157818.0,495.0,143.0,30.0,113.0,21.19529333312841
20260819,AL1_SOLEXS_20260819_SDD2_L1.lc,1787159681.0,1787159845.0,1787159968.0,287.0,71.0,24.0,47.0,12.18704274514599
20260819,AL1_SOLEXS_20260819_SDD2_L1.lc,1787164175.0,1787165387.0,1787166899.0,2724.0,591.0,232.0,359.0,21.900665292816377
20260819,AL1_SOLEXS_20260819_SDD2_L1.lc,1787167341.0,1787167471.0,1787167969.0,628.0,144.0,85.0,59.0,9.04079768639354
20260819,AL1_SOLEXS_20260819_SDD2_L1.lc,1787167974.0,1787168007.0,1787168100.0,126.0,86.0,54.0,32.0,6.753892230956086
20260819,AL1_SOLEXS_20260819_SDD2_L1.lc,1787176638.0,1787176762.0,1787177046.0,408.0,51.0,14.0,37.0,9.52683534632449
20260819,AL1_SOLEXS_20260819_SDD2_L1.lc,1787183501.0,1787183664.0,1787183999.0,498.0,63.0,13.0,50.0,15.803182694449369
20260820,AL1_SOLEXS_20260820_SDD2_L1.lc,1787184001.0,1787184015.0,1787184245.0,244.0,56.0,17.0,39.0,8.15183087226197
20260820,AL1_SOLEXS_20260820_SDD2_L1.lc,1787186744.0,1787186992.0,1787187105.0,361.0,52.0,18.0,34.0,8.117543186979027
20260820,AL1_SOLEXS_20260820_SDD2_L1.lc,1787197322.0,1787197385.0,1787197569.0,247.0,51.0,13.0,38.0,9.413588624175281
20260820,AL1_SOLEXS_20260820_SDD2_L1.lc,1787197648.0,1787197679.0,1787197712.0,64.0,39.0,12.0,27.0,7.151306003980516
20260820,AL1_SOLEXS_20260820_SDD2_L1.lc,1787198811.0,1787198866.0,1787199092.0,281.0,126.0,12.0,114.0,36.27353281751621
20260820,AL1_SOLEXS_20260820_SDD2_L1.lc,1787201005.0,1787201352.0,1787201780.0,775.0,141.0,18.0,123.0,26.46925718981008
20260820,AL1_SOLEXS_20260820_SDD2_L1.lc,1787207347.0,1787207432.0,1787207551.0,204.0,48.0,12.0,36.0,8.954676550684592
20260820,AL1_SOLEXS_20260820_SDD2_L1.lc,1787209714.0,1787209791.0,1787209817.0,103.0,47.0,15.0,32.0,6.94917192857976
20260820,AL1_SOLEXS_20260820_SDD2_L1.lc,1787211465.0,1787213071.0,1787214815.0,3350.0,1283.0,450.0,833.0,38.50948324436705
20260820,AL1_SOLEXS_20260820_SDD2_L1.lc,1787214820.0,1787214913.0,1787215186.0,366.0,99.0,47.900000000000006,51.099999999999994,7.897748663719626
20260820,AL1_SOLEXS_20260820_SDD2_L1.lc,1787221036.0,1787221197.0,1787221528.0,492.0,98.0,22.0,76.0,13.223846785141115
20260820,AL1_SOLEXS_20260820_SDD2_L1.lc,1787225070.0,1787226093.0,1787228547.0,3477.0,6106.0,349.9,5756.1,307.15561376652005
20260820,AL1_SOLEXS_20260820_SDD2_L1.lc,1787229632.0,1787229742.0,1787229862.0,230.0,275.0,165.0,110.0,9.677974792807742
20260820,AL1_SOLEXS_20260820_SDD2_L1.lc,1787230621.0,1787230825.0,1787231113.0,492.0,177.0,110.0,67.0,8.309189178205713
20260820,AL1_SOLEXS_20260820_SDD2_L1.lc,1787231116.0,1787231122.0,1787231268.0,152.0,162.0,91.0,71.0,6.402221763892879
20260820,AL1_SOLEXS_20260820_SDD2_L1.lc,1787238761.0,1787238881.0,1787239183.0,422.0,59.0,19.0,40.0,9.18265022023634
20260820,AL1_SOLEXS_20260820_SDD2_L1.lc,1787241343.0,1787242303.0,1787244400.0,3057.0,2126.0,90.0,2036.0,215.32954984144376
20260820,AL1_SOLEXS_20260820_SDD2_L1.lc,1787246429.0,1787246572.0,1787246633.0,204.0,80.0,35.0,45.0,8.026288460743109
20260820,AL1_SOLEXS_20260820_SDD2_L1.lc,1787248148.0,1787248633.0,1787248850.0,702.0,99.0,37.0,62.0,8.209534949782533
20260820,AL1_SOLEXS_20260820_SDD2_L1.lc,1787253643.0,1787253668.0,1787253708.0,65.0,34.0,13.0,21.0,6.484972384557177
20260820,AL1_SOLEXS_20260820_SDD2_L1.lc,1787255052.0,1787255680.0,1787255698.0,646.0,50.0,24.0,26.0,6.629693618306659
20260820,AL1_SOLEXS_20260820_SDD2_L1.lc,1787256441.0,1787256469.0,1787256663.0,222.0,60.0,25.0,35.0,8.473122171945771
20260820,AL1_SOLEXS_20260820_SDD2_L1.lc,1787259874.0,1787260128.0,1787260415.0,541.0,100.0,19.0,81.0,18.58994100522193
20260820,AL1_SOLEXS_20260820_SDD2_L1.lc,1787260667.0,1787260712.0,1787260867.0,200.0,69.0,30.0,39.0,7.141046436010105
20260820,AL1_SOLEXS_20260820_SDD2_L1.lc,1787265177.0,1787265240.0,1787265394.0,217.0,44.0,11.0,33.0,8.267959504118448
20260820,AL1_SOLEXS_20260820_SDD2_L1.lc,1787265622.0,1787265715.0,1787265820.0,198.0,46.0,12.0,34.0,8.389082282451312
20260820,AL1_SOLEXS_20260820_SDD2_L1.lc,1787269224.0,1787269429.0,1787269718.0,494.0,134.0,16.0,118.0,31.57556561085991
20260821,AL1_SOLEXS_20260821_SDD2_L1.lc,1787271644.0,1787271945.0,1787272157.0,513.0,90.0,28.900000000000006,61.099999999999994,10.745767954237946
20260821,AL1_SOLEXS_20260821_SDD2_L1.lc,1787276585.0,1787277639.0,1787277816.0,1231.0,165.0,65.0,100.0,13.208969617664996
20260821,AL1_SOLEXS_20260821_SDD2_L1.lc,1787278139.0,1787278591.0,1787279067.0,928.0,358.0,99.9,258.1,22.895025036461853
20260821,AL1_SOLEXS_20260821_SDD2_L1.lc,1787279549.0,1787279765.0,1787281065.0,1516.0,232.0,106.0,126.0,12.88118431666485
20260821,AL1_SOLEXS_20260821_SDD2_L1.lc,1787281070.0,1787281144.0,1787281169.0,99.0,59.0,27.0,32.0,6.2902442450443194
20260821,AL1_SOLEXS_20260821_SDD2_L1.lc,1787282651.0,1787282715.0,1787282791.0,140.0,49.0,15.0,34.0,7.476084594986866
20260821,AL1_SOLEXS_20260821_SDD2_L1.lc,1787288810.0,1787288901.0,1787289098.0,288.0,42.0,10.0,32.0,9.72149973899734
20260821,AL1_SOLEXS_20260821_SDD2_L1.lc,1787291210.0,1787291507.0,1787291629.0,419.0,53.0,17.0,36.0,9.323025528546026
20260821,AL1_SOLEXS_20260821_SDD2_L1.lc,1787293784.0,1787294090.0,1787294983.0,1199.0,284.0,20.0,264.0,62.88754004557181
20260821,AL1_SOLEXS_20260821_SDD2_L1.lc,1787295036.0,1787295043.0,1787295101.0,65.0,52.0,24.0,28.0,6.038934327400124
20260821,AL1_SOLEXS_20260821_SDD2_L1.lc,1787296183.0,1787296296.0,1787296472.0,289.0,59.0,18.0,41.0,7.911916961620403
20260821,AL1_SOLEXS_20260821_SDD2_L1.lc,1787296474.0,1787296504.0,1787296540.0,66.0,50.0,17.0,33.0,6.423353001527916
20260821,AL1_SOLEXS_20260821_SDD2_L1.lc,1787297387.0,1787297465.0,1787297854.0,467.0,60.0,17.0,43.0,11.341009724549696
20260821,AL1_SOLEXS_20260821_SDD2_L1.lc,1787298793.0,1787298832.0,1787298857.0,64.0,48.0,19.0,29.0,6.24945068347316
20260821,AL1_SOLEXS_20260821_SDD2_L1.lc,1787298859.0,1787298915.0,1787298930.0,71.0,44.0,18.0,26.0,6.723806925056575
20260821,AL1_SOLEXS_20260821_SDD2_L1.lc,1787303671.0,1787305803.0,1787305981.0,2310.0,927.0,688.9,238.10000000000002,9.15915805553765
20260821,AL1_SOLEXS_20260821_SDD2_L1.lc,1787307421.0,1787307497.0,1787307578.0,157.0,965.0,775.0,190.0,6.3114765980824306
20260821,AL1_SOLEXS_20260821_SDD2_L1.lc,1787334633.0,1787334819.0,1787335435.0,802.0,133.0,28.0,105.0,20.72835841320889
20260821,AL1_SOLEXS_20260821_SDD2_L1.lc,1787337004.0,1787337109.0,1787337252.0,248.0,81.0,18.0,63.0,10.91760071839256
20260821,AL1_SOLEXS_20260821_SDD2_L1.lc,1787343589.0,1787343617.0,1787343681.0,92.0,34.0,11.0,23.0,7.643380800282694
20260821,AL1_SOLEXS_20260821_SDD2_L1.lc,1787345543.0,1787345922.0,1787346430.0,887.0,175.0,16.0,159.0,36.98099547511334
20260822,AL1_SOLEXS_20260822_SDD2_L1.lc,1787422750.0,1787422970.0,1787423151.0,401.0,26.0,10.0,16.0,8.949961225711005
