event_starttime,event_peaktime,event_endtime,fl_goescls,ar_noaanum,SOL_standard
2024-05-13 00:25:00,2024-05-13 00:32:00,2024-05-13 00:36:00,C6.4,13664,SOL2024-05-13T00:25:00L274C090
2024-05-13 01:06:00,2024-05-13 01:09:00,2024-05-13 01:14:00,C9.4,13664,SOL2024-05-13T01:06:00L274C090
2024-05-13 01:23:00,2024-05-13 01:33:00,2024-05-13 01:38:00,M1.2,13664,SOL2024-05-13T01:23:00L274C090
2024-05-13 02:41:00,2024-05-13 02:46:00,2024-05-13 02:55:00,C5.8,13664,SOL2024-05-13T02:41:00L273C090
2024-05-13 04:00:00,2024-05-13 04:03:00,2024-05-13 04:07:00,C5.0,13664,SOL2024-05-13T04:00:00L272C090
2024-05-13 05:44:00,2024-05-13 05:47:00,2024-05-13 05:53:00,C5.3,13664,SOL2024-05-13T05:44:00L271C090
2024-05-13 05:53:00,2024-05-13 05:57:00,2024-05-13 06:01:00,C5.3,13664,SOL2024-05-13T05:53:00L271C090
2024-05-13 07:21:00,2024-05-13 07:35:00,2024-05-13 07:45:00,C6.4,13676,SOL2024-05-13T07:21:00L270C090
2024-05-13 08:06:00,2024-05-13 08:20:00,2024-05-13 08:23:00,M1.2,13664,SOL2024-05-13T08:06:00L270C090
2024-05-13 08:23:00,2024-05-13 08:29:00,2024-05-13 08:33:00,M1.4,13664,SOL2024-05-13T08:23:00L270C090
2024-05-13 08:48:00,2024-05-13 09:44:00,2024-05-13 10:57:00,M6.6,13664,SOL2024-05-13T08:48:00L351C110
2024-05-13 12:56:00,2024-05-13 13:11:00,2024-05-13 13:23:00,M3.7,13664,SOL2024-05-13T12:56:00L267C090
2024-05-13 17:32:00,2024-05-13 17:47:00,2024-05-13 18:23:00,M1.0,13674,SOL2024-05-13T17:32:00L265C090
2024-05-13 21:48:00,2024-05-13 21:59:00,2024-05-13 22:07:00,M1.5,13664,SOL2024-05-13T21:48:00L262C090
2024-05-14 02:03:00,2024-05-14 02:09:00,2024-05-14 02:19:00,X1.7,13664,SOL2024-05-14T02:03:00L260C090
2024-05-14 12:40:00,2024-05-14 12:55:00,2024-05-14 13:05:00,X1.2,13664,SOL2024-05-14T12:40:00L254C090
2024-05-14 15:16:00,2024-05-14 15:28:00,2024-05-14 15:40:00,C9.6,13664,SOL2024-05-14T15:16:00L253C090
2024-05-14 16:46:00,2024-05-14 16:51:00,2024-05-14 17:02:00,X8.7,13664,SOL2024-05-14T16:46:00L252C090
2024-05-14 17:25:00,2024-05-14 17:38:00,2024-05-14 18:18:00,M4.4,13682,SOL2024-05-14T17:25:00L252C090
2024-05-14 23:02:00,2024-05-14 23:14:00,2024-05-14 23:39:00,C7.2,13679,SOL2024-05-14T23:02:00L249C090
2024-05-15 04:17:00,2024-05-15 04:25:00,2024-05-15 04:33:00,C5.5,13679,SOL2024-05-15T04:17:00L246C090
2024-05-15 06:20:00,2024-05-15 06:25:00,2024-05-15 06:29:00,C5.7,0,SOL2024-05-15T06:20:00L245C090
2024-05-15 07:11:00,2024-05-15 07:20:00,2024-05-15 07:22:00,C5.8,13670,SOL2024-05-15T07:11:00L244C090
2024-05-15 07:22:00,2024-05-15 07:42:00,2024-05-15 08:13:00,C9.9,13670,SOL2024-05-15T07:22:00L244C090
2024-05-15 08:13:00,2024-05-15 08:16:00,2024-05-15 08:20:00,C9.9,13664,SOL2024-05-15T08:13:00L243C090
2024-05-15 08:18:00,2024-05-15 08:37:00,2024-05-15 08:52:00,X3.4,0,SOL2024-05-15T08:18:00L243C090
2024-05-15 13:56:00,2024-05-15 14:06:00,2024-05-15 14:10:00,M2.9,13685,SOL2024-05-15T13:56:00L240C090
2024-05-15 14:10:00,2024-05-15 14:17:00,2024-05-15 14:20:00,M3.2,13685,SOL2024-05-15T14:10:00L240C090
2024-05-15 14:20:00,2024-05-15 14:38:00,2024-05-15 14:51:00,X2.9,13685,SOL2024-05-15T14:20:00L240C090
2024-05-16 04:58:00,2024-05-16 05:06:00,2024-05-16 05:10:00,C4.0,13672,SOL2024-05-16T04:58:00L232C090
2024-05-16 06:05:00,2024-05-16 06:15:00,2024-05-16 06:21:00,C4.3,13679,SOL2024-05-16T06:05:00L231C090
2024-05-16 07:50:00,2024-05-16 08:04:00,2024-05-16 08:10:00,M1.0,13685,SOL2024-05-16T07:50:00L230C090
2024-05-16 12:48:00,2024-05-16 12:52:00,2024-05-16 12:59:00,C3.3,13674,SOL2024-05-16T12:48:00L228C090
2024-05-16 14:41:00,2024-05-16 14:51:00,2024-05-16 15:04:00,C3.6,13679,SOL2024-05-16T14:41:00L227C090
2024-05-16 16:30:00,2024-05-16 16:40:00,2024-05-16 16:51:00,C4.5,13679,SOL2024-05-16T16:30:00L206C096
2024-05-16 18:27:00,2024-05-16 18:37:00,2024-05-16 18:53:00,C3.8,13679,SOL2024-05-16T18:27:00L225C090
2024-05-16 20:27:00,2024-05-16 20:34:00,2024-05-16 20:47:00,C4.8,13685,SOL2024-05-16T20:27:00L224C090
2024-05-17 01:33:00,2024-05-17 01:46:00,2024-05-17 01:53:00,C8.7,13679,SOL2024-05-17T01:33:00L221C090
2024-05-17 05:03:00,2024-05-17 05:08:00,2024-05-17 05:12:00,C3.1,13679,SOL2024-05-17T05:03:00L219C090
2024-05-17 07:15:00,2024-05-17 07:21:00,2024-05-17 07:35:00,C2.5,13685,SOL2024-05-17T07:15:00L218C090
2024-05-17 12:04:00,2024-05-17 12:21:00,2024-05-17 12:37:00,C3.7,0,SOL2024-05-17T12:04:00L215C090
2024-05-17 12:37:00,2024-05-17 12:47:00,2024-05-17 12:52:00,C4.8,13671,SOL2024-05-17T12:37:00L215C090
2024-05-17 13:20:00,2024-05-17 13:27:00,2024-05-17 13:34:00,C3.1,13679,SOL2024-05-17T13:20:00L202C098
2024-05-17 19:51:00,2024-05-17 19:56:00,2024-05-17 20:01:00,C2.8,13686,SOL2024-05-17T19:51:00L211C090
2024-05-17 20:09:00,2024-05-17 20:15:00,2024-05-17 20:19:00,C2.7,13685,SOL2024-05-17T20:09:00L151C100
2024-05-17 20:33:00,2024-05-17 21:08:00,2024-05-17 21:26:00,M7.2,13685,SOL2024-05-17T20:33:00L210C090
2024-05-18 03:21:00,2024-05-18 03:33:00,2024-05-18 03:46:00,C3.8,13679,SOL2024-05-18T03:21:00L206C090
2024-05-18 05:32:00,2024-05-18 05:38:00,2024-05-18 05:44:00,C7.2,13679,SOL2024-05-18T05:32:00L202C099
2024-05-18 19:33:00,2024-05-18 19:38:00,2024-05-18 19:42:00,C4.1,13685,SOL2024-05-18T19:33:00L198C090
2024-05-18 20:10:00,2024-05-18 20:16:00,2024-05-18 20:21:00,C3.9,13685,SOL2024-05-18T20:10:00L197C090
2024-05-19 08:50:00,2024-05-19 08:54:00,2024-05-19 09:09:00,C2.5,13672,SOL2024-05-19T08:50:00L190C090
2024-05-19 09:52:00,2024-05-19 10:04:00,2024-05-19 10:23:00,C2.4,0,SOL2024-05-19T09:52:00L190C090
2024-05-19 12:31:00,2024-05-19 12:35:00,2024-05-19 12:39:00,C2.4,13685,SOL2024-05-19T12:31:00L188C090
2024-05-19 13:12:00,2024-05-19 13:19:00,2024-05-19 13:23:00,C2.3,0,SOL2024-05-19T13:12:00L188C090
2024-05-19 13:37:00,2024-05-19 13:44:00,2024-05-19 13:48:00,M1.9,13685,SOL2024-05-19T13:37:00L188C090
2024-05-19 17:47:00,2024-05-19 17:56:00,2024-05-19 18:00:00,M2.5,13685,SOL2024-05-19T17:47:00L185C090
2024-05-19 21:53:00,2024-05-19 21:59:00,2024-05-19 22:03:00,M1.6,13685,SOL2024-05-19T21:53:00L183C090
2024-05-20 05:32:00,2024-05-20 05:39:00,2024-05-20 05:42:00,C2.3,13686,SOL2024-05-20T05:32:00L178C090
2024-05-20 05:42:00,2024-05-20 05:54:00,2024-05-20 06:16:00,C6.7,13683,SOL2024-05-20T05:42:00L178C090
2024-05-20 10:29:00,2024-05-20 10:36:00,2024-05-20 10:40:00,C2.8,13686,SOL2024-05-20T10:29:00L175C090
2024-05-20 12:43:00,2024-05-20 12:51:00,2024-05-20 12:55:00,C2.1,13685,SOL2024-05-20T12:43:00L174C090
2024-05-20 18:28:00,2024-05-20 19:51:00,2024-05-20 20:41:00,C4.6,13685,SOL2024-05-20T18:28:00L171C090
2024-05-21 05:50:00,2024-05-21 06:16:00,2024-05-21 06:35:00,C4.3,13683,SOL2024-05-21T05:50:00L164C090
2024-05-21 07:20:00,2024-05-21 07:32:00,2024-05-21 07:39:00,C4.8,13683,SOL2024-05-21T07:20:00L164C090
2024-05-21 12:04:00,2024-05-21 12:08:00,2024-05-21 12:22:00,C1.9,13683,SOL2024-05-21T12:04:00L161C090
2024-05-21 13:29:00,2024-05-21 13:36:00,2024-05-21 13:41:00,C7.0,13683,SOL2024-05-21T13:29:00L235C109
2024-05-21 14:00:00,2024-05-21 14:13:00,2024-05-21 14:26:00,C6.6,13683,SOL2024-05-21T14:00:00L234C110
2024-05-21 15:53:00,2024-05-21 16:05:00,2024-05-21 16:14:00,C6.9,13679,SOL2024-05-21T15:53:00L206C096
2024-05-21 19:19:00,2024-05-21 19:31:00,2024-05-21 19:39:00,M1.9,13679,SOL2024-05-21T19:19:00L157C090
2024-05-21 22:28:00,2024-05-21 22:40:00,2024-05-21 22:58:00,C3.9,13674,SOL2024-05-21T22:28:00L155C090
2024-05-22 03:02:00,2024-05-22 03:13:00,2024-05-22 03:23:00,M1.5,13679,SOL2024-05-22T03:02:00L153C090
2024-05-22 03:38:00,2024-05-22 04:04:00,2024-05-22 04:22:00,M2.3,13683,SOL2024-05-22T03:38:00L152C090
2024-05-22 06:52:00,2024-05-22 07:04:00,2024-05-22 07:15:00,C3.5,13679,SOL2024-05-22T06:52:00L207C096
2024-05-22 11:30:00,2024-05-22 11:37:00,2024-05-22 11:40:00,C3.3,13683,SOL2024-05-22T11:30:00L148C090
2024-05-22 11:40:00,2024-05-22 11:45:00,2024-05-22 11:51:00,C3.6,13683,SOL2024-05-22T11:40:00L148C090
2024-05-22 13:51:00,2024-05-22 14:05:00,2024-05-22 14:12:00,M1.2,13679,SOL2024-05-22T13:51:00L203C096
2024-05-22 16:06:00,2024-05-22 16:10:00,2024-05-22 16:15:00,C3.1,13683,SOL2024-05-22T16:06:00L226C108
2024-05-22 18:37:00,2024-05-22 18:48:00,2024-05-22 18:51:00,C3.5,13679,SOL2024-05-22T18:37:00L144C090
2024-05-22 18:51:00,2024-05-22 18:57:00,2024-05-22 19:06:00,C7.3,13683,SOL2024-05-22T18:51:00L144C090
2024-05-23 01:44:00,2024-05-23 01:51:00,2024-05-23 02:05:00,C8.5,13679,SOL2024-05-23T01:44:00L140C090
2024-05-23 02:05:00,2024-05-23 02:16:00,2024-05-23 02:26:00,M4.2,13679,SOL2024-05-23T02:05:00L140C090
2024-05-23 04:03:00,2024-05-23 04:29:00,2024-05-23 04:54:00,M1.7,13679,SOL2024-05-23T04:03:00L157C099
2024-05-23 06:04:00,2024-05-23 06:08:00,2024-05-23 06:12:00,C4.7,13679,SOL2024-05-23T06:04:00L138C090
2024-05-23 06:36:00,2024-05-23 06:42:00,2024-05-23 06:54:00,C9.7,0,SOL2024-05-23T06:36:00L138C090
2024-05-23 08:02:00,2024-05-23 08:09:00,2024-05-23 08:13:00,C5.5,13679,SOL2024-05-23T08:02:00L137C090
2024-05-23 09:09:00,2024-05-23 09:21:00,2024-05-23 09:26:00,C8.3,13679,SOL2024-05-23T09:09:00L136C090
2024-05-23 10:03:00,2024-05-23 10:08:00,2024-05-23 10:14:00,M1.0,0,SOL2024-05-23T10:03:00L136C090
2024-05-23 10:38:00,2024-05-23 10:40:00,2024-05-23 10:44:00,C7.8,13679,SOL2024-05-23T10:38:00L135C090
2024-05-23 11:07:00,2024-05-23 11:10:00,2024-05-23 11:14:00,C6.0,13679,SOL2024-05-23T11:07:00L135C090
2024-05-23 11:57:00,2024-05-23 12:07:00,2024-05-23 12:19:00,C4.0,13679,SOL2024-05-23T11:57:00L135C090
2024-05-23 12:19:00,2024-05-23 12:24:00,2024-05-23 12:30:00,C4.5,13679,SOL2024-05-23T12:19:00L134C090
2024-05-23 12:30:00,2024-05-23 12:36:00,2024-05-23 12:42:00,C5.8,13679,SOL2024-05-23T12:30:00L134C090
2024-05-23 12:48:00,2024-05-23 13:20:00,2024-05-23 13:44:00,M2.5,13679,SOL2024-05-23T12:48:00L200C099
2024-05-23 15:44:00,2024-05-23 15:48:00,2024-05-23 15:52:00,C6.8,13679,SOL2024-05-23T15:44:00L133C090
2024-05-23 15:53:00,2024-05-23 15:58:00,2024-05-23 16:03:00,M1.0,13689,SOL2024-05-23T15:53:00L132C090
2024-05-23 16:13:00,2024-05-23 16:27:00,2024-05-23 16:34:00,C5.6,0,SOL2024-05-23T16:13:00L132C090
2024-05-23 16:34:00,2024-05-23 16:40:00,2024-05-23 16:44:00,C5.5,0,SOL2024-05-23T16:34:00L132C090
2024-05-23 19:37:00,2024-05-23 19:46:00,2024-05-23 19:51:00,C6.0,0,SOL2024-05-23T19:37:00L130C090
2024-05-23 20:27:00,2024-05-23 20:34:00,2024-05-23 20:42:00,C6.5,13679,SOL2024-05-23T20:27:00L130C090
2024-05-23 21:15:00,2024-05-23 21:25:00,2024-05-23 21:32:00,C4.1,13685,SOL2024-05-23T21:15:00L129C090
2024-05-23 21:34:00,2024-05-23 21:39:00,2024-05-23 21:45:00,C4.1,13679,SOL2024-05-23T21:34:00L129C090
2024-05-23 21:56:00,2024-05-23 22:05:00,2024-05-23 22:11:00,C3.8,0,SOL2024-05-23T21:56:00L129C090
2024-05-23 22:50:00,2024-05-23 22:58:00,2024-05-23 23:03:00,C5.6,13679,SOL2024-05-23T22:50:00L129C090
2024-05-23 23:04:00,2024-05-23 23:09:00,2024-05-23 23:13:00,C5.2,13679,SOL2024-05-23T23:04:00L128C090
2024-05-23 23:17:00,2024-05-23 23:28:00,2024-05-23 23:39:00,C5.5,13685,SOL2024-05-23T23:17:00L128C090
2024-05-24 02:36:00,2024-05-24 02:49:00,2024-05-24 03:03:00,C4.8,0,SOL2024-05-24T02:36:00L127C090
2024-05-24 04:42:00,2024-05-24 04:49:00,2024-05-24 04:58:00,C3.0,0,SOL2024-05-24T04:42:00L125C090
2024-05-24 05:17:00,2024-05-24 05:24:00,2024-05-24 05:27:00,C3.2,13679,SOL2024-05-24T05:17:00L125C090
2024-05-24 06:28:00,2024-05-24 07:06:00,2024-05-24 07:21:00,M1.4,13679,SOL2024-05-24T06:28:00L206C097
2024-05-24 07:51:00,2024-05-24 08:01:00,2024-05-24 08:08:00,M1.0,13679,SOL2024-05-24T07:51:00L206C099
2024-05-24 09:06:00,2024-05-24 09:11:00,2024-05-24 09:15:00,C9.7,13679,SOL2024-05-24T09:06:00L123C090
2024-05-24 10:43:00,2024-05-24 10:51:00,2024-05-24 11:00:00,C5.6,13679,SOL2024-05-24T10:43:00L122C090
2024-05-24 13:49:00,2024-05-24 13:58:00,2024-05-24 14:07:00,C3.4,13685,SOL2024-05-24T13:49:00L146C101
2024-05-24 14:20:00,2024-05-24 14:22:00,2024-05-24 14:26:00,C2.6,13679,SOL2024-05-24T14:20:00L120C090
2024-05-24 18:13:00,2024-05-24 18:20:00,2024-05-24 18:24:00,C2.4,13679,SOL2024-05-24T18:13:00L118C090
2024-05-24 20:05:00,2024-05-24 20:25:00,2024-05-24 20:36:00,M1.4,13679,SOL2024-05-24T20:05:00L117C090
2024-05-25 04:23:00,2024-05-25 05:04:00,2024-05-25 05:22:00,C4.5,0,SOL2024-05-25T04:23:00L112C090
2024-05-25 08:10:00,2024-05-25 08:20:00,2024-05-25 08:40:00,C2.3,13686,SOL2024-05-25T08:10:00L110C090
2024-05-25 17:16:00,2024-05-25 17:26:00,2024-05-25 17:32:00,C5.8,0,SOL2024-05-25T17:16:00L105C090
2024-05-26 00:39:00,2024-05-26 00:49:00,2024-05-26 00:59:00,C3.9,13691,SOL2024-05-26T00:39:00L101C090
2024-05-26 02:46:00,2024-05-26 02:50:00,2024-05-26 02:55:00,C2.5,0,SOL2024-05-26T02:46:00L100C090
2024-05-26 09:27:00,2024-05-26 09:36:00,2024-05-26 09:48:00,C5.2,13691,SOL2024-05-26T09:27:00L096C090
2024-05-26 12:53:00,2024-05-26 13:02:00,2024-05-26 13:18:00,C2.4,13691,SOL2024-05-26T12:53:00L094C090
2024-05-26 13:18:00,2024-05-26 13:26:00,2024-05-26 13:35:00,C2.3,13691,SOL2024-05-26T13:18:00L094C090
2024-05-26 14:01:00,2024-05-26 14:14:00,2024-05-26 14:23:00,C5.4,13691,SOL2024-05-26T14:01:00L094C090
2024-05-26 15:59:00,2024-05-26 16:09:00,2024-05-26 16:19:00,C3.3,13691,SOL2024-05-26T15:59:00L093C090
2024-05-26 16:30:00,2024-05-26 16:42:00,2024-05-26 16:53:00,C5.9,13691,SOL2024-05-26T16:30:00L092C090
2024-05-26 16:53:00,2024-05-26 17:06:00,2024-05-26 17:18:00,C7.4,13691,SOL2024-05-26T16:53:00L092C090
2024-05-27 01:12:00,2024-05-27 01:24:00,2024-05-27 01:34:00,C3.8,13691,SOL2024-05-27T01:12:00L088C090
2024-05-27 01:40:00,2024-05-27 01:50:00,2024-05-27 02:00:00,C4.4,13691,SOL2024-05-27T01:40:00L087C090
2024-05-27 02:44:00,2024-05-27 03:17:00,2024-05-27 03:44:00,C6.9,0,SOL2024-05-27T02:44:00L087C090
2024-05-27 04:16:00,2024-05-27 04:25:00,2024-05-27 04:33:00,C5.5,13691,SOL2024-05-27T04:16:00L086C090
2024-05-27 05:36:00,2024-05-27 05:43:00,2024-05-27 05:49:00,C2.8,13691,SOL2024-05-27T05:36:00L085C090
2024-05-27 06:49:00,2024-05-27 07:08:00,2024-05-27 07:25:00,X2.8,13697,SOL2024-05-27T06:49:00L085C090
2024-05-27 12:22:00,2024-05-27 12:27:00,2024-05-27 12:33:00,C6.7,13697,SOL2024-05-27T12:22:00L081C090
2024-05-27 17:46:00,2024-05-27 17:51:00,2024-05-27 17:56:00,C4.7,13691,SOL2024-05-27T17:46:00L078C090
2024-05-27 19:09:00,2024-05-27 19:16:00,2024-05-27 19:27:00,C8.9,13691,SOL2024-05-27T19:09:00L078C090
2024-05-28 01:25:00,2024-05-28 01:33:00,2024-05-28 01:41:00,C7.6,13697,SOL2024-05-28T01:25:00L074C090
2024-05-28 03:17:00,2024-05-28 03:24:00,2024-05-28 03:31:00,C3.6,13697,SOL2024-05-28T03:17:00L073C090
2024-05-28 03:37:00,2024-05-28 03:43:00,2024-05-28 03:56:00,C7.8,13697,SOL2024-05-28T03:37:00L073C090
2024-05-28 05:00:00,2024-05-28 05:09:00,2024-05-28 05:17:00,C4.3,13697,SOL2024-05-28T05:00:00L072C090
2024-05-28 06:28:00,2024-05-28 06:35:00,2024-05-28 06:38:00,C3.0,13697,SOL2024-05-28T06:28:00L071C090
2024-05-28 06:38:00,2024-05-28 06:43:00,2024-05-28 06:48:00,C4.1,13697,SOL2024-05-28T06:38:00L071C090
2024-05-28 07:40:00,2024-05-28 07:47:00,2024-05-28 07:52:00,C3.5,13697,SOL2024-05-28T07:40:00L071C090
2024-05-28 07:52:00,2024-05-28 07:56:00,2024-05-28 08:09:00,C3.8,13697,SOL2024-05-28T07:52:00L071C090
2024-05-28 08:58:00,2024-05-28 09:12:00,2024-05-28 09:31:00,C4.9,13691,SOL2024-05-28T08:58:00L070C090
2024-05-28 09:30:00,2024-05-28 09:37:00,2024-05-28 09:44:00,C5.6,13697,SOL2024-05-28T09:30:00L070C090
2024-05-28 10:17:00,2024-05-28 10:25:00,2024-05-28 10:32:00,C7.5,13697,SOL2024-05-28T10:17:00L069C090
2024-05-28 10:40:00,2024-05-28 10:46:00,2024-05-28 10:51:00,C8.5,13697,SOL2024-05-28T10:40:00L069C090
2024-05-28 11:53:00,2024-05-28 12:02:00,2024-05-28 12:16:00,C5.4,13697,SOL2024-05-28T11:53:00L068C090
2024-05-28 12:16:00,2024-05-28 12:29:00,2024-05-28 12:41:00,C5.6,13691,SOL2024-05-28T12:16:00L039C063
2024-05-28 13:36:00,2024-05-28 13:45:00,2024-05-28 13:54:00,C4.5,13697,SOL2024-05-28T13:36:00L068C090
2024-05-28 13:54:00,2024-05-28 14:01:00,2024-05-28 14:05:00,C5.1,13697,SOL2024-05-28T13:54:00L067C090
2024-05-28 14:52:00,2024-05-28 14:55:00,2024-05-28 15:01:00,C6.0,13697,SOL2024-05-28T14:52:00L067C090
2024-05-28 15:19:00,2024-05-28 15:24:00,2024-05-28 15:31:00,C4.7,13697,SOL2024-05-28T15:19:00L067C090
2024-05-28 15:55:00,2024-05-28 16:02:00,2024-05-28 16:09:00,C3.4,13697,SOL2024-05-28T15:55:00L066C090
2024-05-28 17:58:00,2024-05-28 18:06:00,2024-05-28 18:12:00,C3.9,13697,SOL2024-05-28T17:58:00L065C090
2024-05-28 18:37:00,2024-05-28 18:41:00,2024-05-28 18:49:00,C8.9,13697,SOL2024-05-28T18:37:00L065C090
2024-05-28 19:43:00,2024-05-28 19:49:00,2024-05-28 19:55:00,C7.2,13697,SOL2024-05-28T19:43:00L064C090
2024-05-28 21:07:00,2024-05-28 21:12:00,2024-05-28 21:21:00,C3.8,13697,SOL2024-05-28T21:07:00L063C090
2024-05-28 21:21:00,2024-05-28 21:28:00,2024-05-28 21:33:00,C3.7,13691,SOL2024-05-28T21:21:00L063C090
2024-05-28 21:50:00,2024-05-28 21:58:00,2024-05-28 22:19:00,C4.2,13697,SOL2024-05-28T21:50:00L063C090
2024-05-28 22:19:00,2024-05-28 22:22:00,2024-05-28 22:26:00,C3.9,13697,SOL2024-05-28T22:19:00L063C090
2024-05-28 23:27:00,2024-05-28 23:37:00,2024-05-28 23:46:00,C8.0,13697,SOL2024-05-28T23:27:00L062C090
2024-05-29 00:12:00,2024-05-29 00:17:00,2024-05-29 00:25:00,C6.7,13697,SOL2024-05-29T00:12:00L062C090
2024-05-29 00:25:00,2024-05-29 00:36:00,2024-05-29 00:48:00,C6.5,13697,SOL2024-05-29T00:25:00L062C090
2024-05-29 00:57:00,2024-05-29 01:06:00,2024-05-29 01:12:00,M1.3,13697,SOL2024-05-29T00:57:00L061C090
2024-05-29 06:33:00,2024-05-29 06:45:00,2024-05-29 06:58:00,M1.4,13697,SOL2024-05-29T06:33:00L058C090
2024-05-29 09:24:00,2024-05-29 09:32:00,2024-05-29 09:39:00,C8.2,13697,SOL2024-05-29T09:24:00L057C090
2024-05-29 11:09:00,2024-05-29 11:21:00,2024-05-29 11:26:00,M1.8,13695,SOL2024-05-29T11:09:00L056C090
2024-05-29 12:45:00,2024-05-29 12:55:00,2024-05-29 13:06:00,M2.5,13697,SOL2024-05-29T12:45:00L055C090
2024-05-29 14:11:00,2024-05-29 14:37:00,2024-05-29 15:38:00,X1.4,13697,SOL2024-05-29T14:11:00L351C109
2024-05-29 18:15:00,2024-05-29 18:28:00,2024-05-29 18:32:00,M2.7,13691,SOL2024-05-29T18:15:00L052C090
2024-05-29 18:32:00,2024-05-29 18:41:00,2024-05-29 18:45:00,M5.7,13691,SOL2024-05-29T18:32:00L052C090
2024-05-30 03:15:00,2024-05-30 03:36:00,2024-05-30 04:16:00,C4.9,13697,SOL2024-05-30T03:15:00L047C090
2024-05-30 06:49:00,2024-05-30 07:13:00,2024-05-30 07:46:00,M1.0,13691,SOL2024-05-30T06:49:00L045C090
2024-05-30 18:37:00,2024-05-30 18:46:00,2024-05-30 18:54:00,C6.8,13697,SOL2024-05-30T18:37:00L038C090
2024-05-31 00:10:00,2024-05-31 00:21:00,2024-05-31 00:30:00,C2.8,13697,SOL2024-05-31T00:10:00L035C090
2024-05-31 02:21:00,2024-05-31 02:34:00,2024-05-31 02:46:00,C7.5,13698,SOL2024-05-31T02:21:00L034C090
2024-05-31 03:27:00,2024-05-31 03:37:00,2024-05-31 03:45:00,C9.8,13697,SOL2024-05-31T03:27:00L033C090
2024-05-31 04:28:00,2024-05-31 04:38:00,2024-05-31 04:41:00,C2.6,13698,SOL2024-05-31T04:28:00L033C090
2024-05-31 04:41:00,2024-05-31 04:45:00,2024-05-31 04:49:00,C2.7,13698,SOL2024-05-31T04:41:00L033C090
2024-05-31 06:12:00,2024-05-31 06:21:00,2024-05-31 06:34:00,C2.5,13698,SOL2024-05-31T06:12:00L032C090
2024-05-31 06:34:00,2024-05-31 06:37:00,2024-05-31 06:39:00,C2.2,13691,SOL2024-05-31T06:34:00L032C090
2024-05-31 06:39:00,2024-05-31 06:48:00,2024-05-31 06:52:00,C2.6,13698,SOL2024-05-31T06:39:00L032C090
2024-05-31 08:55:00,2024-05-31 09:04:00,2024-05-31 09:12:00,C2.2,13697,SOL2024-05-31T08:55:00L030C090
2024-05-31 11:06:00,2024-05-31 11:20:00,2024-05-31 11:30:00,M1.0,13697,SOL2024-05-31T11:06:00L029C090
2024-05-31 12:35:00,2024-05-31 12:40:00,2024-05-31 12:48:00,C5.4,13691,SOL2024-05-31T12:35:00L028C090
2024-05-31 16:06:00,2024-05-31 16:11:00,2024-05-31 16:15:00,C8.0,13695,SOL2024-05-31T16:06:00L026C090
2024-05-31 16:36:00,2024-05-31 16:41:00,2024-05-31 16:46:00,C3.6,13691,SOL2024-05-31T16:36:00L026C090
2024-05-31 17:14:00,2024-05-31 17:25:00,2024-05-31 17:36:00,C5.6,13698,SOL2024-05-31T17:14:00L359C068
2024-05-31 18:02:00,2024-05-31 18:08:00,2024-05-31 18:25:00,C3.4,13697,SOL2024-05-31T18:02:00L025C090
2024-05-31 20:13:00,2024-05-31 20:26:00,2024-05-31 20:45:00,C3.5,13697,SOL2024-05-31T20:13:00L024C090
2024-05-31 21:52:00,2024-05-31 22:03:00,2024-05-31 22:09:00,X1.1,13697,SOL2024-05-31T21:52:00L023C090
2024-06-01 00:54:00,2024-06-01 00:58:00,2024-06-01 01:05:00,C2.9,13691,SOL2024-06-01T00:54:00L022C090
2024-06-01 02:22:00,2024-06-01 02:29:00,2024-06-01 02:32:00,C3.1,13691,SOL2024-06-01T02:22:00L021C090
2024-06-01 02:32:00,2024-06-01 02:39:00,2024-06-01 02:44:00,C2.9,13691,SOL2024-06-01T02:32:00L021C090
2024-06-01 02:54:00,2024-06-01 02:58:00,2024-06-01 03:03:00,C3.4,13697,SOL2024-06-01T02:54:00L021C090
2024-06-01 04:49:00,2024-06-01 04:57:00,2024-06-01 05:06:00,C3.8,13697,SOL2024-06-01T04:49:00L019C090
2024-06-01 06:52:00,2024-06-01 07:01:00,2024-06-01 07:08:00,C7.5,13697,SOL2024-06-01T06:52:00L018C090
2024-06-01 08:26:00,2024-06-01 08:48:00,2024-06-01 08:58:00,X1.4,13697,SOL2024-06-01T08:26:00L017C090
2024-06-01 12:52:00,2024-06-01 12:58:00,2024-06-01 13:04:00,C4.3,13697,SOL2024-06-01T12:52:00L015C090
2024-06-01 14:07:00,2024-06-01 14:21:00,2024-06-01 14:33:00,C4.6,13697,SOL2024-06-01T14:07:00L014C090
2024-06-01 15:16:00,2024-06-01 15:21:00,2024-06-01 15:25:00,C4.0,13700,SOL2024-06-01T15:16:00L014C090
2024-06-01 15:36:00,2024-06-01 15:43:00,2024-06-01 15:51:00,C2.8,13691,SOL2024-06-01T15:36:00L014C090
2024-06-01 16:28:00,2024-06-01 16:35:00,2024-06-01 16:39:00,C2.6,13691,SOL2024-06-01T16:28:00L013C090
2024-06-01 17:21:00,2024-06-01 17:27:00,2024-06-01 17:38:00,C2.6,13700,SOL2024-06-01T17:21:00L045C094
2024-06-01 18:24:00,2024-06-01 18:36:00,2024-06-01 18:49:00,X1.0,13697,SOL2024-06-01T18:24:00L012C090
2024-06-01 01:30:00,2024-06-02 19:39:00,2024-06-02 20:28:00,M7.3,13697,SOL2024-06-01T01:30:00L021C090
2026-05-05 04:19:00,2026-05-05 04:24:00,2026-05-05 04:30:00,C1.2,14433,SOL2026-05-05T04:19:00L102C090
2026-05-05 05:04:00,2026-05-05 05:12:00,2026-05-05 05:20:00,C1.3,14432,SOL2026-05-05T05:04:00L101C090
2026-05-05 05:21:00,2026-05-05 05:27:00,2026-05-05 05:37:00,C6.0,14424,SOL2026-05-05T05:21:00L101C090
2026-05-05 08:18:00,2026-05-05 08:27:00,2026-05-05 08:30:00,C1.1,14425,SOL2026-05-05T08:18:00L100C090
2026-05-05 14:09:00,2026-05-05 14:12:00,2026-05-05 14:15:00,C1.8,14425,SOL2026-05-05T14:09:00L096C090
2026-05-05 14:59:00,2026-05-05 15:09:00,2026-05-05 15:12:00,C1.2,14431,SOL2026-05-05T14:59:00L096C090
2026-05-05 20:00:00,2026-05-05 20:07:00,2026-05-05 20:12:00,B7.8,14429,SOL2026-05-05T20:00:00L093C090
2026-05-06 04:33:00,2026-05-06 04:46:00,2026-05-06 04:57:00,C1.0,14431,SOL2026-05-06T04:33:00L088C090
2026-05-06 17:19:00,2026-05-06 17:24:00,2026-05-06 17:29:00,C1.4,14429,SOL2026-05-06T17:19:00L081C090
2026-05-07 01:28:00,2026-05-07 02:15:00,2026-05-07 03:08:00,C4.5,0,SOL2026-05-07T01:28:00L077C090
2026-05-07 10:35:00,2026-05-07 10:45:00,2026-05-07 10:53:00,C2.3,14431,SOL2026-05-07T10:35:00L072C090
2026-05-07 12:53:00,2026-05-07 12:59:00,2026-05-07 13:03:00,C1.5,14433,SOL2026-05-07T12:53:00L050C108
2026-05-07 14:20:00,2026-05-07 15:14:00,2026-05-07 15:40:00,M2.6,0,SOL2026-05-07T14:20:00L070C090
2026-05-07 17:44:00,2026-05-07 17:57:00,2026-05-07 18:13:00,C6.0,14433,SOL2026-05-07T17:44:00L068C090
2026-05-08 01:49:00,2026-05-08 01:54:00,2026-05-08 01:56:00,C1.0,0,SOL2026-05-08T01:49:00L063C090
2026-05-08 03:58:00,2026-05-08 04:03:00,2026-05-08 04:05:00,C1.1,14431,SOL2026-05-08T03:58:00L062C090
2026-05-08 11:13:00,2026-05-08 11:20:00,2026-05-08 11:22:00,C1.0,14432,SOL2026-05-08T11:13:00L058C090
2026-05-08 15:39:00,2026-05-08 15:51:00,2026-05-08 16:01:00,C4.2,14432,SOL2026-05-08T15:39:00L056C090
2026-05-08 16:56:00,2026-05-08 17:04:00,2026-05-08 17:13:00,B9.5,14432,SOL2026-05-08T16:56:00L055C090
2026-05-08 17:13:00,2026-05-08 17:16:00,2026-05-08 17:21:00,C1.0,14432,SOL2026-05-08T17:13:00L055C090
2026-05-08 17:56:00,2026-05-08 18:02:00,2026-05-08 18:09:00,C1.5,14432,SOL2026-05-08T17:56:00L055C090
2026-05-08 18:20:00,2026-05-08 18:25:00,2026-05-08 18:27:00,C1.1,14432,SOL2026-05-08T18:20:00L079C079
2026-05-08 19:01:00,2026-05-08 19:07:00,2026-05-08 19:09:00,C2.1,14432,SOL2026-05-08T19:01:00L054C090
2026-05-08 19:16:00,2026-05-08 19:21:00,2026-05-08 19:37:00,C1.2,14432,SOL2026-05-08T19:16:00L054C090
2026-05-08 20:05:00,2026-05-08 20:21:00,2026-05-08 20:35:00,C2.6,14432,SOL2026-05-08T20:05:00L053C090
2026-05-08 22:00:00,2026-05-08 22:07:00,2026-05-08 22:10:00,C1.0,14432,SOL2026-05-08T22:00:00L052C090
2026-05-08 23:19:00,2026-05-08 23:28:00,2026-05-08 23:39:00,C2.4,14432,SOL2026-05-08T23:19:00L052C090
2026-05-09 00:11:00,2026-05-09 00:21:00,2026-05-09 00:29:00,C1.3,14432,SOL2026-05-09T00:11:00L051C090
2026-05-09 01:41:00,2026-05-09 01:48:00,2026-05-09 01:56:00,C1.0,14432,SOL2026-05-09T01:41:00L050C090
2026-05-09 02:18:00,2026-05-09 02:28:00,2026-05-09 02:38:00,C2.1,14432,SOL2026-05-09T02:18:00L050C090
2026-05-09 03:21:00,2026-05-09 03:31:00,2026-05-09 03:39:00,C2.3,14432,SOL2026-05-09T03:21:00L049C090
2026-05-09 05:14:00,2026-05-09 05:21:00,2026-05-09 05:26:00,C1.4,14432,SOL2026-05-09T05:14:00L048C090
2026-05-09 06:22:00,2026-05-09 06:33:00,2026-05-09 06:42:00,C1.5,14432,SOL2026-05-09T06:22:00L048C090
2026-05-09 07:53:00,2026-05-09 08:02:00,2026-05-09 08:06:00,C1.6,14432,SOL2026-05-09T07:53:00L047C090
2026-05-09 09:19:00,2026-05-09 09:24:00,2026-05-09 09:26:00,C1.2,14432,SOL2026-05-09T09:19:00L046C090
2026-05-09 13:15:00,2026-05-09 13:19:00,2026-05-09 13:24:00,C1.3,14432,SOL2026-05-09T13:15:00L044C090
2026-05-09 13:59:00,2026-05-09 14:17:00,2026-05-09 14:22:00,C1.5,14432,SOL2026-05-09T13:59:00L044C090
2026-05-09 15:16:00,2026-05-09 15:26:00,2026-05-09 15:35:00,C1.5,14432,SOL2026-05-09T15:16:00L043C090
2026-05-09 16:20:00,2026-05-09 16:25:00,2026-05-09 16:27:00,C1.1,14432,SOL2026-05-09T16:20:00L042C090
2026-05-09 18:48:00,2026-05-09 18:55:00,2026-05-09 19:12:00,C1.2,14432,SOL2026-05-09T18:48:00L041C090
2026-05-09 19:12:00,2026-05-09 19:20:00,2026-05-09 19:30:00,C1.1,14432,SOL2026-05-09T19:12:00L041C090
2026-05-09 20:21:00,2026-05-09 20:29:00,2026-05-09 20:32:00,C1.2,14432,SOL2026-05-09T20:21:00L040C090
2026-05-09 21:37:00,2026-05-09 21:46:00,2026-05-09 21:57:00,C2.0,0,SOL2026-05-09T21:37:00L039C090
2026-05-09 21:57:00,2026-05-09 22:03:00,2026-05-09 22:09:00,C2.1,0,SOL2026-05-09T21:57:00L039C090
2026-05-10 02:27:00,2026-05-10 02:33:00,2026-05-10 02:36:00,C1.6,14436,SOL2026-05-10T02:27:00L037C090
2026-05-10 02:36:00,2026-05-10 02:40:00,2026-05-10 02:42:00,C2.0,14432,SOL2026-05-10T02:36:00L037C090
2026-05-10 03:56:00,2026-05-10 04:03:00,2026-05-10 04:08:00,C1.4,14432,SOL2026-05-10T03:56:00L036C090
2026-05-10 04:59:00,2026-05-10 05:04:00,2026-05-10 05:10:00,C2.0,14432,SOL2026-05-10T04:59:00L035C090
2026-05-10 06:32:00,2026-05-10 06:40:00,2026-05-10 06:46:00,C1.4,14436,SOL2026-05-10T06:32:00L034C090
2026-05-10 07:28:00,2026-05-10 07:34:00,2026-05-10 07:38:00,C2.0,14432,SOL2026-05-10T07:28:00L034C090
2026-05-10 09:15:00,2026-05-10 09:24:00,2026-05-10 09:28:00,C1.9,14432,SOL2026-05-10T09:15:00L033C090
2026-05-10 09:32:00,2026-05-10 09:39:00,2026-05-10 09:42:00,C3.7,14432,SOL2026-05-10T09:32:00L033C090
2026-05-10 10:36:00,2026-05-10 10:43:00,2026-05-10 10:47:00,C1.1,14432,SOL2026-05-10T10:36:00L032C090
2026-05-10 13:19:00,2026-05-10 13:39:00,2026-05-10 14:02:00,M5.7,14436,SOL2026-05-10T13:19:00L330C071
2026-05-10 19:27:00,2026-05-10 19:34:00,2026-05-10 19:43:00,C1.2,14432,SOL2026-05-10T19:27:00L027C090
2026-05-10 20:58:00,2026-05-10 21:09:00,2026-05-10 21:20:00,C1.3,14432,SOL2026-05-10T20:58:00L026C090
2026-05-10 23:11:00,2026-05-10 23:18:00,2026-05-10 23:23:00,C1.3,14432,SOL2026-05-10T23:11:00L025C090
2026-05-11 00:45:00,2026-05-11 00:52:00,2026-05-11 00:58:00,C1.0,14432,SOL2026-05-11T00:45:00L024C090
2026-05-11 06:21:00,2026-05-11 06:28:00,2026-05-11 06:32:00,B7.1,14436,SOL2026-05-11T06:21:00L021C090
2026-05-11 08:21:00,2026-05-11 08:32:00,2026-05-11 08:41:00,C1.4,14432,SOL2026-05-11T08:21:00L020C090
2026-05-11 09:46:00,2026-05-11 09:57:00,2026-05-11 10:13:00,B9.3,14431,SOL2026-05-11T09:46:00L019C090
2026-05-11 11:49:00,2026-05-11 11:54:00,2026-05-11 11:59:00,C1.2,14432,SOL2026-05-11T11:49:00L018C090
2026-05-11 12:46:00,2026-05-11 12:52:00,2026-05-11 12:58:00,B9.0,14432,SOL2026-05-11T12:46:00L018C090
2026-05-11 12:58:00,2026-05-11 13:03:00,2026-05-11 13:05:00,B8.7,14432,SOL2026-05-11T12:58:00L018C090
2026-05-11 14:05:00,2026-05-11 14:15:00,2026-05-11 14:17:00,C1.8,14432,SOL2026-05-11T14:05:00L017C090
2026-05-12 00:48:00,2026-05-12 01:01:00,2026-05-12 01:32:00,C1.3,14432,SOL2026-05-12T00:48:00L011C090
2026-05-12 06:27:00,2026-05-12 06:37:00,2026-05-12 06:44:00,B8.8,0,SOL2026-05-12T06:27:00L008C090
2026-05-12 06:44:00,2026-05-12 06:54:00,2026-05-12 07:04:00,C1.0,14432,SOL2026-05-12T06:44:00L008C090
2026-05-12 09:26:00,2026-05-12 09:35:00,2026-05-12 09:43:00,C1.1,14432,SOL2026-05-12T09:26:00L006C090
2026-05-12 10:19:00,2026-05-12 10:26:00,2026-05-12 10:38:00,C1.3,14432,SOL2026-05-12T10:19:00L006C090
2026-05-12 10:38:00,2026-05-12 10:49:00,2026-05-12 11:00:00,C1.4,14432,SOL2026-05-12T10:38:00L006C090
2026-05-12 12:31:00,2026-05-12 12:36:00,2026-05-12 12:39:00,B9.4,0,SOL2026-05-12T12:31:00L005C090
2026-05-12 12:40:00,2026-05-12 12:49:00,2026-05-12 12:52:00,C2.0,14436,SOL2026-05-12T12:40:00L005C090
2026-05-12 14:53:00,2026-05-12 14:58:00,2026-05-12 15:00:00,C1.3,0,SOL2026-05-12T14:53:00L003C090
2026-05-12 17:11:00,2026-05-12 17:17:00,2026-05-12 17:19:00,C1.5,14436,SOL2026-05-12T17:11:00L002C090
2026-05-12 21:42:00,2026-05-12 21:48:00,2026-05-12 21:51:00,C1.1,14433,SOL2026-05-12T21:42:00L000C090
2026-05-12 22:11:00,2026-05-12 22:17:00,2026-05-12 22:23:00,C1.0,14436,SOL2026-05-12T22:11:00L000C090
2026-05-13 01:43:00,2026-05-13 01:54:00,2026-05-13 02:01:00,C2.1,14432,SOL2026-05-13T01:43:00L358C090
2026-05-13 06:31:00,2026-05-13 06:40:00,2026-05-13 06:45:00,C2.3,14436,SOL2026-05-13T06:31:00L356C090
2026-05-13 10:28:00,2026-05-13 10:36:00,2026-05-13 10:39:00,C1.5,14433,SOL2026-05-13T10:28:00L354C090
2026-05-13 17:06:00,2026-05-13 17:14:00,2026-05-13 17:19:00,C2.0,14436,SOL2026-05-13T17:06:00L350C090
2026-05-13 18:00:00,2026-05-13 18:05:00,2026-05-13 18:09:00,C1.4,14436,SOL2026-05-13T18:00:00L349C090
2026-05-13 19:35:00,2026-05-13 19:48:00,2026-05-13 19:59:00,C1.4,14432,SOL2026-05-13T19:35:00L349C090
2026-05-14 02:05:00,2026-05-14 02:12:00,2026-05-14 02:15:00,C1.6,14432,SOL2026-05-14T02:05:00L345C090
2026-05-14 03:27:00,2026-05-14 03:41:00,2026-05-14 03:49:00,C2.6,14435,SOL2026-05-14T03:27:00L344C090
2026-05-14 05:20:00,2026-05-14 05:37:00,2026-05-14 05:48:00,C1.9,14435,SOL2026-05-14T05:20:00L343C090
2026-05-14 05:56:00,2026-05-14 06:04:00,2026-05-14 06:08:00,C1.6,14435,SOL2026-05-14T05:56:00L343C090
2026-05-14 06:31:00,2026-05-14 06:42:00,2026-05-14 06:49:00,C5.5,14435,SOL2026-05-14T06:31:00L343C090
2026-05-14 08:48:00,2026-05-14 08:55:00,2026-05-14 08:58:00,C1.2,14435,SOL2026-05-14T08:48:00L341C090
2026-05-14 09:09:00,2026-05-14 09:20:00,2026-05-14 09:32:00,C2.5,14435,SOL2026-05-14T09:09:00L341C090
2026-05-14 10:33:00,2026-05-14 10:42:00,2026-05-14 10:46:00,C1.5,14435,SOL2026-05-14T10:33:00L039C068
2026-05-14 10:46:00,2026-05-14 10:56:00,2026-05-14 11:06:00,C2.5,14435,SOL2026-05-14T10:46:00L340C090
2026-05-14 11:26:00,2026-05-14 11:36:00,2026-05-14 11:45:00,C3.8,14435,SOL2026-05-14T11:26:00L340C090
2026-05-14 13:21:00,2026-05-14 13:40:00,2026-05-14 13:53:00,C1.0,0,SOL2026-05-14T13:21:00L339C090
2026-05-14 13:53:00,2026-05-14 14:01:00,2026-05-14 14:04:00,B9.0,0,SOL2026-05-14T13:53:00L338C090
2026-05-14 14:24:00,2026-05-14 14:33:00,2026-05-14 14:38:00,C1.3,14435,SOL2026-05-14T14:24:00L338C090
2026-05-14 15:53:00,2026-05-14 15:59:00,2026-05-14 16:01:00,B7.7,0,SOL2026-05-14T15:53:00L337C090
2026-05-14 17:18:00,2026-05-14 17:39:00,2026-05-14 18:21:00,C4.4,0,SOL2026-05-14T17:18:00L337C090
2026-05-14 18:21:00,2026-05-14 18:40:00,2026-05-14 19:08:00,C5.1,14436,SOL2026-05-14T18:21:00L336C090
2026-05-14 21:55:00,2026-05-14 22:03:00,2026-05-14 22:11:00,C1.0,14438,SOL2026-05-14T21:55:00L334C090
2026-05-14 22:14:00,2026-05-14 22:20:00,2026-05-14 22:28:00,C1.5,14438,SOL2026-05-14T22:14:00L334C090
2026-05-14 23:16:00,2026-05-14 23:21:00,2026-05-14 23:26:00,C1.2,14438,SOL2026-05-14T23:16:00L333C090
2026-05-15 01:48:00,2026-05-15 01:52:00,2026-05-15 01:55:00,C1.0,14438,SOL2026-05-15T01:48:00L332C090
2026-05-15 02:52:00,2026-05-15 03:09:00,2026-05-15 03:30:00,C3.3,14436,SOL2026-05-15T02:52:00L331C090
2026-05-15 09:32:00,2026-05-15 09:36:00,2026-05-15 09:39:00,B9.4,0,SOL2026-05-15T09:32:00L328C090
2026-05-15 11:07:00,2026-05-15 11:11:00,2026-05-15 11:16:00,B6.5,0,SOL2026-05-15T11:07:00L327C090
2026-05-15 11:43:00,2026-05-15 11:50:00,2026-05-15 11:54:00,C4.3,14435,SOL2026-05-15T11:43:00L326C090
2026-05-15 13:10:00,2026-05-15 13:13:00,2026-05-15 13:17:00,C6.7,14435,SOL2026-05-15T13:10:00L040C066
2026-05-15 13:40:00,2026-05-15 13:50:00,2026-05-15 13:56:00,C1.1,0,SOL2026-05-15T13:40:00L325C090
2026-05-15 16:05:00,2026-05-15 16:14:00,2026-05-15 16:18:00,C9.5,14435,SOL2026-05-15T16:05:00L324C090
2026-05-15 17:32:00,2026-05-15 17:40:00,2026-05-15 17:45:00,B8.2,14435,SOL2026-05-15T17:32:00L323C090
2026-05-15 19:57:00,2026-05-15 20:06:00,2026-05-15 20:12:00,B8.8,0,SOL2026-05-15T19:57:00L322C090
2026-05-15 22:41:00,2026-05-15 22:50:00,2026-05-15 22:55:00,C1.0,14435,SOL2026-05-15T22:41:00L320C090
2026-05-16 02:29:00,2026-05-16 02:33:00,2026-05-16 02:35:00,B5.0,0,SOL2026-05-16T02:29:00L318C090
2026-05-16 14:19:00,2026-05-16 14:39:00,2026-05-16 14:56:00,C1.1,14436,SOL2026-05-16T14:19:00L318C074
2026-05-16 15:08:00,2026-05-16 15:12:00,2026-05-16 15:16:00,C3.4,14435,SOL2026-05-16T15:08:00L311C090
2026-05-16 15:50:00,2026-05-16 16:12:00,2026-05-16 16:22:00,M1.9,14436,SOL2026-05-16T15:50:00L327C070
2026-05-16 16:22:00,2026-05-16 16:29:00,2026-05-16 16:34:00,M1.3,14436,SOL2026-05-16T16:22:00L311C090
2026-05-16 17:39:00,2026-05-16 17:42:00,2026-05-16 17:44:00,M1.9,14435,SOL2026-05-16T17:39:00L310C090
2026-05-16 19:02:00,2026-05-16 19:07:00,2026-05-16 19:11:00,C2.5,14435,SOL2026-05-16T19:02:00L309C090
2026-05-16 19:57:00,2026-05-16 20:03:00,2026-05-16 20:09:00,C3.5,14435,SOL2026-05-16T19:57:00L309C090
2026-05-16 22:22:00,2026-05-16 22:26:00,2026-05-16 22:30:00,C1.4,14439,SOL2026-05-16T22:22:00L307C090
2026-05-16 23:13:00,2026-05-16 23:30:00,2026-05-16 23:38:00,C5.8,14435,SOL2026-05-16T23:13:00L307C090
2026-05-17 03:29:00,2026-05-17 03:39:00,2026-05-17 03:42:00,M1.4,14435,SOL2026-05-17T03:29:00L305C090
2026-05-17 04:36:00,2026-05-17 04:44:00,2026-05-17 04:52:00,C1.0,0,SOL2026-05-17T04:36:00L304C090
2026-05-17 05:21:00,2026-05-17 05:32:00,2026-05-17 05:37:00,C2.0,0,SOL2026-05-17T05:21:00L304C090
2026-05-17 07:45:00,2026-05-17 07:57:00,2026-05-17 08:09:00,B9.0,0,SOL2026-05-17T07:45:00L302C090
2026-05-17 08:10:00,2026-05-17 08:18:00,2026-05-17 08:21:00,B7.1,0,SOL2026-05-17T08:10:00L302C090
2026-05-17 11:23:00,2026-05-17 11:32:00,2026-05-17 11:40:00,C1.1,14436,SOL2026-05-17T11:23:00L300C090
2026-05-17 12:01:00,2026-05-17 12:07:00,2026-05-17 12:10:00,C1.0,14439,SOL2026-05-17T12:01:00L300C090
2026-05-17 12:25:00,2026-05-17 12:38:00,2026-05-17 12:57:00,C1.1,14438,SOL2026-05-17T12:25:00L300C090
2026-05-17 18:07:00,2026-05-17 18:16:00,2026-05-17 18:22:00,B8.0,0,SOL2026-05-17T18:07:00L296C090
2026-05-17 20:42:00,2026-05-17 20:53:00,2026-05-17 21:05:00,C9.7,14436,SOL2026-05-17T20:42:00L295C090
2026-05-18 03:19:00,2026-05-18 03:29:00,2026-05-18 03:34:00,B8.3,14436,SOL2026-05-18T03:19:00L291C090
2026-05-18 18:10:00,2026-05-18 18:28:00,2026-05-18 18:45:00,C1.9,14436,SOL2026-05-18T18:10:00L283C090
2026-05-18 19:48:00,2026-05-18 20:00:00,2026-05-18 20:07:00,B6.6,14436,SOL2026-05-18T19:48:00L282C090
2026-05-19 03:09:00,2026-05-19 03:15:00,2026-05-19 03:18:00,B5.0,14436,SOL2026-05-19T03:09:00L278C090
2026-05-19 05:37:00,2026-05-19 05:43:00,2026-05-19 05:47:00,B4.7,14436,SOL2026-05-19T05:37:00L277C090
2026-05-19 07:29:00,2026-05-19 07:40:00,2026-05-19 07:44:00,C2.1,14436,SOL2026-05-19T07:29:00L276C090
2026-05-19 10:16:00,2026-05-19 10:26:00,2026-05-19 10:31:00,B8.2,14440,SOL2026-05-19T10:16:00L274C090
2026-05-19 11:24:00,2026-05-19 11:32:00,2026-05-19 11:41:00,B4.7,14436,SOL2026-05-19T11:24:00L331C071
2026-05-19 14:04:00,2026-05-19 14:08:00,2026-05-19 14:11:00,B6.3,14436,SOL2026-05-19T14:04:00L330C072
2026-05-19 16:42:00,2026-05-19 16:51:00,2026-05-19 17:05:00,C1.1,14436,SOL2026-05-19T16:42:00L271C090
2026-05-19 19:44:00,2026-05-19 20:00:00,2026-05-19 20:09:00,C2.1,14436,SOL2026-05-19T19:44:00L269C090
2026-05-19 21:11:00,2026-05-19 21:25:00,2026-05-19 21:40:00,C1.0,14436,SOL2026-05-19T21:11:00L268C090
2026-05-19 21:58:00,2026-05-19 22:03:00,2026-05-19 22:07:00,C1.4,14436,SOL2026-05-19T21:58:00L268C090
2026-05-20 02:35:00,2026-05-20 02:45:00,2026-05-20 02:53:00,B8.7,14439,SOL2026-05-20T02:35:00L265C090
2026-05-20 03:25:00,2026-05-20 03:32:00,2026-05-20 03:37:00,B8.7,14436,SOL2026-05-20T03:25:00L265C090
2026-05-20 04:12:00,2026-05-20 04:43:00,2026-05-20 05:13:00,C1.0,0,SOL2026-05-20T04:12:00L264C090
2026-05-20 09:59:00,2026-05-20 10:09:00,2026-05-20 10:17:00,C1.0,14439,SOL2026-05-20T09:59:00L261C090
2026-05-21 13:09:00,2026-05-21 13:21:00,2026-05-21 13:24:00,C5.5,14436,SOL2026-05-21T13:09:00L246C090
2026-05-21 16:29:00,2026-05-21 16:37:00,2026-05-21 16:40:00,C1.0,0,SOL2026-05-21T16:29:00L244C090
2026-05-21 18:04:00,2026-05-21 18:14:00,2026-05-21 18:19:00,C8.3,14436,SOL2026-05-21T18:04:00L244C090
2026-05-21 18:19:00,2026-05-21 18:25:00,2026-05-21 18:30:00,C9.5,14436,SOL2026-05-21T18:19:00L243C090
2026-05-21 19:41:00,2026-05-21 19:58:00,2026-05-21 20:35:00,C1.2,14443,SOL2026-05-21T19:41:00L243C090
2026-05-21 23:04:00,2026-05-21 23:10:00,2026-05-21 23:15:00,C1.3,14436,SOL2026-05-21T23:04:00L241C090
2026-05-22 00:22:00,2026-05-22 00:32:00,2026-05-22 00:48:00,C2.8,14436,SOL2026-05-22T00:22:00L240C090
2026-05-22 02:54:00,2026-05-22 03:02:00,2026-05-22 03:18:00,B9.0,14436,SOL2026-05-22T02:54:00L239C090
2026-05-22 03:23:00,2026-05-22 03:34:00,2026-05-22 03:49:00,C1.9,14436,SOL2026-05-22T03:23:00L238C090
2026-05-22 04:52:00,2026-05-22 04:59:00,2026-05-22 05:05:00,C1.9,14436,SOL2026-05-22T04:52:00L238C090
2026-05-22 06:40:00,2026-05-22 06:52:00,2026-05-22 07:03:00,C2.1,14436,SOL2026-05-22T06:40:00L237C090
2026-05-22 07:31:00,2026-05-22 07:36:00,2026-05-22 07:40:00,B9.4,0,SOL2026-05-22T07:31:00L236C090
2026-05-22 09:49:00,2026-05-22 10:01:00,2026-05-22 10:03:00,C1.4,14436,SOL2026-05-22T09:49:00L235C090
2026-05-22 10:03:00,2026-05-22 10:29:00,2026-05-22 11:01:00,M2.3,14436,SOL2026-05-22T10:03:00L235C090
2026-05-22 12:55:00,2026-05-22 13:01:00,2026-05-22 13:05:00,C1.5,14441,SOL2026-05-22T12:55:00L233C090
2026-05-22 20:11:00,2026-05-22 20:18:00,2026-05-22 20:35:00,C1.1,0,SOL2026-05-22T20:11:00L229C090
2026-05-22 21:25:00,2026-05-22 21:33:00,2026-05-22 21:38:00,C1.5,0,SOL2026-05-22T21:25:00L229C090
2026-05-22 22:52:00,2026-05-22 22:55:00,2026-05-22 22:58:00,C1.3,14444,SOL2026-05-22T22:52:00L228C090
2026-05-22 23:33:00,2026-05-22 23:50:00,2026-05-22 23:58:00,C1.6,0,SOL2026-05-22T23:33:00L227C090
2026-05-23 02:17:00,2026-05-23 02:24:00,2026-05-23 02:29:00,C1.6,0,SOL2026-05-23T02:17:00L226C090
2026-05-23 03:22:00,2026-05-23 03:27:00,2026-05-23 03:32:00,C1.3,0,SOL2026-05-23T03:22:00L225C090
2026-05-23 03:46:00,2026-05-23 03:50:00,2026-05-23 03:53:00,C1.4,0,SOL2026-05-23T03:46:00L225C090
2026-05-23 05:35:00,2026-05-23 05:48:00,2026-05-23 05:53:00,C3.6,0,SOL2026-05-23T05:35:00L224C090
2026-05-23 07:11:00,2026-05-23 07:17:00,2026-05-23 07:21:00,C2.1,0,SOL2026-05-23T07:11:00L223C090
2026-05-23 09:10:00,2026-05-23 09:13:00,2026-05-23 09:16:00,C1.9,0,SOL2026-05-23T09:10:00L222C090
2026-05-23 11:35:00,2026-05-23 11:44:00,2026-05-23 11:47:00,C2.9,0,SOL2026-05-23T11:35:00L221C090
2026-05-23 14:02:00,2026-05-23 14:11:00,2026-05-23 14:15:00,C2.3,0,SOL2026-05-23T14:02:00L219C090
2026-05-23 16:47:00,2026-05-23 16:56:00,2026-05-23 17:04:00,C1.6,14446,SOL2026-05-23T16:47:00L218C090
2026-05-23 17:08:00,2026-05-23 17:14:00,2026-05-23 17:19:00,C1.8,14446,SOL2026-05-23T17:08:00L218C090
2026-05-23 17:34:00,2026-05-23 17:46:00,2026-05-23 17:55:00,C2.0,14446,SOL2026-05-23T17:34:00L217C090
2026-05-23 19:07:00,2026-05-23 19:32:00,2026-05-23 19:45:00,C2.7,14441,SOL2026-05-23T19:07:00L217C090
2026-05-23 19:45:00,2026-05-23 19:55:00,2026-05-23 20:02:00,C2.8,14446,SOL2026-05-23T19:45:00L216C090
2026-05-23 21:00:00,2026-05-23 21:05:00,2026-05-23 21:12:00,C2.9,14446,SOL2026-05-23T21:00:00L216C090
2026-05-23 21:57:00,2026-05-23 22:04:00,2026-05-23 22:07:00,C5.5,14446,SOL2026-05-23T21:57:00L215C090
2026-05-23 22:23:00,2026-05-23 22:32:00,2026-05-23 22:53:00,C2.5,14446,SOL2026-05-23T22:23:00L215C090
2026-05-23 23:43:00,2026-05-23 23:59:00,2026-05-24 00:11:00,C4.7,14446,SOL2026-05-23T23:43:00L214C090
2026-05-24 00:48:00,2026-05-24 01:04:00,2026-05-24 01:08:00,C3.5,14446,SOL2026-05-24T00:48:00L213C090
2026-05-24 02:18:00,2026-05-24 02:25:00,2026-05-24 02:30:00,C3.4,14446,SOL2026-05-24T02:18:00L213C090
2026-05-24 02:33:00,2026-05-24 02:37:00,2026-05-24 02:40:00,C3.7,14446,SOL2026-05-24T02:33:00L212C090
2026-05-24 18:28:00,2026-05-24 18:37:00,2026-05-24 18:45:00,C1.2,14447,SOL2026-05-24T18:28:00L170C109
2026-05-25 00:51:00,2026-05-25 01:04:00,2026-05-25 01:15:00,C3.7,14447,SOL2026-05-25T00:51:00L200C090
2026-05-25 06:41:00,2026-05-25 06:53:00,2026-05-25 07:07:00,C1.7,14447,SOL2026-05-25T06:41:00L197C090
2026-05-26 07:11:00,2026-05-26 07:17:00,2026-05-26 07:23:00,C2.4,14448,SOL2026-05-26T07:11:00L183C090
2026-05-26 08:27:00,2026-05-26 08:40:00,2026-05-26 08:48:00,C2.9,14446,SOL2026-05-26T08:27:00L183C090
2026-05-26 12:30:00,2026-05-26 12:38:00,2026-05-26 12:44:00,C9.7,14446,SOL2026-05-26T12:30:00L181C090
2026-05-26 13:50:00,2026-05-26 14:00:00,2026-05-26 14:11:00,C1.6,0,SOL2026-05-26T13:50:00L179C090
2026-05-26 20:10:00,2026-05-26 20:19:00,2026-05-26 20:24:00,C2.5,0,SOL2026-05-26T20:10:00L175C090
2026-05-26 20:40:00,2026-05-26 20:48:00,2026-05-26 20:51:00,C1.7,0,SOL2026-05-26T20:40:00L175C090
2026-05-26 20:51:00,2026-05-26 20:56:00,2026-05-26 21:00:00,C1.8,14443,SOL2026-05-26T20:51:00L175C090
2026-05-26 23:39:00,2026-05-26 23:49:00,2026-05-26 23:52:00,C4.7,14446,SOL2026-05-26T23:39:00L173C090
2026-05-27 01:49:00,2026-05-27 01:59:00,2026-05-27 02:03:00,C1.9,14454,SOL2026-05-27T01:49:00L172C090
2026-05-27 12:07:00,2026-05-27 12:16:00,2026-05-27 12:19:00,C3.4,14446,SOL2026-05-27T12:07:00L166C090
2026-05-27 13:20:00,2026-05-27 13:23:00,2026-05-27 13:29:00,C2.8,14455,SOL2026-05-27T13:20:00L166C090
2026-05-28 07:52:00,2026-05-28 08:00:00,2026-05-28 08:07:00,C1.1,14447,SOL2026-05-28T07:52:00L176C105
2026-05-28 09:58:00,2026-05-28 10:09:00,2026-05-28 10:20:00,C1.8,14455,SOL2026-05-28T09:58:00L154C090
2026-05-28 15:09:00,2026-05-28 15:16:00,2026-05-28 15:18:00,C3.2,14452,SOL2026-05-28T15:09:00L181C080
2026-05-28 16:28:00,2026-05-28 16:37:00,2026-05-28 16:41:00,C1.5,14455,SOL2026-05-28T16:28:00L151C090
2026-05-29 05:24:00,2026-05-29 05:37:00,2026-05-29 05:50:00,C7.6,14455,SOL2026-05-29T05:24:00L144C090
2026-05-29 06:40:00,2026-05-29 07:04:00,2026-05-29 07:24:00,M1.1,14455,SOL2026-05-29T06:40:00L143C090
2026-05-29 15:41:00,2026-05-29 15:53:00,2026-05-29 16:01:00,C1.2,14455,SOL2026-05-29T15:41:00L138C090
2026-05-29 19:01:00,2026-05-29 19:09:00,2026-05-29 19:14:00,C1.2,14449,SOL2026-05-29T19:01:00L136C090
2026-05-29 19:28:00,2026-05-29 19:33:00,2026-05-29 19:36:00,C1.6,14455,SOL2026-05-29T19:28:00L136C090
2026-05-29 19:36:00,2026-05-29 19:47:00,2026-05-29 19:57:00,C3.0,14455,SOL2026-05-29T19:36:00L136C090
2026-05-29 21:09:00,2026-05-29 21:29:00,2026-05-29 21:41:00,C2.0,14455,SOL2026-05-29T21:09:00L135C090
2026-05-30 02:35:00,2026-05-30 02:40:00,2026-05-30 02:44:00,C1.3,14446,SOL2026-05-30T02:35:00L132C090
2026-05-30 07:29:00,2026-05-30 07:47:00,2026-05-30 07:59:00,C3.9,14449,SOL2026-05-30T07:29:00L133C101
2026-05-30 08:40:00,2026-05-30 08:52:00,2026-05-30 09:08:00,C1.8,14446,SOL2026-05-30T08:40:00L129C090
2026-05-30 11:45:00,2026-05-30 11:53:00,2026-05-30 11:55:00,C4.7,14446,SOL2026-05-30T11:45:00L127C090
2026-05-30 14:37:00,2026-05-30 14:48:00,2026-05-30 14:57:00,C1.0,14453,SOL2026-05-30T14:37:00L125C090
2026-05-30 17:27:00,2026-05-30 17:36:00,2026-05-30 17:41:00,C1.1,14449,SOL2026-05-30T17:27:00L124C090
2026-05-30 22:23:00,2026-05-30 22:28:00,2026-05-30 22:30:00,C1.0,14457,SOL2026-05-30T22:23:00L120C099
2026-05-30 22:30:00,2026-05-30 22:37:00,2026-05-30 22:39:00,C1.2,0,SOL2026-05-30T22:30:00L121C090
2026-05-31 01:59:00,2026-05-31 02:09:00,2026-05-31 02:12:00,C3.1,14447,SOL2026-05-31T01:59:00L119C090
2026-05-31 02:53:00,2026-05-31 03:05:00,2026-05-31 03:19:00,C1.2,14452,SOL2026-05-31T02:53:00L119C090
2026-05-31 04:22:00,2026-05-31 04:36:00,2026-05-31 04:44:00,C1.5,14449,SOL2026-05-31T04:22:00L133C097
2026-05-31 04:44:00,2026-05-31 04:49:00,2026-05-31 05:00:00,C1.8,14452,SOL2026-05-31T04:44:00L181C080
2026-05-31 08:02:00,2026-05-31 08:07:00,2026-05-31 08:10:00,C1.2,14449,SOL2026-05-31T08:02:00L116C090
2026-05-31 08:59:00,2026-05-31 09:10:00,2026-05-31 09:27:00,C1.1,14455,SOL2026-05-31T08:59:00L115C090
2026-05-31 10:12:00,2026-05-31 10:14:00,2026-05-31 10:17:00,C1.0,14446,SOL2026-05-31T10:12:00L115C090
2026-05-31 10:38:00,2026-05-31 10:42:00,2026-05-31 10:45:00,B9.4,14446,SOL2026-05-31T10:38:00L114C090
2026-05-31 12:37:00,2026-05-31 12:43:00,2026-05-31 12:46:00,C1.0,14449,SOL2026-05-31T12:37:00L113C090
2026-05-31 12:46:00,2026-05-31 12:51:00,2026-05-31 12:53:00,C1.1,14455,SOL2026-05-31T12:46:00L113C090
2026-05-31 17:56:00,2026-05-31 18:10:00,2026-05-31 18:28:00,C1.5,14461,SOL2026-05-31T17:56:00L110C090
2026-05-31 18:31:00,2026-05-31 18:36:00,2026-05-31 18:39:00,C1.7,14457,SOL2026-05-31T18:31:00L110C090
2026-05-31 19:39:00,2026-05-31 19:43:00,2026-05-31 19:47:00,C1.5,14446,SOL2026-05-31T19:39:00L109C090
2026-05-31 21:42:00,2026-05-31 21:53:00,2026-05-31 22:11:00,C1.9,14457,SOL2026-05-31T21:42:00L108C090
2026-06-01 05:11:00,2026-06-01 05:19:00,2026-06-01 05:25:00,C1.5,14449,SOL2026-06-01T05:11:00L104C090
2026-06-02 02:28:00,2026-06-02 02:33:00,2026-06-02 02:37:00,C1.1,0,SOL2026-06-02T02:28:00L092C090
2026-06-02 02:40:00,2026-06-02 02:50:00,2026-06-02 02:59:00,C1.8,0,SOL2026-06-02T02:40:00L092C090
2026-06-02 04:11:00,2026-06-02 04:23:00,2026-06-02 04:35:00,C1.4,0,SOL2026-06-02T04:11:00L091C090
2026-06-02 04:42:00,2026-06-02 04:45:00,2026-06-02 04:47:00,M1.2,14461,SOL2026-06-02T04:42:00L091C090
2026-06-02 06:46:00,2026-06-02 06:59:00,2026-06-02 07:05:00,C3.1,14455,SOL2026-06-02T06:46:00L090C090
2026-06-02 07:51:00,2026-06-02 07:55:00,2026-06-02 07:59:00,C1.2,14461,SOL2026-06-02T07:51:00L089C090
2026-06-02 08:21:00,2026-06-02 08:29:00,2026-06-02 08:31:00,C1.4,14455,SOL2026-06-02T08:21:00L089C090
2026-06-02 08:31:00,2026-06-02 08:44:00,2026-06-02 08:57:00,C3.7,14455,SOL2026-06-02T08:31:00L089C090
2026-06-02 09:51:00,2026-06-02 10:05:00,2026-06-02 10:19:00,M1.2,14455,SOL2026-06-02T09:51:00L088C090
2026-06-02 10:57:00,2026-06-02 11:02:00,2026-06-02 11:05:00,C4.3,14461,SOL2026-06-02T10:57:00L088C090
2026-06-02 13:53:00,2026-06-02 13:58:00,2026-06-02 14:01:00,C2.3,14461,SOL2026-06-02T13:53:00L086C090
2026-06-02 16:31:00,2026-06-02 16:50:00,2026-06-02 16:56:00,M3.3,14455,SOL2026-06-02T16:31:00L114C034
2026-06-02 18:07:00,2026-06-02 18:13:00,2026-06-02 18:18:00,C2.9,14455,SOL2026-06-02T18:07:00L084C090
2026-06-02 18:35:00,2026-06-02 18:41:00,2026-06-02 18:45:00,C2.4,14455,SOL2026-06-02T18:35:00L084C090
2026-06-02 20:24:00,2026-06-02 20:39:00,2026-06-02 20:49:00,C4.2,0,SOL2026-06-02T20:24:00L083C090
2026-06-03 00:22:00,2026-06-03 00:46:00,2026-06-03 00:56:00,C4.0,0,SOL2026-06-03T00:22:00L080C090
2026-06-03 01:11:00,2026-06-03 01:15:00,2026-06-03 01:18:00,C2.0,0,SOL2026-06-03T01:11:00L080C090
2026-06-03 01:22:00,2026-06-03 01:36:00,2026-06-03 01:43:00,M9.3,14455,SOL2026-06-03T01:22:00L080C090
2026-06-03 03:24:00,2026-06-03 03:34:00,2026-06-03 03:41:00,C1.8,14449,SOL2026-06-03T03:24:00L079C090
2026-06-03 04:50:00,2026-06-03 04:55:00,2026-06-03 04:59:00,C2.1,14455,SOL2026-06-03T04:50:00L090C076
2026-06-03 06:49:00,2026-06-03 07:00:00,2026-06-03 07:07:00,M7.7,14455,SOL2026-06-03T06:49:00L090C076
2026-06-03 10:53:00,2026-06-03 10:59:00,2026-06-03 11:08:00,C2.4,14455,SOL2026-06-03T10:53:00L075C090
2026-06-03 11:19:00,2026-06-03 11:28:00,2026-06-03 11:35:00,X1.0,14455,SOL2026-06-03T11:19:00L089C077
2026-06-03 12:21:00,2026-06-03 12:29:00,2026-06-03 12:35:00,C1.4,14455,SOL2026-06-03T12:21:00L074C090
2026-06-03 15:27:00,2026-06-03 15:36:00,2026-06-03 15:45:00,C1.7,14455,SOL2026-06-03T15:27:00L072C090
2026-06-03 19:21:00,2026-06-03 19:26:00,2026-06-03 19:32:00,C1.5,14455,SOL2026-06-03T19:21:00L070C090
2026-06-03 20:46:00,2026-06-03 20:52:00,2026-06-03 20:55:00,C1.8,14455,SOL2026-06-03T20:46:00L069C090
2026-06-03 23:27:00,2026-06-03 23:43:00,2026-06-04 00:00:00,C5.1,14459,SOL2026-06-03T23:27:00L068C090
2026-06-04 01:54:00,2026-06-04 02:00:00,2026-06-04 02:05:00,C1.8,14458,SOL2026-06-04T01:54:00L066C090
2026-06-04 03:41:00,2026-06-04 03:57:00,2026-06-04 04:06:00,C2.6,14457,SOL2026-06-04T03:41:00L065C090
2026-06-04 06:16:00,2026-06-04 06:23:00,2026-06-04 06:30:00,C1.2,14461,SOL2026-06-04T06:16:00L064C090
2026-06-04 06:31:00,2026-06-04 06:38:00,2026-06-04 06:40:00,C1.5,14446,SOL2026-06-04T06:31:00L064C090
2026-06-04 12:50:00,2026-06-04 12:58:00,2026-06-04 13:09:00,C1.5,14455,SOL2026-06-04T12:50:00L060C090
2026-06-04 15:53:00,2026-06-04 15:58:00,2026-06-04 16:06:00,C1.6,14452,SOL2026-06-04T15:53:00L059C090
2026-06-04 16:25:00,2026-06-04 16:35:00,2026-06-04 16:44:00,C1.8,14452,SOL2026-06-04T16:25:00L058C090
2026-06-04 23:37:00,2026-06-04 23:42:00,2026-06-04 23:45:00,C1.5,14457,SOL2026-06-04T23:37:00L054C090
2026-06-05 00:01:00,2026-06-05 00:08:00,2026-06-05 00:13:00,C1.4,14457,SOL2026-06-05T00:01:00L054C090
2026-06-05 01:54:00,2026-06-05 02:08:00,2026-06-05 02:17:00,C1.5,14459,SOL2026-06-05T01:54:00L053C090
2026-06-05 02:17:00,2026-06-05 02:21:00,2026-06-05 02:24:00,C1.4,14457,SOL2026-06-05T02:17:00L053C090
2026-06-05 11:40:00,2026-06-05 11:47:00,2026-06-05 11:51:00,C1.7,14462,SOL2026-06-05T11:40:00L048C090
2026-06-05 11:51:00,2026-06-05 11:54:00,2026-06-05 11:56:00,C1.9,14457,SOL2026-06-05T11:51:00L048C090
2026-06-05 13:20:00,2026-06-05 13:25:00,2026-06-05 13:35:00,C1.5,14459,SOL2026-06-05T13:20:00L047C090
2026-06-05 14:52:00,2026-06-05 15:03:00,2026-06-05 15:10:00,C4.1,14455,SOL2026-06-05T14:52:00L093C078
2026-06-05 15:10:00,2026-06-05 15:13:00,2026-06-05 15:15:00,C4.0,14457,SOL2026-06-05T15:10:00L046C090
2026-06-05 18:15:00,2026-06-05 18:22:00,2026-06-05 18:28:00,C1.4,14459,SOL2026-06-05T18:15:00L044C090
2026-06-05 18:32:00,2026-06-05 18:54:00,2026-06-05 19:16:00,C3.9,14459,SOL2026-06-05T18:32:00L044C090
2026-06-05 22:18:00,2026-06-05 22:45:00,2026-06-05 22:59:00,C4.7,14462,SOL2026-06-05T22:18:00L042C090
2026-06-06 03:52:00,2026-06-06 03:59:00,2026-06-06 04:10:00,C2.1,14456,SOL2026-06-06T03:52:00L039C090
2026-06-06 04:10:00,2026-06-06 04:16:00,2026-06-06 04:20:00,C1.7,14455,SOL2026-06-06T04:10:00L039C090
2026-06-06 06:23:00,2026-06-06 06:30:00,2026-06-06 06:39:00,C3.1,14456,SOL2026-06-06T06:23:00L037C090
2026-06-06 11:49:00,2026-06-06 11:57:00,2026-06-06 12:03:00,C1.9,14456,SOL2026-06-06T11:49:00L034C090
2026-06-06 13:04:00,2026-06-06 13:18:00,2026-06-06 13:29:00,C8.8,14456,SOL2026-06-06T13:04:00L034C090
2026-06-06 13:40:00,2026-06-06 14:01:00,2026-06-06 14:28:00,M1.8,14461,SOL2026-06-06T13:40:00L033C090
2026-06-07 01:45:00,2026-06-07 01:53:00,2026-06-07 02:00:00,C2.0,14456,SOL2026-06-07T01:45:00L027C090
2026-06-07 02:21:00,2026-06-07 02:30:00,2026-06-07 02:38:00,C1.9,14456,SOL2026-06-07T02:21:00L026C090
2026-06-07 02:38:00,2026-06-07 02:43:00,2026-06-07 02:46:00,C1.9,14456,SOL2026-06-07T02:38:00L026C090
2026-06-07 04:10:00,2026-06-07 04:19:00,2026-06-07 04:25:00,C3.3,14456,SOL2026-06-07T04:10:00L025C090
2026-06-07 05:27:00,2026-06-07 05:33:00,2026-06-07 05:36:00,C1.7,14456,SOL2026-06-07T05:27:00L025C090
2026-06-07 05:41:00,2026-06-07 05:49:00,2026-06-07 05:59:00,C2.5,14456,SOL2026-06-07T05:41:00L024C090
2026-06-07 06:36:00,2026-06-07 06:44:00,2026-06-07 06:48:00,C1.7,0,SOL2026-06-07T06:36:00L024C090
2026-06-07 07:55:00,2026-06-07 08:01:00,2026-06-07 08:08:00,C1.5,14456,SOL2026-06-07T07:55:00L023C090
2026-06-07 08:16:00,2026-06-07 08:26:00,2026-06-07 08:30:00,C2.4,0,SOL2026-06-07T08:16:00L023C090
2026-06-07 09:17:00,2026-06-07 09:28:00,2026-06-07 09:39:00,C1.6,14456,SOL2026-06-07T09:17:00L062C072
2026-06-07 13:21:00,2026-06-07 13:30:00,2026-06-07 13:42:00,C1.4,14464,SOL2026-06-07T13:21:00L020C090
2026-06-07 13:42:00,2026-06-07 13:45:00,2026-06-07 13:48:00,C1.5,0,SOL2026-06-07T13:42:00L020C090
2026-06-07 13:50:00,2026-06-07 13:58:00,2026-06-07 14:05:00,C2.1,14464,SOL2026-06-07T13:50:00L020C090
2026-06-07 15:41:00,2026-06-07 15:58:00,2026-06-07 16:09:00,C1.7,0,SOL2026-06-07T15:41:00L019C090
2026-06-07 16:40:00,2026-06-07 16:51:00,2026-06-07 17:02:00,C1.7,14462,SOL2026-06-07T16:40:00L018C090
2026-06-07 17:43:00,2026-06-07 17:53:00,2026-06-07 18:03:00,C1.3,0,SOL2026-06-07T17:43:00L018C090
2026-06-07 18:54:00,2026-06-07 19:02:00,2026-06-07 19:06:00,C1.2,14462,SOL2026-06-07T18:54:00L017C090
2026-06-07 19:27:00,2026-06-07 19:33:00,2026-06-07 19:47:00,C1.2,14455,SOL2026-06-07T19:27:00L017C090
2026-06-08 02:14:00,2026-06-08 02:28:00,2026-06-08 02:36:00,C3.1,14465,SOL2026-06-08T02:14:00L013C090
2026-06-08 02:36:00,2026-06-08 02:49:00,2026-06-08 02:57:00,C7.2,14465,SOL2026-06-08T02:36:00L013C090
2026-06-08 04:13:00,2026-06-08 04:21:00,2026-06-08 04:28:00,C1.6,0,SOL2026-06-08T04:13:00L012C090
2026-06-08 05:00:00,2026-06-08 05:10:00,2026-06-08 05:14:00,C4.5,14465,SOL2026-06-08T05:00:00L012C090
2026-06-08 06:31:00,2026-06-08 06:38:00,2026-06-08 06:43:00,C1.5,14462,SOL2026-06-08T06:31:00L011C090
2026-06-08 08:21:00,2026-06-08 08:29:00,2026-06-08 08:32:00,C1.3,14458,SOL2026-06-08T08:21:00L010C090
2026-06-08 12:33:00,2026-06-08 12:41:00,2026-06-08 12:48:00,C1.5,14456,SOL2026-06-08T12:33:00L007C090
2026-06-08 17:29:00,2026-06-08 17:33:00,2026-06-08 17:38:00,C1.3,14464,SOL2026-06-08T17:29:00L005C090
2026-06-09 00:32:00,2026-06-09 00:40:00,2026-06-09 00:45:00,C1.3,14464,SOL2026-06-09T00:32:00L001C090
2026-06-09 00:54:00,2026-06-09 01:03:00,2026-06-09 01:06:00,C1.3,14465,SOL2026-06-09T00:54:00L001C090
2026-06-09 01:53:00,2026-06-09 02:04:00,2026-06-09 02:12:00,C1.4,14465,SOL2026-06-09T01:53:00L000C090
2026-06-09 02:32:00,2026-06-09 02:36:00,2026-06-09 02:41:00,C1.7,14465,SOL2026-06-09T02:32:00L000C090
2026-06-09 04:16:00,2026-06-09 04:23:00,2026-06-09 04:28:00,C4.5,14465,SOL2026-06-09T04:16:00L000C090
2026-06-09 05:22:00,2026-06-09 05:28:00,2026-06-09 05:32:00,C1.3,14465,SOL2026-06-09T05:22:00L359C090
2026-06-09 05:51:00,2026-06-09 05:58:00,2026-06-09 06:01:00,C1.4,14465,SOL2026-06-09T05:51:00L359C090
2026-06-09 06:01:00,2026-06-09 06:06:00,2026-06-09 06:09:00,C2.6,14465,SOL2026-06-09T06:01:00L359C090
2026-06-09 06:28:00,2026-06-09 06:47:00,2026-06-09 06:57:00,C3.0,14455,SOL2026-06-09T06:28:00L359C090
2026-06-09 06:28:00,2026-06-09 07:00:00,2026-06-09 07:02:00,C3.2,14455,SOL2026-06-09T06:28:00L359C090
2026-06-09 09:04:00,2026-06-09 09:11:00,2026-06-09 09:14:00,C1.5,14465,SOL2026-06-09T09:04:00L357C090
2026-06-09 09:39:00,2026-06-09 09:46:00,2026-06-09 09:50:00,C1.3,14465,SOL2026-06-09T09:39:00L357C090
2026-06-09 12:47:00,2026-06-09 13:02:00,2026-06-09 13:23:00,C1.2,14464,SOL2026-06-09T12:47:00L355C090
2026-06-09 13:23:00,2026-06-09 13:34:00,2026-06-09 13:40:00,C1.3,14465,SOL2026-06-09T13:23:00L355C090
2026-06-09 19:02:00,2026-06-09 19:18:00,2026-06-09 19:25:00,C2.3,14461,SOL2026-06-09T19:02:00L352C090
2026-06-09 19:35:00,2026-06-09 19:43:00,2026-06-09 19:51:00,C1.6,14466,SOL2026-06-09T19:35:00L351C090
2026-06-09 20:10:00,2026-06-09 20:13:00,2026-06-09 20:17:00,C1.4,14465,SOL2026-06-09T20:10:00L351C090
2026-06-09 20:59:00,2026-06-09 21:10:00,2026-06-09 21:17:00,C1.9,14466,SOL2026-06-09T20:59:00L351C090
2026-06-09 21:17:00,2026-06-09 21:33:00,2026-06-09 21:36:00,C2.0,14464,SOL2026-06-09T21:17:00L350C090
2026-06-10 00:51:00,2026-06-10 00:59:00,2026-06-10 01:01:00,C2.6,14465,SOL2026-06-10T00:51:00L348C090
2026-06-10 01:28:00,2026-06-10 01:33:00,2026-06-10 01:36:00,C1.0,14465,SOL2026-06-10T01:28:00L348C090
2026-06-10 12:50:00,2026-06-10 12:59:00,2026-06-10 13:06:00,B8.7,14456,SOL2026-06-10T12:50:00L342C090
2026-06-10 13:17:00,2026-06-10 13:26:00,2026-06-10 13:35:00,C1.5,14456,SOL2026-06-10T13:17:00L342C090
2026-06-10 22:36:00,2026-06-10 22:43:00,2026-06-10 22:50:00,B9.2,14464,SOL2026-06-10T22:36:00L336C090
2026-06-10 23:30:00,2026-06-11 00:02:00,2026-06-11 00:37:00,C6.7,14465,SOL2026-06-10T23:30:00L336C090
2026-06-11 00:37:00,2026-06-11 00:44:00,2026-06-11 00:46:00,C6.1,14456,SOL2026-06-11T00:37:00L335C090
2026-06-11 04:28:00,2026-06-11 04:41:00,2026-06-11 05:04:00,C1.0,14465,SOL2026-06-11T04:28:00L333C090
2026-06-11 06:38:00,2026-06-11 06:47:00,2026-06-11 06:56:00,C1.2,14456,SOL2026-06-11T06:38:00L332C090
2026-06-11 08:00:00,2026-06-11 08:07:00,2026-06-11 08:11:00,C1.5,14465,SOL2026-06-11T08:00:00L331C090
2026-06-11 08:22:00,2026-06-11 08:28:00,2026-06-11 08:32:00,C9.0,14465,SOL2026-06-11T08:22:00L331C090
2026-06-11 11:24:00,2026-06-11 11:36:00,2026-06-11 11:44:00,C1.3,14456,SOL2026-06-11T11:24:00L329C090
2026-06-11 17:06:00,2026-06-11 17:14:00,2026-06-11 17:22:00,C1.1,14465,SOL2026-06-11T17:06:00L326C090
2026-06-11 20:05:00,2026-06-11 20:18:00,2026-06-11 20:41:00,C1.1,0,SOL2026-06-11T20:05:00L325C090
2026-06-11 21:32:00,2026-06-11 21:40:00,2026-06-11 21:47:00,C1.5,14465,SOL2026-06-11T21:32:00L324C090
2026-06-12 02:04:00,2026-06-12 02:14:00,2026-06-12 02:18:00,C5.2,14465,SOL2026-06-12T02:04:00L321C090
2026-06-12 02:25:00,2026-06-12 02:35:00,2026-06-12 02:45:00,C2.0,0,SOL2026-06-12T02:25:00L321C090
2026-06-12 12:12:00,2026-06-12 12:18:00,2026-06-12 12:23:00,C1.0,14466,SOL2026-06-12T12:12:00L316C090
2026-06-13 02:00:00,2026-06-13 02:18:00,2026-06-13 02:40:00,C1.8,14464,SOL2026-06-13T02:00:00L308C090
2026-06-13 06:44:00,2026-06-13 06:53:00,2026-06-13 07:03:00,C1.0,0,SOL2026-06-13T06:44:00L305C090
2026-06-13 12:40:00,2026-06-13 13:09:00,2026-06-13 13:46:00,C2.5,14461,SOL2026-06-13T12:40:00L011C111
2026-06-14 08:48:00,2026-06-14 08:55:00,2026-06-14 09:05:00,C1.5,14466,SOL2026-06-14T08:48:00L291C090
2026-06-14 10:40:00,2026-06-14 10:51:00,2026-06-14 10:59:00,B9.1,14465,SOL2026-06-14T10:40:00L290C090
2026-07-03 23:50:00,2026-06-14 12:03:42,2026-07-04 00:05:00,M2.0,14480,SOL2026-07-03T23:50:00L030C090
2026-06-14 12:14:00,2026-06-14 12:22:00,2026-06-14 12:31:00,B9.9,14456,SOL2026-06-14T12:14:00L289C090
2026-06-14 12:31:00,2026-06-14 12:36:00,2026-06-14 12:39:00,C1.0,14456,SOL2026-06-14T12:31:00L289C090
2026-06-14 12:51:00,2026-06-14 13:02:00,2026-06-14 13:08:00,C1.2,14464,SOL2026-06-14T12:51:00L289C090
2026-06-15 01:50:00,2026-06-15 02:14:00,2026-06-15 02:21:00,C1.7,14464,SOL2026-06-15T01:50:00L282C090
2026-06-15 07:31:00,2026-06-15 07:38:00,2026-06-15 07:47:00,B9.9,0,SOL2026-06-15T07:31:00L279C090
2026-06-15 09:48:00,2026-06-15 09:56:00,2026-06-15 10:00:00,C1.7,0,SOL2026-06-15T09:48:00L277C090
2026-06-15 11:44:00,2026-06-15 11:52:00,2026-06-15 11:55:00,C1.4,0,SOL2026-06-15T11:44:00L276C090
2026-06-15 13:12:00,2026-06-15 13:15:00,2026-06-15 13:17:00,C1.8,14465,SOL2026-06-15T13:12:00L275C090
2026-06-15 18:46:00,2026-06-15 18:51:00,2026-06-15 18:53:00,C1.8,0,SOL2026-06-15T18:46:00L272C090
2026-06-15 20:17:00,2026-06-15 20:26:00,2026-06-15 20:29:00,B7.3,0,SOL2026-06-15T20:17:00L272C090
2026-06-15 20:29:00,2026-06-15 20:38:00,2026-06-15 20:40:00,B9.4,14470,SOL2026-06-15T20:29:00L271C090
2026-06-16 00:43:00,2026-06-16 00:48:00,2026-06-16 00:50:00,C1.5,14470,SOL2026-06-16T00:43:00L269C090
2026-06-16 05:03:00,2026-06-16 05:09:00,2026-06-16 05:18:00,B7.0,14470,SOL2026-06-16T05:03:00L267C090
2026-06-16 15:29:00,2026-06-16 15:32:00,2026-06-16 15:34:00,C1.0,14464,SOL2026-06-16T15:29:00L261C090
2026-06-16 17:47:00,2026-06-16 17:53:00,2026-06-16 18:00:00,B8.4,14464,SOL2026-06-16T17:47:00L260C090
2026-06-16 21:10:00,2026-06-16 21:18:00,2026-06-16 21:20:00,B8.6,14464,SOL2026-06-16T21:10:00L258C090
2026-06-16 22:45:00,2026-06-16 22:52:00,2026-06-16 22:57:00,B6.7,0,SOL2026-06-16T22:45:00L257C090
2026-06-16 23:51:00,2026-06-16 23:56:00,2026-06-16 23:58:00,B7.6,14465,SOL2026-06-16T23:51:00L256C090
2026-06-17 00:06:00,2026-06-17 00:13:00,2026-06-17 00:19:00,B8.2,14465,SOL2026-06-17T00:06:00L256C090
2026-06-17 05:15:00,2026-06-17 05:20:00,2026-06-17 05:22:00,C1.1,14465,SOL2026-06-17T05:15:00L253C090
2026-06-17 06:16:00,2026-06-17 06:25:00,2026-06-17 06:29:00,B8.2,14464,SOL2026-06-17T06:16:00L253C090
2026-06-17 08:50:00,2026-06-17 08:56:00,2026-06-17 08:58:00,B6.8,14464,SOL2026-06-17T08:50:00L251C090
2026-06-17 10:30:00,2026-06-17 10:34:00,2026-06-17 10:37:00,B5.6,14464,SOL2026-06-17T10:30:00L250C090
2026-06-17 12:07:00,2026-06-17 12:28:00,2026-06-17 12:36:00,C1.2,14465,SOL2026-06-17T12:07:00L250C090
2026-06-17 14:57:00,2026-06-17 15:06:00,2026-06-17 15:10:00,C2.5,14464,SOL2026-06-17T14:57:00L248C090
2026-06-17 16:42:00,2026-06-17 16:46:00,2026-06-17 17:09:00,B5.8,14464,SOL2026-06-17T16:42:00L247C090
2026-06-17 16:59:00,2026-06-17 17:04:00,2026-06-17 17:06:00,B4.9,0,SOL2026-06-17T16:59:00L247C090
2026-06-17 18:20:00,2026-06-17 18:28:00,2026-06-17 18:35:00,B6.0,0,SOL2026-06-17T18:20:00L246C090
2026-06-17 18:35:00,2026-06-17 18:38:00,2026-06-17 18:41:00,B5.7,0,SOL2026-06-17T18:35:00L246C090
2026-06-18 03:24:00,2026-06-18 03:32:00,2026-06-18 03:42:00,B6.0,0,SOL2026-06-18T03:24:00L241C090
2026-06-18 05:37:00,2026-06-18 05:45:00,2026-06-18 05:50:00,B5.7,0,SOL2026-06-18T05:37:00L240C090
2026-06-18 07:38:00,2026-06-18 07:46:00,2026-06-18 07:52:00,C1.0,14470,SOL2026-06-18T07:38:00L239C090
2026-06-18 11:13:00,2026-06-18 11:23:00,2026-06-18 11:30:00,B8.0,0,SOL2026-06-18T11:13:00L237C090
2026-06-18 11:42:00,2026-06-18 11:50:00,2026-06-18 12:02:00,C1.8,14470,SOL2026-06-18T11:42:00L237C090
2026-06-18 13:15:00,2026-06-18 13:25:00,2026-06-18 13:30:00,B8.8,14465,SOL2026-06-18T13:15:00L293C084
2026-06-18 14:48:00,2026-06-18 14:55:00,2026-06-18 15:02:00,B8.1,0,SOL2026-06-18T14:48:00L235C090
2026-06-18 19:06:00,2026-06-18 19:15:00,2026-06-18 19:20:00,B6.5,0,SOL2026-06-18T19:06:00L232C090
2026-06-18 19:43:00,2026-06-18 19:51:00,2026-06-18 19:56:00,B7.0,14465,SOL2026-06-18T19:43:00L232C090
2026-06-18 21:49:00,2026-06-18 22:04:00,2026-06-18 22:18:00,C1.2,14472,SOL2026-06-18T21:49:00L231C090
2026-06-19 00:07:00,2026-06-19 00:11:00,2026-06-19 00:15:00,B5.5,14472,SOL2026-06-19T00:07:00L230C090
2026-06-19 01:43:00,2026-06-19 01:51:00,2026-06-19 01:58:00,B7.4,14465,SOL2026-06-19T01:43:00L229C090
2026-06-19 07:08:00,2026-06-19 07:17:00,2026-06-19 07:30:00,B8.4,0,SOL2026-06-19T07:08:00L226C090
2026-06-19 09:34:00,2026-06-19 09:47:00,2026-06-19 10:06:00,B7.1,0,SOL2026-06-19T09:34:00L224C090
2026-06-19 14:58:00,2026-06-19 15:05:00,2026-06-19 15:08:00,B9.3,14465,SOL2026-06-19T14:58:00L222C090
2026-06-19 19:26:00,2026-06-19 19:38:00,2026-06-19 19:45:00,C4.2,14470,SOL2026-06-19T19:26:00L219C090
2026-06-19 23:09:00,2026-06-19 23:18:00,2026-06-19 23:27:00,B7.4,14472,SOL2026-06-19T23:09:00L217C090
2026-06-20 01:16:00,2026-06-20 01:22:00,2026-06-20 01:26:00,B8.7,14470,SOL2026-06-20T01:16:00L216C090
2026-06-20 01:26:00,2026-06-20 01:51:00,2026-06-20 02:04:00,M1.3,14472,SOL2026-06-20T01:26:00L216C090
2026-06-20 02:59:00,2026-06-20 03:07:00,2026-06-20 03:12:00,C1.4,14470,SOL2026-06-20T02:59:00L215C090
2026-06-20 10:25:00,2026-06-20 10:32:00,2026-06-20 10:39:00,B7.1,14472,SOL2026-06-20T10:25:00L211C090
2026-06-20 10:39:00,2026-06-20 10:47:00,2026-06-20 10:57:00,B7.7,14472,SOL2026-06-20T10:39:00L211C090
2026-06-20 11:15:00,2026-06-20 11:27:00,2026-06-20 11:33:00,C1.9,0,SOL2026-06-20T11:15:00L210C090
2026-06-20 12:06:00,2026-06-20 12:20:00,2026-06-20 12:25:00,C1.9,0,SOL2026-06-20T12:06:00L210C090
2026-06-20 14:50:00,2026-06-20 15:00:00,2026-06-20 15:05:00,M1.0,14473,SOL2026-06-20T14:50:00L208C090
2026-06-20 21:22:00,2026-06-20 21:45:00,2026-06-20 22:05:00,C4.8,14473,SOL2026-06-20T21:22:00L205C090
2026-06-20 23:01:00,2026-06-20 23:06:00,2026-06-20 23:12:00,C1.3,14473,SOL2026-06-20T23:01:00L204C090
2026-06-21 01:01:00,2026-06-21 01:06:00,2026-06-21 01:14:00,C1.1,14473,SOL2026-06-21T01:01:00L203C090
2026-06-21 02:25:00,2026-06-21 02:46:00,2026-06-21 02:58:00,M2.6,14473,SOL2026-06-21T02:25:00L202C090
2026-06-21 08:31:00,2026-06-21 08:38:00,2026-06-21 08:41:00,C1.1,14473,SOL2026-06-21T08:31:00L199C090
2026-06-21 09:17:00,2026-06-21 09:25:00,2026-06-21 09:32:00,B8.8,14473,SOL2026-06-21T09:17:00L198C090
2026-06-21 10:07:00,2026-06-21 10:18:00,2026-06-21 10:29:00,B8.5,14473,SOL2026-06-21T10:07:00L198C090
2026-06-21 10:44:00,2026-06-21 10:49:00,2026-06-21 10:51:00,B7.5,14473,SOL2026-06-21T10:44:00L197C090
2026-06-21 11:40:00,2026-06-21 11:53:00,2026-06-21 12:02:00,B8.7,14473,SOL2026-06-21T11:40:00L197C090
2026-06-21 18:07:00,2026-06-21 18:18:00,2026-06-21 18:21:00,C2.6,14473,SOL2026-06-21T18:07:00L193C090
2026-06-21 19:17:00,2026-06-21 19:29:00,2026-06-21 19:35:00,M6.8,14473,SOL2026-06-21T19:17:00L193C090
2026-06-21 22:30:00,2026-06-21 22:34:00,2026-06-21 22:42:00,C2.6,14473,SOL2026-06-21T22:30:00L191C090
2026-06-22 02:57:00,2026-06-22 03:00:00,2026-06-22 03:03:00,B9.1,14475,SOL2026-06-22T02:57:00L188C090
2026-06-22 03:26:00,2026-06-22 04:56:00,2026-06-22 05:25:00,C1.5,0,SOL2026-06-22T03:26:00L188C090
2026-06-22 11:24:00,2026-06-22 11:31:00,2026-06-22 11:37:00,B9.1,0,SOL2026-06-22T11:24:00L184C090
2026-06-22 11:37:00,2026-06-22 11:42:00,2026-06-22 11:44:00,B8.9,14473,SOL2026-06-22T11:37:00L184C090
2026-06-22 20:52:00,2026-06-22 20:59:00,2026-06-22 21:11:00,B8.9,14475,SOL2026-06-22T20:52:00L178C090
2026-06-23 22:01:00,2026-06-23 22:24:00,2026-06-23 22:50:00,C3.8,14477,SOL2026-06-23T22:01:00L164C090
2026-06-23 23:03:00,2026-06-23 23:14:00,2026-06-23 23:18:00,C6.0,0,SOL2026-06-23T23:03:00L163C090
2026-06-23 23:18:00,2026-06-23 23:25:00,2026-06-23 23:31:00,C8.7,14478,SOL2026-06-23T23:18:00L163C090
2026-06-24 00:34:00,2026-06-24 01:04:00,2026-06-24 01:11:00,C3.5,14479,SOL2026-06-24T00:34:00L162C090
2026-06-24 03:44:00,2026-06-24 03:53:00,2026-06-24 03:59:00,C2.7,14478,SOL2026-06-24T03:44:00L161C090
2026-06-24 06:40:00,2026-06-24 06:51:00,2026-06-24 06:57:00,C2.6,14478,SOL2026-06-24T06:40:00L159C090
2026-06-24 07:07:00,2026-06-24 07:11:00,2026-06-24 07:15:00,C3.5,14475,SOL2026-06-24T07:07:00L127C100
2026-06-24 08:56:00,2026-06-24 09:03:00,2026-06-24 09:08:00,C1.9,14473,SOL2026-06-24T08:56:00L142C099
2026-06-24 09:08:00,2026-06-24 09:11:00,2026-06-24 09:15:00,C1.8,14475,SOL2026-06-24T09:08:00L158C090
2026-06-24 09:58:00,2026-06-24 10:03:00,2026-06-24 10:09:00,C1.8,14475,SOL2026-06-24T09:58:00L157C090
2026-06-24 14:28:00,2026-06-24 14:41:00,2026-06-24 14:53:00,C3.8,14478,SOL2026-06-24T14:28:00L155C090
2026-06-24 16:08:00,2026-06-24 16:15:00,2026-06-24 16:17:00,C2.7,14475,SOL2026-06-24T16:08:00L154C090
2026-06-24 18:32:00,2026-06-24 18:42:00,2026-06-24 18:47:00,C2.5,14475,SOL2026-06-24T18:32:00L152C090
2026-06-24 20:22:00,2026-06-24 20:31:00,2026-06-24 20:42:00,C1.4,14475,SOL2026-06-24T20:22:00L151C090
2026-06-24 22:02:00,2026-06-24 22:15:00,2026-06-24 22:32:00,C2.6,14478,SOL2026-06-24T22:02:00L150C090
2026-06-25 00:15:00,2026-06-25 00:22:00,2026-06-25 00:29:00,C4.3,14477,SOL2026-06-25T00:15:00L149C090
2026-06-25 02:37:00,2026-06-25 02:54:00,2026-06-25 03:03:00,C4.0,14478,SOL2026-06-25T02:37:00L148C090
2026-06-25 05:32:00,2026-06-25 05:47:00,2026-06-25 05:52:00,C2.1,14475,SOL2026-06-25T05:32:00L146C090
2026-06-25 07:57:00,2026-06-25 08:03:00,2026-06-25 08:14:00,C1.6,0,SOL2026-06-25T07:57:00L145C090
2026-06-25 08:58:00,2026-06-25 09:05:00,2026-06-25 09:15:00,C2.2,14478,SOL2026-06-25T08:58:00L144C090
2026-06-25 13:27:00,2026-06-25 13:31:00,2026-06-25 13:34:00,C2.7,14478,SOL2026-06-25T13:27:00L142C090
2026-06-25 14:53:00,2026-06-25 15:03:00,2026-06-25 15:07:00,C6.6,14478,SOL2026-06-25T14:53:00L141C090
2026-06-25 21:11:00,2026-06-25 21:14:00,2026-06-25 21:16:00,C2.3,14478,SOL2026-06-25T21:11:00L138C090
2026-06-25 21:55:00,2026-06-25 22:02:00,2026-06-25 22:14:00,C2.0,14475,SOL2026-06-25T21:55:00L137C090
2026-06-25 23:35:00,2026-06-25 23:48:00,2026-06-25 23:51:00,C5.0,14478,SOL2026-06-25T23:35:00L136C090
2026-06-26 12:23:00,2026-06-26 12:48:00,2026-06-26 13:04:00,C5.7,14478,SOL2026-06-26T12:23:00L072C097
2026-06-26 13:46:00,2026-06-26 13:53:00,2026-06-26 13:57:00,C1.7,14479,SOL2026-06-26T13:46:00L093C074
2026-06-26 13:57:00,2026-06-26 14:04:00,2026-06-26 14:09:00,C3.5,14475,SOL2026-06-26T13:57:00L128C090
2026-06-26 14:52:00,2026-06-26 15:01:00,2026-06-26 15:08:00,C2.0,14478,SOL2026-06-26T14:52:00L073C095
2026-06-26 20:12:00,2026-06-26 20:21:00,2026-06-26 20:28:00,C2.4,14475,SOL2026-06-26T20:12:00L125C090
2026-06-27 06:22:00,2026-06-27 06:26:00,2026-06-27 06:28:00,C2.3,14478,SOL2026-06-27T06:22:00L119C090
2026-06-27 06:48:00,2026-06-27 06:54:00,2026-06-27 07:17:00,C2.1,14475,SOL2026-06-27T06:48:00L119C090
2026-06-27 07:17:00,2026-06-27 07:27:00,2026-06-27 07:44:00,C2.2,14478,SOL2026-06-27T07:17:00L079C094
2026-06-27 09:08:00,2026-06-27 09:23:00,2026-06-27 09:41:00,C3.9,14473,SOL2026-06-27T09:08:00L136C100
2026-06-27 10:46:00,2026-06-27 10:53:00,2026-06-27 10:55:00,C3.1,14475,SOL2026-06-27T10:46:00L117C090
2026-06-27 12:14:00,2026-06-27 12:21:00,2026-06-27 12:26:00,C2.9,14475,SOL2026-06-27T12:14:00L131C096
2026-06-27 15:09:00,2026-06-27 15:16:00,2026-06-27 15:25:00,C1.9,14479,SOL2026-06-27T15:09:00L092C074
2026-06-27 20:53:00,2026-06-27 21:02:00,2026-06-27 21:06:00,C7.4,14475,SOL2026-06-27T20:53:00L111C090
2026-06-27 21:06:00,2026-06-27 21:11:00,2026-06-27 21:13:00,C7.4,14475,SOL2026-06-27T21:06:00L111C090
2026-06-28 01:44:00,2026-06-28 01:55:00,2026-06-28 02:00:00,C4.1,14475,SOL2026-06-28T01:44:00L109C090
2026-06-28 06:46:00,2026-06-28 06:54:00,2026-06-28 07:03:00,C2.4,14475,SOL2026-06-28T06:46:00L106C090
2026-06-28 07:03:00,2026-06-28 07:07:00,2026-06-28 07:09:00,C2.2,14475,SOL2026-06-28T07:03:00L106C090
2026-06-28 08:42:00,2026-06-28 08:53:00,2026-06-28 09:11:00,C2.1,14480,SOL2026-06-28T08:42:00L094C073
2026-06-28 09:11:00,2026-06-28 09:37:00,2026-06-28 10:05:00,C2.5,14480,SOL2026-06-28T09:11:00L094C073
2026-06-28 10:05:00,2026-06-28 10:11:00,2026-06-28 10:13:00,C2.7,14480,SOL2026-06-28T10:05:00L093C073
2026-06-28 15:01:00,2026-06-28 15:09:00,2026-06-28 15:15:00,C2.7,14478,SOL2026-06-28T15:01:00L073C095
2026-06-28 20:38:00,2026-06-28 20:46:00,2026-06-28 20:50:00,C2.8,14479,SOL2026-06-28T20:38:00L098C090
2026-06-28 20:50:00,2026-06-28 20:59:00,2026-06-28 21:03:00,C3.3,14477,SOL2026-06-28T20:50:00L098C090
2026-06-28 21:17:00,2026-06-28 21:44:00,2026-06-28 21:55:00,C9.5,14475,SOL2026-06-28T21:17:00L131C096
2026-06-28 21:55:00,2026-06-28 21:59:00,2026-06-28 22:05:00,C8.7,14479,SOL2026-06-28T21:55:00L098C090
2026-06-29 00:32:00,2026-06-29 00:41:00,2026-06-29 00:49:00,C5.1,14479,SOL2026-06-29T00:32:00L096C090
2026-06-29 02:26:00,2026-06-29 02:32:00,2026-06-29 02:35:00,C3.1,14479,SOL2026-06-29T02:26:00L095C090
2026-06-29 02:43:00,2026-06-29 02:50:00,2026-06-29 02:56:00,C3.0,14475,SOL2026-06-29T02:43:00L095C090
2026-06-29 03:07:00,2026-06-29 03:17:00,2026-06-29 03:22:00,C4.8,14479,SOL2026-06-29T03:07:00L095C090
2026-06-29 03:22:00,2026-06-29 03:40:00,2026-06-29 03:51:00,C4.1,14478,SOL2026-06-29T03:22:00L095C090
2026-06-29 07:40:00,2026-06-29 07:58:00,2026-06-29 08:06:00,C6.5,14479,SOL2026-06-29T07:40:00L092C090
2026-06-29 08:06:00,2026-06-29 08:28:00,2026-06-29 08:34:00,C8.1,14479,SOL2026-06-29T08:06:00L092C090
2026-06-29 09:53:00,2026-06-29 10:05:00,2026-06-29 10:10:00,C3.0,0,SOL2026-06-29T09:53:00L091C090
2026-06-29 11:20:00,2026-06-29 11:25:00,2026-06-29 11:32:00,C2.2,14479,SOL2026-06-29T11:20:00L090C090
2026-06-29 12:08:00,2026-06-29 12:12:00,2026-06-29 12:23:00,C1.9,14479,SOL2026-06-29T12:08:00L090C090
2026-06-29 12:29:00,2026-06-29 12:34:00,2026-06-29 12:37:00,C2.5,14479,SOL2026-06-29T12:29:00L090C090
2026-06-29 17:21:00,2026-06-29 17:30:00,2026-06-29 17:32:00,C3.5,14479,SOL2026-06-29T17:21:00L087C090
2026-06-29 17:32:00,2026-06-29 17:40:00,2026-06-29 17:57:00,C6.1,14475,SOL2026-06-29T17:32:00L131C098
2026-06-29 19:28:00,2026-06-29 19:33:00,2026-06-29 19:38:00,C3.0,14475,SOL2026-06-29T19:28:00L086C090
2026-06-29 19:43:00,2026-06-29 19:47:00,2026-06-29 19:49:00,C4.4,14475,SOL2026-06-29T19:43:00L086C090
2026-06-29 20:24:00,2026-06-29 20:34:00,2026-06-29 20:49:00,C3.7,14479,SOL2026-06-29T20:24:00L090C076
2026-06-29 20:56:00,2026-06-29 21:00:00,2026-06-29 21:03:00,C5.6,14479,SOL2026-06-29T20:56:00L130C099
2026-06-29 21:13:00,2026-06-29 21:40:00,2026-06-29 21:52:00,M1.4,14479,SOL2026-06-29T21:13:00L085C090
2026-06-29 23:47:00,2026-06-29 23:53:00,2026-06-29 23:56:00,C2.8,14475,SOL2026-06-29T23:47:00L083C090
2026-06-30 00:39:00,2026-06-30 01:16:00,2026-06-30 01:36:00,M1.3,14475,SOL2026-06-30T00:39:00L083C090
2026-06-30 03:11:00,2026-06-30 03:19:00,2026-06-30 03:32:00,C3.2,14475,SOL2026-06-30T03:11:00L081C090
2026-06-30 06:17:00,2026-06-30 06:33:00,2026-06-30 06:52:00,C3.8,14480,SOL2026-06-30T06:17:00L100C106
2026-06-30 09:11:00,2026-06-30 09:20:00,2026-06-30 09:32:00,C2.8,14475,SOL2026-06-30T09:11:00L130C098
2026-06-30 09:32:00,2026-06-30 09:36:00,2026-06-30 09:38:00,C3.3,14475,SOL2026-06-30T09:32:00L131C100
2026-06-30 12:20:00,2026-06-30 12:34:00,2026-06-30 12:37:00,C4.3,14477,SOL2026-06-30T12:20:00L096C100
2026-06-30 12:37:00,2026-06-30 12:57:00,2026-06-30 13:23:00,M5.8,14475,SOL2026-06-30T12:37:00L130C098
2026-06-30 16:23:00,2026-06-30 16:26:00,2026-06-30 16:34:00,C3.2,14478,SOL2026-06-30T16:23:00L076C096
2026-06-30 16:39:00,2026-06-30 16:47:00,2026-06-30 16:53:00,C5.7,14477,SOL2026-06-30T16:39:00L074C090
2026-06-30 17:14:00,2026-06-30 17:26:00,2026-06-30 17:31:00,C5.0,14479,SOL2026-06-30T17:14:00L074C090
2026-06-30 18:31:00,2026-06-30 18:48:00,2026-06-30 19:00:00,C4.9,14475,SOL2026-06-30T18:31:00L073C090
2026-06-30 19:49:00,2026-06-30 19:58:00,2026-06-30 20:03:00,C9.1,14478,SOL2026-06-30T19:49:00L072C090
2026-06-30 20:34:00,2026-06-30 20:50:00,2026-06-30 21:00:00,X1.1,14479,SOL2026-06-30T20:34:00L072C090
2026-06-30 23:06:00,2026-06-30 23:18:00,2026-06-30 23:26:00,C5.1,14475,SOL2026-06-30T23:06:00L070C090
2026-07-01 04:41:00,2026-07-01 04:56:00,2026-07-01 05:17:00,C7.6,14478,SOL2026-07-01T04:41:00L074C096
2026-07-01 06:19:00,2026-07-01 06:27:00,2026-07-01 06:30:00,M1.1,14479,SOL2026-07-01T06:19:00L066C090
2026-07-01 06:37:00,2026-07-01 06:43:00,2026-07-01 06:47:00,M1.0,14479,SOL2026-07-01T06:37:00L066C090
2026-07-01 07:28:00,2026-07-01 07:35:00,2026-07-01 07:38:00,M1.5,14479,SOL2026-07-01T07:28:00L066C090
2026-07-01 08:07:00,2026-07-01 08:17:00,2026-07-01 08:20:00,M2.5,14479,SOL2026-07-01T08:07:00L086C073
2026-07-01 08:45:00,2026-07-01 08:54:00,2026-07-01 09:27:00,C4.3,14478,SOL2026-07-01T08:45:00L075C097
2026-07-01 10:04:00,2026-07-01 10:08:00,2026-07-01 10:11:00,M1.3,14479,SOL2026-07-01T10:04:00L064C090
2026-07-01 14:22:00,2026-07-01 14:31:00,2026-07-01 14:36:00,M1.1,14479,SOL2026-07-01T14:22:00L062C090
2026-07-01 14:39:00,2026-07-01 14:54:00,2026-07-01 15:12:00,M2.6,14479,SOL2026-07-01T14:39:00L062C090
2026-07-01 17:05:00,2026-07-01 17:12:00,2026-07-01 17:15:00,C8.2,14475,SOL2026-07-01T17:05:00L061C090
2026-07-01 18:44:00,2026-07-01 19:43:00,2026-07-01 19:55:00,M3.5,14479,SOL2026-07-01T18:44:00L060C090
2026-07-01 20:15:00,2026-07-01 20:22:00,2026-07-01 20:28:00,M1.8,14475,SOL2026-07-01T20:15:00L059C090
2026-07-01 22:57:00,2026-07-01 23:09:00,2026-07-01 23:13:00,M8.5,14478,SOL2026-07-01T22:57:00L057C090
2026-07-01 23:49:00,2026-07-02 00:02:00,2026-07-02 00:16:00,M1.1,14478,SOL2026-07-01T23:49:00L057C090
2026-07-02 01:37:00,2026-07-02 01:56:00,2026-07-02 02:04:00,M4.2,14479,SOL2026-07-02T01:37:00L056C090
2026-07-02 04:07:00,2026-07-02 04:15:00,2026-07-02 04:22:00,C8.6,14479,SOL2026-07-02T04:07:00L054C090
2026-07-02 04:55:00,2026-07-02 05:01:00,2026-07-02 05:06:00,C8.5,14479,SOL2026-07-02T04:55:00L090C071
2026-07-02 06:02:00,2026-07-02 06:09:00,2026-07-02 06:13:00,C5.6,14479,SOL2026-07-02T06:02:00L053C090
2026-07-02 07:14:00,2026-07-02 07:22:00,2026-07-02 07:25:00,C6.3,14480,SOL2026-07-02T07:14:00L053C090
2026-07-02 10:21:00,2026-07-02 10:26:00,2026-07-02 10:28:00,M2.8,14480,SOL2026-07-02T10:21:00L051C090
2026-07-02 23:03:00,2026-07-02 23:12:00,2026-07-02 23:16:00,M1.2,14479,SOL2026-07-02T23:03:00L044C090
2026-07-03 00:41:00,2026-07-03 00:47:00,2026-07-03 00:50:00,C4.3,14480,SOL2026-07-03T00:41:00L101C106
2026-07-03 02:21:00,2026-07-03 02:35:00,2026-07-03 02:41:00,C4.1,14479,SOL2026-07-03T02:21:00L042C090
2026-07-03 02:41:00,2026-07-03 02:48:00,2026-07-03 02:51:00,C4.3,14479,SOL2026-07-03T02:41:00L042C090
2026-07-03 08:57:00,2026-07-03 09:51:00,2026-07-03 10:17:00,C9.2,14479,SOL2026-07-03T08:57:00L039C090
2026-07-03 13:03:00,2026-07-03 13:13:00,2026-07-03 13:16:00,M1.4,14480,SOL2026-07-03T13:03:00L100C106
2026-07-03 14:26:00,2026-07-03 14:33:00,2026-07-03 14:35:00,C6.3,14478,SOL2026-07-03T14:26:00L068C097
2026-07-03 14:56:00,2026-07-03 15:01:00,2026-07-03 15:09:00,C5.8,14479,SOL2026-07-03T14:56:00L035C090
2026-07-03 16:32:00,2026-07-03 16:51:00,2026-07-03 17:11:00,C6.5,14479,SOL2026-07-03T16:32:00L034C090
2026-07-03 17:31:00,2026-07-03 17:36:00,2026-07-03 17:41:00,C6.3,14479,SOL2026-07-03T17:31:00L034C090
2026-07-03 17:49:00,2026-07-03 18:11:00,2026-07-03 18:32:00,M6.7,14479,SOL2026-07-03T17:49:00L034C090
2026-07-03 18:57:00,2026-07-03 18:59:00,2026-07-03 19:03:00,M6.3,14478,SOL2026-07-03T18:57:00L033C090
2026-07-03 19:59:00,2026-07-03 20:08:00,2026-07-03 20:19:00,M1.5,14478,SOL2026-07-03T19:59:00L032C090
2026-07-03 22:27:00,2026-07-03 22:35:00,2026-07-03 22:40:00,C8.4,14479,SOL2026-07-03T22:27:00L031C090
2026-07-04 00:13:00,2026-07-04 00:23:00,2026-07-04 00:32:00,M2.3,14479,SOL2026-07-04T00:13:00L030C090
2026-07-04 00:59:00,2026-07-04 01:13:00,2026-07-04 01:21:00,M2.1,14479,SOL2026-07-04T00:59:00L030C090
2026-07-04 01:52:00,2026-07-04 02:01:00,2026-07-04 02:08:00,M1.2,0,SOL2026-07-04T01:52:00L029C090
2026-07-04 03:21:00,2026-07-04 03:32:00,2026-07-04 03:40:00,M3.7,14479,SOL2026-07-04T03:21:00L028C090
2026-07-04 03:41:00,2026-07-04 03:42:00,2026-07-04 03:43:00,M4.0,14479,SOL2026-07-04T03:41:00L104C075
2026-07-04 05:04:00,2026-07-04 05:15:00,2026-07-04 05:22:00,M1.3,14479,SOL2026-07-04T05:04:00L027C090
2026-07-04 05:43:00,2026-07-04 05:52:00,2026-07-04 05:59:00,C9.5,14479,SOL2026-07-04T05:43:00L027C090
2026-07-04 06:12:00,2026-07-04 06:20:00,2026-07-04 06:35:00,C7.4,14479,SOL2026-07-04T06:12:00L027C090
2026-07-04 07:26:00,2026-07-04 07:42:00,2026-07-04 07:48:00,C5.3,14479,SOL2026-07-04T07:26:00L110C077
2026-07-04 07:48:00,2026-07-04 08:07:00,2026-07-04 08:14:00,M1.8,14479,SOL2026-07-04T07:48:00L026C090
2026-07-04 08:41:00,2026-07-04 08:52:00,2026-07-04 08:56:00,M1.0,14479,SOL2026-07-04T08:41:00L025C090
2026-07-04 11:04:00,2026-07-04 11:12:00,2026-07-04 11:19:00,M3.2,14479,SOL2026-07-04T11:04:00L107C076
2026-07-04 13:41:00,2026-07-04 13:51:00,2026-07-04 13:58:00,M3.2,14479,SOL2026-07-04T13:41:00L023C090
2026-07-04 14:26:00,2026-07-04 14:30:00,2026-07-04 14:35:00,C8.3,14479,SOL2026-07-04T14:26:00L022C090
2026-07-04 14:35:00,2026-07-04 14:38:00,2026-07-04 14:41:00,C8.5,14482,SOL2026-07-04T14:35:00L022C090
2026-07-04 15:26:00,2026-07-04 15:34:00,2026-07-04 15:50:00,C8.0,14479,SOL2026-07-04T15:26:00L103C075
2026-07-04 16:02:00,2026-07-04 16:06:00,2026-07-04 16:11:00,M1.1,14479,SOL2026-07-04T16:02:00L021C090
2026-07-04 16:56:00,2026-07-04 17:02:00,2026-07-04 17:04:00,C7.5,14479,SOL2026-07-04T16:56:00L021C090
2026-07-04 18:36:00,2026-07-04 18:48:00,2026-07-04 19:03:00,M1.9,14479,SOL2026-07-04T18:36:00L020C090
2026-07-04 19:23:00,2026-07-04 19:36:00,2026-07-04 19:40:00,M1.5,14478,SOL2026-07-04T19:23:00L020C090
2026-07-04 20:29:00,2026-07-04 20:41:00,2026-07-04 20:47:00,X1.3,14482,SOL2026-07-04T20:29:00L019C090
2026-07-04 22:16:00,2026-07-04 22:24:00,2026-07-04 22:29:00,M1.1,14479,SOL2026-07-04T22:16:00L018C090
2026-07-04 23:32:00,2026-07-04 23:41:00,2026-07-04 23:44:00,C9.3,14479,SOL2026-07-04T23:32:00L017C090
2026-07-04 23:46:00,2026-07-04 23:48:00,2026-07-04 23:53:00,M1.0,14479,SOL2026-07-04T23:46:00L017C090
2026-07-05 00:24:00,2026-07-05 00:31:00,2026-07-05 00:36:00,M1.3,14479,SOL2026-07-05T00:24:00L017C090
2026-07-05 01:09:00,2026-07-05 01:21:00,2026-07-05 01:30:00,C8.3,14479,SOL2026-07-05T01:09:00L016C090
2026-07-05 03:16:00,2026-07-05 03:24:00,2026-07-05 03:32:00,C4.1,14479,SOL2026-07-05T03:16:00L015C090
2026-07-05 04:19:00,2026-07-05 04:32:00,2026-07-05 04:39:00,M1.3,14480,SOL2026-07-05T04:19:00L015C090
2026-07-05 04:41:00,2026-07-05 04:47:00,2026-07-05 04:52:00,M1.0,14479,SOL2026-07-05T04:41:00L014C090
2026-07-05 05:21:00,2026-07-05 05:39:00,2026-07-05 05:49:00,M2.7,14479,SOL2026-07-05T05:21:00L014C090
2026-07-05 06:10:00,2026-07-05 06:19:00,2026-07-05 06:24:00,C7.8,14479,SOL2026-07-05T06:10:00L014C090
2026-07-05 07:11:00,2026-07-05 07:15:00,2026-07-05 07:17:00,C7.7,14479,SOL2026-07-05T07:11:00L013C090
2026-07-05 07:21:00,2026-07-05 07:26:00,2026-07-05 07:31:00,C9.9,14479,SOL2026-07-05T07:21:00L013C090
2026-07-05 08:20:00,2026-07-05 08:26:00,2026-07-05 08:31:00,C4.2,14479,SOL2026-07-05T08:20:00L012C090
2026-07-05 08:49:00,2026-07-05 08:59:00,2026-07-05 09:04:00,C5.7,14479,SOL2026-07-05T08:49:00L012C090
2026-07-05 10:42:00,2026-07-05 10:53:00,2026-07-05 10:56:00,C5.2,14479,SOL2026-07-05T10:42:00L011C090
2026-07-05 10:56:00,2026-07-05 11:00:00,2026-07-05 11:02:00,M1.4,14479,SOL2026-07-05T10:56:00L011C090
2026-07-05 11:04:00,2026-07-05 11:10:00,2026-07-05 11:30:00,M1.0,14479,SOL2026-07-05T11:04:00L095C076
2026-07-05 11:53:00,2026-07-05 12:01:00,2026-07-05 12:08:00,C9.5,14479,SOL2026-07-05T11:53:00L010C090
2026-07-05 12:52:00,2026-07-05 12:58:00,2026-07-05 13:11:00,C8.1,14479,SOL2026-07-05T12:52:00L010C090
2026-07-05 14:17:00,2026-07-05 14:23:00,2026-07-05 14:28:00,C4.1,14479,SOL2026-07-05T14:17:00L093C075
2026-07-05 15:05:00,2026-07-05 15:20:00,2026-07-05 15:33:00,C6.9,14479,SOL2026-07-05T15:05:00L096C077
2026-07-05 16:41:00,2026-07-05 16:45:00,2026-07-05 16:48:00,M1.4,14479,SOL2026-07-05T16:41:00L008C090
2026-07-05 17:35:00,2026-07-05 17:40:00,2026-07-05 17:50:00,C5.0,14479,SOL2026-07-05T17:35:00L007C090
2026-07-05 17:51:00,2026-07-05 17:57:00,2026-07-05 18:02:00,M5.3,14479,SOL2026-07-05T17:51:00L007C090
2026-07-05 18:56:00,2026-07-05 19:07:00,2026-07-05 19:11:00,M1.4,14479,SOL2026-07-05T18:56:00L007C090
2026-07-05 20:07:00,2026-07-05 20:17:00,2026-07-05 20:23:00,C7.3,14479,SOL2026-07-05T20:07:00L006C090
2026-07-05 21:14:00,2026-07-05 21:22:00,2026-07-05 21:38:00,M1.0,14479,SOL2026-07-05T21:14:00L005C090
2026-07-05 21:38:00,2026-07-05 21:42:00,2026-07-05 21:46:00,C9.5,14479,SOL2026-07-05T21:38:00L005C090
2026-07-06 00:34:00,2026-07-06 00:44:00,2026-07-06 00:49:00,C5.9,14479,SOL2026-07-06T00:34:00L003C090
2026-07-06 01:57:00,2026-07-06 02:21:00,2026-07-06 02:34:00,C9.6,14479,SOL2026-07-06T01:57:00L003C090
2026-07-06 04:55:00,2026-07-06 05:11:00,2026-07-06 05:30:00,C6.1,14479,SOL2026-07-06T04:55:00L001C090
2026-07-06 06:39:00,2026-07-06 07:48:00,2026-07-06 09:16:00,C7.2,0,SOL2026-07-06T06:39:00L000C090
2026-07-06 18:25:00,2026-07-06 18:40:00,2026-07-06 18:53:00,C3.8,14479,SOL2026-07-06T18:25:00L355C090
2026-07-07 03:32:00,2026-07-07 03:40:00,2026-07-07 03:46:00,C1.8,14478,SOL2026-07-07T03:32:00L350C090
2026-07-07 12:02:00,2026-07-07 12:12:00,2026-07-07 12:17:00,C1.6,0,SOL2026-07-07T12:02:00L345C090
2026-07-07 14:09:00,2026-07-07 14:19:00,2026-07-07 14:22:00,M4.0,14482,SOL2026-07-07T14:09:00L344C090
2026-07-07 22:40:00,2026-07-07 22:49:00,2026-07-07 22:53:00,C1.8,14485,SOL2026-07-07T22:40:00L339C090
2026-07-08 07:32:00,2026-07-08 07:41:00,2026-07-08 07:45:00,C1.2,14482,SOL2026-07-08T07:32:00L334C090
2026-07-08 09:40:00,2026-07-08 09:55:00,2026-07-08 10:01:00,C2.1,14482,SOL2026-07-08T09:40:00L333C090
2026-07-08 10:31:00,2026-07-08 10:42:00,2026-07-08 10:59:00,C1.0,14482,SOL2026-07-08T10:31:00L332C090
2026-07-08 11:20:00,2026-07-08 11:25:00,2026-07-08 11:28:00,C1.0,14482,SOL2026-07-08T11:20:00L332C090
2026-07-08 17:49:00,2026-07-08 17:56:00,2026-07-08 18:01:00,M1.5,14482,SOL2026-07-08T17:49:00L328C090
2026-07-09 02:17:00,2026-07-09 02:27:00,2026-07-09 02:29:00,M1.1,14482,SOL2026-07-09T02:17:00L324C090
2026-07-09 04:06:00,2026-07-09 04:11:00,2026-07-09 04:13:00,B8.7,14485,SOL2026-07-09T04:06:00L323C090
2026-07-09 05:01:00,2026-07-09 05:09:00,2026-07-09 05:17:00,B6.9,14485,SOL2026-07-09T05:01:00L322C090
2026-07-09 05:17:00,2026-07-09 05:25:00,2026-07-09 05:30:00,B6.6,14485,SOL2026-07-09T05:17:00L322C090
2026-07-09 06:51:00,2026-07-09 07:13:00,2026-07-09 07:35:00,C2.7,14485,SOL2026-07-09T06:51:00L350C104
2026-07-09 13:46:00,2026-07-09 13:49:00,2026-07-09 13:51:00,B7.3,14482,SOL2026-07-09T13:46:00L317C090
2026-07-09 15:33:00,2026-07-09 15:47:00,2026-07-09 15:58:00,B7.0,14485,SOL2026-07-09T15:33:00L316C090
2026-07-09 19:37:00,2026-07-09 19:43:00,2026-07-09 19:48:00,B4.5,14485,SOL2026-07-09T19:37:00L353C103
2026-07-10 14:33:00,2026-07-10 14:59:00,2026-07-10 15:20:00,C6.0,14485,SOL2026-07-10T14:33:00L304C090
2026-07-10 23:03:00,2026-07-10 23:07:00,2026-07-10 23:11:00,B6.1,14485,SOL2026-07-10T23:03:00L299C090
2026-07-10 23:21:00,2026-07-10 23:27:00,2026-07-10 23:32:00,B9.3,14485,SOL2026-07-10T23:21:00L299C090
2026-07-11 03:32:00,2026-07-11 03:37:00,2026-07-11 03:43:00,C1.1,14485,SOL2026-07-11T03:32:00L297C090
2026-07-11 04:31:00,2026-07-11 04:38:00,2026-07-11 04:40:00,B7.4,14485,SOL2026-07-11T04:31:00L296C090
2026-07-11 05:22:00,2026-07-11 05:30:00,2026-07-11 05:37:00,B9.4,14485,SOL2026-07-11T05:22:00L296C090
2026-07-11 13:13:00,2026-07-11 13:27:00,2026-07-11 13:41:00,C1.0,14485,SOL2026-07-11T13:13:00L291C090
2026-07-11 16:12:00,2026-07-11 16:21:00,2026-07-11 16:38:00,B5.3,14485,SOL2026-07-11T16:12:00L290C090
2026-07-11 16:38:00,2026-07-11 16:40:00,2026-07-11 16:42:00,B5.8,14485,SOL2026-07-11T16:38:00L289C090
2026-07-11 20:02:00,2026-07-11 20:13:00,2026-07-11 20:30:00,C1.0,14485,SOL2026-07-11T20:02:00L288C090
2026-07-12 00:28:00,2026-07-12 00:57:00,2026-07-12 01:35:00,C5.9,14485,SOL2026-07-12T00:28:00L355C099
2026-07-12 07:17:00,2026-07-12 08:11:00,2026-07-12 08:42:00,M1.1,14485,SOL2026-07-12T07:17:00L281C090
2026-07-12 13:46:00,2026-07-12 13:58:00,2026-07-12 14:06:00,C2.6,14485,SOL2026-07-12T13:46:00L278C090
2026-07-12 15:23:00,2026-07-12 15:32:00,2026-07-12 15:36:00,C1.0,14485,SOL2026-07-12T15:23:00L277C090
2026-07-12 15:36:00,2026-07-12 15:40:00,2026-07-12 15:43:00,C1.0,14485,SOL2026-07-12T15:36:00L277C090
2026-07-12 17:05:00,2026-07-12 17:16:00,2026-07-12 17:33:00,B9.5,14485,SOL2026-07-12T17:05:00L276C090
2026-07-12 19:52:00,2026-07-12 19:59:00,2026-07-12 20:10:00,B8.9,0,SOL2026-07-12T19:52:00L274C090
2026-07-12 22:48:00,2026-07-12 23:08:00,2026-07-12 23:34:00,C1.1,14485,SOL2026-07-12T22:48:00L273C090
2026-07-13 08:33:00,2026-07-13 08:40:00,2026-07-13 08:42:00,B6.0,14489,SOL2026-07-13T08:33:00L267C090
2026-07-13 15:43:00,2026-07-13 15:55:00,2026-07-13 16:16:00,B7.8,14485,SOL2026-07-13T15:43:00L263C090
2026-07-13 17:33:00,2026-07-13 17:47:00,2026-07-13 18:00:00,C1.4,14485,SOL2026-07-13T17:33:00L262C090
2026-07-13 18:15:00,2026-07-13 18:22:00,2026-07-13 18:33:00,C1.3,14489,SOL2026-07-13T18:15:00L262C090
2026-07-13 22:45:00,2026-07-13 22:51:00,2026-07-13 22:54:00,B6.6,14485,SOL2026-07-13T22:45:00L260C090
2026-07-14 09:49:00,2026-07-14 09:56:00,2026-07-14 09:59:00,C1.5,14482,SOL2026-07-14T09:49:00L253C090
2026-07-14 12:18:00,2026-07-14 12:39:00,2026-07-14 13:00:00,C3.9,0,SOL2026-07-14T12:18:00L252C090
2026-07-15 02:38:00,2026-07-15 03:12:00,2026-07-15 04:05:00,C1.2,14485,SOL2026-07-15T02:38:00L244C090
2026-07-15 08:31:00,2026-07-15 08:46:00,2026-07-15 08:54:00,C3.3,14489,SOL2026-07-15T08:31:00L241C090
2026-07-15 12:58:00,2026-07-15 13:02:00,2026-07-15 13:05:00,B4.4,0,SOL2026-07-15T12:58:00L238C090
2026-07-15 18:03:00,2026-07-15 18:14:00,2026-07-15 18:24:00,C1.5,14489,SOL2026-07-15T18:03:00L236C090
2026-07-15 20:46:00,2026-07-15 21:55:00,2026-07-15 22:26:00,C8.9,14491,SOL2026-07-15T20:46:00L234C090
2026-07-16 21:19:00,2026-07-16 21:35:00,2026-07-16 21:38:00,C5.2,0,SOL2026-07-16T21:19:00L221C090
2026-07-16 23:51:00,2026-07-17 00:02:00,2026-07-17 00:09:00,C1.5,0,SOL2026-07-16T23:51:00L219C090
2026-07-17 20:25:00,2026-07-17 20:45:00,2026-07-17 21:14:00,B6.5,0,SOL2026-07-17T20:25:00L208C090
2026-07-18 00:38:00,2026-07-18 01:20:00,2026-07-18 02:08:00,C2.2,0,SOL2026-07-18T00:38:00L206C090
2026-07-18 03:38:00,2026-07-18 03:45:00,2026-07-18 03:53:00,B9.0,0,SOL2026-07-18T03:38:00L204C090
2026-07-18 03:56:00,2026-07-18 04:05:00,2026-07-18 04:14:00,C2.3,14489,SOL2026-07-18T03:56:00L204C090
2026-07-18 21:39:00,2026-07-18 21:52:00,2026-07-18 22:03:00,C1.5,14492,SOL2026-07-18T21:39:00L194C090
2026-07-19 18:25:00,2026-07-19 18:45:00,2026-07-19 18:48:00,C1.3,0,SOL2026-07-19T18:25:00L183C090
2026-07-19 18:48:00,2026-07-19 19:11:00,2026-07-19 19:24:00,C1.8,0,SOL2026-07-19T18:48:00L182C090
2026-07-20 07:39:00,2026-07-20 07:46:00,2026-07-20 07:55:00,C2.1,14493,SOL2026-07-20T07:39:00L158C085
2026-07-20 08:34:00,2026-07-20 08:40:00,2026-07-20 08:45:00,C1.7,14493,SOL2026-07-20T08:34:00L156C086
2026-07-20 12:08:00,2026-07-20 12:15:00,2026-07-20 12:18:00,C1.6,14492,SOL2026-07-20T12:08:00L172C090
2026-07-20 12:20:00,2026-07-20 12:40:00,2026-07-20 12:56:00,C2.9,14493,SOL2026-07-20T12:20:00L157C085
2026-07-20 14:29:00,2026-07-20 14:36:00,2026-07-20 14:40:00,M2.5,14493,SOL2026-07-20T14:29:00L170C090
2026-07-20 15:16:00,2026-07-20 15:20:00,2026-07-20 15:25:00,C7.1,14493,SOL2026-07-20T15:16:00L170C090
2026-07-20 17:12:00,2026-07-20 17:17:00,2026-07-20 17:28:00,C3.2,14493,SOL2026-07-20T17:12:00L169C090
2026-07-20 19:08:00,2026-07-20 19:20:00,2026-07-20 19:26:00,M1.1,14493,SOL2026-07-20T19:08:00L168C090
2026-07-20 21:31:00,2026-07-20 21:41:00,2026-07-20 21:57:00,C2.9,14493,SOL2026-07-20T21:31:00L167C090
2026-07-20 22:15:00,2026-07-20 22:25:00,2026-07-20 22:31:00,M3.4,14493,SOL2026-07-20T22:15:00L166C090
2026-07-20 23:17:00,2026-07-20 23:24:00,2026-07-20 23:33:00,C7.6,14493,SOL2026-07-20T23:17:00L166C090
2026-07-21 00:15:00,2026-07-21 00:20:00,2026-07-21 00:25:00,C2.4,14493,SOL2026-07-21T00:15:00L165C090
2026-07-21 00:38:00,2026-07-21 00:51:00,2026-07-21 01:01:00,C6.5,14493,SOL2026-07-21T00:38:00L165C090
2026-07-21 01:20:00,2026-07-21 01:29:00,2026-07-21 01:48:00,C2.6,14493,SOL2026-07-21T01:20:00L165C090
2026-07-21 01:48:00,2026-07-21 01:58:00,2026-07-21 02:00:00,C2.5,14493,SOL2026-07-21T01:48:00L164C090
2026-07-21 03:47:00,2026-07-21 04:05:00,2026-07-21 04:13:00,C4.3,14493,SOL2026-07-21T03:47:00L163C090
2026-07-21 09:35:00,2026-07-21 09:56:00,2026-07-21 10:05:00,C7.7,14493,SOL2026-07-21T09:35:00L153C084
2026-07-21 11:36:00,2026-07-21 11:42:00,2026-07-21 11:52:00,C4.0,14493,SOL2026-07-21T11:36:00L159C090
2026-07-21 14:03:00,2026-07-21 14:14:00,2026-07-21 14:16:00,C5.1,14493,SOL2026-07-21T14:03:00L157C084
2026-07-21 14:31:00,2026-07-21 14:38:00,2026-07-21 14:43:00,C3.1,14493,SOL2026-07-21T14:31:00L157C090
2026-07-21 14:43:00,2026-07-21 14:57:00,2026-07-21 15:09:00,C3.4,14493,SOL2026-07-21T14:43:00L157C090
2026-07-21 16:05:00,2026-07-21 16:08:00,2026-07-21 16:10:00,C5.1,14493,SOL2026-07-21T16:05:00L156C090
2026-07-21 17:02:00,2026-07-21 17:07:00,2026-07-21 17:14:00,C3.3,14493,SOL2026-07-21T17:02:00L156C090
2026-07-21 17:16:00,2026-07-21 17:27:00,2026-07-21 17:30:00,M1.9,14493,SOL2026-07-21T17:16:00L156C090
2026-07-21 19:16:00,2026-07-21 19:24:00,2026-07-21 19:26:00,C2.9,14493,SOL2026-07-21T19:16:00L155C090
2026-07-21 20:27:00,2026-07-21 20:33:00,2026-07-21 20:39:00,C3.1,14493,SOL2026-07-21T20:27:00L154C090
2026-07-21 22:03:00,2026-07-21 22:12:00,2026-07-21 22:20:00,C1.5,14493,SOL2026-07-21T22:03:00L153C090
2026-07-21 22:31:00,2026-07-21 22:40:00,2026-07-21 22:45:00,C2.0,14493,SOL2026-07-21T22:31:00L153C090
2026-07-21 22:51:00,2026-07-21 22:55:00,2026-07-21 22:59:00,C2.4,14493,SOL2026-07-21T22:51:00L153C090
2026-07-22 00:02:00,2026-07-22 00:11:00,2026-07-22 00:15:00,C2.4,14493,SOL2026-07-22T00:02:00L152C090
2026-07-22 01:02:00,2026-07-22 01:06:00,2026-07-22 01:08:00,C2.6,14493,SOL2026-07-22T01:02:00L151C090
2026-07-22 03:14:00,2026-07-22 03:23:00,2026-07-22 03:32:00,C1.4,14493,SOL2026-07-22T03:14:00L150C090
2026-07-22 03:32:00,2026-07-22 03:38:00,2026-07-22 03:45:00,C6.8,14493,SOL2026-07-22T03:32:00L153C084
2026-07-22 06:27:00,2026-07-22 06:35:00,2026-07-22 06:37:00,M3.6,14493,SOL2026-07-22T06:27:00L148C090
2026-07-22 12:09:00,2026-07-22 12:18:00,2026-07-22 12:22:00,C3.0,14493,SOL2026-07-22T12:09:00L145C090
2026-07-22 15:46:00,2026-07-22 15:53:00,2026-07-22 15:56:00,C3.4,14493,SOL2026-07-22T15:46:00L143C090
2026-07-22 18:42:00,2026-07-22 18:51:00,2026-07-22 18:54:00,C5.4,14493,SOL2026-07-22T18:42:00L142C090
2026-07-23 01:36:00,2026-07-23 01:41:00,2026-07-23 01:47:00,C1.2,14493,SOL2026-07-23T01:36:00L138C090
2026-07-23 02:49:00,2026-07-23 02:53:00,2026-07-23 02:57:00,C1.7,14493,SOL2026-07-23T02:49:00L137C090
2026-07-23 03:03:00,2026-07-23 03:12:00,2026-07-23 03:14:00,C1.5,14493,SOL2026-07-23T03:03:00L137C090
2026-07-23 03:14:00,2026-07-23 03:18:00,2026-07-23 03:24:00,C2.0,14493,SOL2026-07-23T03:14:00L137C090
2026-07-23 03:24:00,2026-07-23 03:27:00,2026-07-23 03:29:00,C5.3,14493,SOL2026-07-23T03:24:00L137C090
2026-07-23 06:38:00,2026-07-23 06:44:00,2026-07-23 06:47:00,C1.3,14494,SOL2026-07-23T06:38:00L086C096
2026-07-23 09:57:00,2026-07-23 10:02:00,2026-07-23 10:07:00,C1.3,0,SOL2026-07-23T09:57:00L133C090
2026-07-23 14:31:00,2026-07-23 15:12:00,2026-07-23 15:27:00,C2.8,0,SOL2026-07-23T14:31:00L131C090
2026-07-23 16:45:00,2026-07-23 16:52:00,2026-07-23 16:55:00,C1.9,14493,SOL2026-07-23T16:45:00L130C090
2026-07-24 00:05:00,2026-07-24 00:09:00,2026-07-24 00:12:00,C1.5,14494,SOL2026-07-24T00:05:00L126C090
2026-07-24 03:58:00,2026-07-24 04:05:00,2026-07-24 04:08:00,C1.8,14494,SOL2026-07-24T03:58:00L123C090
2026-07-24 04:14:00,2026-07-24 04:27:00,2026-07-24 04:36:00,C2.4,0,SOL2026-07-24T04:14:00L123C090
2026-07-24 06:39:00,2026-07-24 06:47:00,2026-07-24 07:00:00,C1.8,14493,SOL2026-07-24T06:39:00L122C090
2026-07-24 20:52:00,2026-07-24 21:05:00,2026-07-24 21:13:00,C2.6,14494,SOL2026-07-24T20:52:00L114C090
2026-07-24 21:46:00,2026-07-24 22:03:00,2026-07-24 22:18:00,C3.0,14493,SOL2026-07-24T21:46:00L114C090
2026-07-25 01:30:00,2026-07-25 01:41:00,2026-07-25 01:46:00,C1.8,14494,SOL2026-07-25T01:30:00L112C090
2026-07-25 03:44:00,2026-07-25 03:51:00,2026-07-25 04:10:00,C2.0,14493,SOL2026-07-25T03:44:00L110C090
2026-07-25 05:36:00,2026-07-25 05:44:00,2026-07-25 05:50:00,C1.9,14493,SOL2026-07-25T05:36:00L160C084
2026-07-25 21:23:00,2026-07-25 21:36:00,2026-07-25 21:45:00,C1.6,14493,SOL2026-07-25T21:23:00L101C090
2026-07-26 03:00:00,2026-07-26 03:10:00,2026-07-26 03:14:00,C1.5,14496,SOL2026-07-26T03:00:00L097C090
2026-07-26 03:14:00,2026-07-26 03:23:00,2026-07-26 03:28:00,C1.5,14496,SOL2026-07-26T03:14:00L097C090
2026-07-26 05:18:00,2026-07-26 05:25:00,2026-07-26 05:28:00,C2.0,14496,SOL2026-07-26T05:18:00L096C090
2026-07-26 07:25:00,2026-07-26 07:31:00,2026-07-26 07:33:00,C4.2,14495,SOL2026-07-26T07:25:00L095C090
2026-07-26 10:05:00,2026-07-26 10:14:00,2026-07-26 10:18:00,C1.9,14495,SOL2026-07-26T10:05:00L097C093
2026-07-26 13:48:00,2026-07-26 13:57:00,2026-07-26 14:04:00,C1.6,14495,SOL2026-07-26T13:48:00L091C090
2026-07-26 14:04:00,2026-07-26 14:09:00,2026-07-26 14:11:00,C1.4,14494,SOL2026-07-26T14:04:00L091C090
2026-07-26 15:17:00,2026-07-26 15:28:00,2026-07-26 15:32:00,M3.2,14494,SOL2026-07-26T15:17:00L091C090
2026-07-26 19:57:00,2026-07-26 20:11:00,2026-07-26 20:26:00,C1.6,0,SOL2026-07-26T19:57:00L088C090
2026-07-27 00:31:00,2026-07-27 00:50:00,2026-07-27 01:04:00,C1.6,14493,SOL2026-07-27T00:31:00L086C090
2026-07-27 02:32:00,2026-07-27 02:43:00,2026-07-27 02:48:00,M1.0,14494,SOL2026-07-27T02:32:00L084C090
2026-07-27 13:36:00,2026-07-27 13:42:00,2026-07-27 13:47:00,C1.5,14494,SOL2026-07-27T13:36:00L078C090
2026-07-27 17:13:00,2026-07-27 17:25:00,2026-07-27 17:31:00,C2.8,14494,SOL2026-07-27T17:13:00L076C090
2026-07-27 19:35:00,2026-07-27 19:48:00,2026-07-27 19:53:00,C3.6,14494,SOL2026-07-27T19:35:00L075C090
2026-07-27 22:33:00,2026-07-27 22:44:00,2026-07-27 22:48:00,C3.3,14494,SOL2026-07-27T22:33:00L073C090
2026-07-27 22:51:00,2026-07-27 22:59:00,2026-07-27 23:05:00,C3.5,14494,SOL2026-07-27T22:51:00L073C090
2026-07-28 02:08:00,2026-07-28 02:15:00,2026-07-28 02:20:00,C1.8,14496,SOL2026-07-28T02:08:00L071C090
2026-07-28 03:08:00,2026-07-28 03:19:00,2026-07-28 03:22:00,C5.1,14494,SOL2026-07-28T03:08:00L071C090
2026-07-28 11:13:00,2026-07-28 11:20:00,2026-07-28 11:23:00,C1.4,14498,SOL2026-07-28T11:13:00L066C090
2026-07-28 17:40:00,2026-07-28 17:47:00,2026-07-28 17:52:00,C1.5,14495,SOL2026-07-28T17:40:00L063C090
2026-07-28 23:36:00,2026-07-28 23:45:00,2026-07-28 23:55:00,C1.7,14498,SOL2026-07-28T23:36:00L060C090
2026-07-29 00:19:00,2026-07-29 00:22:00,2026-07-29 00:25:00,C1.6,14498,SOL2026-07-29T00:19:00L059C090
2026-07-29 04:31:00,2026-07-29 04:38:00,2026-07-29 04:44:00,C1.2,14498,SOL2026-07-29T04:31:00L057C090
2026-07-29 16:10:00,2026-07-29 16:19:00,2026-07-29 16:25:00,C1.6,14498,SOL2026-07-29T16:10:00L051C090
2026-07-29 17:19:00,2026-07-29 17:24:00,2026-07-29 17:29:00,C1.3,14501,SOL2026-07-29T17:19:00L050C090
2026-07-30 05:44:00,2026-07-30 06:06:00,2026-07-30 06:28:00,C3.8,14498,SOL2026-07-30T05:44:00L356C072
2026-07-30 15:53:00,2026-07-30 17:00:00,2026-07-30 21:51:00,M1.9,14500,SOL2026-07-30T15:53:00L348C070
2026-07-31 01:21:00,2026-07-31 01:29:00,2026-07-31 01:37:00,C1.8,14500,SOL2026-07-31T01:21:00L032C090
2026-07-31 02:31:00,2026-07-31 02:39:00,2026-07-31 02:48:00,C2.3,14499,SOL2026-07-31T02:31:00L032C090
2026-07-31 03:05:00,2026-07-31 03:16:00,2026-07-31 03:30:00,C3.1,14498,SOL2026-07-31T03:05:00L031C090
2026-07-31 06:41:00,2026-07-31 06:47:00,2026-07-31 07:10:00,C2.4,14499,SOL2026-07-31T06:41:00L029C090
2026-07-31 08:25:00,2026-07-31 08:34:00,2026-07-31 08:41:00,C1.4,14499,SOL2026-07-31T08:25:00L028C090
2026-07-31 11:09:00,2026-07-31 11:19:00,2026-07-31 11:29:00,C2.3,14499,SOL2026-07-31T11:09:00L027C090
2026-07-31 11:36:00,2026-07-31 11:41:00,2026-07-31 11:43:00,C2.5,14499,SOL2026-07-31T11:36:00L027C090
2026-07-31 11:43:00,2026-07-31 11:47:00,2026-07-31 11:56:00,C3.9,14499,SOL2026-07-31T11:43:00L027C090
2026-07-31 13:47:00,2026-07-31 13:57:00,2026-07-31 14:04:00,C1.7,14499,SOL2026-07-31T13:47:00L025C090
2026-07-31 18:03:00,2026-07-31 18:13:00,2026-07-31 18:24:00,C1.6,14499,SOL2026-07-31T18:03:00L023C090
2026-08-01 02:22:00,2026-08-01 02:26:00,2026-08-01 02:30:00,C1.1,14498,SOL2026-08-01T02:22:00L018C090
2026-08-01 13:24:00,2026-08-01 13:30:00,2026-08-01 13:36:00,C1.0,14499,SOL2026-08-01T13:24:00L012C090
2026-08-01 20:02:00,2026-08-01 20:11:00,2026-08-01 20:20:00,C2.0,14498,SOL2026-08-01T20:02:00L359C072
2026-08-01 20:20:00,2026-08-01 20:26:00,2026-08-01 20:30:00,C1.9,14492,SOL2026-08-01T20:20:00L009C090
2026-08-01 22:29:00,2026-08-01 22:40:00,2026-08-01 22:47:00,C2.5,14492,SOL2026-08-01T22:29:00L007C090
2026-08-02 00:20:00,2026-08-02 00:33:00,2026-08-02 00:39:00,C4.0,14492,SOL2026-08-02T00:20:00L006C090
2026-08-02 01:55:00,2026-08-02 02:02:00,2026-08-02 02:16:00,C1.6,14499,SOL2026-08-02T01:55:00L005C090
2026-08-02 05:19:00,2026-08-02 05:35:00,2026-08-02 05:41:00,C6.3,14492,SOL2026-08-02T05:19:00L004C090
2026-08-02 16:44:00,2026-08-02 16:50:00,2026-08-02 16:54:00,B8.4,14496,SOL2026-08-02T16:44:00L056C084
2026-08-03 00:39:00,2026-08-03 00:49:00,2026-08-03 01:08:00,C1.0,14498,SOL2026-08-03T00:39:00L354C090
2026-08-03 09:14:00,2026-08-03 09:25:00,2026-08-03 09:34:00,C1.3,14498,SOL2026-08-03T09:14:00L349C090
2026-08-03 11:28:00,2026-08-03 11:33:00,2026-08-03 11:43:00,C1.4,14498,SOL2026-08-03T11:28:00L348C090
2026-08-03 17:43:00,2026-08-03 17:48:00,2026-08-03 17:54:00,B8.9,14498,SOL2026-08-03T17:43:00L345C090
2026-08-04 00:12:00,2026-08-04 00:19:00,2026-08-04 00:22:00,B8.9,14503,SOL2026-08-04T00:12:00L341C090
2026-08-04 11:52:00,2026-08-04 11:58:00,2026-08-04 12:02:00,C1.2,14503,SOL2026-08-04T11:52:00L335C090
2026-08-04 14:02:00,2026-08-04 14:08:00,2026-08-04 14:15:00,C1.0,14503,SOL2026-08-04T14:02:00L333C090
2026-08-04 15:26:00,2026-08-04 15:34:00,2026-08-04 15:37:00,C1.1,14501,SOL2026-08-04T15:26:00L036C096
2026-08-04 16:07:00,2026-08-04 16:13:00,2026-08-04 16:18:00,B9.4,14500,SOL2026-08-04T16:07:00L354C073
2026-08-04 18:12:00,2026-08-04 18:19:00,2026-08-04 18:23:00,B9.8,14496,SOL2026-08-04T18:12:00L331C090
2026-08-05 04:34:00,2026-08-05 04:41:00,2026-08-05 04:50:00,B5.7,14496,SOL2026-08-05T04:34:00L325C090
2026-08-05 05:56:00,2026-08-05 06:22:00,2026-08-05 06:57:00,C1.6,14502,SOL2026-08-05T05:56:00L351C094
2026-08-05 15:22:00,2026-08-05 15:30:00,2026-08-05 15:36:00,B9.2,14498,SOL2026-08-05T15:22:00L319C090
2026-08-05 23:43:00,2026-08-05 23:53:00,2026-08-06 00:09:00,B4.6,14502,SOL2026-08-05T23:43:00L315C090
2026-08-06 08:40:00,2026-08-06 08:47:00,2026-08-06 08:58:00,B5.4,14998,SOL2026-08-06T08:40:00L310C090
2026-08-06 12:18:00,2026-08-06 12:36:00,2026-08-06 12:45:00,B7.0,14502,SOL2026-08-06T12:18:00L308C090
2026-08-06 18:10:00,2026-08-06 18:18:00,2026-08-06 18:26:00,B5.6,14498,SOL2026-08-06T18:10:00L305C090
2026-08-06 19:01:00,2026-08-06 19:08:00,2026-08-06 19:15:00,B3.9,14502,SOL2026-08-06T19:01:00L304C090
2026-08-06 19:21:00,2026-08-06 19:29:00,2026-08-06 19:33:00,C1.0,14504,SOL2026-08-06T19:21:00L304C090
2026-08-06 20:22:00,2026-08-06 20:26:00,2026-08-06 20:29:00,B3.7,14500,SOL2026-08-06T20:22:00L303C090
2026-08-07 17:13:00,2026-08-07 17:20:00,2026-08-07 17:21:00,B2.8,14504,SOL2026-08-07T17:13:00L292C090
2026-08-07 17:21:00,2026-08-07 17:28:00,2026-08-07 17:31:00,B2.9,14504,SOL2026-08-07T17:21:00L292C090
2026-08-08 08:48:00,2026-08-08 08:58:00,2026-08-08 09:06:00,B7.6,14504,SOL2026-08-08T08:48:00L283C090
2026-08-09 00:13:00,2026-08-09 00:21:00,2026-08-09 00:31:00,B4.2,14504,SOL2026-08-09T00:13:00L275C090
2026-08-09 00:58:00,2026-08-09 01:06:00,2026-08-09 01:12:00,B3.4,14504,SOL2026-08-09T00:58:00L274C090
2026-08-09 01:59:00,2026-08-09 02:19:00,2026-08-09 02:39:00,B3.4,14498,SOL2026-08-09T01:59:00L274C090
2026-08-09 12:51:00,2026-08-09 12:58:00,2026-08-09 13:02:00,B3.4,0,SOL2026-08-09T12:51:00L268C090
2026-08-09 15:25:00,2026-08-09 15:48:00,2026-08-09 15:54:00,C1.1,14505,SOL2026-08-09T15:25:00L266C090
2026-08-09 16:30:00,2026-08-09 16:40:00,2026-08-09 16:46:00,C1.8,14505,SOL2026-08-09T16:30:00L266C090
2026-08-09 18:01:00,2026-08-09 18:06:00,2026-08-09 18:08:00,C1.1,14505,SOL2026-08-09T18:01:00L265C090
2026-08-09 18:50:00,2026-08-09 18:53:00,2026-08-09 18:58:00,B7.3,14505,SOL2026-08-09T18:50:00L265C090
2026-08-09 19:24:00,2026-08-09 19:28:00,2026-08-09 19:32:00,B8.8,14505,SOL2026-08-09T19:24:00L264C090
2026-08-09 20:26:00,2026-08-09 20:37:00,2026-08-09 20:47:00,C1.2,14505,SOL2026-08-09T20:26:00L264C090
2026-08-09 20:46:00,2026-08-09 20:53:00,2026-08-09 20:55:00,C1.0,14505,SOL2026-08-09T20:46:00L264C090
2026-08-10 00:17:00,2026-08-10 00:22:00,2026-08-10 00:27:00,B7.1,14502,SOL2026-08-10T00:17:00L262C090
2026-08-10 01:07:00,2026-08-10 01:14:00,2026-08-10 01:19:00,B6.1,14505,SOL2026-08-10T01:07:00L261C090
2026-08-10 02:24:00,2026-08-10 02:29:00,2026-08-10 02:34:00,B4.8,14505,SOL2026-08-10T02:24:00L260C090
2026-08-10 04:32:00,2026-08-10 04:39:00,2026-08-10 04:43:00,B7.0,14506,SOL2026-08-10T04:32:00L259C090
2026-08-10 11:41:00,2026-08-10 11:50:00,2026-08-10 11:54:00,B6.9,14505,SOL2026-08-10T11:41:00L255C090
2026-08-10 11:54:00,2026-08-10 11:59:00,2026-08-10 12:05:00,B7.2,14505,SOL2026-08-10T11:54:00L255C090
2026-08-10 12:12:00,2026-08-10 12:29:00,2026-08-10 12:34:00,C1.0,14505,SOL2026-08-10T12:12:00L255C090
2026-08-10 12:34:00,2026-08-10 13:16:00,2026-08-10 13:38:00,C2.4,14505,SOL2026-08-10T12:34:00L255C090
2026-08-10 17:25:00,2026-08-10 17:32:00,2026-08-10 17:38:00,B7.1,14503,SOL2026-08-10T17:25:00L252C090
2026-08-11 15:48:00,2026-08-11 15:54:00,2026-08-11 15:56:00,B4.1,14507,SOL2026-08-11T15:48:00L192C085
2026-08-11 17:20:00,2026-08-11 17:28:00,2026-08-11 17:41:00,B5.3,14508,SOL2026-08-11T17:20:00L239C090
2026-08-11 18:00:00,2026-08-11 18:07:00,2026-08-11 18:12:00,C1.7,14507,SOL2026-08-11T18:00:00L239C090
2026-08-11 19:59:00,2026-08-11 20:10:00,2026-08-11 20:22:00,C1.4,14508,SOL2026-08-11T19:59:00L237C090
2026-08-11 21:19:00,2026-08-11 21:23:00,2026-08-11 21:27:00,B5.0,14507,SOL2026-08-11T21:19:00L237C090
2026-08-11 22:03:00,2026-08-11 22:12:00,2026-08-11 22:18:00,B4.4,14506,SOL2026-08-11T22:03:00L236C090
2026-08-11 22:55:00,2026-08-11 23:04:00,2026-08-11 23:18:00,C2.5,14507,SOL2026-08-11T22:55:00L236C090
2026-08-12 01:13:00,2026-08-12 01:21:00,2026-08-12 01:28:00,B7.7,14507,SOL2026-08-12T01:13:00L235C090
2026-08-12 01:38:00,2026-08-12 01:43:00,2026-08-12 01:48:00,B5.9,14507,SOL2026-08-12T01:38:00L234C090
2026-08-12 01:48:00,2026-08-12 01:54:00,2026-08-12 02:02:00,B5.6,14507,SOL2026-08-12T01:48:00L234C090
2026-08-12 06:03:00,2026-08-12 06:17:00,2026-08-12 06:26:00,B6.1,0,SOL2026-08-12T06:03:00L232C090
2026-08-12 07:28:00,2026-08-12 07:33:00,2026-08-12 07:37:00,C1.7,14508,SOL2026-08-12T07:28:00L231C090
2026-08-12 16:41:00,2026-08-12 16:48:00,2026-08-12 16:55:00,B5.4,14506,SOL2026-08-12T16:41:00L226C090
2026-08-12 22:37:00,2026-08-12 22:51:00,2026-08-12 22:59:00,B5.2,14507,SOL2026-08-12T22:37:00L223C090
2026-08-12 22:59:00,2026-08-12 23:23:00,2026-08-12 23:43:00,B5.6,14503,SOL2026-08-12T22:59:00L223C090
2026-08-13 01:45:00,2026-08-13 01:50:00,2026-08-13 02:02:00,B4.3,14508,SOL2026-08-13T01:45:00L221C090
2026-08-13 02:02:00,2026-08-13 02:24:00,2026-08-13 02:37:00,B7.4,0,SOL2026-08-13T02:02:00L221C090
2026-08-13 10:52:00,2026-08-13 10:58:00,2026-08-13 11:01:00,B5.4,14507,SOL2026-08-13T10:52:00L216C090
2026-08-13 17:05:00,2026-08-13 17:09:00,2026-08-13 17:26:00,B4.5,14507,SOL2026-08-13T17:05:00L213C090
2026-08-13 18:24:00,2026-08-13 18:35:00,2026-08-13 18:51:00,B9.2,14507,SOL2026-08-13T18:24:00L212C090
2026-08-13 21:16:00,2026-08-13 21:28:00,2026-08-13 21:33:00,B6.0,14508,SOL2026-08-13T21:16:00L210C090
2026-08-13 23:04:00,2026-08-13 23:11:00,2026-08-13 23:18:00,B5.3,14507,SOL2026-08-13T23:04:00L209C090
2026-08-13 23:33:00,2026-08-13 23:41:00,2026-08-13 23:57:00,B6.7,14507,SOL2026-08-13T23:33:00L209C090
2026-08-14 05:42:00,2026-08-14 05:52:00,2026-08-14 06:03:00,B9.2,14507,SOL2026-08-14T05:42:00L206C090
2026-08-14 06:38:00,2026-08-14 07:01:00,2026-08-14 07:31:00,C4.1,14503,SOL2026-08-14T06:38:00L205C090
2026-08-14 09:45:00,2026-08-14 09:53:00,2026-08-14 09:56:00,C1.5,14508,SOL2026-08-14T09:45:00L203C090
2026-08-14 11:33:00,2026-08-14 11:42:00,2026-08-14 11:46:00,C1.1,14506,SOL2026-08-14T11:33:00L202C090
2026-08-14 21:45:00,2026-08-14 21:55:00,2026-08-14 22:00:00,C4.3,14508,SOL2026-08-14T21:45:00L197C090
2026-08-15 00:25:00,2026-08-15 00:33:00,2026-08-15 00:36:00,C1.2,14506,SOL2026-08-15T00:25:00L195C090
2026-08-15 03:15:00,2026-08-15 03:18:00,2026-08-15 03:20:00,B8.0,14508,SOL2026-08-15T03:15:00L194C090
2026-08-15 04:14:00,2026-08-15 04:21:00,2026-08-15 04:25:00,B7.8,14506,SOL2026-08-15T04:14:00L193C090
2026-08-15 05:30:00,2026-08-15 05:37:00,2026-08-15 05:40:00,B5.6,14506,SOL2026-08-15T05:30:00L193C090
2026-08-15 05:54:00,2026-08-15 06:02:00,2026-08-15 06:07:00,B6.3,14506,SOL2026-08-15T05:54:00L192C090
2026-08-15 06:55:00,2026-08-15 07:00:00,2026-08-15 07:05:00,B6.5,14507,SOL2026-08-15T06:55:00L192C090
2026-08-15 07:31:00,2026-08-15 07:40:00,2026-08-15 07:43:00,B7.3,14506,SOL2026-08-15T07:31:00L191C090
2026-08-15 08:09:00,2026-08-15 08:18:00,2026-08-15 08:20:00,C3.3,14508,SOL2026-08-15T08:09:00L162C081
2026-08-15 09:21:00,2026-08-15 09:28:00,2026-08-15 09:31:00,C1.0,14506,SOL2026-08-15T09:21:00L190C090
2026-08-15 10:23:00,2026-08-15 10:30:00,2026-08-15 10:35:00,B6.6,14507,SOL2026-08-15T10:23:00L190C090
2026-08-15 11:59:00,2026-08-15 12:06:00,2026-08-15 12:08:00,B7.6,14507,SOL2026-08-15T11:59:00L189C090
2026-08-15 13:30:00,2026-08-15 13:39:00,2026-08-15 13:41:00,C2.0,14507,SOL2026-08-15T13:30:00L201C087
2026-08-15 14:38:00,2026-08-15 14:49:00,2026-08-15 14:58:00,C3.2,14507,SOL2026-08-15T14:38:00L202C083
2026-08-15 17:09:00,2026-08-15 17:16:00,2026-08-15 17:21:00,B8.6,14507,SOL2026-08-15T17:09:00L186C090
2026-08-16 02:28:00,2026-08-16 02:33:00,2026-08-16 02:42:00,C1.0,14508,SOL2026-08-16T02:28:00L181C090
2026-08-16 02:42:00,2026-08-16 02:49:00,2026-08-16 02:53:00,C2.7,14506,SOL2026-08-16T02:42:00L181C090
2026-08-16 03:13:00,2026-08-16 03:18:00,2026-08-16 03:23:00,C3.7,14507,SOL2026-08-16T03:13:00L181C090
2026-08-16 03:40:00,2026-08-16 03:47:00,2026-08-16 03:59:00,C1.4,14506,SOL2026-08-16T03:40:00L179C090
2026-08-16 04:37:00,2026-08-16 04:51:00,2026-08-16 05:00:00,C2.3,14506,SOL2026-08-16T04:37:00L179C090
2026-08-16 06:08:00,2026-08-16 06:16:00,2026-08-16 06:18:00,C1.3,14506,SOL2026-08-16T06:08:00L178C090
2026-08-16 06:31:00,2026-08-16 06:37:00,2026-08-16 06:40:00,C1.4,14506,SOL2026-08-16T06:31:00L178C090
2026-08-16 08:31:00,2026-08-16 08:38:00,2026-08-16 08:51:00,C1.8,14506,SOL2026-08-16T08:31:00L177C090
2026-08-16 09:56:00,2026-08-16 09:59:00,2026-08-16 10:02:00,C1.5,14507,SOL2026-08-16T09:56:00L176C090
2026-08-16 12:32:00,2026-08-16 12:39:00,2026-08-16 12:44:00,C1.5,14506,SOL2026-08-16T12:32:00L175C090
2026-08-16 14:58:00,2026-08-16 15:12:00,2026-08-16 15:25:00,C1.7,14506,SOL2026-08-16T14:58:00L173C090
2026-08-16 19:01:00,2026-08-16 19:28:00,2026-08-16 19:45:00,C8.2,14506,SOL2026-08-16T19:01:00L213C080
2026-08-16 21:48:00,2026-08-16 21:55:00,2026-08-16 22:06:00,C1.0,14507,SOL2026-08-16T21:48:00L169C090
2026-08-16 22:06:00,2026-08-16 22:11:00,2026-08-16 22:13:00,C1.0,14507,SOL2026-08-16T22:06:00L169C090
2026-08-17 02:13:00,2026-08-17 02:24:00,2026-08-17 02:34:00,C2.3,14507,SOL2026-08-17T02:13:00L167C090
2026-08-17 05:57:00,2026-08-17 06:22:00,2026-08-17 06:48:00,C2.0,14510,SOL2026-08-17T05:57:00L165C090
2026-08-17 10:09:00,2026-08-17 10:22:00,2026-08-17 10:27:00,C1.3,14510,SOL2026-08-17T10:09:00L163C090
2026-08-17 10:27:00,2026-08-17 10:30:00,2026-08-17 10:40:00,C1.7,14507,SOL2026-08-17T10:27:00L162C090
2026-08-17 10:51:00,2026-08-17 10:58:00,2026-08-17 11:02:00,C1.6,14507,SOL2026-08-17T10:51:00L162C090
2026-08-17 16:18:00,2026-08-17 16:53:00,2026-08-17 17:05:00,C2.0,14510,SOL2026-08-17T16:18:00L159C090
2026-08-17 17:05:00,2026-08-17 17:17:00,2026-08-17 17:22:00,C1.7,14510,SOL2026-08-17T17:05:00L159C090
2026-08-17 17:42:00,2026-08-17 17:47:00,2026-08-17 17:49:00,C3.2,14510,SOL2026-08-17T17:42:00L158C090
2026-08-17 19:28:00,2026-08-17 19:35:00,2026-08-17 19:42:00,C1.4,14510,SOL2026-08-17T19:28:00L157C090
2026-08-18 06:40:00,2026-08-18 06:43:00,2026-08-18 06:45:00,C3.9,14507,SOL2026-08-18T06:40:00L151C090
2026-08-18 07:00:00,2026-08-18 07:07:00,2026-08-18 07:12:00,C1.7,14506,SOL2026-08-18T07:00:00L151C090
2026-08-18 19:51:00,2026-08-18 19:56:00,2026-08-18 19:59:00,C2.0,14507,SOL2026-08-18T19:51:00L144C090
2026-08-18 22:38:00,2026-08-18 22:43:00,2026-08-18 22:46:00,C2.3,14507,SOL2026-08-18T22:38:00L143C090
2026-08-18 23:28:00,2026-08-18 23:40:00,2026-08-18 23:51:00,C2.8,0,SOL2026-08-18T23:28:00L142C090
2026-08-19 00:06:00,2026-08-19 00:37:00,2026-08-19 01:12:00,C3.9,14507,SOL2026-08-19T00:06:00L142C090
2026-08-19 02:27:00,2026-08-19 02:31:00,2026-08-19 02:33:00,C2.0,14507,SOL2026-08-19T02:27:00L140C090
2026-08-19 02:51:00,2026-08-19 02:56:00,2026-08-19 02:58:00,C3.9,14507,SOL2026-08-19T02:51:00L140C090
2026-08-19 03:30:00,2026-08-19 03:46:00,2026-08-19 04:01:00,C3.0,0,SOL2026-08-19T03:30:00L140C090
2026-08-19 04:45:00,2026-08-19 04:54:00,2026-08-19 05:03:00,C5.0,0,SOL2026-08-19T04:45:00L139C090
2026-08-19 06:31:00,2026-08-19 06:36:00,2026-08-19 06:50:00,C1.3,14507,SOL2026-08-19T06:31:00L138C090
2026-08-19 08:30:00,2026-08-19 08:44:00,2026-08-19 09:01:00,C2.7,14507,SOL2026-08-19T08:30:00L137C090
2026-08-19 09:01:00,2026-08-19 09:10:00,2026-08-19 09:14:00,C2.0,0,SOL2026-08-19T09:01:00L137C090
2026-08-19 11:01:00,2026-08-19 11:05:00,2026-08-19 11:11:00,C1.3,14507,SOL2026-08-19T11:01:00L136C090
2026-08-19 11:29:00,2026-08-19 11:36:00,2026-08-19 11:41:00,C1.5,0,SOL2026-08-19T11:29:00L135C090
2026-08-19 12:28:00,2026-08-19 12:31:00,2026-08-19 12:35:00,C1.3,0,SOL2026-08-19T12:28:00L135C090
2026-08-19 13:27:00,2026-08-19 13:39:00,2026-08-19 13:46:00,C4.9,14506,SOL2026-08-19T13:27:00L134C090
2026-08-19 14:02:00,2026-08-19 14:07:00,2026-08-19 14:09:00,C3.6,14507,SOL2026-08-19T14:02:00L191C090
2026-08-19 15:09:00,2026-08-19 15:17:00,2026-08-19 15:19:00,C5.7,14513,SOL2026-08-19T15:09:00L133C090
2026-08-19 16:33:00,2026-08-19 16:38:00,2026-08-19 16:42:00,C3.4,14510,SOL2026-08-19T16:33:00L133C090
2026-08-19 17:12:00,2026-08-19 17:17:00,2026-08-19 17:20:00,C2.4,14507,SOL2026-08-19T17:12:00L132C090
2026-08-19 18:24:00,2026-08-19 18:51:00,2026-08-19 19:10:00,M1.0,14513,SOL2026-08-19T18:24:00L132C090
2026-08-19 21:51:00,2026-08-19 22:00:00,2026-08-19 22:06:00,C1.7,0,SOL2026-08-19T21:51:00L130C090
2026-08-19 23:46:00,2026-08-19 23:54:00,2026-08-20 00:04:00,C2.0,14513,SOL2026-08-19T23:46:00L129C090
2026-08-20 00:41:00,2026-08-20 00:49:00,2026-08-20 00:57:00,C1.7,14513,SOL2026-08-20T00:41:00L128C090
2026-08-20 01:00:00,2026-08-20 01:04:00,2026-08-20 01:08:00,C2.0,14513,SOL2026-08-20T01:00:00L128C090
2026-08-20 03:36:00,2026-08-20 03:43:00,2026-08-20 03:49:00,C1.5,14513,SOL2026-08-20T03:36:00L127C090
2026-08-20 03:59:00,2026-08-20 04:08:00,2026-08-20 04:10:00,C3.3,14507,SOL2026-08-20T03:59:00L126C090
2026-08-20 04:37:00,2026-08-20 04:49:00,2026-08-20 04:56:00,C3.1,14513,SOL2026-08-20T04:37:00L126C090
2026-08-20 06:27:00,2026-08-20 06:31:00,2026-08-20 06:33:00,C1.5,14507,SOL2026-08-20T06:27:00L125C090
2026-08-20 07:31:00,2026-08-20 08:05:00,2026-08-20 08:17:00,M1.8,14513,SOL2026-08-20T07:31:00L124C090
2026-08-20 10:12:00,2026-08-20 10:19:00,2026-08-20 10:24:00,C2.4,14507,SOL2026-08-20T10:12:00L123C090
2026-08-20 11:19:00,2026-08-20 11:29:00,2026-08-20 11:32:00,C8.0,0,SOL2026-08-20T11:19:00L122C090
2026-08-20 11:32:00,2026-08-20 11:42:00,2026-08-20 11:54:00,M8.1,14513,SOL2026-08-20T11:32:00L122C090
2026-08-20 15:08:00,2026-08-20 15:14:00,2026-08-20 15:20:00,C1.6,14513,SOL2026-08-20T15:08:00L053C085
2026-08-20 15:52:00,2026-08-20 16:11:00,2026-08-20 16:21:00,M2.9,14513,SOL2026-08-20T15:52:00L049C087
2026-08-20 17:17:00,2026-08-20 17:22:00,2026-08-20 17:26:00,C2.4,14513,SOL2026-08-20T17:17:00L119C090
2026-08-20 17:45:00,2026-08-20 17:52:00,2026-08-20 18:03:00,C2.6,14507,SOL2026-08-20T17:45:00L119C090
2026-08-20 19:39:00,2026-08-20 19:54:00,2026-08-20 20:03:00,C1.8,14513,SOL2026-08-20T19:39:00L118C090
2026-08-20 20:03:00,2026-08-20 20:08:00,2026-08-20 20:10:00,C2.0,14513,SOL2026-08-20T20:03:00L117C090
2026-08-20 20:58:00,2026-08-20 21:08:00,2026-08-20 21:13:00,C2.7,14513,SOL2026-08-20T20:58:00L117C090
2026-08-20 22:30:00,2026-08-20 22:34:00,2026-08-20 22:51:00,C1.5,14513,SOL2026-08-20T22:30:00L116C090
2026-08-20 23:34:00,2026-08-20 23:44:00,2026-08-20 23:47:00,C3.5,14507,SOL2026-08-20T23:34:00L116C090
2026-08-21 00:13:00,2026-08-21 00:25:00,2026-08-21 00:35:00,C2.4,14507,SOL2026-08-21T00:13:00L115C090
2026-08-21 01:37:00,2026-08-21 02:01:00,2026-08-21 02:06:00,C4.1,14507,SOL2026-08-21T01:37:00L114C090
2026-08-21 02:06:00,2026-08-21 02:20:00,2026-08-21 02:42:00,C6.7,0,SOL2026-08-21T02:06:00L114C090
2026-08-21 03:47:00,2026-08-21 03:52:00,2026-08-21 03:57:00,C1.3,14513,SOL2026-08-21T03:47:00L113C090
2026-08-21 05:02:00,2026-08-21 05:09:00,2026-08-21 05:14:00,C1.5,14513,SOL2026-08-21T05:02:00L113C090
2026-08-21 05:39:00,2026-08-21 05:52:00,2026-08-21 06:15:00,C1.8,14513,SOL2026-08-21T05:39:00L112C090
2026-08-21 06:26:00,2026-08-21 06:35:00,2026-08-21 06:41:00,C6.2,14513,SOL2026-08-21T06:26:00L112C090
2026-08-21 07:04:00,2026-08-21 07:12:00,2026-08-21 07:18:00,C1.9,14514,SOL2026-08-21T07:04:00L111C090
2026-08-21 07:27:00,2026-08-21 07:32:00,2026-08-21 07:38:00,C2.1,14507,SOL2026-08-21T07:27:00L111C090
2026-08-21 09:09:00,2026-08-21 09:57:00,2026-08-21 10:09:00,M1.6,14507,SOL2026-08-21T09:09:00L110C090
2026-08-21 09:09:00,2026-08-21 10:17:00,2026-08-21 11:49:00,M1.6,14507,SOL2026-08-21T09:09:00L110C090
2026-08-21 10:09:00,2026-08-21 10:18:00,2026-08-21 10:21:00,M1.6,14507,SOL2026-08-21T10:09:00L110C090
2026-08-21 17:45:00,2026-08-21 17:53:00,2026-08-21 18:01:00,C3.4,14513,SOL2026-08-21T17:45:00L106C090
2026-08-21 18:25:00,2026-08-21 18:32:00,2026-08-21 18:35:00,C2.0,14513,SOL2026-08-21T18:25:00L105C090
2026-08-21 20:45:00,2026-08-21 20:59:00,2026-08-21 21:07:00,C4.0,14513,SOL2026-08-21T20:45:00L104C090
2026-08-22 18:14:00,2026-08-22 18:23:00,2026-08-22 18:29:00,C1.4,14513,SOL2026-08-22T18:14:00L092C090
2026-08-22 20:00:00,2026-08-22 20:09:00,2026-08-22 20:20:00,B9.3,0,SOL2026-08-22T20:00:00L091C090
2026-08-23 04:23:00,2026-08-23 04:32:00,2026-08-23 04:41:00,C1.1,14513,SOL2026-08-23T04:23:00L086C090
2026-08-23 04:57:00,2026-08-23 05:05:00,2026-08-23 05:12:00,C1.1,14513,SOL2026-08-23T04:57:00L086C090
2026-08-23 06:24:00,2026-08-23 06:53:00,2026-08-23 07:17:00,C4.1,14513,SOL2026-08-23T06:24:00L085C090
2026-08-23 10:01:00,2026-08-23 10:08:00,2026-08-23 10:11:00,C1.7,14514,SOL2026-08-23T10:01:00L083C090
2026-08-23 11:13:00,2026-08-23 11:18:00,2026-08-23 11:36:00,B8.6,0,SOL2026-08-23T11:13:00L083C090
2026-08-23 13:11:00,2026-08-23 13:15:00,2026-08-23 13:18:00,C1.7,0,SOL2026-08-23T13:11:00L082C090
2026-08-23 13:34:00,2026-08-23 13:42:00,2026-08-23 13:49:00,C1.0,14513,SOL2026-08-23T13:34:00L081C090
2026-08-23 16:16:00,2026-08-23 16:28:00,2026-08-23 16:45:00,C1.4,14513,SOL2026-08-23T16:16:00L050C084
2026-08-23 19:28:00,2026-08-23 19:35:00,2026-08-23 19:37:00,C2.7,14513,SOL2026-08-23T19:28:00L078C090
2026-08-23 21:47:00,2026-08-23 22:03:00,2026-08-23 22:19:00,C3.5,14513,SOL2026-08-23T21:47:00L077C090
