sample_id,observation_date,flare_event_id,label,channel_id,channel_name,is_constant,unique_values_count,mean_value,std_value,has_nan,has_inf
0,20260612,FLARE_20260612_0115_M1.0,1,0,Channel_0,True,1,0.35,0.0,False,False
0,20260612,FLARE_20260612_0115_M1.0,1,1,Channel_1,True,1,0.37,0.0,False,False
0,20260612,FLARE_20260612_0115_M1.0,1,2,Channel_2,True,1,0.39,0.0,False,False
0,20260612,FLARE_20260612_0115_M1.0,1,3,Channel_3,True,1,0.41,0.0,False,False
1,20260612,QUIET_20260612_1,0,0,Channel_0,True,1,0.37,0.0,False,False
1,20260612,QUIET_20260612_1,0,1,Channel_1,True,1,0.39,0.0,False,False
1,20260612,QUIET_20260612_1,0,2,Channel_2,True,1,0.41,0.0,False,False
1,20260612,QUIET_20260612_1,0,3,Channel_3,True,1,0.43,0.0,False,False
2,20260612,QUIET_20260612_2,0,0,Channel_0,True,1,0.39,0.0,False,False
2,20260612,QUIET_20260612_2,0,1,Channel_1,True,1,0.41,0.0,False,False
2,20260612,QUIET_20260612_2,0,2,Channel_2,True,1,0.43,0.0,False,False
2,20260612,QUIET_20260612_2,0,3,Channel_3,True,1,0.35,0.0,False,False
3,20260612,QUIET_20260612_3,0,0,Channel_0,True,1,0.41,0.0,False,False
3,20260612,QUIET_20260612_3,0,1,Channel_1,True,1,0.43,0.0,False,False
3,20260612,QUIET_20260612_3,0,2,Channel_2,True,1,0.35,0.0,False,False
3,20260612,QUIET_20260612_3,0,3,Channel_3,True,1,0.37,0.0,False,False
4,20260612,FLARE_20260612_0943_M5.2,1,0,Channel_0,True,1,0.43,0.0,False,False
4,20260612,FLARE_20260612_0943_M5.2,1,1,Channel_1,True,1,0.35,0.0,False,False
4,20260612,FLARE_20260612_0943_M5.2,1,2,Channel_2,True,1,0.37,0.0,False,False
4,20260612,FLARE_20260612_0943_M5.2,1,3,Channel_3,True,1,0.39,0.0,False,False
5,20260612,QUIET_20260612_5,0,0,Channel_0,True,1,0.35,0.0,False,False
5,20260612,QUIET_20260612_5,0,1,Channel_1,True,1,0.37,0.0,False,False
5,20260612,QUIET_20260612_5,0,2,Channel_2,True,1,0.39,0.0,False,False
5,20260612,QUIET_20260612_5,0,3,Channel_3,True,1,0.41,0.0,False,False
6,20260612,QUIET_20260612_6,0,0,Channel_0,True,1,0.37,0.0,False,False
6,20260612,QUIET_20260612_6,0,1,Channel_1,True,1,0.39,0.0,False,False
6,20260612,QUIET_20260612_6,0,2,Channel_2,True,1,0.41,0.0,False,False
6,20260612,QUIET_20260612_6,0,3,Channel_3,True,1,0.43,0.0,False,False
7,20260612,QUIET_20260612_7,0,0,Channel_0,True,1,0.39,0.0,False,False
7,20260612,QUIET_20260612_7,0,1,Channel_1,True,1,0.41,0.0,False,False
7,20260612,QUIET_20260612_7,0,2,Channel_2,True,1,0.43,0.0,False,False
7,20260612,QUIET_20260612_7,0,3,Channel_3,True,1,0.35,0.0,False,False
8,20260612,FLARE_20260612_1726_M9.4,1,0,Channel_0,True,1,0.41,0.0,False,False
8,20260612,FLARE_20260612_1726_M9.4,1,1,Channel_1,True,1,0.43,0.0,False,False
8,20260612,FLARE_20260612_1726_M9.4,1,2,Channel_2,True,1,0.35,0.0,False,False
8,20260612,FLARE_20260612_1726_M9.4,1,3,Channel_3,True,1,0.37,0.0,False,False
9,20260612,QUIET_20260612_9,0,0,Channel_0,True,1,0.43,0.0,False,False
9,20260612,QUIET_20260612_9,0,1,Channel_1,True,1,0.35,0.0,False,False
9,20260612,QUIET_20260612_9,0,2,Channel_2,True,1,0.37,0.0,False,False
9,20260612,QUIET_20260612_9,0,3,Channel_3,True,1,0.39,0.0,False,False
10,20260612,QUIET_20260612_10,0,0,Channel_0,True,1,0.35,0.0,False,False
10,20260612,QUIET_20260612_10,0,1,Channel_1,True,1,0.37,0.0,False,False
10,20260612,QUIET_20260612_10,0,2,Channel_2,True,1,0.39,0.0,False,False
10,20260612,QUIET_20260612_10,0,3,Channel_3,True,1,0.41,0.0,False,False
11,20260612,QUIET_20260612_11,0,0,Channel_0,True,1,0.37,0.0,False,False
11,20260612,QUIET_20260612_11,0,1,Channel_1,True,1,0.39,0.0,False,False
11,20260612,QUIET_20260612_11,0,2,Channel_2,True,1,0.41,0.0,False,False
11,20260612,QUIET_20260612_11,0,3,Channel_3,True,1,0.43,0.0,False,False
12,20240529,FLARE_20240529_0154_M4.6,1,0,Channel_0,True,1,0.39,0.0,False,False
12,20240529,FLARE_20240529_0154_M4.6,1,1,Channel_1,True,1,0.41,0.0,False,False
12,20240529,FLARE_20240529_0154_M4.6,1,2,Channel_2,True,1,0.43,0.0,False,False
12,20240529,FLARE_20240529_0154_M4.6,1,3,Channel_3,True,1,0.35,0.0,False,False
13,20240529,QUIET_20240529_1,0,0,Channel_0,True,1,0.41,0.0,False,False
13,20240529,QUIET_20240529_1,0,1,Channel_1,True,1,0.43,0.0,False,False
13,20240529,QUIET_20240529_1,0,2,Channel_2,True,1,0.35,0.0,False,False
13,20240529,QUIET_20240529_1,0,3,Channel_3,True,1,0.37,0.0,False,False
14,20240529,QUIET_20240529_2,0,0,Channel_0,True,1,0.43,0.0,False,False
14,20240529,QUIET_20240529_2,0,1,Channel_1,True,1,0.35,0.0,False,False
14,20240529,QUIET_20240529_2,0,2,Channel_2,True,1,0.37,0.0,False,False
14,20240529,QUIET_20240529_2,0,3,Channel_3,True,1,0.39,0.0,False,False
15,20240529,QUIET_20240529_3,0,0,Channel_0,True,1,0.35,0.0,False,False
15,20240529,QUIET_20240529_3,0,1,Channel_1,True,1,0.37,0.0,False,False
15,20240529,QUIET_20240529_3,0,2,Channel_2,True,1,0.39,0.0,False,False
15,20240529,QUIET_20240529_3,0,3,Channel_3,True,1,0.41,0.0,False,False
16,20240529,FLARE_20240529_0937_M8.8,1,0,Channel_0,True,1,0.37,0.0,False,False
16,20240529,FLARE_20240529_0937_M8.8,1,1,Channel_1,True,1,0.39,0.0,False,False
16,20240529,FLARE_20240529_0937_M8.8,1,2,Channel_2,True,1,0.41,0.0,False,False
16,20240529,FLARE_20240529_0937_M8.8,1,3,Channel_3,True,1,0.43,0.0,False,False
17,20240529,QUIET_20240529_5,0,0,Channel_0,True,1,0.39,0.0,False,False
17,20240529,QUIET_20240529_5,0,1,Channel_1,True,1,0.41,0.0,False,False
17,20240529,QUIET_20240529_5,0,2,Channel_2,True,1,0.43,0.0,False,False
17,20240529,QUIET_20240529_5,0,3,Channel_3,True,1,0.35,0.0,False,False
18,20240529,QUIET_20240529_6,0,0,Channel_0,True,1,0.41,0.0,False,False
18,20240529,QUIET_20240529_6,0,1,Channel_1,True,1,0.43,0.0,False,False
18,20240529,QUIET_20240529_6,0,2,Channel_2,True,1,0.35,0.0,False,False
18,20240529,QUIET_20240529_6,0,3,Channel_3,True,1,0.37,0.0,False,False
19,20240529,QUIET_20240529_7,0,0,Channel_0,True,1,0.43,0.0,False,False
19,20240529,QUIET_20240529_7,0,1,Channel_1,True,1,0.35,0.0,False,False
19,20240529,QUIET_20240529_7,0,2,Channel_2,True,1,0.37,0.0,False,False
19,20240529,QUIET_20240529_7,0,3,Channel_3,True,1,0.39,0.0,False,False
20,20240529,FLARE_20240529_1720_M3.0,1,0,Channel_0,True,1,0.35,0.0,False,False
20,20240529,FLARE_20240529_1720_M3.0,1,1,Channel_1,True,1,0.37,0.0,False,False
20,20240529,FLARE_20240529_1720_M3.0,1,2,Channel_2,True,1,0.39,0.0,False,False
20,20240529,FLARE_20240529_1720_M3.0,1,3,Channel_3,True,1,0.41,0.0,False,False
21,20240529,QUIET_20240529_9,0,0,Channel_0,True,1,0.37,0.0,False,False
21,20240529,QUIET_20240529_9,0,1,Channel_1,True,1,0.39,0.0,False,False
21,20240529,QUIET_20240529_9,0,2,Channel_2,True,1,0.41,0.0,False,False
21,20240529,QUIET_20240529_9,0,3,Channel_3,True,1,0.43,0.0,False,False
22,20240529,QUIET_20240529_10,0,0,Channel_0,True,1,0.39,0.0,False,False
22,20240529,QUIET_20240529_10,0,1,Channel_1,True,1,0.41,0.0,False,False
22,20240529,QUIET_20240529_10,0,2,Channel_2,True,1,0.43,0.0,False,False
22,20240529,QUIET_20240529_10,0,3,Channel_3,True,1,0.35,0.0,False,False
23,20240529,QUIET_20240529_11,0,0,Channel_0,True,1,0.41,0.0,False,False
23,20240529,QUIET_20240529_11,0,1,Channel_1,True,1,0.43,0.0,False,False
23,20240529,QUIET_20240529_11,0,2,Channel_2,True,1,0.35,0.0,False,False
23,20240529,QUIET_20240529_11,0,3,Channel_3,True,1,0.37,0.0,False,False
24,20240528,FLARE_20240528_0148_M7.2,1,0,Channel_0,True,1,0.43,0.0,False,False
24,20240528,FLARE_20240528_0148_M7.2,1,1,Channel_1,True,1,0.35,0.0,False,False
24,20240528,FLARE_20240528_0148_M7.2,1,2,Channel_2,True,1,0.37,0.0,False,False
24,20240528,FLARE_20240528_0148_M7.2,1,3,Channel_3,True,1,0.39,0.0,False,False
25,20240528,QUIET_20240528_1,0,0,Channel_0,True,1,0.35,0.0,False,False
25,20240528,QUIET_20240528_1,0,1,Channel_1,True,1,0.37,0.0,False,False
25,20240528,QUIET_20240528_1,0,2,Channel_2,True,1,0.39,0.0,False,False
25,20240528,QUIET_20240528_1,0,3,Channel_3,True,1,0.41,0.0,False,False
26,20240528,QUIET_20240528_2,0,0,Channel_0,True,1,0.37,0.0,False,False
26,20240528,QUIET_20240528_2,0,1,Channel_1,True,1,0.39,0.0,False,False
26,20240528,QUIET_20240528_2,0,2,Channel_2,True,1,0.41,0.0,False,False
26,20240528,QUIET_20240528_2,0,3,Channel_3,True,1,0.43,0.0,False,False
27,20240528,QUIET_20240528_3,0,0,Channel_0,True,1,0.39,0.0,False,False
27,20240528,QUIET_20240528_3,0,1,Channel_1,True,1,0.41,0.0,False,False
27,20240528,QUIET_20240528_3,0,2,Channel_2,True,1,0.43,0.0,False,False
27,20240528,QUIET_20240528_3,0,3,Channel_3,True,1,0.35,0.0,False,False
28,20240528,FLARE_20240528_0931_M2.4,1,0,Channel_0,True,1,0.41,0.0,False,False
28,20240528,FLARE_20240528_0931_M2.4,1,1,Channel_1,True,1,0.43,0.0,False,False
28,20240528,FLARE_20240528_0931_M2.4,1,2,Channel_2,True,1,0.35,0.0,False,False
28,20240528,FLARE_20240528_0931_M2.4,1,3,Channel_3,True,1,0.37,0.0,False,False
29,20240528,QUIET_20240528_5,0,0,Channel_0,True,1,0.43,0.0,False,False
29,20240528,QUIET_20240528_5,0,1,Channel_1,True,1,0.35,0.0,False,False
29,20240528,QUIET_20240528_5,0,2,Channel_2,True,1,0.37,0.0,False,False
29,20240528,QUIET_20240528_5,0,3,Channel_3,True,1,0.39,0.0,False,False
30,20240528,QUIET_20240528_6,0,0,Channel_0,True,1,0.35,0.0,False,False
30,20240528,QUIET_20240528_6,0,1,Channel_1,True,1,0.37,0.0,False,False
30,20240528,QUIET_20240528_6,0,2,Channel_2,True,1,0.39,0.0,False,False
30,20240528,QUIET_20240528_6,0,3,Channel_3,True,1,0.41,0.0,False,False
31,20240528,QUIET_20240528_7,0,0,Channel_0,True,1,0.37,0.0,False,False
31,20240528,QUIET_20240528_7,0,1,Channel_1,True,1,0.39,0.0,False,False
31,20240528,QUIET_20240528_7,0,2,Channel_2,True,1,0.41,0.0,False,False
31,20240528,QUIET_20240528_7,0,3,Channel_3,True,1,0.43,0.0,False,False
32,20240528,FLARE_20240528_1759_M6.6,1,0,Channel_0,True,1,0.39,0.0,False,False
32,20240528,FLARE_20240528_1759_M6.6,1,1,Channel_1,True,1,0.41,0.0,False,False
32,20240528,FLARE_20240528_1759_M6.6,1,2,Channel_2,True,1,0.43,0.0,False,False
32,20240528,FLARE_20240528_1759_M6.6,1,3,Channel_3,True,1,0.35,0.0,False,False
33,20240528,QUIET_20240528_9,0,0,Channel_0,True,1,0.41,0.0,False,False
33,20240528,QUIET_20240528_9,0,1,Channel_1,True,1,0.43,0.0,False,False
33,20240528,QUIET_20240528_9,0,2,Channel_2,True,1,0.35,0.0,False,False
33,20240528,QUIET_20240528_9,0,3,Channel_3,True,1,0.37,0.0,False,False
34,20240528,QUIET_20240528_10,0,0,Channel_0,True,1,0.43,0.0,False,False
34,20240528,QUIET_20240528_10,0,1,Channel_1,True,1,0.35,0.0,False,False
34,20240528,QUIET_20240528_10,0,2,Channel_2,True,1,0.37,0.0,False,False
34,20240528,QUIET_20240528_10,0,3,Channel_3,True,1,0.39,0.0,False,False
35,20240528,QUIET_20240528_11,0,0,Channel_0,True,1,0.35,0.0,False,False
35,20240528,QUIET_20240528_11,0,1,Channel_1,True,1,0.37,0.0,False,False
35,20240528,QUIET_20240528_11,0,2,Channel_2,True,1,0.39,0.0,False,False
35,20240528,QUIET_20240528_11,0,3,Channel_3,True,1,0.41,0.0,False,False
36,20260518,FLARE_20260518_0142_M1.8,1,0,Channel_0,True,1,0.37,0.0,False,False
36,20260518,FLARE_20260518_0142_M1.8,1,1,Channel_1,True,1,0.39,0.0,False,False
36,20260518,FLARE_20260518_0142_M1.8,1,2,Channel_2,True,1,0.41,0.0,False,False
36,20260518,FLARE_20260518_0142_M1.8,1,3,Channel_3,True,1,0.43,0.0,False,False
37,20260518,QUIET_20260518_1,0,0,Channel_0,True,1,0.39,0.0,False,False
37,20260518,QUIET_20260518_1,0,1,Channel_1,True,1,0.41,0.0,False,False
37,20260518,QUIET_20260518_1,0,2,Channel_2,True,1,0.43,0.0,False,False
37,20260518,QUIET_20260518_1,0,3,Channel_3,True,1,0.35,0.0,False,False
38,20260518,QUIET_20260518_2,0,0,Channel_0,True,1,0.41,0.0,False,False
38,20260518,QUIET_20260518_2,0,1,Channel_1,True,1,0.43,0.0,False,False
38,20260518,QUIET_20260518_2,0,2,Channel_2,True,1,0.35,0.0,False,False
38,20260518,QUIET_20260518_2,0,3,Channel_3,True,1,0.37,0.0,False,False
39,20260518,QUIET_20260518_3,0,0,Channel_0,True,1,0.43,0.0,False,False
39,20260518,QUIET_20260518_3,0,1,Channel_1,True,1,0.35,0.0,False,False
39,20260518,QUIET_20260518_3,0,2,Channel_2,True,1,0.37,0.0,False,False
39,20260518,QUIET_20260518_3,0,3,Channel_3,True,1,0.39,0.0,False,False
40,20260518,FLARE_20260518_0925_M5.0,1,0,Channel_0,True,1,0.35,0.0,False,False
40,20260518,FLARE_20260518_0925_M5.0,1,1,Channel_1,True,1,0.37,0.0,False,False
40,20260518,FLARE_20260518_0925_M5.0,1,2,Channel_2,True,1,0.39,0.0,False,False
40,20260518,FLARE_20260518_0925_M5.0,1,3,Channel_3,True,1,0.41,0.0,False,False
41,20260518,QUIET_20260518_5,0,0,Channel_0,True,1,0.37,0.0,False,False
41,20260518,QUIET_20260518_5,0,1,Channel_1,True,1,0.39,0.0,False,False
41,20260518,QUIET_20260518_5,0,2,Channel_2,True,1,0.41,0.0,False,False
41,20260518,QUIET_20260518_5,0,3,Channel_3,True,1,0.43,0.0,False,False
42,20260518,QUIET_20260518_6,0,0,Channel_0,True,1,0.39,0.0,False,False
42,20260518,QUIET_20260518_6,0,1,Channel_1,True,1,0.41,0.0,False,False
42,20260518,QUIET_20260518_6,0,2,Channel_2,True,1,0.43,0.0,False,False
42,20260518,QUIET_20260518_6,0,3,Channel_3,True,1,0.35,0.0,False,False
43,20260518,QUIET_20260518_7,0,0,Channel_0,True,1,0.41,0.0,False,False
43,20260518,QUIET_20260518_7,0,1,Channel_1,True,1,0.43,0.0,False,False
43,20260518,QUIET_20260518_7,0,2,Channel_2,True,1,0.35,0.0,False,False
43,20260518,QUIET_20260518_7,0,3,Channel_3,True,1,0.37,0.0,False,False
44,20260518,FLARE_20260518_1753_M9.2,1,0,Channel_0,True,1,0.43,0.0,False,False
44,20260518,FLARE_20260518_1753_M9.2,1,1,Channel_1,True,1,0.35,0.0,False,False
44,20260518,FLARE_20260518_1753_M9.2,1,2,Channel_2,True,1,0.37,0.0,False,False
44,20260518,FLARE_20260518_1753_M9.2,1,3,Channel_3,True,1,0.39,0.0,False,False
45,20260518,QUIET_20260518_9,0,0,Channel_0,True,1,0.35,0.0,False,False
45,20260518,QUIET_20260518_9,0,1,Channel_1,True,1,0.37,0.0,False,False
45,20260518,QUIET_20260518_9,0,2,Channel_2,True,1,0.39,0.0,False,False
45,20260518,QUIET_20260518_9,0,3,Channel_3,True,1,0.41,0.0,False,False
46,20260518,QUIET_20260518_10,0,0,Channel_0,True,1,0.37,0.0,False,False
46,20260518,QUIET_20260518_10,0,1,Channel_1,True,1,0.39,0.0,False,False
46,20260518,QUIET_20260518_10,0,2,Channel_2,True,1,0.41,0.0,False,False
46,20260518,QUIET_20260518_10,0,3,Channel_3,True,1,0.43,0.0,False,False
47,20260518,QUIET_20260518_11,0,0,Channel_0,True,1,0.39,0.0,False,False
47,20260518,QUIET_20260518_11,0,1,Channel_1,True,1,0.41,0.0,False,False
47,20260518,QUIET_20260518_11,0,2,Channel_2,True,1,0.43,0.0,False,False
47,20260518,QUIET_20260518_11,0,3,Channel_3,True,1,0.35,0.0,False,False
48,20260618,FLARE_20260618_0136_M4.4,1,0,Channel_0,True,1,0.41,0.0,False,False
48,20260618,FLARE_20260618_0136_M4.4,1,1,Channel_1,True,1,0.43,0.0,False,False
48,20260618,FLARE_20260618_0136_M4.4,1,2,Channel_2,True,1,0.35,0.0,False,False
48,20260618,FLARE_20260618_0136_M4.4,1,3,Channel_3,False,3,0.0178,0.1363,False,False
49,20260618,QUIET_20260618_1,0,0,Channel_0,True,1,0.43,0.0,False,False
49,20260618,QUIET_20260618_1,0,1,Channel_1,True,1,0.35,0.0,False,False
49,20260618,QUIET_20260618_1,0,2,Channel_2,True,1,0.37,0.0,False,False
49,20260618,QUIET_20260618_1,0,3,Channel_3,False,3,0.015,0.1238,False,False
50,20260618,QUIET_20260618_2,0,0,Channel_0,True,1,0.35,0.0,False,False
50,20260618,QUIET_20260618_2,0,1,Channel_1,True,1,0.37,0.0,False,False
50,20260618,QUIET_20260618_2,0,2,Channel_2,True,1,0.39,0.0,False,False
50,20260618,QUIET_20260618_2,0,3,Channel_3,False,11,1.9914,1.71,False,False
51,20260618,QUIET_20260618_3,0,0,Channel_0,True,1,0.37,0.0,False,False
51,20260618,QUIET_20260618_3,0,1,Channel_1,True,1,0.39,0.0,False,False
51,20260618,QUIET_20260618_3,0,2,Channel_2,True,1,0.41,0.0,False,False
51,20260618,QUIET_20260618_3,0,3,Channel_3,False,18,3.8953,2.4631,False,False
52,20260618,FLARE_20260618_0919_M8.6,1,0,Channel_0,True,1,0.39,0.0,False,False
52,20260618,FLARE_20260618_0919_M8.6,1,1,Channel_1,True,1,0.41,0.0,False,False
52,20260618,FLARE_20260618_0919_M8.6,1,2,Channel_2,True,1,0.43,0.0,False,False
52,20260618,FLARE_20260618_0919_M8.6,1,3,Channel_3,False,17,3.9625,2.2093,False,False
53,20260618,QUIET_20260618_5,0,0,Channel_0,True,1,0.41,0.0,False,False
53,20260618,QUIET_20260618_5,0,1,Channel_1,True,1,0.43,0.0,False,False
53,20260618,QUIET_20260618_5,0,2,Channel_2,True,1,0.35,0.0,False,False
53,20260618,QUIET_20260618_5,0,3,Channel_3,False,15,3.4631,2.1694,False,False
54,20260618,QUIET_20260618_6,0,0,Channel_0,True,1,0.43,0.0,False,False
54,20260618,QUIET_20260618_6,0,1,Channel_1,True,1,0.35,0.0,False,False
54,20260618,QUIET_20260618_6,0,2,Channel_2,True,1,0.37,0.0,False,False
54,20260618,QUIET_20260618_6,0,3,Channel_3,False,11,2.9422,1.6969,False,False
55,20260618,QUIET_20260618_7,0,0,Channel_0,True,1,0.35,0.0,False,False
55,20260618,QUIET_20260618_7,0,1,Channel_1,True,1,0.37,0.0,False,False
55,20260618,QUIET_20260618_7,0,2,Channel_2,True,1,0.39,0.0,False,False
55,20260618,QUIET_20260618_7,0,3,Channel_3,False,38,8.1806,7.3008,False,False
56,20260618,FLARE_20260618_1747_M3.8,1,0,Channel_0,True,1,0.37,0.0,False,False
56,20260618,FLARE_20260618_1747_M3.8,1,1,Channel_1,True,1,0.39,0.0,False,False
56,20260618,FLARE_20260618_1747_M3.8,1,2,Channel_2,True,1,0.41,0.0,False,False
56,20260618,FLARE_20260618_1747_M3.8,1,3,Channel_3,False,19,5.5228,2.845,False,False
57,20260618,QUIET_20260618_9,0,0,Channel_0,True,1,0.39,0.0,False,False
57,20260618,QUIET_20260618_9,0,1,Channel_1,True,1,0.41,0.0,False,False
57,20260618,QUIET_20260618_9,0,2,Channel_2,True,1,0.43,0.0,False,False
57,20260618,QUIET_20260618_9,0,3,Channel_3,False,18,5.3039,2.5123,False,False
58,20260618,QUIET_20260618_10,0,0,Channel_0,True,1,0.41,0.0,False,False
58,20260618,QUIET_20260618_10,0,1,Channel_1,True,1,0.43,0.0,False,False
58,20260618,QUIET_20260618_10,0,2,Channel_2,True,1,0.35,0.0,False,False
58,20260618,QUIET_20260618_10,0,3,Channel_3,False,19,6.3122,2.5709,False,False
59,20260618,QUIET_20260618_11,0,0,Channel_0,True,1,0.43,0.0,False,False
59,20260618,QUIET_20260618_11,0,1,Channel_1,True,1,0.35,0.0,False,False
59,20260618,QUIET_20260618_11,0,2,Channel_2,True,1,0.37,0.0,False,False
59,20260618,QUIET_20260618_11,0,3,Channel_3,False,92,19.9092,21.3024,False,False
60,20260603,FLARE_20260603_0130_M7.0,1,0,Channel_0,True,1,0.35,0.0,False,False
60,20260603,FLARE_20260603_0130_M7.0,1,1,Channel_1,True,1,0.37,0.0,False,False
60,20260603,FLARE_20260603_0130_M7.0,1,2,Channel_2,True,1,0.39,0.0,False,False
60,20260603,FLARE_20260603_0130_M7.0,1,3,Channel_3,True,1,0.41,0.0,False,False
61,20260603,QUIET_20260603_1,0,0,Channel_0,True,1,0.37,0.0,False,False
61,20260603,QUIET_20260603_1,0,1,Channel_1,True,1,0.39,0.0,False,False
61,20260603,QUIET_20260603_1,0,2,Channel_2,True,1,0.41,0.0,False,False
61,20260603,QUIET_20260603_1,0,3,Channel_3,True,1,0.43,0.0,False,False
62,20260603,QUIET_20260603_2,0,0,Channel_0,True,1,0.39,0.0,False,False
62,20260603,QUIET_20260603_2,0,1,Channel_1,True,1,0.41,0.0,False,False
62,20260603,QUIET_20260603_2,0,2,Channel_2,True,1,0.43,0.0,False,False
62,20260603,QUIET_20260603_2,0,3,Channel_3,True,1,0.35,0.0,False,False
63,20260603,QUIET_20260603_3,0,0,Channel_0,True,1,0.41,0.0,False,False
63,20260603,QUIET_20260603_3,0,1,Channel_1,True,1,0.43,0.0,False,False
63,20260603,QUIET_20260603_3,0,2,Channel_2,True,1,0.35,0.0,False,False
63,20260603,QUIET_20260603_3,0,3,Channel_3,True,1,0.37,0.0,False,False
64,20260603,FLARE_20260603_0958_M2.2,1,0,Channel_0,True,1,0.43,0.0,False,False
64,20260603,FLARE_20260603_0958_M2.2,1,1,Channel_1,True,1,0.35,0.0,False,False
64,20260603,FLARE_20260603_0958_M2.2,1,2,Channel_2,True,1,0.37,0.0,False,False
64,20260603,FLARE_20260603_0958_M2.2,1,3,Channel_3,True,1,0.39,0.0,False,False
65,20260603,QUIET_20260603_5,0,0,Channel_0,True,1,0.35,0.0,False,False
65,20260603,QUIET_20260603_5,0,1,Channel_1,True,1,0.37,0.0,False,False
65,20260603,QUIET_20260603_5,0,2,Channel_2,True,1,0.39,0.0,False,False
65,20260603,QUIET_20260603_5,0,3,Channel_3,True,1,0.41,0.0,False,False
66,20260603,QUIET_20260603_6,0,0,Channel_0,True,1,0.37,0.0,False,False
66,20260603,QUIET_20260603_6,0,1,Channel_1,True,1,0.39,0.0,False,False
66,20260603,QUIET_20260603_6,0,2,Channel_2,True,1,0.41,0.0,False,False
66,20260603,QUIET_20260603_6,0,3,Channel_3,True,1,0.43,0.0,False,False
67,20260603,QUIET_20260603_7,0,0,Channel_0,True,1,0.39,0.0,False,False
67,20260603,QUIET_20260603_7,0,1,Channel_1,True,1,0.41,0.0,False,False
67,20260603,QUIET_20260603_7,0,2,Channel_2,True,1,0.43,0.0,False,False
67,20260603,QUIET_20260603_7,0,3,Channel_3,True,1,0.35,0.0,False,False
68,20260603,FLARE_20260603_1741_M6.4,1,0,Channel_0,True,1,0.41,0.0,False,False
68,20260603,FLARE_20260603_1741_M6.4,1,1,Channel_1,True,1,0.43,0.0,False,False
68,20260603,FLARE_20260603_1741_M6.4,1,2,Channel_2,True,1,0.35,0.0,False,False
68,20260603,FLARE_20260603_1741_M6.4,1,3,Channel_3,True,1,0.37,0.0,False,False
69,20260603,QUIET_20260603_9,0,0,Channel_0,True,1,0.43,0.0,False,False
69,20260603,QUIET_20260603_9,0,1,Channel_1,True,1,0.35,0.0,False,False
69,20260603,QUIET_20260603_9,0,2,Channel_2,True,1,0.37,0.0,False,False
69,20260603,QUIET_20260603_9,0,3,Channel_3,True,1,0.39,0.0,False,False
70,20260603,QUIET_20260603_10,0,0,Channel_0,True,1,0.35,0.0,False,False
70,20260603,QUIET_20260603_10,0,1,Channel_1,True,1,0.37,0.0,False,False
70,20260603,QUIET_20260603_10,0,2,Channel_2,True,1,0.39,0.0,False,False
70,20260603,QUIET_20260603_10,0,3,Channel_3,True,1,0.41,0.0,False,False
71,20260603,QUIET_20260603_11,0,0,Channel_0,True,1,0.37,0.0,False,False
71,20260603,QUIET_20260603_11,0,1,Channel_1,True,1,0.39,0.0,False,False
71,20260603,QUIET_20260603_11,0,2,Channel_2,True,1,0.41,0.0,False,False
71,20260603,QUIET_20260603_11,0,3,Channel_3,True,1,0.43,0.0,False,False
72,20240531,FLARE_20240531_0124_M1.6,1,0,Channel_0,True,1,0.39,0.0,False,False
72,20240531,FLARE_20240531_0124_M1.6,1,1,Channel_1,True,1,0.41,0.0,False,False
72,20240531,FLARE_20240531_0124_M1.6,1,2,Channel_2,True,1,0.43,0.0,False,False
72,20240531,FLARE_20240531_0124_M1.6,1,3,Channel_3,True,1,0.35,0.0,False,False
73,20240531,QUIET_20240531_1,0,0,Channel_0,True,1,0.41,0.0,False,False
73,20240531,QUIET_20240531_1,0,1,Channel_1,True,1,0.43,0.0,False,False
73,20240531,QUIET_20240531_1,0,2,Channel_2,True,1,0.35,0.0,False,False
73,20240531,QUIET_20240531_1,0,3,Channel_3,True,1,0.37,0.0,False,False
74,20240531,QUIET_20240531_2,0,0,Channel_0,True,1,0.43,0.0,False,False
74,20240531,QUIET_20240531_2,0,1,Channel_1,True,1,0.35,0.0,False,False
74,20240531,QUIET_20240531_2,0,2,Channel_2,True,1,0.37,0.0,False,False
74,20240531,QUIET_20240531_2,0,3,Channel_3,True,1,0.39,0.0,False,False
75,20240531,QUIET_20240531_3,0,0,Channel_0,True,1,0.35,0.0,False,False
75,20240531,QUIET_20240531_3,0,1,Channel_1,True,1,0.37,0.0,False,False
75,20240531,QUIET_20240531_3,0,2,Channel_2,True,1,0.39,0.0,False,False
75,20240531,QUIET_20240531_3,0,3,Channel_3,True,1,0.41,0.0,False,False
76,20240531,FLARE_20240531_0952_M5.8,1,0,Channel_0,True,1,0.37,0.0,False,False
76,20240531,FLARE_20240531_0952_M5.8,1,1,Channel_1,True,1,0.39,0.0,False,False
76,20240531,FLARE_20240531_0952_M5.8,1,2,Channel_2,True,1,0.41,0.0,False,False
76,20240531,FLARE_20240531_0952_M5.8,1,3,Channel_3,True,1,0.43,0.0,False,False
77,20240531,QUIET_20240531_5,0,0,Channel_0,True,1,0.39,0.0,False,False
77,20240531,QUIET_20240531_5,0,1,Channel_1,True,1,0.41,0.0,False,False
77,20240531,QUIET_20240531_5,0,2,Channel_2,True,1,0.43,0.0,False,False
77,20240531,QUIET_20240531_5,0,3,Channel_3,True,1,0.35,0.0,False,False
78,20240531,QUIET_20240531_6,0,0,Channel_0,True,1,0.41,0.0,False,False
78,20240531,QUIET_20240531_6,0,1,Channel_1,True,1,0.43,0.0,False,False
78,20240531,QUIET_20240531_6,0,2,Channel_2,True,1,0.35,0.0,False,False
78,20240531,QUIET_20240531_6,0,3,Channel_3,True,1,0.37,0.0,False,False
79,20240531,QUIET_20240531_7,0,0,Channel_0,True,1,0.43,0.0,False,False
79,20240531,QUIET_20240531_7,0,1,Channel_1,True,1,0.35,0.0,False,False
79,20240531,QUIET_20240531_7,0,2,Channel_2,True,1,0.37,0.0,False,False
79,20240531,QUIET_20240531_7,0,3,Channel_3,True,1,0.39,0.0,False,False
80,20240531,FLARE_20240531_1735_M9.0,1,0,Channel_0,True,1,0.35,0.0,False,False
80,20240531,FLARE_20240531_1735_M9.0,1,1,Channel_1,True,1,0.37,0.0,False,False
80,20240531,FLARE_20240531_1735_M9.0,1,2,Channel_2,True,1,0.39,0.0,False,False
80,20240531,FLARE_20240531_1735_M9.0,1,3,Channel_3,True,1,0.41,0.0,False,False
81,20240531,QUIET_20240531_9,0,0,Channel_0,True,1,0.37,0.0,False,False
81,20240531,QUIET_20240531_9,0,1,Channel_1,True,1,0.39,0.0,False,False
81,20240531,QUIET_20240531_9,0,2,Channel_2,True,1,0.41,0.0,False,False
81,20240531,QUIET_20240531_9,0,3,Channel_3,True,1,0.43,0.0,False,False
82,20240531,QUIET_20240531_10,0,0,Channel_0,True,1,0.39,0.0,False,False
82,20240531,QUIET_20240531_10,0,1,Channel_1,True,1,0.41,0.0,False,False
82,20240531,QUIET_20240531_10,0,2,Channel_2,True,1,0.43,0.0,False,False
82,20240531,QUIET_20240531_10,0,3,Channel_3,True,1,0.35,0.0,False,False
83,20240531,QUIET_20240531_11,0,0,Channel_0,True,1,0.41,0.0,False,False
83,20240531,QUIET_20240531_11,0,1,Channel_1,True,1,0.43,0.0,False,False
83,20240531,QUIET_20240531_11,0,2,Channel_2,True,1,0.35,0.0,False,False
83,20240531,QUIET_20240531_11,0,3,Channel_3,True,1,0.37,0.0,False,False
84,20260629,FLARE_20260629_0118_M4.2,1,0,Channel_0,True,1,0.43,0.0,False,False
84,20260629,FLARE_20260629_0118_M4.2,1,1,Channel_1,True,1,0.35,0.0,False,False
84,20260629,FLARE_20260629_0118_M4.2,1,2,Channel_2,True,1,0.37,0.0,False,False
84,20260629,FLARE_20260629_0118_M4.2,1,3,Channel_3,False,89,54.3194,27.2066,False,False
85,20260629,QUIET_20260629_1,0,0,Channel_0,True,1,0.35,0.0,False,False
85,20260629,QUIET_20260629_1,0,1,Channel_1,True,1,0.37,0.0,False,False
85,20260629,QUIET_20260629_1,0,2,Channel_2,True,1,0.39,0.0,False,False
85,20260629,QUIET_20260629_1,0,3,Channel_3,False,71,36.8825,11.8419,False,False
86,20260629,QUIET_20260629_2,0,0,Channel_0,True,1,0.37,0.0,False,False
86,20260629,QUIET_20260629_2,0,1,Channel_1,True,1,0.39,0.0,False,False
86,20260629,QUIET_20260629_2,0,2,Channel_2,True,1,0.41,0.0,False,False
86,20260629,QUIET_20260629_2,0,3,Channel_3,False,84,36.3278,15.9196,False,False
87,20260629,QUIET_20260629_3,0,0,Channel_0,True,1,0.39,0.0,False,False
87,20260629,QUIET_20260629_3,0,1,Channel_1,True,1,0.41,0.0,False,False
87,20260629,QUIET_20260629_3,0,2,Channel_2,True,1,0.43,0.0,False,False
87,20260629,QUIET_20260629_3,0,3,Channel_3,False,78,86.9733,24.3355,False,False
88,20260629,FLARE_20260629_0946_M8.4,1,0,Channel_0,True,1,0.41,0.0,False,False
88,20260629,FLARE_20260629_0946_M8.4,1,1,Channel_1,True,1,0.43,0.0,False,False
88,20260629,FLARE_20260629_0946_M8.4,1,2,Channel_2,True,1,0.35,0.0,False,False
88,20260629,FLARE_20260629_0946_M8.4,1,3,Channel_3,False,70,66.7756,18.0643,False,False
89,20260629,QUIET_20260629_5,0,0,Channel_0,True,1,0.43,0.0,False,False
89,20260629,QUIET_20260629_5,0,1,Channel_1,True,1,0.35,0.0,False,False
89,20260629,QUIET_20260629_5,0,2,Channel_2,True,1,0.37,0.0,False,False
89,20260629,QUIET_20260629_5,0,3,Channel_3,False,57,36.7569,9.9305,False,False
90,20260629,QUIET_20260629_6,0,0,Channel_0,True,1,0.35,0.0,False,False
90,20260629,QUIET_20260629_6,0,1,Channel_1,True,1,0.37,0.0,False,False
90,20260629,QUIET_20260629_6,0,2,Channel_2,True,1,0.39,0.0,False,False
90,20260629,QUIET_20260629_6,0,3,Channel_3,False,45,28.51,7.0412,False,False
91,20260629,QUIET_20260629_7,0,0,Channel_0,True,1,0.37,0.0,False,False
91,20260629,QUIET_20260629_7,0,1,Channel_1,True,1,0.39,0.0,False,False
91,20260629,QUIET_20260629_7,0,2,Channel_2,True,1,0.41,0.0,False,False
91,20260629,QUIET_20260629_7,0,3,Channel_3,False,87,47.5122,29.8953,False,False
92,20260629,FLARE_20260629_1729_M3.6,1,0,Channel_0,True,1,0.39,0.0,False,False
92,20260629,FLARE_20260629_1729_M3.6,1,1,Channel_1,True,1,0.41,0.0,False,False
92,20260629,FLARE_20260629_1729_M3.6,1,2,Channel_2,True,1,0.43,0.0,False,False
92,20260629,FLARE_20260629_1729_M3.6,1,3,Channel_3,False,16,99.8589,1.8939,False,False
93,20260629,QUIET_20260629_9,0,0,Channel_0,True,1,0.41,0.0,False,False
93,20260629,QUIET_20260629_9,0,1,Channel_1,True,1,0.43,0.0,False,False
93,20260629,QUIET_20260629_9,0,2,Channel_2,True,1,0.35,0.0,False,False
93,20260629,QUIET_20260629_9,0,3,Channel_3,False,80,75.1319,25.6228,False,False
94,20260629,QUIET_20260629_10,0,0,Channel_0,True,1,0.43,0.0,False,False
94,20260629,QUIET_20260629_10,0,1,Channel_1,True,1,0.35,0.0,False,False
94,20260629,QUIET_20260629_10,0,2,Channel_2,True,1,0.37,0.0,False,False
94,20260629,QUIET_20260629_10,0,3,Channel_3,False,80,46.2528,13.6685,False,False
95,20260629,QUIET_20260629_11,0,0,Channel_0,True,1,0.35,0.0,False,False
95,20260629,QUIET_20260629_11,0,1,Channel_1,True,1,0.37,0.0,False,False
95,20260629,QUIET_20260629_11,0,2,Channel_2,True,1,0.39,0.0,False,False
95,20260629,QUIET_20260629_11,0,3,Channel_3,False,54,25.4103,8.1614,False,False
96,20260529,FLARE_20260529_0157_M7.8,1,0,Channel_0,True,1,0.37,0.0,False,False
96,20260529,FLARE_20260529_0157_M7.8,1,1,Channel_1,True,1,0.39,0.0,False,False
96,20260529,FLARE_20260529_0157_M7.8,1,2,Channel_2,True,1,0.41,0.0,False,False
96,20260529,FLARE_20260529_0157_M7.8,1,3,Channel_3,True,1,0.43,0.0,False,False
97,20260529,QUIET_20260529_1,0,0,Channel_0,True,1,0.39,0.0,False,False
97,20260529,QUIET_20260529_1,0,1,Channel_1,True,1,0.41,0.0,False,False
97,20260529,QUIET_20260529_1,0,2,Channel_2,True,1,0.43,0.0,False,False
97,20260529,QUIET_20260529_1,0,3,Channel_3,True,1,0.35,0.0,False,False
98,20260529,QUIET_20260529_2,0,0,Channel_0,True,1,0.41,0.0,False,False
98,20260529,QUIET_20260529_2,0,1,Channel_1,True,1,0.43,0.0,False,False
98,20260529,QUIET_20260529_2,0,2,Channel_2,True,1,0.35,0.0,False,False
98,20260529,QUIET_20260529_2,0,3,Channel_3,True,1,0.37,0.0,False,False
99,20260529,QUIET_20260529_3,0,0,Channel_0,True,1,0.43,0.0,False,False
99,20260529,QUIET_20260529_3,0,1,Channel_1,True,1,0.35,0.0,False,False
99,20260529,QUIET_20260529_3,0,2,Channel_2,True,1,0.37,0.0,False,False
99,20260529,QUIET_20260529_3,0,3,Channel_3,True,1,0.39,0.0,False,False
100,20260529,FLARE_20260529_0940_M2.0,1,0,Channel_0,True,1,0.35,0.0,False,False
100,20260529,FLARE_20260529_0940_M2.0,1,1,Channel_1,True,1,0.37,0.0,False,False
100,20260529,FLARE_20260529_0940_M2.0,1,2,Channel_2,True,1,0.39,0.0,False,False
100,20260529,FLARE_20260529_0940_M2.0,1,3,Channel_3,True,1,0.41,0.0,False,False
101,20260529,QUIET_20260529_5,0,0,Channel_0,True,1,0.37,0.0,False,False
101,20260529,QUIET_20260529_5,0,1,Channel_1,True,1,0.39,0.0,False,False
101,20260529,QUIET_20260529_5,0,2,Channel_2,True,1,0.41,0.0,False,False
101,20260529,QUIET_20260529_5,0,3,Channel_3,True,1,0.43,0.0,False,False
102,20260529,QUIET_20260529_6,0,0,Channel_0,True,1,0.39,0.0,False,False
102,20260529,QUIET_20260529_6,0,1,Channel_1,True,1,0.41,0.0,False,False
102,20260529,QUIET_20260529_6,0,2,Channel_2,True,1,0.43,0.0,False,False
102,20260529,QUIET_20260529_6,0,3,Channel_3,True,1,0.35,0.0,False,False
103,20260529,QUIET_20260529_7,0,0,Channel_0,True,1,0.41,0.0,False,False
103,20260529,QUIET_20260529_7,0,1,Channel_1,True,1,0.43,0.0,False,False
103,20260529,QUIET_20260529_7,0,2,Channel_2,True,1,0.35,0.0,False,False
103,20260529,QUIET_20260529_7,0,3,Channel_3,True,1,0.37,0.0,False,False
104,20260529,FLARE_20260529_1723_M6.2,1,0,Channel_0,True,1,0.43,0.0,False,False
104,20260529,FLARE_20260529_1723_M6.2,1,1,Channel_1,True,1,0.35,0.0,False,False
104,20260529,FLARE_20260529_1723_M6.2,1,2,Channel_2,True,1,0.37,0.0,False,False
104,20260529,FLARE_20260529_1723_M6.2,1,3,Channel_3,True,1,0.39,0.0,False,False
105,20260529,QUIET_20260529_9,0,0,Channel_0,True,1,0.35,0.0,False,False
105,20260529,QUIET_20260529_9,0,1,Channel_1,True,1,0.37,0.0,False,False
105,20260529,QUIET_20260529_9,0,2,Channel_2,True,1,0.39,0.0,False,False
105,20260529,QUIET_20260529_9,0,3,Channel_3,True,1,0.41,0.0,False,False
106,20260529,QUIET_20260529_10,0,0,Channel_0,True,1,0.37,0.0,False,False
106,20260529,QUIET_20260529_10,0,1,Channel_1,True,1,0.39,0.0,False,False
106,20260529,QUIET_20260529_10,0,2,Channel_2,True,1,0.41,0.0,False,False
106,20260529,QUIET_20260529_10,0,3,Channel_3,True,1,0.43,0.0,False,False
107,20260529,QUIET_20260529_11,0,0,Channel_0,True,1,0.39,0.0,False,False
107,20260529,QUIET_20260529_11,0,1,Channel_1,True,1,0.41,0.0,False,False
107,20260529,QUIET_20260529_11,0,2,Channel_2,True,1,0.43,0.0,False,False
107,20260529,QUIET_20260529_11,0,3,Channel_3,True,1,0.35,0.0,False,False
108,20260514,FLARE_20260514_0151_M1.4,1,0,Channel_0,True,1,0.41,0.0,False,False
108,20260514,FLARE_20260514_0151_M1.4,1,1,Channel_1,True,1,0.43,0.0,False,False
108,20260514,FLARE_20260514_0151_M1.4,1,2,Channel_2,True,1,0.35,0.0,False,False
108,20260514,FLARE_20260514_0151_M1.4,1,3,Channel_3,True,1,0.37,0.0,False,False
109,20260514,QUIET_20260514_1,0,0,Channel_0,True,1,0.43,0.0,False,False
109,20260514,QUIET_20260514_1,0,1,Channel_1,True,1,0.35,0.0,False,False
109,20260514,QUIET_20260514_1,0,2,Channel_2,True,1,0.37,0.0,False,False
109,20260514,QUIET_20260514_1,0,3,Channel_3,True,1,0.39,0.0,False,False
110,20260514,QUIET_20260514_2,0,0,Channel_0,True,1,0.35,0.0,False,False
110,20260514,QUIET_20260514_2,0,1,Channel_1,True,1,0.37,0.0,False,False
110,20260514,QUIET_20260514_2,0,2,Channel_2,True,1,0.39,0.0,False,False
110,20260514,QUIET_20260514_2,0,3,Channel_3,True,1,0.41,0.0,False,False
111,20260514,QUIET_20260514_3,0,0,Channel_0,True,1,0.37,0.0,False,False
111,20260514,QUIET_20260514_3,0,1,Channel_1,True,1,0.39,0.0,False,False
111,20260514,QUIET_20260514_3,0,2,Channel_2,True,1,0.41,0.0,False,False
111,20260514,QUIET_20260514_3,0,3,Channel_3,True,1,0.43,0.0,False,False
112,20260514,FLARE_20260514_0934_M5.6,1,0,Channel_0,True,1,0.39,0.0,False,False
112,20260514,FLARE_20260514_0934_M5.6,1,1,Channel_1,True,1,0.41,0.0,False,False
112,20260514,FLARE_20260514_0934_M5.6,1,2,Channel_2,True,1,0.43,0.0,False,False
112,20260514,FLARE_20260514_0934_M5.6,1,3,Channel_3,True,1,0.35,0.0,False,False
113,20260514,QUIET_20260514_5,0,0,Channel_0,True,1,0.41,0.0,False,False
113,20260514,QUIET_20260514_5,0,1,Channel_1,True,1,0.43,0.0,False,False
113,20260514,QUIET_20260514_5,0,2,Channel_2,True,1,0.35,0.0,False,False
113,20260514,QUIET_20260514_5,0,3,Channel_3,True,1,0.37,0.0,False,False
114,20260514,QUIET_20260514_6,0,0,Channel_0,True,1,0.43,0.0,False,False
114,20260514,QUIET_20260514_6,0,1,Channel_1,True,1,0.35,0.0,False,False
114,20260514,QUIET_20260514_6,0,2,Channel_2,True,1,0.37,0.0,False,False
114,20260514,QUIET_20260514_6,0,3,Channel_3,True,1,0.39,0.0,False,False
115,20260514,QUIET_20260514_7,0,0,Channel_0,True,1,0.35,0.0,False,False
115,20260514,QUIET_20260514_7,0,1,Channel_1,True,1,0.37,0.0,False,False
115,20260514,QUIET_20260514_7,0,2,Channel_2,True,1,0.39,0.0,False,False
115,20260514,QUIET_20260514_7,0,3,Channel_3,True,1,0.41,0.0,False,False
116,20260514,FLARE_20260514_1717_M9.8,1,0,Channel_0,True,1,0.37,0.0,False,False
116,20260514,FLARE_20260514_1717_M9.8,1,1,Channel_1,True,1,0.39,0.0,False,False
116,20260514,FLARE_20260514_1717_M9.8,1,2,Channel_2,True,1,0.41,0.0,False,False
116,20260514,FLARE_20260514_1717_M9.8,1,3,Channel_3,True,1,0.43,0.0,False,False
117,20260514,QUIET_20260514_9,0,0,Channel_0,True,1,0.39,0.0,False,False
117,20260514,QUIET_20260514_9,0,1,Channel_1,True,1,0.41,0.0,False,False
117,20260514,QUIET_20260514_9,0,2,Channel_2,True,1,0.43,0.0,False,False
117,20260514,QUIET_20260514_9,0,3,Channel_3,True,1,0.35,0.0,False,False
118,20260514,QUIET_20260514_10,0,0,Channel_0,True,1,0.41,0.0,False,False
118,20260514,QUIET_20260514_10,0,1,Channel_1,True,1,0.43,0.0,False,False
118,20260514,QUIET_20260514_10,0,2,Channel_2,True,1,0.35,0.0,False,False
118,20260514,QUIET_20260514_10,0,3,Channel_3,True,1,0.37,0.0,False,False
119,20260514,QUIET_20260514_11,0,0,Channel_0,True,1,0.43,0.0,False,False
119,20260514,QUIET_20260514_11,0,1,Channel_1,True,1,0.35,0.0,False,False
119,20260514,QUIET_20260514_11,0,2,Channel_2,True,1,0.37,0.0,False,False
119,20260514,QUIET_20260514_11,0,3,Channel_3,True,1,0.39,0.0,False,False
120,20240518,FLARE_20240518_0145_M4.0,1,0,Channel_0,True,1,0.35,0.0,False,False
120,20240518,FLARE_20240518_0145_M4.0,1,1,Channel_1,True,1,0.37,0.0,False,False
120,20240518,FLARE_20240518_0145_M4.0,1,2,Channel_2,True,1,0.39,0.0,False,False
120,20240518,FLARE_20240518_0145_M4.0,1,3,Channel_3,True,1,0.41,0.0,False,False
121,20240518,QUIET_20240518_1,0,0,Channel_0,True,1,0.37,0.0,False,False
121,20240518,QUIET_20240518_1,0,1,Channel_1,True,1,0.39,0.0,False,False
121,20240518,QUIET_20240518_1,0,2,Channel_2,True,1,0.41,0.0,False,False
121,20240518,QUIET_20240518_1,0,3,Channel_3,True,1,0.43,0.0,False,False
122,20240518,QUIET_20240518_2,0,0,Channel_0,True,1,0.39,0.0,False,False
122,20240518,QUIET_20240518_2,0,1,Channel_1,True,1,0.41,0.0,False,False
122,20240518,QUIET_20240518_2,0,2,Channel_2,True,1,0.43,0.0,False,False
122,20240518,QUIET_20240518_2,0,3,Channel_3,True,1,0.35,0.0,False,False
123,20240518,QUIET_20240518_3,0,0,Channel_0,True,1,0.41,0.0,False,False
123,20240518,QUIET_20240518_3,0,1,Channel_1,True,1,0.43,0.0,False,False
123,20240518,QUIET_20240518_3,0,2,Channel_2,True,1,0.35,0.0,False,False
123,20240518,QUIET_20240518_3,0,3,Channel_3,True,1,0.37,0.0,False,False
124,20240518,FLARE_20240518_0928_M8.2,1,0,Channel_0,True,1,0.43,0.0,False,False
124,20240518,FLARE_20240518_0928_M8.2,1,1,Channel_1,True,1,0.35,0.0,False,False
124,20240518,FLARE_20240518_0928_M8.2,1,2,Channel_2,True,1,0.37,0.0,False,False
124,20240518,FLARE_20240518_0928_M8.2,1,3,Channel_3,True,1,0.39,0.0,False,False
125,20240518,QUIET_20240518_5,0,0,Channel_0,True,1,0.35,0.0,False,False
125,20240518,QUIET_20240518_5,0,1,Channel_1,True,1,0.37,0.0,False,False
125,20240518,QUIET_20240518_5,0,2,Channel_2,True,1,0.39,0.0,False,False
125,20240518,QUIET_20240518_5,0,3,Channel_3,True,1,0.41,0.0,False,False
126,20240518,QUIET_20240518_6,0,0,Channel_0,True,1,0.37,0.0,False,False
126,20240518,QUIET_20240518_6,0,1,Channel_1,True,1,0.39,0.0,False,False
126,20240518,QUIET_20240518_6,0,2,Channel_2,True,1,0.41,0.0,False,False
126,20240518,QUIET_20240518_6,0,3,Channel_3,True,1,0.43,0.0,False,False
127,20240518,QUIET_20240518_7,0,0,Channel_0,True,1,0.39,0.0,False,False
127,20240518,QUIET_20240518_7,0,1,Channel_1,True,1,0.41,0.0,False,False
127,20240518,QUIET_20240518_7,0,2,Channel_2,True,1,0.43,0.0,False,False
127,20240518,QUIET_20240518_7,0,3,Channel_3,True,1,0.35,0.0,False,False
128,20240518,FLARE_20240518_1756_M3.4,1,0,Channel_0,True,1,0.41,0.0,False,False
128,20240518,FLARE_20240518_1756_M3.4,1,1,Channel_1,True,1,0.43,0.0,False,False
128,20240518,FLARE_20240518_1756_M3.4,1,2,Channel_2,True,1,0.35,0.0,False,False
128,20240518,FLARE_20240518_1756_M3.4,1,3,Channel_3,True,1,0.37,0.0,False,False
129,20240518,QUIET_20240518_9,0,0,Channel_0,True,1,0.43,0.0,False,False
129,20240518,QUIET_20240518_9,0,1,Channel_1,True,1,0.35,0.0,False,False
129,20240518,QUIET_20240518_9,0,2,Channel_2,True,1,0.37,0.0,False,False
129,20240518,QUIET_20240518_9,0,3,Channel_3,True,1,0.39,0.0,False,False
130,20240518,QUIET_20240518_10,0,0,Channel_0,True,1,0.35,0.0,False,False
130,20240518,QUIET_20240518_10,0,1,Channel_1,True,1,0.37,0.0,False,False
130,20240518,QUIET_20240518_10,0,2,Channel_2,True,1,0.39,0.0,False,False
130,20240518,QUIET_20240518_10,0,3,Channel_3,True,1,0.41,0.0,False,False
131,20240518,QUIET_20240518_11,0,0,Channel_0,True,1,0.37,0.0,False,False
131,20240518,QUIET_20240518_11,0,1,Channel_1,True,1,0.39,0.0,False,False
131,20240518,QUIET_20240518_11,0,2,Channel_2,True,1,0.41,0.0,False,False
131,20240518,QUIET_20240518_11,0,3,Channel_3,True,1,0.43,0.0,False,False
132,20260627,FLARE_20260627_0139_M7.6,1,0,Channel_0,True,1,0.39,0.0,False,False
132,20260627,FLARE_20260627_0139_M7.6,1,1,Channel_1,True,1,0.41,0.0,False,False
132,20260627,FLARE_20260627_0139_M7.6,1,2,Channel_2,True,1,0.43,0.0,False,False
132,20260627,FLARE_20260627_0139_M7.6,1,3,Channel_3,False,43,26.6814,5.8593,False,False
133,20260627,QUIET_20260627_1,0,0,Channel_0,True,1,0.41,0.0,False,False
133,20260627,QUIET_20260627_1,0,1,Channel_1,True,1,0.43,0.0,False,False
133,20260627,QUIET_20260627_1,0,2,Channel_2,True,1,0.35,0.0,False,False
133,20260627,QUIET_20260627_1,0,3,Channel_3,False,37,22.2847,5.3183,False,False
134,20260627,QUIET_20260627_2,0,0,Channel_0,True,1,0.43,0.0,False,False
134,20260627,QUIET_20260627_2,0,1,Channel_1,True,1,0.35,0.0,False,False
134,20260627,QUIET_20260627_2,0,2,Channel_2,True,1,0.37,0.0,False,False
134,20260627,QUIET_20260627_2,0,3,Channel_3,False,48,22.7392,6.5644,False,False
135,20260627,QUIET_20260627_3,0,0,Channel_0,True,1,0.35,0.0,False,False
135,20260627,QUIET_20260627_3,0,1,Channel_1,True,1,0.37,0.0,False,False
135,20260627,QUIET_20260627_3,0,2,Channel_2,True,1,0.39,0.0,False,False
135,20260627,QUIET_20260627_3,0,3,Channel_3,False,43,25.3636,6.3257,False,False
136,20260627,FLARE_20260627_0922_M2.8,1,0,Channel_0,True,1,0.37,0.0,False,False
136,20260627,FLARE_20260627_0922_M2.8,1,1,Channel_1,True,1,0.39,0.0,False,False
136,20260627,FLARE_20260627_0922_M2.8,1,2,Channel_2,True,1,0.41,0.0,False,False
136,20260627,FLARE_20260627_0922_M2.8,1,3,Channel_3,False,38,22.8544,5.3505,False,False
137,20260627,QUIET_20260627_5,0,0,Channel_0,True,1,0.39,0.0,False,False
137,20260627,QUIET_20260627_5,0,1,Channel_1,True,1,0.41,0.0,False,False
137,20260627,QUIET_20260627_5,0,2,Channel_2,True,1,0.43,0.0,False,False
137,20260627,QUIET_20260627_5,0,3,Channel_3,False,67,32.0133,8.3546,False,False
138,20260627,QUIET_20260627_6,0,0,Channel_0,True,1,0.41,0.0,False,False
138,20260627,QUIET_20260627_6,0,1,Channel_1,True,1,0.43,0.0,False,False
138,20260627,QUIET_20260627_6,0,2,Channel_2,True,1,0.35,0.0,False,False
138,20260627,QUIET_20260627_6,0,3,Channel_3,False,62,31.39,9.1784,False,False
139,20260627,QUIET_20260627_7,0,0,Channel_0,True,1,0.43,0.0,False,False
139,20260627,QUIET_20260627_7,0,1,Channel_1,True,1,0.35,0.0,False,False
139,20260627,QUIET_20260627_7,0,2,Channel_2,True,1,0.37,0.0,False,False
139,20260627,QUIET_20260627_7,0,3,Channel_3,False,59,42.6242,8.7073,False,False
140,20260627,FLARE_20260627_1750_M6.0,1,0,Channel_0,True,1,0.35,0.0,False,False
140,20260627,FLARE_20260627_1750_M6.0,1,1,Channel_1,True,1,0.37,0.0,False,False
140,20260627,FLARE_20260627_1750_M6.0,1,2,Channel_2,True,1,0.39,0.0,False,False
140,20260627,FLARE_20260627_1750_M6.0,1,3,Channel_3,False,78,39.0328,11.4828,False,False
141,20260627,QUIET_20260627_9,0,0,Channel_0,True,1,0.37,0.0,False,False
141,20260627,QUIET_20260627_9,0,1,Channel_1,True,1,0.39,0.0,False,False
141,20260627,QUIET_20260627_9,0,2,Channel_2,True,1,0.41,0.0,False,False
141,20260627,QUIET_20260627_9,0,3,Channel_3,False,80,68.5275,24.0,False,False
142,20260627,QUIET_20260627_10,0,0,Channel_0,True,1,0.39,0.0,False,False
142,20260627,QUIET_20260627_10,0,1,Channel_1,True,1,0.41,0.0,False,False
142,20260627,QUIET_20260627_10,0,2,Channel_2,True,1,0.43,0.0,False,False
142,20260627,QUIET_20260627_10,0,3,Channel_3,False,81,42.4672,10.7134,False,False
143,20260627,QUIET_20260627_11,0,0,Channel_0,True,1,0.41,0.0,False,False
143,20260627,QUIET_20260627_11,0,1,Channel_1,True,1,0.43,0.0,False,False
143,20260627,QUIET_20260627_11,0,2,Channel_2,True,1,0.35,0.0,False,False
143,20260627,QUIET_20260627_11,0,3,Channel_3,False,48,33.85,6.7506,False,False
144,20260701,FLARE_20260701_0133_M1.2,1,0,Channel_0,True,1,0.43,0.0,False,False
144,20260701,FLARE_20260701_0133_M1.2,1,1,Channel_1,True,1,0.35,0.0,False,False
144,20260701,FLARE_20260701_0133_M1.2,1,2,Channel_2,True,1,0.37,0.0,False,False
144,20260701,FLARE_20260701_0133_M1.2,1,3,Channel_3,False,54,38.7347,7.7614,False,False
145,20260701,QUIET_20260701_1,0,0,Channel_0,True,1,0.35,0.0,False,False
145,20260701,QUIET_20260701_1,0,1,Channel_1,True,1,0.37,0.0,False,False
145,20260701,QUIET_20260701_1,0,2,Channel_2,True,1,0.39,0.0,False,False
145,20260701,QUIET_20260701_1,0,3,Channel_3,False,51,38.4508,7.8948,False,False
146,20260701,QUIET_20260701_2,0,0,Channel_0,True,1,0.37,0.0,False,False
146,20260701,QUIET_20260701_2,0,1,Channel_1,True,1,0.39,0.0,False,False
146,20260701,QUIET_20260701_2,0,2,Channel_2,True,1,0.41,0.0,False,False
146,20260701,QUIET_20260701_2,0,3,Channel_3,False,52,28.7556,6.7474,False,False
147,20260701,QUIET_20260701_3,0,0,Channel_0,True,1,0.39,0.0,False,False
147,20260701,QUIET_20260701_3,0,1,Channel_1,True,1,0.41,0.0,False,False
147,20260701,QUIET_20260701_3,0,2,Channel_2,True,1,0.43,0.0,False,False
147,20260701,QUIET_20260701_3,0,3,Channel_3,False,47,27.4167,6.7334,False,False
148,20260701,FLARE_20260701_0916_M5.4,1,0,Channel_0,True,1,0.41,0.0,False,False
148,20260701,FLARE_20260701_0916_M5.4,1,1,Channel_1,True,1,0.43,0.0,False,False
148,20260701,FLARE_20260701_0916_M5.4,1,2,Channel_2,True,1,0.35,0.0,False,False
148,20260701,FLARE_20260701_0916_M5.4,1,3,Channel_3,False,78,67.6436,21.2231,False,False
149,20260701,QUIET_20260701_5,0,0,Channel_0,True,1,0.43,0.0,False,False
149,20260701,QUIET_20260701_5,0,1,Channel_1,True,1,0.35,0.0,False,False
149,20260701,QUIET_20260701_5,0,2,Channel_2,True,1,0.37,0.0,False,False
149,20260701,QUIET_20260701_5,0,3,Channel_3,False,81,72.42,25.4878,False,False
150,20260701,QUIET_20260701_6,0,0,Channel_0,True,1,0.35,0.0,False,False
150,20260701,QUIET_20260701_6,0,1,Channel_1,True,1,0.37,0.0,False,False
150,20260701,QUIET_20260701_6,0,2,Channel_2,True,1,0.39,0.0,False,False
150,20260701,QUIET_20260701_6,0,3,Channel_3,False,80,73.3497,26.6257,False,False
151,20260701,QUIET_20260701_7,0,0,Channel_0,True,1,0.37,0.0,False,False
151,20260701,QUIET_20260701_7,0,1,Channel_1,True,1,0.39,0.0,False,False
151,20260701,QUIET_20260701_7,0,2,Channel_2,True,1,0.41,0.0,False,False
151,20260701,QUIET_20260701_7,0,3,Channel_3,False,86,50.9839,24.1154,False,False
152,20260701,FLARE_20260701_1744_M9.6,1,0,Channel_0,True,1,0.39,0.0,False,False
152,20260701,FLARE_20260701_1744_M9.6,1,1,Channel_1,True,1,0.41,0.0,False,False
152,20260701,FLARE_20260701_1744_M9.6,1,2,Channel_2,True,1,0.43,0.0,False,False
152,20260701,FLARE_20260701_1744_M9.6,1,3,Channel_3,False,87,56.5336,32.3488,False,False
153,20260701,QUIET_20260701_9,0,0,Channel_0,True,1,0.41,0.0,False,False
153,20260701,QUIET_20260701_9,0,1,Channel_1,True,1,0.43,0.0,False,False
153,20260701,QUIET_20260701_9,0,2,Channel_2,True,1,0.35,0.0,False,False
153,20260701,QUIET_20260701_9,0,3,Channel_3,False,68,76.3872,20.2902,False,False
154,20260701,QUIET_20260701_10,0,0,Channel_0,True,1,0.43,0.0,False,False
154,20260701,QUIET_20260701_10,0,1,Channel_1,True,1,0.35,0.0,False,False
154,20260701,QUIET_20260701_10,0,2,Channel_2,True,1,0.37,0.0,False,False
154,20260701,QUIET_20260701_10,0,3,Channel_3,False,64,84.3706,15.2241,False,False
155,20260701,QUIET_20260701_11,0,0,Channel_0,True,1,0.35,0.0,False,False
155,20260701,QUIET_20260701_11,0,1,Channel_1,True,1,0.37,0.0,False,False
155,20260701,QUIET_20260701_11,0,2,Channel_2,True,1,0.39,0.0,False,False
155,20260701,QUIET_20260701_11,0,3,Channel_3,True,1,100.0,0.0,False,False
156,20260702,FLARE_20260702_0127_M4.8,1,0,Channel_0,True,1,0.37,0.0,False,False
156,20260702,FLARE_20260702_0127_M4.8,1,1,Channel_1,True,1,0.39,0.0,False,False
156,20260702,FLARE_20260702_0127_M4.8,1,2,Channel_2,True,1,0.41,0.0,False,False
156,20260702,FLARE_20260702_0127_M4.8,1,3,Channel_3,False,27,99.3561,3.1892,False,False
157,20260702,QUIET_20260702_1,0,0,Channel_0,True,1,0.39,0.0,False,False
157,20260702,QUIET_20260702_1,0,1,Channel_1,True,1,0.41,0.0,False,False
157,20260702,QUIET_20260702_1,0,2,Channel_2,True,1,0.43,0.0,False,False
157,20260702,QUIET_20260702_1,0,3,Channel_3,False,41,92.5856,9.3083,False,False
158,20260702,QUIET_20260702_2,0,0,Channel_0,True,1,0.41,0.0,False,False
158,20260702,QUIET_20260702_2,0,1,Channel_1,True,1,0.43,0.0,False,False
158,20260702,QUIET_20260702_2,0,2,Channel_2,True,1,0.35,0.0,False,False
158,20260702,QUIET_20260702_2,0,3,Channel_3,False,2,99.9997,0.0167,False,False
159,20260702,QUIET_20260702_3,0,0,Channel_0,True,1,0.43,0.0,False,False
159,20260702,QUIET_20260702_3,0,1,Channel_1,True,1,0.35,0.0,False,False
159,20260702,QUIET_20260702_3,0,2,Channel_2,True,1,0.37,0.0,False,False
159,20260702,QUIET_20260702_3,0,3,Channel_3,False,43,92.7881,8.9456,False,False
160,20260702,FLARE_20260702_0955_M8.0,1,0,Channel_0,True,1,0.35,0.0,False,False
160,20260702,FLARE_20260702_0955_M8.0,1,1,Channel_1,True,1,0.37,0.0,False,False
160,20260702,FLARE_20260702_0955_M8.0,1,2,Channel_2,True,1,0.39,0.0,False,False
160,20260702,FLARE_20260702_0955_M8.0,1,3,Channel_3,False,53,87.8478,13.8291,False,False
161,20260702,QUIET_20260702_5,0,0,Channel_0,True,1,0.37,0.0,False,False
161,20260702,QUIET_20260702_5,0,1,Channel_1,True,1,0.39,0.0,False,False
161,20260702,QUIET_20260702_5,0,2,Channel_2,True,1,0.41,0.0,False,False
161,20260702,QUIET_20260702_5,0,3,Channel_3,False,68,68.305,20.4209,False,False
162,20260702,QUIET_20260702_6,0,0,Channel_0,True,1,0.39,0.0,False,False
162,20260702,QUIET_20260702_6,0,1,Channel_1,True,1,0.41,0.0,False,False
162,20260702,QUIET_20260702_6,0,2,Channel_2,True,1,0.43,0.0,False,False
162,20260702,QUIET_20260702_6,0,3,Channel_3,False,64,88.0897,13.6245,False,False
163,20260702,QUIET_20260702_7,0,0,Channel_0,True,1,0.41,0.0,False,False
163,20260702,QUIET_20260702_7,0,1,Channel_1,True,1,0.43,0.0,False,False
163,20260702,QUIET_20260702_7,0,2,Channel_2,True,1,0.35,0.0,False,False
163,20260702,QUIET_20260702_7,0,3,Channel_3,False,47,92.8111,9.7452,False,False
164,20260702,FLARE_20260702_1738_M3.2,1,0,Channel_0,True,1,0.43,0.0,False,False
164,20260702,FLARE_20260702_1738_M3.2,1,1,Channel_1,True,1,0.35,0.0,False,False
164,20260702,FLARE_20260702_1738_M3.2,1,2,Channel_2,True,1,0.37,0.0,False,False
164,20260702,FLARE_20260702_1738_M3.2,1,3,Channel_3,False,60,78.6019,15.3694,False,False
165,20260702,QUIET_20260702_9,0,0,Channel_0,True,1,0.35,0.0,False,False
165,20260702,QUIET_20260702_9,0,1,Channel_1,True,1,0.37,0.0,False,False
165,20260702,QUIET_20260702_9,0,2,Channel_2,True,1,0.39,0.0,False,False
165,20260702,QUIET_20260702_9,0,3,Channel_3,True,1,100.0,0.0,False,False
166,20260702,QUIET_20260702_10,0,0,Channel_0,True,1,0.37,0.0,False,False
166,20260702,QUIET_20260702_10,0,1,Channel_1,True,1,0.39,0.0,False,False
166,20260702,QUIET_20260702_10,0,2,Channel_2,True,1,0.41,0.0,False,False
166,20260702,QUIET_20260702_10,0,3,Channel_3,False,5,99.9925,0.2302,False,False
167,20260702,QUIET_20260702_11,0,0,Channel_0,True,1,0.39,0.0,False,False
167,20260702,QUIET_20260702_11,0,1,Channel_1,True,1,0.41,0.0,False,False
167,20260702,QUIET_20260702_11,0,2,Channel_2,True,1,0.43,0.0,False,False
167,20260702,QUIET_20260702_11,0,3,Channel_3,False,50,86.9381,11.8282,False,False
168,20260511,FLARE_20260511_0121_M7.4,1,0,Channel_0,True,1,0.41,0.0,False,False
168,20260511,FLARE_20260511_0121_M7.4,1,1,Channel_1,True,1,0.43,0.0,False,False
168,20260511,FLARE_20260511_0121_M7.4,1,2,Channel_2,True,1,0.35,0.0,False,False
168,20260511,FLARE_20260511_0121_M7.4,1,3,Channel_3,True,1,0.37,0.0,False,False
169,20260511,QUIET_20260511_1,0,0,Channel_0,True,1,0.43,0.0,False,False
169,20260511,QUIET_20260511_1,0,1,Channel_1,True,1,0.35,0.0,False,False
169,20260511,QUIET_20260511_1,0,2,Channel_2,True,1,0.37,0.0,False,False
169,20260511,QUIET_20260511_1,0,3,Channel_3,True,1,0.39,0.0,False,False
170,20260511,QUIET_20260511_2,0,0,Channel_0,True,1,0.35,0.0,False,False
170,20260511,QUIET_20260511_2,0,1,Channel_1,True,1,0.37,0.0,False,False
170,20260511,QUIET_20260511_2,0,2,Channel_2,True,1,0.39,0.0,False,False
170,20260511,QUIET_20260511_2,0,3,Channel_3,True,1,0.41,0.0,False,False
171,20260511,QUIET_20260511_3,0,0,Channel_0,True,1,0.37,0.0,False,False
171,20260511,QUIET_20260511_3,0,1,Channel_1,True,1,0.39,0.0,False,False
171,20260511,QUIET_20260511_3,0,2,Channel_2,True,1,0.41,0.0,False,False
171,20260511,QUIET_20260511_3,0,3,Channel_3,True,1,0.43,0.0,False,False
172,20260511,FLARE_20260511_0949_M2.6,1,0,Channel_0,True,1,0.39,0.0,False,False
172,20260511,FLARE_20260511_0949_M2.6,1,1,Channel_1,True,1,0.41,0.0,False,False
172,20260511,FLARE_20260511_0949_M2.6,1,2,Channel_2,True,1,0.43,0.0,False,False
172,20260511,FLARE_20260511_0949_M2.6,1,3,Channel_3,True,1,0.35,0.0,False,False
173,20260511,QUIET_20260511_5,0,0,Channel_0,True,1,0.41,0.0,False,False
173,20260511,QUIET_20260511_5,0,1,Channel_1,True,1,0.43,0.0,False,False
173,20260511,QUIET_20260511_5,0,2,Channel_2,True,1,0.35,0.0,False,False
173,20260511,QUIET_20260511_5,0,3,Channel_3,True,1,0.37,0.0,False,False
174,20260511,QUIET_20260511_6,0,0,Channel_0,True,1,0.43,0.0,False,False
174,20260511,QUIET_20260511_6,0,1,Channel_1,True,1,0.35,0.0,False,False
174,20260511,QUIET_20260511_6,0,2,Channel_2,True,1,0.37,0.0,False,False
174,20260511,QUIET_20260511_6,0,3,Channel_3,True,1,0.39,0.0,False,False
175,20260511,QUIET_20260511_7,0,0,Channel_0,True,1,0.35,0.0,False,False
175,20260511,QUIET_20260511_7,0,1,Channel_1,True,1,0.37,0.0,False,False
175,20260511,QUIET_20260511_7,0,2,Channel_2,True,1,0.39,0.0,False,False
175,20260511,QUIET_20260511_7,0,3,Channel_3,True,1,0.41,0.0,False,False
176,20260511,FLARE_20260511_1732_M6.8,1,0,Channel_0,True,1,0.37,0.0,False,False
176,20260511,FLARE_20260511_1732_M6.8,1,1,Channel_1,True,1,0.39,0.0,False,False
176,20260511,FLARE_20260511_1732_M6.8,1,2,Channel_2,True,1,0.41,0.0,False,False
176,20260511,FLARE_20260511_1732_M6.8,1,3,Channel_3,True,1,0.43,0.0,False,False
177,20260511,QUIET_20260511_9,0,0,Channel_0,True,1,0.39,0.0,False,False
177,20260511,QUIET_20260511_9,0,1,Channel_1,True,1,0.41,0.0,False,False
177,20260511,QUIET_20260511_9,0,2,Channel_2,True,1,0.43,0.0,False,False
177,20260511,QUIET_20260511_9,0,3,Channel_3,True,1,0.35,0.0,False,False
178,20260511,QUIET_20260511_10,0,0,Channel_0,True,1,0.41,0.0,False,False
178,20260511,QUIET_20260511_10,0,1,Channel_1,True,1,0.43,0.0,False,False
178,20260511,QUIET_20260511_10,0,2,Channel_2,True,1,0.35,0.0,False,False
178,20260511,QUIET_20260511_10,0,3,Channel_3,True,1,0.37,0.0,False,False
179,20260511,QUIET_20260511_11,0,0,Channel_0,True,1,0.43,0.0,False,False
179,20260511,QUIET_20260511_11,0,1,Channel_1,True,1,0.35,0.0,False,False
179,20260511,QUIET_20260511_11,0,2,Channel_2,True,1,0.37,0.0,False,False
179,20260511,QUIET_20260511_11,0,3,Channel_3,True,1,0.39,0.0,False,False
180,20240520,FLARE_20240520_0115_M1.0,1,0,Channel_0,True,1,0.35,0.0,False,False
180,20240520,FLARE_20240520_0115_M1.0,1,1,Channel_1,True,1,0.37,0.0,False,False
180,20240520,FLARE_20240520_0115_M1.0,1,2,Channel_2,True,1,0.39,0.0,False,False
180,20240520,FLARE_20240520_0115_M1.0,1,3,Channel_3,True,1,0.41,0.0,False,False
181,20240520,QUIET_20240520_1,0,0,Channel_0,True,1,0.37,0.0,False,False
181,20240520,QUIET_20240520_1,0,1,Channel_1,True,1,0.39,0.0,False,False
181,20240520,QUIET_20240520_1,0,2,Channel_2,True,1,0.41,0.0,False,False
181,20240520,QUIET_20240520_1,0,3,Channel_3,True,1,0.43,0.0,False,False
182,20240520,QUIET_20240520_2,0,0,Channel_0,True,1,0.39,0.0,False,False
182,20240520,QUIET_20240520_2,0,1,Channel_1,True,1,0.41,0.0,False,False
182,20240520,QUIET_20240520_2,0,2,Channel_2,True,1,0.43,0.0,False,False
182,20240520,QUIET_20240520_2,0,3,Channel_3,True,1,0.35,0.0,False,False
183,20240520,QUIET_20240520_3,0,0,Channel_0,True,1,0.41,0.0,False,False
183,20240520,QUIET_20240520_3,0,1,Channel_1,True,1,0.43,0.0,False,False
183,20240520,QUIET_20240520_3,0,2,Channel_2,True,1,0.35,0.0,False,False
183,20240520,QUIET_20240520_3,0,3,Channel_3,True,1,0.37,0.0,False,False
184,20240520,FLARE_20240520_0943_M5.2,1,0,Channel_0,True,1,0.43,0.0,False,False
184,20240520,FLARE_20240520_0943_M5.2,1,1,Channel_1,True,1,0.35,0.0,False,False
184,20240520,FLARE_20240520_0943_M5.2,1,2,Channel_2,True,1,0.37,0.0,False,False
184,20240520,FLARE_20240520_0943_M5.2,1,3,Channel_3,True,1,0.39,0.0,False,False
185,20240520,QUIET_20240520_5,0,0,Channel_0,True,1,0.35,0.0,False,False
185,20240520,QUIET_20240520_5,0,1,Channel_1,True,1,0.37,0.0,False,False
185,20240520,QUIET_20240520_5,0,2,Channel_2,True,1,0.39,0.0,False,False
185,20240520,QUIET_20240520_5,0,3,Channel_3,True,1,0.41,0.0,False,False
186,20240520,QUIET_20240520_6,0,0,Channel_0,True,1,0.37,0.0,False,False
186,20240520,QUIET_20240520_6,0,1,Channel_1,True,1,0.39,0.0,False,False
186,20240520,QUIET_20240520_6,0,2,Channel_2,True,1,0.41,0.0,False,False
186,20240520,QUIET_20240520_6,0,3,Channel_3,True,1,0.43,0.0,False,False
187,20240520,QUIET_20240520_7,0,0,Channel_0,True,1,0.39,0.0,False,False
187,20240520,QUIET_20240520_7,0,1,Channel_1,True,1,0.41,0.0,False,False
187,20240520,QUIET_20240520_7,0,2,Channel_2,True,1,0.43,0.0,False,False
187,20240520,QUIET_20240520_7,0,3,Channel_3,True,1,0.35,0.0,False,False
188,20240520,FLARE_20240520_1726_M9.4,1,0,Channel_0,True,1,0.41,0.0,False,False
188,20240520,FLARE_20240520_1726_M9.4,1,1,Channel_1,True,1,0.43,0.0,False,False
188,20240520,FLARE_20240520_1726_M9.4,1,2,Channel_2,True,1,0.35,0.0,False,False
188,20240520,FLARE_20240520_1726_M9.4,1,3,Channel_3,True,1,0.37,0.0,False,False
189,20240520,QUIET_20240520_9,0,0,Channel_0,True,1,0.43,0.0,False,False
189,20240520,QUIET_20240520_9,0,1,Channel_1,True,1,0.35,0.0,False,False
189,20240520,QUIET_20240520_9,0,2,Channel_2,True,1,0.37,0.0,False,False
189,20240520,QUIET_20240520_9,0,3,Channel_3,True,1,0.39,0.0,False,False
190,20240520,QUIET_20240520_10,0,0,Channel_0,True,1,0.35,0.0,False,False
190,20240520,QUIET_20240520_10,0,1,Channel_1,True,1,0.37,0.0,False,False
190,20240520,QUIET_20240520_10,0,2,Channel_2,True,1,0.39,0.0,False,False
190,20240520,QUIET_20240520_10,0,3,Channel_3,True,1,0.41,0.0,False,False
191,20240520,QUIET_20240520_11,0,0,Channel_0,True,1,0.37,0.0,False,False
191,20240520,QUIET_20240520_11,0,1,Channel_1,True,1,0.39,0.0,False,False
191,20240520,QUIET_20240520_11,0,2,Channel_2,True,1,0.41,0.0,False,False
191,20240520,QUIET_20240520_11,0,3,Channel_3,True,1,0.43,0.0,False,False
192,20260508,FLARE_20260508_0154_M4.6,1,0,Channel_0,True,1,0.39,0.0,False,False
192,20260508,FLARE_20260508_0154_M4.6,1,1,Channel_1,True,1,0.41,0.0,False,False
192,20260508,FLARE_20260508_0154_M4.6,1,2,Channel_2,True,1,0.43,0.0,False,False
192,20260508,FLARE_20260508_0154_M4.6,1,3,Channel_3,True,1,0.35,0.0,False,False
193,20260508,QUIET_20260508_1,0,0,Channel_0,True,1,0.41,0.0,False,False
193,20260508,QUIET_20260508_1,0,1,Channel_1,True,1,0.43,0.0,False,False
193,20260508,QUIET_20260508_1,0,2,Channel_2,True,1,0.35,0.0,False,False
193,20260508,QUIET_20260508_1,0,3,Channel_3,True,1,0.37,0.0,False,False
194,20260508,QUIET_20260508_2,0,0,Channel_0,True,1,0.43,0.0,False,False
194,20260508,QUIET_20260508_2,0,1,Channel_1,True,1,0.35,0.0,False,False
194,20260508,QUIET_20260508_2,0,2,Channel_2,True,1,0.37,0.0,False,False
194,20260508,QUIET_20260508_2,0,3,Channel_3,True,1,0.39,0.0,False,False
195,20260508,QUIET_20260508_3,0,0,Channel_0,True,1,0.35,0.0,False,False
195,20260508,QUIET_20260508_3,0,1,Channel_1,True,1,0.37,0.0,False,False
195,20260508,QUIET_20260508_3,0,2,Channel_2,True,1,0.39,0.0,False,False
195,20260508,QUIET_20260508_3,0,3,Channel_3,True,1,0.41,0.0,False,False
196,20260508,FLARE_20260508_0937_M8.8,1,0,Channel_0,True,1,0.37,0.0,False,False
196,20260508,FLARE_20260508_0937_M8.8,1,1,Channel_1,True,1,0.39,0.0,False,False
196,20260508,FLARE_20260508_0937_M8.8,1,2,Channel_2,True,1,0.41,0.0,False,False
196,20260508,FLARE_20260508_0937_M8.8,1,3,Channel_3,True,1,0.43,0.0,False,False
197,20260508,QUIET_20260508_5,0,0,Channel_0,True,1,0.39,0.0,False,False
197,20260508,QUIET_20260508_5,0,1,Channel_1,True,1,0.41,0.0,False,False
197,20260508,QUIET_20260508_5,0,2,Channel_2,True,1,0.43,0.0,False,False
197,20260508,QUIET_20260508_5,0,3,Channel_3,True,1,0.35,0.0,False,False
198,20260508,QUIET_20260508_6,0,0,Channel_0,True,1,0.41,0.0,False,False
198,20260508,QUIET_20260508_6,0,1,Channel_1,True,1,0.43,0.0,False,False
198,20260508,QUIET_20260508_6,0,2,Channel_2,True,1,0.35,0.0,False,False
198,20260508,QUIET_20260508_6,0,3,Channel_3,True,1,0.37,0.0,False,False
199,20260508,QUIET_20260508_7,0,0,Channel_0,True,1,0.43,0.0,False,False
199,20260508,QUIET_20260508_7,0,1,Channel_1,True,1,0.35,0.0,False,False
199,20260508,QUIET_20260508_7,0,2,Channel_2,True,1,0.37,0.0,False,False
199,20260508,QUIET_20260508_7,0,3,Channel_3,True,1,0.39,0.0,False,False
200,20260508,FLARE_20260508_1720_M3.0,1,0,Channel_0,True,1,0.35,0.0,False,False
200,20260508,FLARE_20260508_1720_M3.0,1,1,Channel_1,True,1,0.37,0.0,False,False
200,20260508,FLARE_20260508_1720_M3.0,1,2,Channel_2,True,1,0.39,0.0,False,False
200,20260508,FLARE_20260508_1720_M3.0,1,3,Channel_3,True,1,0.41,0.0,False,False
201,20260508,QUIET_20260508_9,0,0,Channel_0,True,1,0.37,0.0,False,False
201,20260508,QUIET_20260508_9,0,1,Channel_1,True,1,0.39,0.0,False,False
201,20260508,QUIET_20260508_9,0,2,Channel_2,True,1,0.41,0.0,False,False
201,20260508,QUIET_20260508_9,0,3,Channel_3,True,1,0.43,0.0,False,False
202,20260508,QUIET_20260508_10,0,0,Channel_0,True,1,0.39,0.0,False,False
202,20260508,QUIET_20260508_10,0,1,Channel_1,True,1,0.41,0.0,False,False
202,20260508,QUIET_20260508_10,0,2,Channel_2,True,1,0.43,0.0,False,False
202,20260508,QUIET_20260508_10,0,3,Channel_3,True,1,0.35,0.0,False,False
203,20260508,QUIET_20260508_11,0,0,Channel_0,True,1,0.41,0.0,False,False
203,20260508,QUIET_20260508_11,0,1,Channel_1,True,1,0.43,0.0,False,False
203,20260508,QUIET_20260508_11,0,2,Channel_2,True,1,0.35,0.0,False,False
203,20260508,QUIET_20260508_11,0,3,Channel_3,True,1,0.37,0.0,False,False
204,20260613,FLARE_20260613_0148_M7.2,1,0,Channel_0,True,1,0.43,0.0,False,False
204,20260613,FLARE_20260613_0148_M7.2,1,1,Channel_1,True,1,0.35,0.0,False,False
204,20260613,FLARE_20260613_0148_M7.2,1,2,Channel_2,True,1,0.37,0.0,False,False
204,20260613,FLARE_20260613_0148_M7.2,1,3,Channel_3,True,1,0.39,0.0,False,False
205,20260613,QUIET_20260613_1,0,0,Channel_0,True,1,0.35,0.0,False,False
205,20260613,QUIET_20260613_1,0,1,Channel_1,True,1,0.37,0.0,False,False
205,20260613,QUIET_20260613_1,0,2,Channel_2,True,1,0.39,0.0,False,False
205,20260613,QUIET_20260613_1,0,3,Channel_3,True,1,0.41,0.0,False,False
206,20260613,QUIET_20260613_2,0,0,Channel_0,True,1,0.37,0.0,False,False
206,20260613,QUIET_20260613_2,0,1,Channel_1,True,1,0.39,0.0,False,False
206,20260613,QUIET_20260613_2,0,2,Channel_2,True,1,0.41,0.0,False,False
206,20260613,QUIET_20260613_2,0,3,Channel_3,True,1,0.43,0.0,False,False
207,20260613,QUIET_20260613_3,0,0,Channel_0,True,1,0.39,0.0,False,False
207,20260613,QUIET_20260613_3,0,1,Channel_1,True,1,0.41,0.0,False,False
207,20260613,QUIET_20260613_3,0,2,Channel_2,True,1,0.43,0.0,False,False
207,20260613,QUIET_20260613_3,0,3,Channel_3,True,1,0.35,0.0,False,False
208,20260613,FLARE_20260613_0931_M2.4,1,0,Channel_0,True,1,0.41,0.0,False,False
208,20260613,FLARE_20260613_0931_M2.4,1,1,Channel_1,True,1,0.43,0.0,False,False
208,20260613,FLARE_20260613_0931_M2.4,1,2,Channel_2,True,1,0.35,0.0,False,False
208,20260613,FLARE_20260613_0931_M2.4,1,3,Channel_3,True,1,0.37,0.0,False,False
209,20260613,QUIET_20260613_5,0,0,Channel_0,True,1,0.43,0.0,False,False
209,20260613,QUIET_20260613_5,0,1,Channel_1,True,1,0.35,0.0,False,False
209,20260613,QUIET_20260613_5,0,2,Channel_2,True,1,0.37,0.0,False,False
209,20260613,QUIET_20260613_5,0,3,Channel_3,True,1,0.39,0.0,False,False
210,20260613,QUIET_20260613_6,0,0,Channel_0,True,1,0.35,0.0,False,False
210,20260613,QUIET_20260613_6,0,1,Channel_1,True,1,0.37,0.0,False,False
210,20260613,QUIET_20260613_6,0,2,Channel_2,True,1,0.39,0.0,False,False
210,20260613,QUIET_20260613_6,0,3,Channel_3,True,1,0.41,0.0,False,False
211,20260613,QUIET_20260613_7,0,0,Channel_0,True,1,0.37,0.0,False,False
211,20260613,QUIET_20260613_7,0,1,Channel_1,True,1,0.39,0.0,False,False
211,20260613,QUIET_20260613_7,0,2,Channel_2,True,1,0.41,0.0,False,False
211,20260613,QUIET_20260613_7,0,3,Channel_3,True,1,0.43,0.0,False,False
212,20260613,FLARE_20260613_1759_M6.6,1,0,Channel_0,True,1,0.39,0.0,False,False
212,20260613,FLARE_20260613_1759_M6.6,1,1,Channel_1,True,1,0.41,0.0,False,False
212,20260613,FLARE_20260613_1759_M6.6,1,2,Channel_2,True,1,0.43,0.0,False,False
212,20260613,FLARE_20260613_1759_M6.6,1,3,Channel_3,True,1,0.35,0.0,False,False
213,20260613,QUIET_20260613_9,0,0,Channel_0,True,1,0.41,0.0,False,False
213,20260613,QUIET_20260613_9,0,1,Channel_1,True,1,0.43,0.0,False,False
213,20260613,QUIET_20260613_9,0,2,Channel_2,True,1,0.35,0.0,False,False
213,20260613,QUIET_20260613_9,0,3,Channel_3,True,1,0.37,0.0,False,False
214,20260613,QUIET_20260613_10,0,0,Channel_0,True,1,0.43,0.0,False,False
214,20260613,QUIET_20260613_10,0,1,Channel_1,True,1,0.35,0.0,False,False
214,20260613,QUIET_20260613_10,0,2,Channel_2,True,1,0.37,0.0,False,False
214,20260613,QUIET_20260613_10,0,3,Channel_3,True,1,0.39,0.0,False,False
215,20260613,QUIET_20260613_11,0,0,Channel_0,True,1,0.35,0.0,False,False
215,20260613,QUIET_20260613_11,0,1,Channel_1,True,1,0.37,0.0,False,False
215,20260613,QUIET_20260613_11,0,2,Channel_2,True,1,0.39,0.0,False,False
215,20260613,QUIET_20260613_11,0,3,Channel_3,True,1,0.41,0.0,False,False
216,20260512,FLARE_20260512_0142_M1.8,1,0,Channel_0,True,1,0.37,0.0,False,False
216,20260512,FLARE_20260512_0142_M1.8,1,1,Channel_1,True,1,0.39,0.0,False,False
216,20260512,FLARE_20260512_0142_M1.8,1,2,Channel_2,True,1,0.41,0.0,False,False
216,20260512,FLARE_20260512_0142_M1.8,1,3,Channel_3,True,1,0.43,0.0,False,False
217,20260512,QUIET_20260512_1,0,0,Channel_0,True,1,0.39,0.0,False,False
217,20260512,QUIET_20260512_1,0,1,Channel_1,True,1,0.41,0.0,False,False
217,20260512,QUIET_20260512_1,0,2,Channel_2,True,1,0.43,0.0,False,False
217,20260512,QUIET_20260512_1,0,3,Channel_3,True,1,0.35,0.0,False,False
218,20260512,QUIET_20260512_2,0,0,Channel_0,True,1,0.41,0.0,False,False
218,20260512,QUIET_20260512_2,0,1,Channel_1,True,1,0.43,0.0,False,False
218,20260512,QUIET_20260512_2,0,2,Channel_2,True,1,0.35,0.0,False,False
218,20260512,QUIET_20260512_2,0,3,Channel_3,True,1,0.37,0.0,False,False
219,20260512,QUIET_20260512_3,0,0,Channel_0,True,1,0.43,0.0,False,False
219,20260512,QUIET_20260512_3,0,1,Channel_1,True,1,0.35,0.0,False,False
219,20260512,QUIET_20260512_3,0,2,Channel_2,True,1,0.37,0.0,False,False
219,20260512,QUIET_20260512_3,0,3,Channel_3,True,1,0.39,0.0,False,False
220,20260512,FLARE_20260512_0925_M5.0,1,0,Channel_0,True,1,0.35,0.0,False,False
220,20260512,FLARE_20260512_0925_M5.0,1,1,Channel_1,True,1,0.37,0.0,False,False
220,20260512,FLARE_20260512_0925_M5.0,1,2,Channel_2,True,1,0.39,0.0,False,False
220,20260512,FLARE_20260512_0925_M5.0,1,3,Channel_3,True,1,0.41,0.0,False,False
221,20260512,QUIET_20260512_5,0,0,Channel_0,True,1,0.37,0.0,False,False
221,20260512,QUIET_20260512_5,0,1,Channel_1,True,1,0.39,0.0,False,False
221,20260512,QUIET_20260512_5,0,2,Channel_2,True,1,0.41,0.0,False,False
221,20260512,QUIET_20260512_5,0,3,Channel_3,True,1,0.43,0.0,False,False
222,20260512,QUIET_20260512_6,0,0,Channel_0,True,1,0.39,0.0,False,False
222,20260512,QUIET_20260512_6,0,1,Channel_1,True,1,0.41,0.0,False,False
222,20260512,QUIET_20260512_6,0,2,Channel_2,True,1,0.43,0.0,False,False
222,20260512,QUIET_20260512_6,0,3,Channel_3,True,1,0.35,0.0,False,False
223,20260512,QUIET_20260512_7,0,0,Channel_0,True,1,0.41,0.0,False,False
223,20260512,QUIET_20260512_7,0,1,Channel_1,True,1,0.43,0.0,False,False
223,20260512,QUIET_20260512_7,0,2,Channel_2,True,1,0.35,0.0,False,False
223,20260512,QUIET_20260512_7,0,3,Channel_3,True,1,0.37,0.0,False,False
224,20260512,FLARE_20260512_1753_M9.2,1,0,Channel_0,True,1,0.43,0.0,False,False
224,20260512,FLARE_20260512_1753_M9.2,1,1,Channel_1,True,1,0.35,0.0,False,False
224,20260512,FLARE_20260512_1753_M9.2,1,2,Channel_2,True,1,0.37,0.0,False,False
224,20260512,FLARE_20260512_1753_M9.2,1,3,Channel_3,True,1,0.39,0.0,False,False
225,20260512,QUIET_20260512_9,0,0,Channel_0,True,1,0.35,0.0,False,False
225,20260512,QUIET_20260512_9,0,1,Channel_1,True,1,0.37,0.0,False,False
225,20260512,QUIET_20260512_9,0,2,Channel_2,True,1,0.39,0.0,False,False
225,20260512,QUIET_20260512_9,0,3,Channel_3,True,1,0.41,0.0,False,False
226,20260512,QUIET_20260512_10,0,0,Channel_0,True,1,0.37,0.0,False,False
226,20260512,QUIET_20260512_10,0,1,Channel_1,True,1,0.39,0.0,False,False
226,20260512,QUIET_20260512_10,0,2,Channel_2,True,1,0.41,0.0,False,False
226,20260512,QUIET_20260512_10,0,3,Channel_3,True,1,0.43,0.0,False,False
227,20260512,QUIET_20260512_11,0,0,Channel_0,True,1,0.39,0.0,False,False
227,20260512,QUIET_20260512_11,0,1,Channel_1,True,1,0.41,0.0,False,False
227,20260512,QUIET_20260512_11,0,2,Channel_2,True,1,0.43,0.0,False,False
227,20260512,QUIET_20260512_11,0,3,Channel_3,True,1,0.35,0.0,False,False
228,20260519,FLARE_20260519_0136_M4.4,1,0,Channel_0,True,1,0.41,0.0,False,False
228,20260519,FLARE_20260519_0136_M4.4,1,1,Channel_1,True,1,0.43,0.0,False,False
228,20260519,FLARE_20260519_0136_M4.4,1,2,Channel_2,True,1,0.35,0.0,False,False
228,20260519,FLARE_20260519_0136_M4.4,1,3,Channel_3,True,1,0.37,0.0,False,False
229,20260519,QUIET_20260519_1,0,0,Channel_0,True,1,0.43,0.0,False,False
229,20260519,QUIET_20260519_1,0,1,Channel_1,True,1,0.35,0.0,False,False
229,20260519,QUIET_20260519_1,0,2,Channel_2,True,1,0.37,0.0,False,False
229,20260519,QUIET_20260519_1,0,3,Channel_3,True,1,0.39,0.0,False,False
230,20260519,QUIET_20260519_2,0,0,Channel_0,True,1,0.35,0.0,False,False
230,20260519,QUIET_20260519_2,0,1,Channel_1,True,1,0.37,0.0,False,False
230,20260519,QUIET_20260519_2,0,2,Channel_2,True,1,0.39,0.0,False,False
230,20260519,QUIET_20260519_2,0,3,Channel_3,True,1,0.41,0.0,False,False
231,20260519,QUIET_20260519_3,0,0,Channel_0,True,1,0.37,0.0,False,False
231,20260519,QUIET_20260519_3,0,1,Channel_1,True,1,0.39,0.0,False,False
231,20260519,QUIET_20260519_3,0,2,Channel_2,True,1,0.41,0.0,False,False
231,20260519,QUIET_20260519_3,0,3,Channel_3,True,1,0.43,0.0,False,False
232,20260519,FLARE_20260519_0919_M8.6,1,0,Channel_0,True,1,0.39,0.0,False,False
232,20260519,FLARE_20260519_0919_M8.6,1,1,Channel_1,True,1,0.41,0.0,False,False
232,20260519,FLARE_20260519_0919_M8.6,1,2,Channel_2,True,1,0.43,0.0,False,False
232,20260519,FLARE_20260519_0919_M8.6,1,3,Channel_3,True,1,0.35,0.0,False,False
233,20260519,QUIET_20260519_5,0,0,Channel_0,True,1,0.41,0.0,False,False
233,20260519,QUIET_20260519_5,0,1,Channel_1,True,1,0.43,0.0,False,False
233,20260519,QUIET_20260519_5,0,2,Channel_2,True,1,0.35,0.0,False,False
233,20260519,QUIET_20260519_5,0,3,Channel_3,True,1,0.37,0.0,False,False
234,20260519,QUIET_20260519_6,0,0,Channel_0,True,1,0.43,0.0,False,False
234,20260519,QUIET_20260519_6,0,1,Channel_1,True,1,0.35,0.0,False,False
234,20260519,QUIET_20260519_6,0,2,Channel_2,True,1,0.37,0.0,False,False
234,20260519,QUIET_20260519_6,0,3,Channel_3,True,1,0.39,0.0,False,False
235,20260519,QUIET_20260519_7,0,0,Channel_0,True,1,0.35,0.0,False,False
235,20260519,QUIET_20260519_7,0,1,Channel_1,True,1,0.37,0.0,False,False
235,20260519,QUIET_20260519_7,0,2,Channel_2,True,1,0.39,0.0,False,False
235,20260519,QUIET_20260519_7,0,3,Channel_3,True,1,0.41,0.0,False,False
236,20260519,FLARE_20260519_1747_M3.8,1,0,Channel_0,True,1,0.37,0.0,False,False
236,20260519,FLARE_20260519_1747_M3.8,1,1,Channel_1,True,1,0.39,0.0,False,False
236,20260519,FLARE_20260519_1747_M3.8,1,2,Channel_2,True,1,0.41,0.0,False,False
236,20260519,FLARE_20260519_1747_M3.8,1,3,Channel_3,True,1,0.43,0.0,False,False
237,20260519,QUIET_20260519_9,0,0,Channel_0,True,1,0.39,0.0,False,False
237,20260519,QUIET_20260519_9,0,1,Channel_1,True,1,0.41,0.0,False,False
237,20260519,QUIET_20260519_9,0,2,Channel_2,True,1,0.43,0.0,False,False
237,20260519,QUIET_20260519_9,0,3,Channel_3,True,1,0.35,0.0,False,False
238,20260519,QUIET_20260519_10,0,0,Channel_0,True,1,0.41,0.0,False,False
238,20260519,QUIET_20260519_10,0,1,Channel_1,True,1,0.43,0.0,False,False
238,20260519,QUIET_20260519_10,0,2,Channel_2,True,1,0.35,0.0,False,False
238,20260519,QUIET_20260519_10,0,3,Channel_3,True,1,0.37,0.0,False,False
239,20260519,QUIET_20260519_11,0,0,Channel_0,True,1,0.43,0.0,False,False
239,20260519,QUIET_20260519_11,0,1,Channel_1,True,1,0.35,0.0,False,False
239,20260519,QUIET_20260519_11,0,2,Channel_2,True,1,0.37,0.0,False,False
239,20260519,QUIET_20260519_11,0,3,Channel_3,True,1,0.39,0.0,False,False
240,20260620,FLARE_20260620_0130_M7.0,1,0,Channel_0,True,1,0.35,0.0,False,False
240,20260620,FLARE_20260620_0130_M7.0,1,1,Channel_1,True,1,0.37,0.0,False,False
240,20260620,FLARE_20260620_0130_M7.0,1,2,Channel_2,True,1,0.39,0.0,False,False
240,20260620,FLARE_20260620_0130_M7.0,1,3,Channel_3,False,16,5.775,2.4033,False,False
241,20260620,QUIET_20260620_1,0,0,Channel_0,True,1,0.37,0.0,False,False
241,20260620,QUIET_20260620_1,0,1,Channel_1,True,1,0.39,0.0,False,False
241,20260620,QUIET_20260620_1,0,2,Channel_2,True,1,0.41,0.0,False,False
241,20260620,QUIET_20260620_1,0,3,Channel_3,False,89,41.0442,41.4155,False,False
242,20260620,QUIET_20260620_2,0,0,Channel_0,True,1,0.39,0.0,False,False
242,20260620,QUIET_20260620_2,0,1,Channel_1,True,1,0.41,0.0,False,False
242,20260620,QUIET_20260620_2,0,2,Channel_2,True,1,0.43,0.0,False,False
242,20260620,QUIET_20260620_2,0,3,Channel_3,False,98,43.8419,36.8522,False,False
243,20260620,QUIET_20260620_3,0,0,Channel_0,True,1,0.41,0.0,False,False
243,20260620,QUIET_20260620_3,0,1,Channel_1,True,1,0.43,0.0,False,False
243,20260620,QUIET_20260620_3,0,2,Channel_2,True,1,0.35,0.0,False,False
243,20260620,QUIET_20260620_3,0,3,Channel_3,False,47,13.5458,7.2752,False,False
244,20260620,FLARE_20260620_0958_M2.2,1,0,Channel_0,True,1,0.43,0.0,False,False
244,20260620,FLARE_20260620_0958_M2.2,1,1,Channel_1,True,1,0.35,0.0,False,False
244,20260620,FLARE_20260620_0958_M2.2,1,2,Channel_2,True,1,0.37,0.0,False,False
244,20260620,FLARE_20260620_0958_M2.2,1,3,Channel_3,False,20,6.9761,2.6835,False,False
245,20260620,QUIET_20260620_5,0,0,Channel_0,True,1,0.35,0.0,False,False
245,20260620,QUIET_20260620_5,0,1,Channel_1,True,1,0.37,0.0,False,False
245,20260620,QUIET_20260620_5,0,2,Channel_2,True,1,0.39,0.0,False,False
245,20260620,QUIET_20260620_5,0,3,Channel_3,False,17,5.4192,2.3692,False,False
246,20260620,QUIET_20260620_6,0,0,Channel_0,True,1,0.37,0.0,False,False
246,20260620,QUIET_20260620_6,0,1,Channel_1,True,1,0.39,0.0,False,False
246,20260620,QUIET_20260620_6,0,2,Channel_2,True,1,0.41,0.0,False,False
246,20260620,QUIET_20260620_6,0,3,Channel_3,False,18,5.9058,2.519,False,False
247,20260620,QUIET_20260620_7,0,0,Channel_0,True,1,0.39,0.0,False,False
247,20260620,QUIET_20260620_7,0,1,Channel_1,True,1,0.41,0.0,False,False
247,20260620,QUIET_20260620_7,0,2,Channel_2,True,1,0.43,0.0,False,False
247,20260620,QUIET_20260620_7,0,3,Channel_3,False,20,7.0281,2.996,False,False
248,20260620,FLARE_20260620_1741_M6.4,1,0,Channel_0,True,1,0.41,0.0,False,False
248,20260620,FLARE_20260620_1741_M6.4,1,1,Channel_1,True,1,0.43,0.0,False,False
248,20260620,FLARE_20260620_1741_M6.4,1,2,Channel_2,True,1,0.35,0.0,False,False
248,20260620,FLARE_20260620_1741_M6.4,1,3,Channel_3,False,18,5.8997,2.5394,False,False
249,20260620,QUIET_20260620_9,0,0,Channel_0,True,1,0.43,0.0,False,False
249,20260620,QUIET_20260620_9,0,1,Channel_1,True,1,0.35,0.0,False,False
249,20260620,QUIET_20260620_9,0,2,Channel_2,True,1,0.37,0.0,False,False
249,20260620,QUIET_20260620_9,0,3,Channel_3,False,19,6.3708,2.6067,False,False
250,20260620,QUIET_20260620_10,0,0,Channel_0,True,1,0.35,0.0,False,False
250,20260620,QUIET_20260620_10,0,1,Channel_1,True,1,0.37,0.0,False,False
250,20260620,QUIET_20260620_10,0,2,Channel_2,True,1,0.39,0.0,False,False
250,20260620,QUIET_20260620_10,0,3,Channel_3,False,27,9.1714,4.334,False,False
251,20260620,QUIET_20260620_11,0,0,Channel_0,True,1,0.37,0.0,False,False
251,20260620,QUIET_20260620_11,0,1,Channel_1,True,1,0.39,0.0,False,False
251,20260620,QUIET_20260620_11,0,2,Channel_2,True,1,0.41,0.0,False,False
251,20260620,QUIET_20260620_11,0,3,Channel_3,False,91,22.9528,16.8948,False,False
252,20240523,FLARE_20240523_0124_M1.6,1,0,Channel_0,True,1,0.39,0.0,False,False
252,20240523,FLARE_20240523_0124_M1.6,1,1,Channel_1,True,1,0.41,0.0,False,False
252,20240523,FLARE_20240523_0124_M1.6,1,2,Channel_2,True,1,0.43,0.0,False,False
252,20240523,FLARE_20240523_0124_M1.6,1,3,Channel_3,True,1,0.35,0.0,False,False
253,20240523,QUIET_20240523_1,0,0,Channel_0,True,1,0.41,0.0,False,False
253,20240523,QUIET_20240523_1,0,1,Channel_1,True,1,0.43,0.0,False,False
253,20240523,QUIET_20240523_1,0,2,Channel_2,True,1,0.35,0.0,False,False
253,20240523,QUIET_20240523_1,0,3,Channel_3,True,1,0.37,0.0,False,False
254,20240523,QUIET_20240523_2,0,0,Channel_0,True,1,0.43,0.0,False,False
254,20240523,QUIET_20240523_2,0,1,Channel_1,True,1,0.35,0.0,False,False
254,20240523,QUIET_20240523_2,0,2,Channel_2,True,1,0.37,0.0,False,False
254,20240523,QUIET_20240523_2,0,3,Channel_3,True,1,0.39,0.0,False,False
255,20240523,QUIET_20240523_3,0,0,Channel_0,True,1,0.35,0.0,False,False
255,20240523,QUIET_20240523_3,0,1,Channel_1,True,1,0.37,0.0,False,False
255,20240523,QUIET_20240523_3,0,2,Channel_2,True,1,0.39,0.0,False,False
255,20240523,QUIET_20240523_3,0,3,Channel_3,True,1,0.41,0.0,False,False
256,20240523,FLARE_20240523_0952_M5.8,1,0,Channel_0,True,1,0.37,0.0,False,False
256,20240523,FLARE_20240523_0952_M5.8,1,1,Channel_1,True,1,0.39,0.0,False,False
256,20240523,FLARE_20240523_0952_M5.8,1,2,Channel_2,True,1,0.41,0.0,False,False
256,20240523,FLARE_20240523_0952_M5.8,1,3,Channel_3,True,1,0.43,0.0,False,False
257,20240523,QUIET_20240523_5,0,0,Channel_0,True,1,0.39,0.0,False,False
257,20240523,QUIET_20240523_5,0,1,Channel_1,True,1,0.41,0.0,False,False
257,20240523,QUIET_20240523_5,0,2,Channel_2,True,1,0.43,0.0,False,False
257,20240523,QUIET_20240523_5,0,3,Channel_3,True,1,0.35,0.0,False,False
258,20240523,QUIET_20240523_6,0,0,Channel_0,True,1,0.41,0.0,False,False
258,20240523,QUIET_20240523_6,0,1,Channel_1,True,1,0.43,0.0,False,False
258,20240523,QUIET_20240523_6,0,2,Channel_2,True,1,0.35,0.0,False,False
258,20240523,QUIET_20240523_6,0,3,Channel_3,True,1,0.37,0.0,False,False
259,20240523,QUIET_20240523_7,0,0,Channel_0,True,1,0.43,0.0,False,False
259,20240523,QUIET_20240523_7,0,1,Channel_1,True,1,0.35,0.0,False,False
259,20240523,QUIET_20240523_7,0,2,Channel_2,True,1,0.37,0.0,False,False
259,20240523,QUIET_20240523_7,0,3,Channel_3,True,1,0.39,0.0,False,False
260,20240523,FLARE_20240523_1735_M9.0,1,0,Channel_0,True,1,0.35,0.0,False,False
260,20240523,FLARE_20240523_1735_M9.0,1,1,Channel_1,True,1,0.37,0.0,False,False
260,20240523,FLARE_20240523_1735_M9.0,1,2,Channel_2,True,1,0.39,0.0,False,False
260,20240523,FLARE_20240523_1735_M9.0,1,3,Channel_3,True,1,0.41,0.0,False,False
261,20240523,QUIET_20240523_9,0,0,Channel_0,True,1,0.37,0.0,False,False
261,20240523,QUIET_20240523_9,0,1,Channel_1,True,1,0.39,0.0,False,False
261,20240523,QUIET_20240523_9,0,2,Channel_2,True,1,0.41,0.0,False,False
261,20240523,QUIET_20240523_9,0,3,Channel_3,True,1,0.43,0.0,False,False
262,20240523,QUIET_20240523_10,0,0,Channel_0,True,1,0.39,0.0,False,False
262,20240523,QUIET_20240523_10,0,1,Channel_1,True,1,0.41,0.0,False,False
262,20240523,QUIET_20240523_10,0,2,Channel_2,True,1,0.43,0.0,False,False
262,20240523,QUIET_20240523_10,0,3,Channel_3,True,1,0.35,0.0,False,False
263,20240523,QUIET_20240523_11,0,0,Channel_0,True,1,0.41,0.0,False,False
263,20240523,QUIET_20240523_11,0,1,Channel_1,True,1,0.43,0.0,False,False
263,20240523,QUIET_20240523_11,0,2,Channel_2,True,1,0.35,0.0,False,False
263,20240523,QUIET_20240523_11,0,3,Channel_3,True,1,0.37,0.0,False,False
264,20260703,FLARE_20260703_0118_M4.2,1,0,Channel_0,True,1,0.43,0.0,False,False
264,20260703,FLARE_20260703_0118_M4.2,1,1,Channel_1,True,1,0.35,0.0,False,False
264,20260703,FLARE_20260703_0118_M4.2,1,2,Channel_2,True,1,0.37,0.0,False,False
264,20260703,FLARE_20260703_0118_M4.2,1,3,Channel_3,False,75,67.0486,18.0935,False,False
265,20260703,QUIET_20260703_1,0,0,Channel_0,True,1,0.35,0.0,False,False
265,20260703,QUIET_20260703_1,0,1,Channel_1,True,1,0.37,0.0,False,False
265,20260703,QUIET_20260703_1,0,2,Channel_2,True,1,0.39,0.0,False,False
265,20260703,QUIET_20260703_1,0,3,Channel_3,False,59,38.9931,8.4657,False,False
266,20260703,QUIET_20260703_2,0,0,Channel_0,True,1,0.37,0.0,False,False
266,20260703,QUIET_20260703_2,0,1,Channel_1,True,1,0.39,0.0,False,False
266,20260703,QUIET_20260703_2,0,2,Channel_2,True,1,0.41,0.0,False,False
266,20260703,QUIET_20260703_2,0,3,Channel_3,False,79,69.8292,26.4311,False,False
267,20260703,QUIET_20260703_3,0,0,Channel_0,True,1,0.39,0.0,False,False
267,20260703,QUIET_20260703_3,0,1,Channel_1,True,1,0.41,0.0,False,False
267,20260703,QUIET_20260703_3,0,2,Channel_2,True,1,0.43,0.0,False,False
267,20260703,QUIET_20260703_3,0,3,Channel_3,False,81,56.0956,17.3617,False,False
268,20260703,FLARE_20260703_0946_M8.4,1,0,Channel_0,True,1,0.41,0.0,False,False
268,20260703,FLARE_20260703_0946_M8.4,1,1,Channel_1,True,1,0.43,0.0,False,False
268,20260703,FLARE_20260703_0946_M8.4,1,2,Channel_2,True,1,0.35,0.0,False,False
268,20260703,FLARE_20260703_0946_M8.4,1,3,Channel_3,False,77,72.2542,25.1128,False,False
269,20260703,QUIET_20260703_5,0,0,Channel_0,True,1,0.43,0.0,False,False
269,20260703,QUIET_20260703_5,0,1,Channel_1,True,1,0.35,0.0,False,False
269,20260703,QUIET_20260703_5,0,2,Channel_2,True,1,0.37,0.0,False,False
269,20260703,QUIET_20260703_5,0,3,Channel_3,False,53,92.6122,11.2504,False,False
270,20260703,QUIET_20260703_6,0,0,Channel_0,True,1,0.35,0.0,False,False
270,20260703,QUIET_20260703_6,0,1,Channel_1,True,1,0.37,0.0,False,False
270,20260703,QUIET_20260703_6,0,2,Channel_2,True,1,0.39,0.0,False,False
270,20260703,QUIET_20260703_6,0,3,Channel_3,False,60,71.4978,12.9586,False,False
271,20260703,QUIET_20260703_7,0,0,Channel_0,True,1,0.37,0.0,False,False
271,20260703,QUIET_20260703_7,0,1,Channel_1,True,1,0.39,0.0,False,False
271,20260703,QUIET_20260703_7,0,2,Channel_2,True,1,0.41,0.0,False,False
271,20260703,QUIET_20260703_7,0,3,Channel_3,False,64,67.5056,11.7519,False,False
272,20260703,FLARE_20260703_1729_M3.6,1,0,Channel_0,True,1,0.39,0.0,False,False
272,20260703,FLARE_20260703_1729_M3.6,1,1,Channel_1,True,1,0.41,0.0,False,False
272,20260703,FLARE_20260703_1729_M3.6,1,2,Channel_2,True,1,0.43,0.0,False,False
272,20260703,FLARE_20260703_1729_M3.6,1,3,Channel_3,False,55,86.1194,13.4653,False,False
273,20260703,QUIET_20260703_9,0,0,Channel_0,True,1,0.41,0.0,False,False
273,20260703,QUIET_20260703_9,0,1,Channel_1,True,1,0.43,0.0,False,False
273,20260703,QUIET_20260703_9,0,2,Channel_2,True,1,0.35,0.0,False,False
273,20260703,QUIET_20260703_9,0,3,Channel_3,False,35,99.4472,3.3011,False,False
274,20260703,QUIET_20260703_10,0,0,Channel_0,True,1,0.43,0.0,False,False
274,20260703,QUIET_20260703_10,0,1,Channel_1,True,1,0.35,0.0,False,False
274,20260703,QUIET_20260703_10,0,2,Channel_2,True,1,0.37,0.0,False,False
274,20260703,QUIET_20260703_10,0,3,Channel_3,True,1,100.0,0.0,False,False
275,20260703,QUIET_20260703_11,0,0,Channel_0,True,1,0.35,0.0,False,False
275,20260703,QUIET_20260703_11,0,1,Channel_1,True,1,0.37,0.0,False,False
275,20260703,QUIET_20260703_11,0,2,Channel_2,True,1,0.39,0.0,False,False
275,20260703,QUIET_20260703_11,0,3,Channel_3,False,2,99.9986,0.0833,False,False
276,20260525,FLARE_20260525_0157_M7.8,1,0,Channel_0,True,1,0.37,0.0,False,False
276,20260525,FLARE_20260525_0157_M7.8,1,1,Channel_1,True,1,0.39,0.0,False,False
276,20260525,FLARE_20260525_0157_M7.8,1,2,Channel_2,True,1,0.41,0.0,False,False
276,20260525,FLARE_20260525_0157_M7.8,1,3,Channel_3,True,1,0.43,0.0,False,False
277,20260525,QUIET_20260525_1,0,0,Channel_0,True,1,0.39,0.0,False,False
277,20260525,QUIET_20260525_1,0,1,Channel_1,True,1,0.41,0.0,False,False
277,20260525,QUIET_20260525_1,0,2,Channel_2,True,1,0.43,0.0,False,False
277,20260525,QUIET_20260525_1,0,3,Channel_3,True,1,0.35,0.0,False,False
278,20260525,QUIET_20260525_2,0,0,Channel_0,True,1,0.41,0.0,False,False
278,20260525,QUIET_20260525_2,0,1,Channel_1,True,1,0.43,0.0,False,False
278,20260525,QUIET_20260525_2,0,2,Channel_2,True,1,0.35,0.0,False,False
278,20260525,QUIET_20260525_2,0,3,Channel_3,True,1,0.37,0.0,False,False
279,20260525,QUIET_20260525_3,0,0,Channel_0,True,1,0.43,0.0,False,False
279,20260525,QUIET_20260525_3,0,1,Channel_1,True,1,0.35,0.0,False,False
279,20260525,QUIET_20260525_3,0,2,Channel_2,True,1,0.37,0.0,False,False
279,20260525,QUIET_20260525_3,0,3,Channel_3,True,1,0.39,0.0,False,False
280,20260525,FLARE_20260525_0940_M2.0,1,0,Channel_0,True,1,0.35,0.0,False,False
280,20260525,FLARE_20260525_0940_M2.0,1,1,Channel_1,True,1,0.37,0.0,False,False
280,20260525,FLARE_20260525_0940_M2.0,1,2,Channel_2,True,1,0.39,0.0,False,False
280,20260525,FLARE_20260525_0940_M2.0,1,3,Channel_3,True,1,0.41,0.0,False,False
281,20260525,QUIET_20260525_5,0,0,Channel_0,True,1,0.37,0.0,False,False
281,20260525,QUIET_20260525_5,0,1,Channel_1,True,1,0.39,0.0,False,False
281,20260525,QUIET_20260525_5,0,2,Channel_2,True,1,0.41,0.0,False,False
281,20260525,QUIET_20260525_5,0,3,Channel_3,True,1,0.43,0.0,False,False
282,20260525,QUIET_20260525_6,0,0,Channel_0,True,1,0.39,0.0,False,False
282,20260525,QUIET_20260525_6,0,1,Channel_1,True,1,0.41,0.0,False,False
282,20260525,QUIET_20260525_6,0,2,Channel_2,True,1,0.43,0.0,False,False
282,20260525,QUIET_20260525_6,0,3,Channel_3,True,1,0.35,0.0,False,False
283,20260525,QUIET_20260525_7,0,0,Channel_0,True,1,0.41,0.0,False,False
283,20260525,QUIET_20260525_7,0,1,Channel_1,True,1,0.43,0.0,False,False
283,20260525,QUIET_20260525_7,0,2,Channel_2,True,1,0.35,0.0,False,False
283,20260525,QUIET_20260525_7,0,3,Channel_3,True,1,0.37,0.0,False,False
284,20260525,FLARE_20260525_1723_M6.2,1,0,Channel_0,True,1,0.43,0.0,False,False
284,20260525,FLARE_20260525_1723_M6.2,1,1,Channel_1,True,1,0.35,0.0,False,False
284,20260525,FLARE_20260525_1723_M6.2,1,2,Channel_2,True,1,0.37,0.0,False,False
284,20260525,FLARE_20260525_1723_M6.2,1,3,Channel_3,True,1,0.39,0.0,False,False
285,20260525,QUIET_20260525_9,0,0,Channel_0,True,1,0.35,0.0,False,False
285,20260525,QUIET_20260525_9,0,1,Channel_1,True,1,0.37,0.0,False,False
285,20260525,QUIET_20260525_9,0,2,Channel_2,True,1,0.39,0.0,False,False
285,20260525,QUIET_20260525_9,0,3,Channel_3,True,1,0.41,0.0,False,False
286,20260525,QUIET_20260525_10,0,0,Channel_0,True,1,0.37,0.0,False,False
286,20260525,QUIET_20260525_10,0,1,Channel_1,True,1,0.39,0.0,False,False
286,20260525,QUIET_20260525_10,0,2,Channel_2,True,1,0.41,0.0,False,False
286,20260525,QUIET_20260525_10,0,3,Channel_3,True,1,0.43,0.0,False,False
287,20260525,QUIET_20260525_11,0,0,Channel_0,True,1,0.39,0.0,False,False
287,20260525,QUIET_20260525_11,0,1,Channel_1,True,1,0.41,0.0,False,False
287,20260525,QUIET_20260525_11,0,2,Channel_2,True,1,0.43,0.0,False,False
287,20260525,QUIET_20260525_11,0,3,Channel_3,True,1,0.35,0.0,False,False
288,20260521,FLARE_20260521_0151_M1.4,1,0,Channel_0,True,1,0.41,0.0,False,False
288,20260521,FLARE_20260521_0151_M1.4,1,1,Channel_1,True,1,0.43,0.0,False,False
288,20260521,FLARE_20260521_0151_M1.4,1,2,Channel_2,True,1,0.35,0.0,False,False
288,20260521,FLARE_20260521_0151_M1.4,1,3,Channel_3,True,1,0.37,0.0,False,False
289,20260521,QUIET_20260521_1,0,0,Channel_0,True,1,0.43,0.0,False,False
289,20260521,QUIET_20260521_1,0,1,Channel_1,True,1,0.35,0.0,False,False
289,20260521,QUIET_20260521_1,0,2,Channel_2,True,1,0.37,0.0,False,False
289,20260521,QUIET_20260521_1,0,3,Channel_3,True,1,0.39,0.0,False,False
290,20260521,QUIET_20260521_2,0,0,Channel_0,True,1,0.35,0.0,False,False
290,20260521,QUIET_20260521_2,0,1,Channel_1,True,1,0.37,0.0,False,False
290,20260521,QUIET_20260521_2,0,2,Channel_2,True,1,0.39,0.0,False,False
290,20260521,QUIET_20260521_2,0,3,Channel_3,True,1,0.41,0.0,False,False
291,20260521,QUIET_20260521_3,0,0,Channel_0,True,1,0.37,0.0,False,False
291,20260521,QUIET_20260521_3,0,1,Channel_1,True,1,0.39,0.0,False,False
291,20260521,QUIET_20260521_3,0,2,Channel_2,True,1,0.41,0.0,False,False
291,20260521,QUIET_20260521_3,0,3,Channel_3,True,1,0.43,0.0,False,False
292,20260521,FLARE_20260521_0934_M5.6,1,0,Channel_0,True,1,0.39,0.0,False,False
292,20260521,FLARE_20260521_0934_M5.6,1,1,Channel_1,True,1,0.41,0.0,False,False
292,20260521,FLARE_20260521_0934_M5.6,1,2,Channel_2,True,1,0.43,0.0,False,False
292,20260521,FLARE_20260521_0934_M5.6,1,3,Channel_3,True,1,0.35,0.0,False,False
293,20260521,QUIET_20260521_5,0,0,Channel_0,True,1,0.41,0.0,False,False
293,20260521,QUIET_20260521_5,0,1,Channel_1,True,1,0.43,0.0,False,False
293,20260521,QUIET_20260521_5,0,2,Channel_2,True,1,0.35,0.0,False,False
293,20260521,QUIET_20260521_5,0,3,Channel_3,True,1,0.37,0.0,False,False
294,20260521,QUIET_20260521_6,0,0,Channel_0,True,1,0.43,0.0,False,False
294,20260521,QUIET_20260521_6,0,1,Channel_1,True,1,0.35,0.0,False,False
294,20260521,QUIET_20260521_6,0,2,Channel_2,True,1,0.37,0.0,False,False
294,20260521,QUIET_20260521_6,0,3,Channel_3,True,1,0.39,0.0,False,False
295,20260521,QUIET_20260521_7,0,0,Channel_0,True,1,0.35,0.0,False,False
295,20260521,QUIET_20260521_7,0,1,Channel_1,True,1,0.37,0.0,False,False
295,20260521,QUIET_20260521_7,0,2,Channel_2,True,1,0.39,0.0,False,False
295,20260521,QUIET_20260521_7,0,3,Channel_3,True,1,0.41,0.0,False,False
296,20260521,FLARE_20260521_1717_M9.8,1,0,Channel_0,True,1,0.37,0.0,False,False
296,20260521,FLARE_20260521_1717_M9.8,1,1,Channel_1,True,1,0.39,0.0,False,False
296,20260521,FLARE_20260521_1717_M9.8,1,2,Channel_2,True,1,0.41,0.0,False,False
296,20260521,FLARE_20260521_1717_M9.8,1,3,Channel_3,True,1,0.43,0.0,False,False
297,20260521,QUIET_20260521_9,0,0,Channel_0,True,1,0.39,0.0,False,False
297,20260521,QUIET_20260521_9,0,1,Channel_1,True,1,0.41,0.0,False,False
297,20260521,QUIET_20260521_9,0,2,Channel_2,True,1,0.43,0.0,False,False
297,20260521,QUIET_20260521_9,0,3,Channel_3,True,1,0.35,0.0,False,False
298,20260521,QUIET_20260521_10,0,0,Channel_0,True,1,0.41,0.0,False,False
298,20260521,QUIET_20260521_10,0,1,Channel_1,True,1,0.43,0.0,False,False
298,20260521,QUIET_20260521_10,0,2,Channel_2,True,1,0.35,0.0,False,False
298,20260521,QUIET_20260521_10,0,3,Channel_3,True,1,0.37,0.0,False,False
299,20260521,QUIET_20260521_11,0,0,Channel_0,True,1,0.43,0.0,False,False
299,20260521,QUIET_20260521_11,0,1,Channel_1,True,1,0.35,0.0,False,False
299,20260521,QUIET_20260521_11,0,2,Channel_2,True,1,0.37,0.0,False,False
299,20260521,QUIET_20260521_11,0,3,Channel_3,True,1,0.39,0.0,False,False
300,20260610,FLARE_20260610_0145_M4.0,1,0,Channel_0,True,1,0.35,0.0,False,False
300,20260610,FLARE_20260610_0145_M4.0,1,1,Channel_1,True,1,0.37,0.0,False,False
300,20260610,FLARE_20260610_0145_M4.0,1,2,Channel_2,True,1,0.39,0.0,False,False
300,20260610,FLARE_20260610_0145_M4.0,1,3,Channel_3,True,1,0.41,0.0,False,False
301,20260610,QUIET_20260610_1,0,0,Channel_0,True,1,0.37,0.0,False,False
301,20260610,QUIET_20260610_1,0,1,Channel_1,True,1,0.39,0.0,False,False
301,20260610,QUIET_20260610_1,0,2,Channel_2,True,1,0.41,0.0,False,False
301,20260610,QUIET_20260610_1,0,3,Channel_3,True,1,0.43,0.0,False,False
302,20260610,QUIET_20260610_2,0,0,Channel_0,True,1,0.39,0.0,False,False
302,20260610,QUIET_20260610_2,0,1,Channel_1,True,1,0.41,0.0,False,False
302,20260610,QUIET_20260610_2,0,2,Channel_2,True,1,0.43,0.0,False,False
302,20260610,QUIET_20260610_2,0,3,Channel_3,True,1,0.35,0.0,False,False
303,20260610,QUIET_20260610_3,0,0,Channel_0,True,1,0.41,0.0,False,False
303,20260610,QUIET_20260610_3,0,1,Channel_1,True,1,0.43,0.0,False,False
303,20260610,QUIET_20260610_3,0,2,Channel_2,True,1,0.35,0.0,False,False
303,20260610,QUIET_20260610_3,0,3,Channel_3,True,1,0.37,0.0,False,False
304,20260610,FLARE_20260610_0928_M8.2,1,0,Channel_0,True,1,0.43,0.0,False,False
304,20260610,FLARE_20260610_0928_M8.2,1,1,Channel_1,True,1,0.35,0.0,False,False
304,20260610,FLARE_20260610_0928_M8.2,1,2,Channel_2,True,1,0.37,0.0,False,False
304,20260610,FLARE_20260610_0928_M8.2,1,3,Channel_3,True,1,0.39,0.0,False,False
305,20260610,QUIET_20260610_5,0,0,Channel_0,True,1,0.35,0.0,False,False
305,20260610,QUIET_20260610_5,0,1,Channel_1,True,1,0.37,0.0,False,False
305,20260610,QUIET_20260610_5,0,2,Channel_2,True,1,0.39,0.0,False,False
305,20260610,QUIET_20260610_5,0,3,Channel_3,True,1,0.41,0.0,False,False
306,20260610,QUIET_20260610_6,0,0,Channel_0,True,1,0.37,0.0,False,False
306,20260610,QUIET_20260610_6,0,1,Channel_1,True,1,0.39,0.0,False,False
306,20260610,QUIET_20260610_6,0,2,Channel_2,True,1,0.41,0.0,False,False
306,20260610,QUIET_20260610_6,0,3,Channel_3,True,1,0.43,0.0,False,False
307,20260610,QUIET_20260610_7,0,0,Channel_0,True,1,0.39,0.0,False,False
307,20260610,QUIET_20260610_7,0,1,Channel_1,True,1,0.41,0.0,False,False
307,20260610,QUIET_20260610_7,0,2,Channel_2,True,1,0.43,0.0,False,False
307,20260610,QUIET_20260610_7,0,3,Channel_3,True,1,0.35,0.0,False,False
308,20260610,FLARE_20260610_1756_M3.4,1,0,Channel_0,True,1,0.41,0.0,False,False
308,20260610,FLARE_20260610_1756_M3.4,1,1,Channel_1,True,1,0.43,0.0,False,False
308,20260610,FLARE_20260610_1756_M3.4,1,2,Channel_2,True,1,0.35,0.0,False,False
308,20260610,FLARE_20260610_1756_M3.4,1,3,Channel_3,True,1,0.37,0.0,False,False
309,20260610,QUIET_20260610_9,0,0,Channel_0,True,1,0.43,0.0,False,False
309,20260610,QUIET_20260610_9,0,1,Channel_1,True,1,0.35,0.0,False,False
309,20260610,QUIET_20260610_9,0,2,Channel_2,True,1,0.37,0.0,False,False
309,20260610,QUIET_20260610_9,0,3,Channel_3,True,1,0.39,0.0,False,False
310,20260610,QUIET_20260610_10,0,0,Channel_0,True,1,0.35,0.0,False,False
310,20260610,QUIET_20260610_10,0,1,Channel_1,True,1,0.37,0.0,False,False
310,20260610,QUIET_20260610_10,0,2,Channel_2,True,1,0.39,0.0,False,False
310,20260610,QUIET_20260610_10,0,3,Channel_3,True,1,0.41,0.0,False,False
311,20260610,QUIET_20260610_11,0,0,Channel_0,True,1,0.37,0.0,False,False
311,20260610,QUIET_20260610_11,0,1,Channel_1,True,1,0.39,0.0,False,False
311,20260610,QUIET_20260610_11,0,2,Channel_2,True,1,0.41,0.0,False,False
311,20260610,QUIET_20260610_11,0,3,Channel_3,True,1,0.43,0.0,False,False
312,20260515,FLARE_20260515_0139_M7.6,1,0,Channel_0,True,1,0.39,0.0,False,False
312,20260515,FLARE_20260515_0139_M7.6,1,1,Channel_1,True,1,0.41,0.0,False,False
312,20260515,FLARE_20260515_0139_M7.6,1,2,Channel_2,True,1,0.43,0.0,False,False
312,20260515,FLARE_20260515_0139_M7.6,1,3,Channel_3,True,1,0.35,0.0,False,False
313,20260515,QUIET_20260515_1,0,0,Channel_0,True,1,0.41,0.0,False,False
313,20260515,QUIET_20260515_1,0,1,Channel_1,True,1,0.43,0.0,False,False
313,20260515,QUIET_20260515_1,0,2,Channel_2,True,1,0.35,0.0,False,False
313,20260515,QUIET_20260515_1,0,3,Channel_3,True,1,0.37,0.0,False,False
314,20260515,QUIET_20260515_2,0,0,Channel_0,True,1,0.43,0.0,False,False
314,20260515,QUIET_20260515_2,0,1,Channel_1,True,1,0.35,0.0,False,False
314,20260515,QUIET_20260515_2,0,2,Channel_2,True,1,0.37,0.0,False,False
314,20260515,QUIET_20260515_2,0,3,Channel_3,True,1,0.39,0.0,False,False
315,20260515,QUIET_20260515_3,0,0,Channel_0,True,1,0.35,0.0,False,False
315,20260515,QUIET_20260515_3,0,1,Channel_1,True,1,0.37,0.0,False,False
315,20260515,QUIET_20260515_3,0,2,Channel_2,True,1,0.39,0.0,False,False
315,20260515,QUIET_20260515_3,0,3,Channel_3,True,1,0.41,0.0,False,False
316,20260515,FLARE_20260515_0922_M2.8,1,0,Channel_0,True,1,0.37,0.0,False,False
316,20260515,FLARE_20260515_0922_M2.8,1,1,Channel_1,True,1,0.39,0.0,False,False
316,20260515,FLARE_20260515_0922_M2.8,1,2,Channel_2,True,1,0.41,0.0,False,False
316,20260515,FLARE_20260515_0922_M2.8,1,3,Channel_3,True,1,0.43,0.0,False,False
317,20260515,QUIET_20260515_5,0,0,Channel_0,True,1,0.39,0.0,False,False
317,20260515,QUIET_20260515_5,0,1,Channel_1,True,1,0.41,0.0,False,False
317,20260515,QUIET_20260515_5,0,2,Channel_2,True,1,0.43,0.0,False,False
317,20260515,QUIET_20260515_5,0,3,Channel_3,True,1,0.35,0.0,False,False
318,20260515,QUIET_20260515_6,0,0,Channel_0,True,1,0.41,0.0,False,False
318,20260515,QUIET_20260515_6,0,1,Channel_1,True,1,0.43,0.0,False,False
318,20260515,QUIET_20260515_6,0,2,Channel_2,True,1,0.35,0.0,False,False
318,20260515,QUIET_20260515_6,0,3,Channel_3,True,1,0.37,0.0,False,False
319,20260515,QUIET_20260515_7,0,0,Channel_0,True,1,0.43,0.0,False,False
319,20260515,QUIET_20260515_7,0,1,Channel_1,True,1,0.35,0.0,False,False
319,20260515,QUIET_20260515_7,0,2,Channel_2,True,1,0.37,0.0,False,False
319,20260515,QUIET_20260515_7,0,3,Channel_3,True,1,0.39,0.0,False,False
320,20260515,FLARE_20260515_1750_M6.0,1,0,Channel_0,True,1,0.35,0.0,False,False
320,20260515,FLARE_20260515_1750_M6.0,1,1,Channel_1,True,1,0.37,0.0,False,False
320,20260515,FLARE_20260515_1750_M6.0,1,2,Channel_2,True,1,0.39,0.0,False,False
320,20260515,FLARE_20260515_1750_M6.0,1,3,Channel_3,True,1,0.41,0.0,False,False
321,20260515,QUIET_20260515_9,0,0,Channel_0,True,1,0.37,0.0,False,False
321,20260515,QUIET_20260515_9,0,1,Channel_1,True,1,0.39,0.0,False,False
321,20260515,QUIET_20260515_9,0,2,Channel_2,True,1,0.41,0.0,False,False
321,20260515,QUIET_20260515_9,0,3,Channel_3,True,1,0.43,0.0,False,False
322,20260515,QUIET_20260515_10,0,0,Channel_0,True,1,0.39,0.0,False,False
322,20260515,QUIET_20260515_10,0,1,Channel_1,True,1,0.41,0.0,False,False
322,20260515,QUIET_20260515_10,0,2,Channel_2,True,1,0.43,0.0,False,False
322,20260515,QUIET_20260515_10,0,3,Channel_3,True,1,0.35,0.0,False,False
323,20260515,QUIET_20260515_11,0,0,Channel_0,True,1,0.41,0.0,False,False
323,20260515,QUIET_20260515_11,0,1,Channel_1,True,1,0.43,0.0,False,False
323,20260515,QUIET_20260515_11,0,2,Channel_2,True,1,0.35,0.0,False,False
323,20260515,QUIET_20260515_11,0,3,Channel_3,True,1,0.37,0.0,False,False
324,20260611,FLARE_20260611_0133_M1.2,1,0,Channel_0,True,1,0.43,0.0,False,False
324,20260611,FLARE_20260611_0133_M1.2,1,1,Channel_1,True,1,0.35,0.0,False,False
324,20260611,FLARE_20260611_0133_M1.2,1,2,Channel_2,True,1,0.37,0.0,False,False
324,20260611,FLARE_20260611_0133_M1.2,1,3,Channel_3,True,1,0.39,0.0,False,False
325,20260611,QUIET_20260611_1,0,0,Channel_0,True,1,0.35,0.0,False,False
325,20260611,QUIET_20260611_1,0,1,Channel_1,True,1,0.37,0.0,False,False
325,20260611,QUIET_20260611_1,0,2,Channel_2,True,1,0.39,0.0,False,False
325,20260611,QUIET_20260611_1,0,3,Channel_3,True,1,0.41,0.0,False,False
326,20260611,QUIET_20260611_2,0,0,Channel_0,True,1,0.37,0.0,False,False
326,20260611,QUIET_20260611_2,0,1,Channel_1,True,1,0.39,0.0,False,False
326,20260611,QUIET_20260611_2,0,2,Channel_2,True,1,0.41,0.0,False,False
326,20260611,QUIET_20260611_2,0,3,Channel_3,True,1,0.43,0.0,False,False
327,20260611,QUIET_20260611_3,0,0,Channel_0,True,1,0.39,0.0,False,False
327,20260611,QUIET_20260611_3,0,1,Channel_1,True,1,0.41,0.0,False,False
327,20260611,QUIET_20260611_3,0,2,Channel_2,True,1,0.43,0.0,False,False
327,20260611,QUIET_20260611_3,0,3,Channel_3,True,1,0.35,0.0,False,False
328,20260611,FLARE_20260611_0916_M5.4,1,0,Channel_0,True,1,0.41,0.0,False,False
328,20260611,FLARE_20260611_0916_M5.4,1,1,Channel_1,True,1,0.43,0.0,False,False
328,20260611,FLARE_20260611_0916_M5.4,1,2,Channel_2,True,1,0.35,0.0,False,False
328,20260611,FLARE_20260611_0916_M5.4,1,3,Channel_3,True,1,0.37,0.0,False,False
329,20260611,QUIET_20260611_5,0,0,Channel_0,True,1,0.43,0.0,False,False
329,20260611,QUIET_20260611_5,0,1,Channel_1,True,1,0.35,0.0,False,False
329,20260611,QUIET_20260611_5,0,2,Channel_2,True,1,0.37,0.0,False,False
329,20260611,QUIET_20260611_5,0,3,Channel_3,True,1,0.39,0.0,False,False
330,20260611,QUIET_20260611_6,0,0,Channel_0,True,1,0.35,0.0,False,False
330,20260611,QUIET_20260611_6,0,1,Channel_1,True,1,0.37,0.0,False,False
330,20260611,QUIET_20260611_6,0,2,Channel_2,True,1,0.39,0.0,False,False
330,20260611,QUIET_20260611_6,0,3,Channel_3,True,1,0.41,0.0,False,False
331,20260611,QUIET_20260611_7,0,0,Channel_0,True,1,0.37,0.0,False,False
331,20260611,QUIET_20260611_7,0,1,Channel_1,True,1,0.39,0.0,False,False
331,20260611,QUIET_20260611_7,0,2,Channel_2,True,1,0.41,0.0,False,False
331,20260611,QUIET_20260611_7,0,3,Channel_3,True,1,0.43,0.0,False,False
332,20260611,FLARE_20260611_1744_M9.6,1,0,Channel_0,True,1,0.39,0.0,False,False
332,20260611,FLARE_20260611_1744_M9.6,1,1,Channel_1,True,1,0.41,0.0,False,False
332,20260611,FLARE_20260611_1744_M9.6,1,2,Channel_2,True,1,0.43,0.0,False,False
332,20260611,FLARE_20260611_1744_M9.6,1,3,Channel_3,True,1,0.35,0.0,False,False
333,20260611,QUIET_20260611_9,0,0,Channel_0,True,1,0.41,0.0,False,False
333,20260611,QUIET_20260611_9,0,1,Channel_1,True,1,0.43,0.0,False,False
333,20260611,QUIET_20260611_9,0,2,Channel_2,True,1,0.35,0.0,False,False
333,20260611,QUIET_20260611_9,0,3,Channel_3,True,1,0.37,0.0,False,False
334,20260611,QUIET_20260611_10,0,0,Channel_0,True,1,0.43,0.0,False,False
334,20260611,QUIET_20260611_10,0,1,Channel_1,True,1,0.35,0.0,False,False
334,20260611,QUIET_20260611_10,0,2,Channel_2,True,1,0.37,0.0,False,False
334,20260611,QUIET_20260611_10,0,3,Channel_3,True,1,0.39,0.0,False,False
335,20260611,QUIET_20260611_11,0,0,Channel_0,True,1,0.35,0.0,False,False
335,20260611,QUIET_20260611_11,0,1,Channel_1,True,1,0.37,0.0,False,False
335,20260611,QUIET_20260611_11,0,2,Channel_2,True,1,0.39,0.0,False,False
335,20260611,QUIET_20260611_11,0,3,Channel_3,True,1,0.41,0.0,False,False
336,20260607,FLARE_20260607_0127_M4.8,1,0,Channel_0,True,1,0.37,0.0,False,False
336,20260607,FLARE_20260607_0127_M4.8,1,1,Channel_1,True,1,0.39,0.0,False,False
336,20260607,FLARE_20260607_0127_M4.8,1,2,Channel_2,True,1,0.41,0.0,False,False
336,20260607,FLARE_20260607_0127_M4.8,1,3,Channel_3,True,1,0.43,0.0,False,False
337,20260607,QUIET_20260607_1,0,0,Channel_0,True,1,0.39,0.0,False,False
337,20260607,QUIET_20260607_1,0,1,Channel_1,True,1,0.41,0.0,False,False
337,20260607,QUIET_20260607_1,0,2,Channel_2,True,1,0.43,0.0,False,False
337,20260607,QUIET_20260607_1,0,3,Channel_3,True,1,0.35,0.0,False,False
338,20260607,QUIET_20260607_2,0,0,Channel_0,True,1,0.41,0.0,False,False
338,20260607,QUIET_20260607_2,0,1,Channel_1,True,1,0.43,0.0,False,False
338,20260607,QUIET_20260607_2,0,2,Channel_2,True,1,0.35,0.0,False,False
338,20260607,QUIET_20260607_2,0,3,Channel_3,True,1,0.37,0.0,False,False
339,20260607,QUIET_20260607_3,0,0,Channel_0,True,1,0.43,0.0,False,False
339,20260607,QUIET_20260607_3,0,1,Channel_1,True,1,0.35,0.0,False,False
339,20260607,QUIET_20260607_3,0,2,Channel_2,True,1,0.37,0.0,False,False
339,20260607,QUIET_20260607_3,0,3,Channel_3,True,1,0.39,0.0,False,False
340,20260607,FLARE_20260607_0955_M8.0,1,0,Channel_0,True,1,0.35,0.0,False,False
340,20260607,FLARE_20260607_0955_M8.0,1,1,Channel_1,True,1,0.37,0.0,False,False
340,20260607,FLARE_20260607_0955_M8.0,1,2,Channel_2,True,1,0.39,0.0,False,False
340,20260607,FLARE_20260607_0955_M8.0,1,3,Channel_3,True,1,0.41,0.0,False,False
341,20260607,QUIET_20260607_5,0,0,Channel_0,True,1,0.37,0.0,False,False
341,20260607,QUIET_20260607_5,0,1,Channel_1,True,1,0.39,0.0,False,False
341,20260607,QUIET_20260607_5,0,2,Channel_2,True,1,0.41,0.0,False,False
341,20260607,QUIET_20260607_5,0,3,Channel_3,True,1,0.43,0.0,False,False
342,20260607,QUIET_20260607_6,0,0,Channel_0,True,1,0.39,0.0,False,False
342,20260607,QUIET_20260607_6,0,1,Channel_1,True,1,0.41,0.0,False,False
342,20260607,QUIET_20260607_6,0,2,Channel_2,True,1,0.43,0.0,False,False
342,20260607,QUIET_20260607_6,0,3,Channel_3,True,1,0.35,0.0,False,False
343,20260607,QUIET_20260607_7,0,0,Channel_0,True,1,0.41,0.0,False,False
343,20260607,QUIET_20260607_7,0,1,Channel_1,True,1,0.43,0.0,False,False
343,20260607,QUIET_20260607_7,0,2,Channel_2,True,1,0.35,0.0,False,False
343,20260607,QUIET_20260607_7,0,3,Channel_3,True,1,0.37,0.0,False,False
344,20260607,FLARE_20260607_1738_M3.2,1,0,Channel_0,True,1,0.43,0.0,False,False
344,20260607,FLARE_20260607_1738_M3.2,1,1,Channel_1,True,1,0.35,0.0,False,False
344,20260607,FLARE_20260607_1738_M3.2,1,2,Channel_2,True,1,0.37,0.0,False,False
344,20260607,FLARE_20260607_1738_M3.2,1,3,Channel_3,True,1,0.39,0.0,False,False
345,20260607,QUIET_20260607_9,0,0,Channel_0,True,1,0.35,0.0,False,False
345,20260607,QUIET_20260607_9,0,1,Channel_1,True,1,0.37,0.0,False,False
345,20260607,QUIET_20260607_9,0,2,Channel_2,True,1,0.39,0.0,False,False
345,20260607,QUIET_20260607_9,0,3,Channel_3,True,1,0.41,0.0,False,False
346,20260607,QUIET_20260607_10,0,0,Channel_0,True,1,0.37,0.0,False,False
346,20260607,QUIET_20260607_10,0,1,Channel_1,True,1,0.39,0.0,False,False
346,20260607,QUIET_20260607_10,0,2,Channel_2,True,1,0.41,0.0,False,False
346,20260607,QUIET_20260607_10,0,3,Channel_3,True,1,0.43,0.0,False,False
347,20260607,QUIET_20260607_11,0,0,Channel_0,True,1,0.39,0.0,False,False
347,20260607,QUIET_20260607_11,0,1,Channel_1,True,1,0.41,0.0,False,False
347,20260607,QUIET_20260607_11,0,2,Channel_2,True,1,0.43,0.0,False,False
347,20260607,QUIET_20260607_11,0,3,Channel_3,True,1,0.35,0.0,False,False
348,20240519,FLARE_20240519_0121_M7.4,1,0,Channel_0,True,1,0.41,0.0,False,False
348,20240519,FLARE_20240519_0121_M7.4,1,1,Channel_1,True,1,0.43,0.0,False,False
348,20240519,FLARE_20240519_0121_M7.4,1,2,Channel_2,True,1,0.35,0.0,False,False
348,20240519,FLARE_20240519_0121_M7.4,1,3,Channel_3,True,1,0.37,0.0,False,False
349,20240519,QUIET_20240519_1,0,0,Channel_0,True,1,0.43,0.0,False,False
349,20240519,QUIET_20240519_1,0,1,Channel_1,True,1,0.35,0.0,False,False
349,20240519,QUIET_20240519_1,0,2,Channel_2,True,1,0.37,0.0,False,False
349,20240519,QUIET_20240519_1,0,3,Channel_3,True,1,0.39,0.0,False,False
350,20240519,QUIET_20240519_2,0,0,Channel_0,True,1,0.35,0.0,False,False
350,20240519,QUIET_20240519_2,0,1,Channel_1,True,1,0.37,0.0,False,False
350,20240519,QUIET_20240519_2,0,2,Channel_2,True,1,0.39,0.0,False,False
350,20240519,QUIET_20240519_2,0,3,Channel_3,True,1,0.41,0.0,False,False
351,20240519,QUIET_20240519_3,0,0,Channel_0,True,1,0.37,0.0,False,False
351,20240519,QUIET_20240519_3,0,1,Channel_1,True,1,0.39,0.0,False,False
351,20240519,QUIET_20240519_3,0,2,Channel_2,True,1,0.41,0.0,False,False
351,20240519,QUIET_20240519_3,0,3,Channel_3,True,1,0.43,0.0,False,False
352,20240519,FLARE_20240519_0949_M2.6,1,0,Channel_0,True,1,0.39,0.0,False,False
352,20240519,FLARE_20240519_0949_M2.6,1,1,Channel_1,True,1,0.41,0.0,False,False
352,20240519,FLARE_20240519_0949_M2.6,1,2,Channel_2,True,1,0.43,0.0,False,False
352,20240519,FLARE_20240519_0949_M2.6,1,3,Channel_3,True,1,0.35,0.0,False,False
353,20240519,QUIET_20240519_5,0,0,Channel_0,True,1,0.41,0.0,False,False
353,20240519,QUIET_20240519_5,0,1,Channel_1,True,1,0.43,0.0,False,False
353,20240519,QUIET_20240519_5,0,2,Channel_2,True,1,0.35,0.0,False,False
353,20240519,QUIET_20240519_5,0,3,Channel_3,True,1,0.37,0.0,False,False
354,20240519,QUIET_20240519_6,0,0,Channel_0,True,1,0.43,0.0,False,False
354,20240519,QUIET_20240519_6,0,1,Channel_1,True,1,0.35,0.0,False,False
354,20240519,QUIET_20240519_6,0,2,Channel_2,True,1,0.37,0.0,False,False
354,20240519,QUIET_20240519_6,0,3,Channel_3,True,1,0.39,0.0,False,False
355,20240519,QUIET_20240519_7,0,0,Channel_0,True,1,0.35,0.0,False,False
355,20240519,QUIET_20240519_7,0,1,Channel_1,True,1,0.37,0.0,False,False
355,20240519,QUIET_20240519_7,0,2,Channel_2,True,1,0.39,0.0,False,False
355,20240519,QUIET_20240519_7,0,3,Channel_3,True,1,0.41,0.0,False,False
356,20240519,FLARE_20240519_1732_M6.8,1,0,Channel_0,True,1,0.37,0.0,False,False
356,20240519,FLARE_20240519_1732_M6.8,1,1,Channel_1,True,1,0.39,0.0,False,False
356,20240519,FLARE_20240519_1732_M6.8,1,2,Channel_2,True,1,0.41,0.0,False,False
356,20240519,FLARE_20240519_1732_M6.8,1,3,Channel_3,True,1,0.43,0.0,False,False
357,20240519,QUIET_20240519_9,0,0,Channel_0,True,1,0.39,0.0,False,False
357,20240519,QUIET_20240519_9,0,1,Channel_1,True,1,0.41,0.0,False,False
357,20240519,QUIET_20240519_9,0,2,Channel_2,True,1,0.43,0.0,False,False
357,20240519,QUIET_20240519_9,0,3,Channel_3,True,1,0.35,0.0,False,False
358,20240519,QUIET_20240519_10,0,0,Channel_0,True,1,0.41,0.0,False,False
358,20240519,QUIET_20240519_10,0,1,Channel_1,True,1,0.43,0.0,False,False
358,20240519,QUIET_20240519_10,0,2,Channel_2,True,1,0.35,0.0,False,False
358,20240519,QUIET_20240519_10,0,3,Channel_3,True,1,0.37,0.0,False,False
359,20240519,QUIET_20240519_11,0,0,Channel_0,True,1,0.43,0.0,False,False
359,20240519,QUIET_20240519_11,0,1,Channel_1,True,1,0.35,0.0,False,False
359,20240519,QUIET_20240519_11,0,2,Channel_2,True,1,0.37,0.0,False,False
359,20240519,QUIET_20240519_11,0,3,Channel_3,True,1,0.39,0.0,False,False
360,20260704,FLARE_20260704_0115_M1.0,1,0,Channel_0,True,1,0.35,0.0,False,False
360,20260704,FLARE_20260704_0115_M1.0,1,1,Channel_1,True,1,0.37,0.0,False,False
360,20260704,FLARE_20260704_0115_M1.0,1,2,Channel_2,True,1,0.39,0.0,False,False
360,20260704,FLARE_20260704_0115_M1.0,1,3,Channel_3,False,2,99.9722,1.6664,False,False
361,20260704,QUIET_20260704_1,0,0,Channel_0,True,1,0.37,0.0,False,False
361,20260704,QUIET_20260704_1,0,1,Channel_1,True,1,0.39,0.0,False,False
361,20260704,QUIET_20260704_1,0,2,Channel_2,True,1,0.41,0.0,False,False
361,20260704,QUIET_20260704_1,0,3,Channel_3,True,1,100.0,0.0,False,False
362,20260704,QUIET_20260704_2,0,0,Channel_0,True,1,0.39,0.0,False,False
362,20260704,QUIET_20260704_2,0,1,Channel_1,True,1,0.41,0.0,False,False
362,20260704,QUIET_20260704_2,0,2,Channel_2,True,1,0.43,0.0,False,False
362,20260704,QUIET_20260704_2,0,3,Channel_3,False,12,99.9653,0.5479,False,False
363,20260704,QUIET_20260704_3,0,0,Channel_0,True,1,0.41,0.0,False,False
363,20260704,QUIET_20260704_3,0,1,Channel_1,True,1,0.43,0.0,False,False
363,20260704,QUIET_20260704_3,0,2,Channel_2,True,1,0.35,0.0,False,False
363,20260704,QUIET_20260704_3,0,3,Channel_3,True,1,100.0,0.0,False,False
364,20260704,FLARE_20260704_0943_M5.2,1,0,Channel_0,True,1,0.43,0.0,False,False
364,20260704,FLARE_20260704_0943_M5.2,1,1,Channel_1,True,1,0.35,0.0,False,False
364,20260704,FLARE_20260704_0943_M5.2,1,2,Channel_2,True,1,0.37,0.0,False,False
364,20260704,FLARE_20260704_0943_M5.2,1,3,Channel_3,False,30,98.4169,4.2757,False,False
365,20260704,QUIET_20260704_5,0,0,Channel_0,True,1,0.35,0.0,False,False
365,20260704,QUIET_20260704_5,0,1,Channel_1,True,1,0.37,0.0,False,False
365,20260704,QUIET_20260704_5,0,2,Channel_2,True,1,0.39,0.0,False,False
365,20260704,QUIET_20260704_5,0,3,Channel_3,True,1,100.0,0.0,False,False
366,20260704,QUIET_20260704_6,0,0,Channel_0,True,1,0.37,0.0,False,False
366,20260704,QUIET_20260704_6,0,1,Channel_1,True,1,0.39,0.0,False,False
366,20260704,QUIET_20260704_6,0,2,Channel_2,True,1,0.41,0.0,False,False
366,20260704,QUIET_20260704_6,0,3,Channel_3,False,12,99.9647,0.4923,False,False
367,20260704,QUIET_20260704_7,0,0,Channel_0,True,1,0.39,0.0,False,False
367,20260704,QUIET_20260704_7,0,1,Channel_1,True,1,0.41,0.0,False,False
367,20260704,QUIET_20260704_7,0,2,Channel_2,True,1,0.43,0.0,False,False
367,20260704,QUIET_20260704_7,0,3,Channel_3,False,48,91.7617,10.8648,False,False
368,20260704,FLARE_20260704_1726_M9.4,1,0,Channel_0,True,1,0.41,0.0,False,False
368,20260704,FLARE_20260704_1726_M9.4,1,1,Channel_1,True,1,0.43,0.0,False,False
368,20260704,FLARE_20260704_1726_M9.4,1,2,Channel_2,True,1,0.35,0.0,False,False
368,20260704,FLARE_20260704_1726_M9.4,1,3,Channel_3,True,1,100.0,0.0,False,False
369,20260704,QUIET_20260704_9,0,0,Channel_0,True,1,0.43,0.0,False,False
369,20260704,QUIET_20260704_9,0,1,Channel_1,True,1,0.35,0.0,False,False
369,20260704,QUIET_20260704_9,0,2,Channel_2,True,1,0.37,0.0,False,False
369,20260704,QUIET_20260704_9,0,3,Channel_3,False,2,99.9978,0.1333,False,False
370,20260704,QUIET_20260704_10,0,0,Channel_0,True,1,0.35,0.0,False,False
370,20260704,QUIET_20260704_10,0,1,Channel_1,True,1,0.37,0.0,False,False
370,20260704,QUIET_20260704_10,0,2,Channel_2,True,1,0.39,0.0,False,False
370,20260704,QUIET_20260704_10,0,3,Channel_3,True,1,100.0,0.0,False,False
371,20260704,QUIET_20260704_11,0,0,Channel_0,True,1,0.37,0.0,False,False
371,20260704,QUIET_20260704_11,0,1,Channel_1,True,1,0.39,0.0,False,False
371,20260704,QUIET_20260704_11,0,2,Channel_2,True,1,0.41,0.0,False,False
371,20260704,QUIET_20260704_11,0,3,Channel_3,False,2,96.9722,17.1351,False,False
372,20240517,FLARE_20240517_0154_M4.6,1,0,Channel_0,True,1,0.39,0.0,False,False
372,20240517,FLARE_20240517_0154_M4.6,1,1,Channel_1,True,1,0.41,0.0,False,False
372,20240517,FLARE_20240517_0154_M4.6,1,2,Channel_2,True,1,0.43,0.0,False,False
372,20240517,FLARE_20240517_0154_M4.6,1,3,Channel_3,True,1,0.35,0.0,False,False
373,20240517,QUIET_20240517_1,0,0,Channel_0,True,1,0.41,0.0,False,False
373,20240517,QUIET_20240517_1,0,1,Channel_1,True,1,0.43,0.0,False,False
373,20240517,QUIET_20240517_1,0,2,Channel_2,True,1,0.35,0.0,False,False
373,20240517,QUIET_20240517_1,0,3,Channel_3,True,1,0.37,0.0,False,False
374,20240517,QUIET_20240517_2,0,0,Channel_0,True,1,0.43,0.0,False,False
374,20240517,QUIET_20240517_2,0,1,Channel_1,True,1,0.35,0.0,False,False
374,20240517,QUIET_20240517_2,0,2,Channel_2,True,1,0.37,0.0,False,False
374,20240517,QUIET_20240517_2,0,3,Channel_3,True,1,0.39,0.0,False,False
375,20240517,QUIET_20240517_3,0,0,Channel_0,True,1,0.35,0.0,False,False
375,20240517,QUIET_20240517_3,0,1,Channel_1,True,1,0.37,0.0,False,False
375,20240517,QUIET_20240517_3,0,2,Channel_2,True,1,0.39,0.0,False,False
375,20240517,QUIET_20240517_3,0,3,Channel_3,True,1,0.41,0.0,False,False
376,20240517,FLARE_20240517_0937_M8.8,1,0,Channel_0,True,1,0.37,0.0,False,False
376,20240517,FLARE_20240517_0937_M8.8,1,1,Channel_1,True,1,0.39,0.0,False,False
376,20240517,FLARE_20240517_0937_M8.8,1,2,Channel_2,True,1,0.41,0.0,False,False
376,20240517,FLARE_20240517_0937_M8.8,1,3,Channel_3,True,1,0.43,0.0,False,False
377,20240517,QUIET_20240517_5,0,0,Channel_0,True,1,0.39,0.0,False,False
377,20240517,QUIET_20240517_5,0,1,Channel_1,True,1,0.41,0.0,False,False
377,20240517,QUIET_20240517_5,0,2,Channel_2,True,1,0.43,0.0,False,False
377,20240517,QUIET_20240517_5,0,3,Channel_3,True,1,0.35,0.0,False,False
378,20240517,QUIET_20240517_6,0,0,Channel_0,True,1,0.41,0.0,False,False
378,20240517,QUIET_20240517_6,0,1,Channel_1,True,1,0.43,0.0,False,False
378,20240517,QUIET_20240517_6,0,2,Channel_2,True,1,0.35,0.0,False,False
378,20240517,QUIET_20240517_6,0,3,Channel_3,True,1,0.37,0.0,False,False
379,20240517,QUIET_20240517_7,0,0,Channel_0,True,1,0.43,0.0,False,False
379,20240517,QUIET_20240517_7,0,1,Channel_1,True,1,0.35,0.0,False,False
379,20240517,QUIET_20240517_7,0,2,Channel_2,True,1,0.37,0.0,False,False
379,20240517,QUIET_20240517_7,0,3,Channel_3,True,1,0.39,0.0,False,False
380,20240517,FLARE_20240517_1720_M3.0,1,0,Channel_0,True,1,0.35,0.0,False,False
380,20240517,FLARE_20240517_1720_M3.0,1,1,Channel_1,True,1,0.37,0.0,False,False
380,20240517,FLARE_20240517_1720_M3.0,1,2,Channel_2,True,1,0.39,0.0,False,False
380,20240517,FLARE_20240517_1720_M3.0,1,3,Channel_3,True,1,0.41,0.0,False,False
381,20240517,QUIET_20240517_9,0,0,Channel_0,True,1,0.37,0.0,False,False
381,20240517,QUIET_20240517_9,0,1,Channel_1,True,1,0.39,0.0,False,False
381,20240517,QUIET_20240517_9,0,2,Channel_2,True,1,0.41,0.0,False,False
381,20240517,QUIET_20240517_9,0,3,Channel_3,True,1,0.43,0.0,False,False
382,20240517,QUIET_20240517_10,0,0,Channel_0,True,1,0.39,0.0,False,False
382,20240517,QUIET_20240517_10,0,1,Channel_1,True,1,0.41,0.0,False,False
382,20240517,QUIET_20240517_10,0,2,Channel_2,True,1,0.43,0.0,False,False
382,20240517,QUIET_20240517_10,0,3,Channel_3,True,1,0.35,0.0,False,False
383,20240517,QUIET_20240517_11,0,0,Channel_0,True,1,0.41,0.0,False,False
383,20240517,QUIET_20240517_11,0,1,Channel_1,True,1,0.43,0.0,False,False
383,20240517,QUIET_20240517_11,0,2,Channel_2,True,1,0.35,0.0,False,False
383,20240517,QUIET_20240517_11,0,3,Channel_3,True,1,0.37,0.0,False,False
384,20240530,FLARE_20240530_0148_M7.2,1,0,Channel_0,True,1,0.43,0.0,False,False
384,20240530,FLARE_20240530_0148_M7.2,1,1,Channel_1,True,1,0.35,0.0,False,False
384,20240530,FLARE_20240530_0148_M7.2,1,2,Channel_2,True,1,0.37,0.0,False,False
384,20240530,FLARE_20240530_0148_M7.2,1,3,Channel_3,True,1,0.39,0.0,False,False
385,20240530,QUIET_20240530_1,0,0,Channel_0,True,1,0.35,0.0,False,False
385,20240530,QUIET_20240530_1,0,1,Channel_1,True,1,0.37,0.0,False,False
385,20240530,QUIET_20240530_1,0,2,Channel_2,True,1,0.39,0.0,False,False
385,20240530,QUIET_20240530_1,0,3,Channel_3,True,1,0.41,0.0,False,False
386,20240530,QUIET_20240530_2,0,0,Channel_0,True,1,0.37,0.0,False,False
386,20240530,QUIET_20240530_2,0,1,Channel_1,True,1,0.39,0.0,False,False
386,20240530,QUIET_20240530_2,0,2,Channel_2,True,1,0.41,0.0,False,False
386,20240530,QUIET_20240530_2,0,3,Channel_3,True,1,0.43,0.0,False,False
387,20240530,QUIET_20240530_3,0,0,Channel_0,True,1,0.39,0.0,False,False
387,20240530,QUIET_20240530_3,0,1,Channel_1,True,1,0.41,0.0,False,False
387,20240530,QUIET_20240530_3,0,2,Channel_2,True,1,0.43,0.0,False,False
387,20240530,QUIET_20240530_3,0,3,Channel_3,True,1,0.35,0.0,False,False
388,20240530,FLARE_20240530_0931_M2.4,1,0,Channel_0,True,1,0.41,0.0,False,False
388,20240530,FLARE_20240530_0931_M2.4,1,1,Channel_1,True,1,0.43,0.0,False,False
388,20240530,FLARE_20240530_0931_M2.4,1,2,Channel_2,True,1,0.35,0.0,False,False
388,20240530,FLARE_20240530_0931_M2.4,1,3,Channel_3,True,1,0.37,0.0,False,False
389,20240530,QUIET_20240530_5,0,0,Channel_0,True,1,0.43,0.0,False,False
389,20240530,QUIET_20240530_5,0,1,Channel_1,True,1,0.35,0.0,False,False
389,20240530,QUIET_20240530_5,0,2,Channel_2,True,1,0.37,0.0,False,False
389,20240530,QUIET_20240530_5,0,3,Channel_3,True,1,0.39,0.0,False,False
390,20240530,QUIET_20240530_6,0,0,Channel_0,True,1,0.35,0.0,False,False
390,20240530,QUIET_20240530_6,0,1,Channel_1,True,1,0.37,0.0,False,False
390,20240530,QUIET_20240530_6,0,2,Channel_2,True,1,0.39,0.0,False,False
390,20240530,QUIET_20240530_6,0,3,Channel_3,True,1,0.41,0.0,False,False
391,20240530,QUIET_20240530_7,0,0,Channel_0,True,1,0.37,0.0,False,False
391,20240530,QUIET_20240530_7,0,1,Channel_1,True,1,0.39,0.0,False,False
391,20240530,QUIET_20240530_7,0,2,Channel_2,True,1,0.41,0.0,False,False
391,20240530,QUIET_20240530_7,0,3,Channel_3,True,1,0.43,0.0,False,False
392,20240530,FLARE_20240530_1759_M6.6,1,0,Channel_0,True,1,0.39,0.0,False,False
392,20240530,FLARE_20240530_1759_M6.6,1,1,Channel_1,True,1,0.41,0.0,False,False
392,20240530,FLARE_20240530_1759_M6.6,1,2,Channel_2,True,1,0.43,0.0,False,False
392,20240530,FLARE_20240530_1759_M6.6,1,3,Channel_3,True,1,0.35,0.0,False,False
393,20240530,QUIET_20240530_9,0,0,Channel_0,True,1,0.41,0.0,False,False
393,20240530,QUIET_20240530_9,0,1,Channel_1,True,1,0.43,0.0,False,False
393,20240530,QUIET_20240530_9,0,2,Channel_2,True,1,0.35,0.0,False,False
393,20240530,QUIET_20240530_9,0,3,Channel_3,True,1,0.37,0.0,False,False
394,20240530,QUIET_20240530_10,0,0,Channel_0,True,1,0.43,0.0,False,False
394,20240530,QUIET_20240530_10,0,1,Channel_1,True,1,0.35,0.0,False,False
394,20240530,QUIET_20240530_10,0,2,Channel_2,True,1,0.37,0.0,False,False
394,20240530,QUIET_20240530_10,0,3,Channel_3,True,1,0.39,0.0,False,False
395,20240530,QUIET_20240530_11,0,0,Channel_0,True,1,0.35,0.0,False,False
395,20240530,QUIET_20240530_11,0,1,Channel_1,True,1,0.37,0.0,False,False
395,20240530,QUIET_20240530_11,0,2,Channel_2,True,1,0.39,0.0,False,False
395,20240530,QUIET_20240530_11,0,3,Channel_3,True,1,0.41,0.0,False,False
396,20240521,FLARE_20240521_0142_M1.8,1,0,Channel_0,True,1,0.37,0.0,False,False
396,20240521,FLARE_20240521_0142_M1.8,1,1,Channel_1,True,1,0.39,0.0,False,False
396,20240521,FLARE_20240521_0142_M1.8,1,2,Channel_2,True,1,0.41,0.0,False,False
396,20240521,FLARE_20240521_0142_M1.8,1,3,Channel_3,True,1,0.43,0.0,False,False
397,20240521,QUIET_20240521_1,0,0,Channel_0,True,1,0.39,0.0,False,False
397,20240521,QUIET_20240521_1,0,1,Channel_1,True,1,0.41,0.0,False,False
397,20240521,QUIET_20240521_1,0,2,Channel_2,True,1,0.43,0.0,False,False
397,20240521,QUIET_20240521_1,0,3,Channel_3,True,1,0.35,0.0,False,False
398,20240521,QUIET_20240521_2,0,0,Channel_0,True,1,0.41,0.0,False,False
398,20240521,QUIET_20240521_2,0,1,Channel_1,True,1,0.43,0.0,False,False
398,20240521,QUIET_20240521_2,0,2,Channel_2,True,1,0.35,0.0,False,False
398,20240521,QUIET_20240521_2,0,3,Channel_3,True,1,0.37,0.0,False,False
399,20240521,QUIET_20240521_3,0,0,Channel_0,True,1,0.43,0.0,False,False
399,20240521,QUIET_20240521_3,0,1,Channel_1,True,1,0.35,0.0,False,False
399,20240521,QUIET_20240521_3,0,2,Channel_2,True,1,0.37,0.0,False,False
399,20240521,QUIET_20240521_3,0,3,Channel_3,True,1,0.39,0.0,False,False
400,20240521,FLARE_20240521_0925_M5.0,1,0,Channel_0,True,1,0.35,0.0,False,False
400,20240521,FLARE_20240521_0925_M5.0,1,1,Channel_1,True,1,0.37,0.0,False,False
400,20240521,FLARE_20240521_0925_M5.0,1,2,Channel_2,True,1,0.39,0.0,False,False
400,20240521,FLARE_20240521_0925_M5.0,1,3,Channel_3,True,1,0.41,0.0,False,False
401,20240521,QUIET_20240521_5,0,0,Channel_0,True,1,0.37,0.0,False,False
401,20240521,QUIET_20240521_5,0,1,Channel_1,True,1,0.39,0.0,False,False
401,20240521,QUIET_20240521_5,0,2,Channel_2,True,1,0.41,0.0,False,False
401,20240521,QUIET_20240521_5,0,3,Channel_3,True,1,0.43,0.0,False,False
402,20240521,QUIET_20240521_6,0,0,Channel_0,True,1,0.39,0.0,False,False
402,20240521,QUIET_20240521_6,0,1,Channel_1,True,1,0.41,0.0,False,False
402,20240521,QUIET_20240521_6,0,2,Channel_2,True,1,0.43,0.0,False,False
402,20240521,QUIET_20240521_6,0,3,Channel_3,True,1,0.35,0.0,False,False
403,20240521,QUIET_20240521_7,0,0,Channel_0,True,1,0.41,0.0,False,False
403,20240521,QUIET_20240521_7,0,1,Channel_1,True,1,0.43,0.0,False,False
403,20240521,QUIET_20240521_7,0,2,Channel_2,True,1,0.35,0.0,False,False
403,20240521,QUIET_20240521_7,0,3,Channel_3,True,1,0.37,0.0,False,False
404,20240521,FLARE_20240521_1753_M9.2,1,0,Channel_0,True,1,0.43,0.0,False,False
404,20240521,FLARE_20240521_1753_M9.2,1,1,Channel_1,True,1,0.35,0.0,False,False
404,20240521,FLARE_20240521_1753_M9.2,1,2,Channel_2,True,1,0.37,0.0,False,False
404,20240521,FLARE_20240521_1753_M9.2,1,3,Channel_3,True,1,0.39,0.0,False,False
405,20240521,QUIET_20240521_9,0,0,Channel_0,True,1,0.35,0.0,False,False
405,20240521,QUIET_20240521_9,0,1,Channel_1,True,1,0.37,0.0,False,False
405,20240521,QUIET_20240521_9,0,2,Channel_2,True,1,0.39,0.0,False,False
405,20240521,QUIET_20240521_9,0,3,Channel_3,True,1,0.41,0.0,False,False
406,20240521,QUIET_20240521_10,0,0,Channel_0,True,1,0.37,0.0,False,False
406,20240521,QUIET_20240521_10,0,1,Channel_1,True,1,0.39,0.0,False,False
406,20240521,QUIET_20240521_10,0,2,Channel_2,True,1,0.41,0.0,False,False
406,20240521,QUIET_20240521_10,0,3,Channel_3,True,1,0.43,0.0,False,False
407,20240521,QUIET_20240521_11,0,0,Channel_0,True,1,0.39,0.0,False,False
407,20240521,QUIET_20240521_11,0,1,Channel_1,True,1,0.41,0.0,False,False
407,20240521,QUIET_20240521_11,0,2,Channel_2,True,1,0.43,0.0,False,False
407,20240521,QUIET_20240521_11,0,3,Channel_3,True,1,0.35,0.0,False,False
408,20260530,FLARE_20260530_0136_M4.4,1,0,Channel_0,True,1,0.41,0.0,False,False
408,20260530,FLARE_20260530_0136_M4.4,1,1,Channel_1,True,1,0.43,0.0,False,False
408,20260530,FLARE_20260530_0136_M4.4,1,2,Channel_2,True,1,0.35,0.0,False,False
408,20260530,FLARE_20260530_0136_M4.4,1,3,Channel_3,True,1,0.37,0.0,False,False
409,20260530,QUIET_20260530_1,0,0,Channel_0,True,1,0.43,0.0,False,False
409,20260530,QUIET_20260530_1,0,1,Channel_1,True,1,0.35,0.0,False,False
409,20260530,QUIET_20260530_1,0,2,Channel_2,True,1,0.37,0.0,False,False
409,20260530,QUIET_20260530_1,0,3,Channel_3,True,1,0.39,0.0,False,False
410,20260530,QUIET_20260530_2,0,0,Channel_0,True,1,0.35,0.0,False,False
410,20260530,QUIET_20260530_2,0,1,Channel_1,True,1,0.37,0.0,False,False
410,20260530,QUIET_20260530_2,0,2,Channel_2,True,1,0.39,0.0,False,False
410,20260530,QUIET_20260530_2,0,3,Channel_3,True,1,0.41,0.0,False,False
411,20260530,QUIET_20260530_3,0,0,Channel_0,True,1,0.37,0.0,False,False
411,20260530,QUIET_20260530_3,0,1,Channel_1,True,1,0.39,0.0,False,False
411,20260530,QUIET_20260530_3,0,2,Channel_2,True,1,0.41,0.0,False,False
411,20260530,QUIET_20260530_3,0,3,Channel_3,True,1,0.43,0.0,False,False
412,20260530,FLARE_20260530_0919_M8.6,1,0,Channel_0,True,1,0.39,0.0,False,False
412,20260530,FLARE_20260530_0919_M8.6,1,1,Channel_1,True,1,0.41,0.0,False,False
412,20260530,FLARE_20260530_0919_M8.6,1,2,Channel_2,True,1,0.43,0.0,False,False
412,20260530,FLARE_20260530_0919_M8.6,1,3,Channel_3,True,1,0.35,0.0,False,False
413,20260530,QUIET_20260530_5,0,0,Channel_0,True,1,0.41,0.0,False,False
413,20260530,QUIET_20260530_5,0,1,Channel_1,True,1,0.43,0.0,False,False
413,20260530,QUIET_20260530_5,0,2,Channel_2,True,1,0.35,0.0,False,False
413,20260530,QUIET_20260530_5,0,3,Channel_3,True,1,0.37,0.0,False,False
414,20260530,QUIET_20260530_6,0,0,Channel_0,True,1,0.43,0.0,False,False
414,20260530,QUIET_20260530_6,0,1,Channel_1,True,1,0.35,0.0,False,False
414,20260530,QUIET_20260530_6,0,2,Channel_2,True,1,0.37,0.0,False,False
414,20260530,QUIET_20260530_6,0,3,Channel_3,True,1,0.39,0.0,False,False
415,20260530,QUIET_20260530_7,0,0,Channel_0,True,1,0.35,0.0,False,False
415,20260530,QUIET_20260530_7,0,1,Channel_1,True,1,0.37,0.0,False,False
415,20260530,QUIET_20260530_7,0,2,Channel_2,True,1,0.39,0.0,False,False
415,20260530,QUIET_20260530_7,0,3,Channel_3,True,1,0.41,0.0,False,False
416,20260530,FLARE_20260530_1747_M3.8,1,0,Channel_0,True,1,0.37,0.0,False,False
416,20260530,FLARE_20260530_1747_M3.8,1,1,Channel_1,True,1,0.39,0.0,False,False
416,20260530,FLARE_20260530_1747_M3.8,1,2,Channel_2,True,1,0.41,0.0,False,False
416,20260530,FLARE_20260530_1747_M3.8,1,3,Channel_3,True,1,0.43,0.0,False,False
417,20260530,QUIET_20260530_9,0,0,Channel_0,True,1,0.39,0.0,False,False
417,20260530,QUIET_20260530_9,0,1,Channel_1,True,1,0.41,0.0,False,False
417,20260530,QUIET_20260530_9,0,2,Channel_2,True,1,0.43,0.0,False,False
417,20260530,QUIET_20260530_9,0,3,Channel_3,True,1,0.35,0.0,False,False
418,20260530,QUIET_20260530_10,0,0,Channel_0,True,1,0.41,0.0,False,False
418,20260530,QUIET_20260530_10,0,1,Channel_1,True,1,0.43,0.0,False,False
418,20260530,QUIET_20260530_10,0,2,Channel_2,True,1,0.35,0.0,False,False
418,20260530,QUIET_20260530_10,0,3,Channel_3,True,1,0.37,0.0,False,False
419,20260530,QUIET_20260530_11,0,0,Channel_0,True,1,0.43,0.0,False,False
419,20260530,QUIET_20260530_11,0,1,Channel_1,True,1,0.35,0.0,False,False
419,20260530,QUIET_20260530_11,0,2,Channel_2,True,1,0.37,0.0,False,False
419,20260530,QUIET_20260530_11,0,3,Channel_3,True,1,0.39,0.0,False,False
420,20260516,FLARE_20260516_0130_M7.0,1,0,Channel_0,True,1,0.35,0.0,False,False
420,20260516,FLARE_20260516_0130_M7.0,1,1,Channel_1,True,1,0.37,0.0,False,False
420,20260516,FLARE_20260516_0130_M7.0,1,2,Channel_2,True,1,0.39,0.0,False,False
420,20260516,FLARE_20260516_0130_M7.0,1,3,Channel_3,True,1,0.41,0.0,False,False
421,20260516,QUIET_20260516_1,0,0,Channel_0,True,1,0.37,0.0,False,False
421,20260516,QUIET_20260516_1,0,1,Channel_1,True,1,0.39,0.0,False,False
421,20260516,QUIET_20260516_1,0,2,Channel_2,True,1,0.41,0.0,False,False
421,20260516,QUIET_20260516_1,0,3,Channel_3,True,1,0.43,0.0,False,False
422,20260516,QUIET_20260516_2,0,0,Channel_0,True,1,0.39,0.0,False,False
422,20260516,QUIET_20260516_2,0,1,Channel_1,True,1,0.41,0.0,False,False
422,20260516,QUIET_20260516_2,0,2,Channel_2,True,1,0.43,0.0,False,False
422,20260516,QUIET_20260516_2,0,3,Channel_3,True,1,0.35,0.0,False,False
423,20260516,QUIET_20260516_3,0,0,Channel_0,True,1,0.41,0.0,False,False
423,20260516,QUIET_20260516_3,0,1,Channel_1,True,1,0.43,0.0,False,False
423,20260516,QUIET_20260516_3,0,2,Channel_2,True,1,0.35,0.0,False,False
423,20260516,QUIET_20260516_3,0,3,Channel_3,True,1,0.37,0.0,False,False
424,20260516,FLARE_20260516_0958_M2.2,1,0,Channel_0,True,1,0.43,0.0,False,False
424,20260516,FLARE_20260516_0958_M2.2,1,1,Channel_1,True,1,0.35,0.0,False,False
424,20260516,FLARE_20260516_0958_M2.2,1,2,Channel_2,True,1,0.37,0.0,False,False
424,20260516,FLARE_20260516_0958_M2.2,1,3,Channel_3,True,1,0.39,0.0,False,False
425,20260516,QUIET_20260516_5,0,0,Channel_0,True,1,0.35,0.0,False,False
425,20260516,QUIET_20260516_5,0,1,Channel_1,True,1,0.37,0.0,False,False
425,20260516,QUIET_20260516_5,0,2,Channel_2,True,1,0.39,0.0,False,False
425,20260516,QUIET_20260516_5,0,3,Channel_3,True,1,0.41,0.0,False,False
426,20260516,QUIET_20260516_6,0,0,Channel_0,True,1,0.37,0.0,False,False
426,20260516,QUIET_20260516_6,0,1,Channel_1,True,1,0.39,0.0,False,False
426,20260516,QUIET_20260516_6,0,2,Channel_2,True,1,0.41,0.0,False,False
426,20260516,QUIET_20260516_6,0,3,Channel_3,True,1,0.43,0.0,False,False
427,20260516,QUIET_20260516_7,0,0,Channel_0,True,1,0.39,0.0,False,False
427,20260516,QUIET_20260516_7,0,1,Channel_1,True,1,0.41,0.0,False,False
427,20260516,QUIET_20260516_7,0,2,Channel_2,True,1,0.43,0.0,False,False
427,20260516,QUIET_20260516_7,0,3,Channel_3,True,1,0.35,0.0,False,False
428,20260516,FLARE_20260516_1741_M6.4,1,0,Channel_0,True,1,0.41,0.0,False,False
428,20260516,FLARE_20260516_1741_M6.4,1,1,Channel_1,True,1,0.43,0.0,False,False
428,20260516,FLARE_20260516_1741_M6.4,1,2,Channel_2,True,1,0.35,0.0,False,False
428,20260516,FLARE_20260516_1741_M6.4,1,3,Channel_3,True,1,0.37,0.0,False,False
429,20260516,QUIET_20260516_9,0,0,Channel_0,True,1,0.43,0.0,False,False
429,20260516,QUIET_20260516_9,0,1,Channel_1,True,1,0.35,0.0,False,False
429,20260516,QUIET_20260516_9,0,2,Channel_2,True,1,0.37,0.0,False,False
429,20260516,QUIET_20260516_9,0,3,Channel_3,True,1,0.39,0.0,False,False
430,20260516,QUIET_20260516_10,0,0,Channel_0,True,1,0.35,0.0,False,False
430,20260516,QUIET_20260516_10,0,1,Channel_1,True,1,0.37,0.0,False,False
430,20260516,QUIET_20260516_10,0,2,Channel_2,True,1,0.39,0.0,False,False
430,20260516,QUIET_20260516_10,0,3,Channel_3,True,1,0.41,0.0,False,False
431,20260516,QUIET_20260516_11,0,0,Channel_0,True,1,0.37,0.0,False,False
431,20260516,QUIET_20260516_11,0,1,Channel_1,True,1,0.39,0.0,False,False
431,20260516,QUIET_20260516_11,0,2,Channel_2,True,1,0.41,0.0,False,False
431,20260516,QUIET_20260516_11,0,3,Channel_3,True,1,0.43,0.0,False,False
432,20240524,FLARE_20240524_0124_M1.6,1,0,Channel_0,True,1,0.39,0.0,False,False
432,20240524,FLARE_20240524_0124_M1.6,1,1,Channel_1,True,1,0.41,0.0,False,False
432,20240524,FLARE_20240524_0124_M1.6,1,2,Channel_2,True,1,0.43,0.0,False,False
432,20240524,FLARE_20240524_0124_M1.6,1,3,Channel_3,True,1,0.35,0.0,False,False
433,20240524,QUIET_20240524_1,0,0,Channel_0,True,1,0.41,0.0,False,False
433,20240524,QUIET_20240524_1,0,1,Channel_1,True,1,0.43,0.0,False,False
433,20240524,QUIET_20240524_1,0,2,Channel_2,True,1,0.35,0.0,False,False
433,20240524,QUIET_20240524_1,0,3,Channel_3,True,1,0.37,0.0,False,False
434,20240524,QUIET_20240524_2,0,0,Channel_0,True,1,0.43,0.0,False,False
434,20240524,QUIET_20240524_2,0,1,Channel_1,True,1,0.35,0.0,False,False
434,20240524,QUIET_20240524_2,0,2,Channel_2,True,1,0.37,0.0,False,False
434,20240524,QUIET_20240524_2,0,3,Channel_3,True,1,0.39,0.0,False,False
435,20240524,QUIET_20240524_3,0,0,Channel_0,True,1,0.35,0.0,False,False
435,20240524,QUIET_20240524_3,0,1,Channel_1,True,1,0.37,0.0,False,False
435,20240524,QUIET_20240524_3,0,2,Channel_2,True,1,0.39,0.0,False,False
435,20240524,QUIET_20240524_3,0,3,Channel_3,True,1,0.41,0.0,False,False
436,20240524,FLARE_20240524_0952_M5.8,1,0,Channel_0,True,1,0.37,0.0,False,False
436,20240524,FLARE_20240524_0952_M5.8,1,1,Channel_1,True,1,0.39,0.0,False,False
436,20240524,FLARE_20240524_0952_M5.8,1,2,Channel_2,True,1,0.41,0.0,False,False
436,20240524,FLARE_20240524_0952_M5.8,1,3,Channel_3,True,1,0.43,0.0,False,False
437,20240524,QUIET_20240524_5,0,0,Channel_0,True,1,0.39,0.0,False,False
437,20240524,QUIET_20240524_5,0,1,Channel_1,True,1,0.41,0.0,False,False
437,20240524,QUIET_20240524_5,0,2,Channel_2,True,1,0.43,0.0,False,False
437,20240524,QUIET_20240524_5,0,3,Channel_3,True,1,0.35,0.0,False,False
438,20240524,QUIET_20240524_6,0,0,Channel_0,True,1,0.41,0.0,False,False
438,20240524,QUIET_20240524_6,0,1,Channel_1,True,1,0.43,0.0,False,False
438,20240524,QUIET_20240524_6,0,2,Channel_2,True,1,0.35,0.0,False,False
438,20240524,QUIET_20240524_6,0,3,Channel_3,True,1,0.37,0.0,False,False
439,20240524,QUIET_20240524_7,0,0,Channel_0,True,1,0.43,0.0,False,False
439,20240524,QUIET_20240524_7,0,1,Channel_1,True,1,0.35,0.0,False,False
439,20240524,QUIET_20240524_7,0,2,Channel_2,True,1,0.37,0.0,False,False
439,20240524,QUIET_20240524_7,0,3,Channel_3,True,1,0.39,0.0,False,False
440,20240524,FLARE_20240524_1735_M9.0,1,0,Channel_0,True,1,0.35,0.0,False,False
440,20240524,FLARE_20240524_1735_M9.0,1,1,Channel_1,True,1,0.37,0.0,False,False
440,20240524,FLARE_20240524_1735_M9.0,1,2,Channel_2,True,1,0.39,0.0,False,False
440,20240524,FLARE_20240524_1735_M9.0,1,3,Channel_3,True,1,0.41,0.0,False,False
441,20240524,QUIET_20240524_9,0,0,Channel_0,True,1,0.37,0.0,False,False
441,20240524,QUIET_20240524_9,0,1,Channel_1,True,1,0.39,0.0,False,False
441,20240524,QUIET_20240524_9,0,2,Channel_2,True,1,0.41,0.0,False,False
441,20240524,QUIET_20240524_9,0,3,Channel_3,True,1,0.43,0.0,False,False
442,20240524,QUIET_20240524_10,0,0,Channel_0,True,1,0.39,0.0,False,False
442,20240524,QUIET_20240524_10,0,1,Channel_1,True,1,0.41,0.0,False,False
442,20240524,QUIET_20240524_10,0,2,Channel_2,True,1,0.43,0.0,False,False
442,20240524,QUIET_20240524_10,0,3,Channel_3,True,1,0.35,0.0,False,False
443,20240524,QUIET_20240524_11,0,0,Channel_0,True,1,0.41,0.0,False,False
443,20240524,QUIET_20240524_11,0,1,Channel_1,True,1,0.43,0.0,False,False
443,20240524,QUIET_20240524_11,0,2,Channel_2,True,1,0.35,0.0,False,False
443,20240524,QUIET_20240524_11,0,3,Channel_3,True,1,0.37,0.0,False,False
444,20240526,FLARE_20240526_0118_M4.2,1,0,Channel_0,True,1,0.43,0.0,False,False
444,20240526,FLARE_20240526_0118_M4.2,1,1,Channel_1,True,1,0.35,0.0,False,False
444,20240526,FLARE_20240526_0118_M4.2,1,2,Channel_2,True,1,0.37,0.0,False,False
444,20240526,FLARE_20240526_0118_M4.2,1,3,Channel_3,True,1,0.39,0.0,False,False
445,20240526,QUIET_20240526_1,0,0,Channel_0,True,1,0.35,0.0,False,False
445,20240526,QUIET_20240526_1,0,1,Channel_1,True,1,0.37,0.0,False,False
445,20240526,QUIET_20240526_1,0,2,Channel_2,True,1,0.39,0.0,False,False
445,20240526,QUIET_20240526_1,0,3,Channel_3,True,1,0.41,0.0,False,False
446,20240526,QUIET_20240526_2,0,0,Channel_0,True,1,0.37,0.0,False,False
446,20240526,QUIET_20240526_2,0,1,Channel_1,True,1,0.39,0.0,False,False
446,20240526,QUIET_20240526_2,0,2,Channel_2,True,1,0.41,0.0,False,False
446,20240526,QUIET_20240526_2,0,3,Channel_3,True,1,0.43,0.0,False,False
447,20240526,QUIET_20240526_3,0,0,Channel_0,True,1,0.39,0.0,False,False
447,20240526,QUIET_20240526_3,0,1,Channel_1,True,1,0.41,0.0,False,False
447,20240526,QUIET_20240526_3,0,2,Channel_2,True,1,0.43,0.0,False,False
447,20240526,QUIET_20240526_3,0,3,Channel_3,True,1,0.35,0.0,False,False
448,20240526,FLARE_20240526_0946_M8.4,1,0,Channel_0,True,1,0.41,0.0,False,False
448,20240526,FLARE_20240526_0946_M8.4,1,1,Channel_1,True,1,0.43,0.0,False,False
448,20240526,FLARE_20240526_0946_M8.4,1,2,Channel_2,True,1,0.35,0.0,False,False
448,20240526,FLARE_20240526_0946_M8.4,1,3,Channel_3,True,1,0.37,0.0,False,False
449,20240526,QUIET_20240526_5,0,0,Channel_0,True,1,0.43,0.0,False,False
449,20240526,QUIET_20240526_5,0,1,Channel_1,True,1,0.35,0.0,False,False
449,20240526,QUIET_20240526_5,0,2,Channel_2,True,1,0.37,0.0,False,False
449,20240526,QUIET_20240526_5,0,3,Channel_3,True,1,0.39,0.0,False,False
450,20240526,QUIET_20240526_6,0,0,Channel_0,True,1,0.35,0.0,False,False
450,20240526,QUIET_20240526_6,0,1,Channel_1,True,1,0.37,0.0,False,False
450,20240526,QUIET_20240526_6,0,2,Channel_2,True,1,0.39,0.0,False,False
450,20240526,QUIET_20240526_6,0,3,Channel_3,True,1,0.41,0.0,False,False
451,20240526,QUIET_20240526_7,0,0,Channel_0,True,1,0.37,0.0,False,False
451,20240526,QUIET_20240526_7,0,1,Channel_1,True,1,0.39,0.0,False,False
451,20240526,QUIET_20240526_7,0,2,Channel_2,True,1,0.41,0.0,False,False
451,20240526,QUIET_20240526_7,0,3,Channel_3,True,1,0.43,0.0,False,False
452,20240526,FLARE_20240526_1729_M3.6,1,0,Channel_0,True,1,0.39,0.0,False,False
452,20240526,FLARE_20240526_1729_M3.6,1,1,Channel_1,True,1,0.41,0.0,False,False
452,20240526,FLARE_20240526_1729_M3.6,1,2,Channel_2,True,1,0.43,0.0,False,False
452,20240526,FLARE_20240526_1729_M3.6,1,3,Channel_3,True,1,0.35,0.0,False,False
453,20240526,QUIET_20240526_9,0,0,Channel_0,True,1,0.41,0.0,False,False
453,20240526,QUIET_20240526_9,0,1,Channel_1,True,1,0.43,0.0,False,False
453,20240526,QUIET_20240526_9,0,2,Channel_2,True,1,0.35,0.0,False,False
453,20240526,QUIET_20240526_9,0,3,Channel_3,True,1,0.37,0.0,False,False
454,20240526,QUIET_20240526_10,0,0,Channel_0,True,1,0.43,0.0,False,False
454,20240526,QUIET_20240526_10,0,1,Channel_1,True,1,0.35,0.0,False,False
454,20240526,QUIET_20240526_10,0,2,Channel_2,True,1,0.37,0.0,False,False
454,20240526,QUIET_20240526_10,0,3,Channel_3,True,1,0.39,0.0,False,False
455,20240526,QUIET_20240526_11,0,0,Channel_0,True,1,0.35,0.0,False,False
455,20240526,QUIET_20240526_11,0,1,Channel_1,True,1,0.37,0.0,False,False
455,20240526,QUIET_20240526_11,0,2,Channel_2,True,1,0.39,0.0,False,False
455,20240526,QUIET_20240526_11,0,3,Channel_3,True,1,0.41,0.0,False,False
456,20240514,FLARE_20240514_0157_M7.8,1,0,Channel_0,True,1,0.37,0.0,False,False
456,20240514,FLARE_20240514_0157_M7.8,1,1,Channel_1,True,1,0.39,0.0,False,False
456,20240514,FLARE_20240514_0157_M7.8,1,2,Channel_2,True,1,0.41,0.0,False,False
456,20240514,FLARE_20240514_0157_M7.8,1,3,Channel_3,True,1,0.43,0.0,False,False
457,20240514,QUIET_20240514_1,0,0,Channel_0,True,1,0.39,0.0,False,False
457,20240514,QUIET_20240514_1,0,1,Channel_1,True,1,0.41,0.0,False,False
457,20240514,QUIET_20240514_1,0,2,Channel_2,True,1,0.43,0.0,False,False
457,20240514,QUIET_20240514_1,0,3,Channel_3,True,1,0.35,0.0,False,False
458,20240514,QUIET_20240514_2,0,0,Channel_0,True,1,0.41,0.0,False,False
458,20240514,QUIET_20240514_2,0,1,Channel_1,True,1,0.43,0.0,False,False
458,20240514,QUIET_20240514_2,0,2,Channel_2,True,1,0.35,0.0,False,False
458,20240514,QUIET_20240514_2,0,3,Channel_3,True,1,0.37,0.0,False,False
459,20240514,QUIET_20240514_3,0,0,Channel_0,True,1,0.43,0.0,False,False
459,20240514,QUIET_20240514_3,0,1,Channel_1,True,1,0.35,0.0,False,False
459,20240514,QUIET_20240514_3,0,2,Channel_2,True,1,0.37,0.0,False,False
459,20240514,QUIET_20240514_3,0,3,Channel_3,True,1,0.39,0.0,False,False
460,20240514,FLARE_20240514_0940_M2.0,1,0,Channel_0,True,1,0.35,0.0,False,False
460,20240514,FLARE_20240514_0940_M2.0,1,1,Channel_1,True,1,0.37,0.0,False,False
460,20240514,FLARE_20240514_0940_M2.0,1,2,Channel_2,True,1,0.39,0.0,False,False
460,20240514,FLARE_20240514_0940_M2.0,1,3,Channel_3,True,1,0.41,0.0,False,False
461,20240514,QUIET_20240514_5,0,0,Channel_0,True,1,0.37,0.0,False,False
461,20240514,QUIET_20240514_5,0,1,Channel_1,True,1,0.39,0.0,False,False
461,20240514,QUIET_20240514_5,0,2,Channel_2,True,1,0.41,0.0,False,False
461,20240514,QUIET_20240514_5,0,3,Channel_3,True,1,0.43,0.0,False,False
462,20240514,QUIET_20240514_6,0,0,Channel_0,True,1,0.39,0.0,False,False
462,20240514,QUIET_20240514_6,0,1,Channel_1,True,1,0.41,0.0,False,False
462,20240514,QUIET_20240514_6,0,2,Channel_2,True,1,0.43,0.0,False,False
462,20240514,QUIET_20240514_6,0,3,Channel_3,True,1,0.35,0.0,False,False
463,20240514,QUIET_20240514_7,0,0,Channel_0,True,1,0.41,0.0,False,False
463,20240514,QUIET_20240514_7,0,1,Channel_1,True,1,0.43,0.0,False,False
463,20240514,QUIET_20240514_7,0,2,Channel_2,True,1,0.35,0.0,False,False
463,20240514,QUIET_20240514_7,0,3,Channel_3,True,1,0.37,0.0,False,False
464,20240514,FLARE_20240514_1723_M6.2,1,0,Channel_0,True,1,0.43,0.0,False,False
464,20240514,FLARE_20240514_1723_M6.2,1,1,Channel_1,True,1,0.35,0.0,False,False
464,20240514,FLARE_20240514_1723_M6.2,1,2,Channel_2,True,1,0.37,0.0,False,False
464,20240514,FLARE_20240514_1723_M6.2,1,3,Channel_3,True,1,0.39,0.0,False,False
465,20240514,QUIET_20240514_9,0,0,Channel_0,True,1,0.35,0.0,False,False
465,20240514,QUIET_20240514_9,0,1,Channel_1,True,1,0.37,0.0,False,False
465,20240514,QUIET_20240514_9,0,2,Channel_2,True,1,0.39,0.0,False,False
465,20240514,QUIET_20240514_9,0,3,Channel_3,True,1,0.41,0.0,False,False
466,20240514,QUIET_20240514_10,0,0,Channel_0,True,1,0.37,0.0,False,False
466,20240514,QUIET_20240514_10,0,1,Channel_1,True,1,0.39,0.0,False,False
466,20240514,QUIET_20240514_10,0,2,Channel_2,True,1,0.41,0.0,False,False
466,20240514,QUIET_20240514_10,0,3,Channel_3,True,1,0.43,0.0,False,False
467,20240514,QUIET_20240514_11,0,0,Channel_0,True,1,0.39,0.0,False,False
467,20240514,QUIET_20240514_11,0,1,Channel_1,True,1,0.41,0.0,False,False
467,20240514,QUIET_20240514_11,0,2,Channel_2,True,1,0.43,0.0,False,False
467,20240514,QUIET_20240514_11,0,3,Channel_3,True,1,0.35,0.0,False,False
468,20260520,FLARE_20260520_0151_M1.4,1,0,Channel_0,True,1,0.41,0.0,False,False
468,20260520,FLARE_20260520_0151_M1.4,1,1,Channel_1,True,1,0.43,0.0,False,False
468,20260520,FLARE_20260520_0151_M1.4,1,2,Channel_2,True,1,0.35,0.0,False,False
468,20260520,FLARE_20260520_0151_M1.4,1,3,Channel_3,True,1,0.37,0.0,False,False
469,20260520,QUIET_20260520_1,0,0,Channel_0,True,1,0.43,0.0,False,False
469,20260520,QUIET_20260520_1,0,1,Channel_1,True,1,0.35,0.0,False,False
469,20260520,QUIET_20260520_1,0,2,Channel_2,True,1,0.37,0.0,False,False
469,20260520,QUIET_20260520_1,0,3,Channel_3,True,1,0.39,0.0,False,False
470,20260520,QUIET_20260520_2,0,0,Channel_0,True,1,0.35,0.0,False,False
470,20260520,QUIET_20260520_2,0,1,Channel_1,True,1,0.37,0.0,False,False
470,20260520,QUIET_20260520_2,0,2,Channel_2,True,1,0.39,0.0,False,False
470,20260520,QUIET_20260520_2,0,3,Channel_3,True,1,0.41,0.0,False,False
471,20260520,QUIET_20260520_3,0,0,Channel_0,True,1,0.37,0.0,False,False
471,20260520,QUIET_20260520_3,0,1,Channel_1,True,1,0.39,0.0,False,False
471,20260520,QUIET_20260520_3,0,2,Channel_2,True,1,0.41,0.0,False,False
471,20260520,QUIET_20260520_3,0,3,Channel_3,True,1,0.43,0.0,False,False
472,20260520,FLARE_20260520_0934_M5.6,1,0,Channel_0,True,1,0.39,0.0,False,False
472,20260520,FLARE_20260520_0934_M5.6,1,1,Channel_1,True,1,0.41,0.0,False,False
472,20260520,FLARE_20260520_0934_M5.6,1,2,Channel_2,True,1,0.43,0.0,False,False
472,20260520,FLARE_20260520_0934_M5.6,1,3,Channel_3,True,1,0.35,0.0,False,False
473,20260520,QUIET_20260520_5,0,0,Channel_0,True,1,0.41,0.0,False,False
473,20260520,QUIET_20260520_5,0,1,Channel_1,True,1,0.43,0.0,False,False
473,20260520,QUIET_20260520_5,0,2,Channel_2,True,1,0.35,0.0,False,False
473,20260520,QUIET_20260520_5,0,3,Channel_3,True,1,0.37,0.0,False,False
474,20260520,QUIET_20260520_6,0,0,Channel_0,True,1,0.43,0.0,False,False
474,20260520,QUIET_20260520_6,0,1,Channel_1,True,1,0.35,0.0,False,False
474,20260520,QUIET_20260520_6,0,2,Channel_2,True,1,0.37,0.0,False,False
474,20260520,QUIET_20260520_6,0,3,Channel_3,True,1,0.39,0.0,False,False
475,20260520,QUIET_20260520_7,0,0,Channel_0,True,1,0.35,0.0,False,False
475,20260520,QUIET_20260520_7,0,1,Channel_1,True,1,0.37,0.0,False,False
475,20260520,QUIET_20260520_7,0,2,Channel_2,True,1,0.39,0.0,False,False
475,20260520,QUIET_20260520_7,0,3,Channel_3,True,1,0.41,0.0,False,False
476,20260520,FLARE_20260520_1717_M9.8,1,0,Channel_0,True,1,0.37,0.0,False,False
476,20260520,FLARE_20260520_1717_M9.8,1,1,Channel_1,True,1,0.39,0.0,False,False
476,20260520,FLARE_20260520_1717_M9.8,1,2,Channel_2,True,1,0.41,0.0,False,False
476,20260520,FLARE_20260520_1717_M9.8,1,3,Channel_3,True,1,0.43,0.0,False,False
477,20260520,QUIET_20260520_9,0,0,Channel_0,True,1,0.39,0.0,False,False
477,20260520,QUIET_20260520_9,0,1,Channel_1,True,1,0.41,0.0,False,False
477,20260520,QUIET_20260520_9,0,2,Channel_2,True,1,0.43,0.0,False,False
477,20260520,QUIET_20260520_9,0,3,Channel_3,True,1,0.35,0.0,False,False
478,20260520,QUIET_20260520_10,0,0,Channel_0,True,1,0.41,0.0,False,False
478,20260520,QUIET_20260520_10,0,1,Channel_1,True,1,0.43,0.0,False,False
478,20260520,QUIET_20260520_10,0,2,Channel_2,True,1,0.35,0.0,False,False
478,20260520,QUIET_20260520_10,0,3,Channel_3,True,1,0.37,0.0,False,False
479,20260520,QUIET_20260520_11,0,0,Channel_0,True,1,0.43,0.0,False,False
479,20260520,QUIET_20260520_11,0,1,Channel_1,True,1,0.35,0.0,False,False
479,20260520,QUIET_20260520_11,0,2,Channel_2,True,1,0.37,0.0,False,False
479,20260520,QUIET_20260520_11,0,3,Channel_3,True,1,0.39,0.0,False,False
480,20260602,FLARE_20260602_0145_M4.0,1,0,Channel_0,True,1,0.35,0.0,False,False
480,20260602,FLARE_20260602_0145_M4.0,1,1,Channel_1,True,1,0.37,0.0,False,False
480,20260602,FLARE_20260602_0145_M4.0,1,2,Channel_2,True,1,0.39,0.0,False,False
480,20260602,FLARE_20260602_0145_M4.0,1,3,Channel_3,True,1,0.41,0.0,False,False
481,20260602,QUIET_20260602_1,0,0,Channel_0,True,1,0.37,0.0,False,False
481,20260602,QUIET_20260602_1,0,1,Channel_1,True,1,0.39,0.0,False,False
481,20260602,QUIET_20260602_1,0,2,Channel_2,True,1,0.41,0.0,False,False
481,20260602,QUIET_20260602_1,0,3,Channel_3,True,1,0.43,0.0,False,False
482,20260602,QUIET_20260602_2,0,0,Channel_0,True,1,0.39,0.0,False,False
482,20260602,QUIET_20260602_2,0,1,Channel_1,True,1,0.41,0.0,False,False
482,20260602,QUIET_20260602_2,0,2,Channel_2,True,1,0.43,0.0,False,False
482,20260602,QUIET_20260602_2,0,3,Channel_3,True,1,0.35,0.0,False,False
483,20260602,QUIET_20260602_3,0,0,Channel_0,True,1,0.41,0.0,False,False
483,20260602,QUIET_20260602_3,0,1,Channel_1,True,1,0.43,0.0,False,False
483,20260602,QUIET_20260602_3,0,2,Channel_2,True,1,0.35,0.0,False,False
483,20260602,QUIET_20260602_3,0,3,Channel_3,True,1,0.37,0.0,False,False
484,20260602,FLARE_20260602_0928_M8.2,1,0,Channel_0,True,1,0.43,0.0,False,False
484,20260602,FLARE_20260602_0928_M8.2,1,1,Channel_1,True,1,0.35,0.0,False,False
484,20260602,FLARE_20260602_0928_M8.2,1,2,Channel_2,True,1,0.37,0.0,False,False
484,20260602,FLARE_20260602_0928_M8.2,1,3,Channel_3,True,1,0.39,0.0,False,False
485,20260602,QUIET_20260602_5,0,0,Channel_0,True,1,0.35,0.0,False,False
485,20260602,QUIET_20260602_5,0,1,Channel_1,True,1,0.37,0.0,False,False
485,20260602,QUIET_20260602_5,0,2,Channel_2,True,1,0.39,0.0,False,False
485,20260602,QUIET_20260602_5,0,3,Channel_3,True,1,0.41,0.0,False,False
486,20260602,QUIET_20260602_6,0,0,Channel_0,True,1,0.37,0.0,False,False
486,20260602,QUIET_20260602_6,0,1,Channel_1,True,1,0.39,0.0,False,False
486,20260602,QUIET_20260602_6,0,2,Channel_2,True,1,0.41,0.0,False,False
486,20260602,QUIET_20260602_6,0,3,Channel_3,True,1,0.43,0.0,False,False
487,20260602,QUIET_20260602_7,0,0,Channel_0,True,1,0.39,0.0,False,False
487,20260602,QUIET_20260602_7,0,1,Channel_1,True,1,0.41,0.0,False,False
487,20260602,QUIET_20260602_7,0,2,Channel_2,True,1,0.43,0.0,False,False
487,20260602,QUIET_20260602_7,0,3,Channel_3,True,1,0.35,0.0,False,False
488,20260602,FLARE_20260602_1756_M3.4,1,0,Channel_0,True,1,0.41,0.0,False,False
488,20260602,FLARE_20260602_1756_M3.4,1,1,Channel_1,True,1,0.43,0.0,False,False
488,20260602,FLARE_20260602_1756_M3.4,1,2,Channel_2,True,1,0.35,0.0,False,False
488,20260602,FLARE_20260602_1756_M3.4,1,3,Channel_3,True,1,0.37,0.0,False,False
489,20260602,QUIET_20260602_9,0,0,Channel_0,True,1,0.43,0.0,False,False
489,20260602,QUIET_20260602_9,0,1,Channel_1,True,1,0.35,0.0,False,False
489,20260602,QUIET_20260602_9,0,2,Channel_2,True,1,0.37,0.0,False,False
489,20260602,QUIET_20260602_9,0,3,Channel_3,True,1,0.39,0.0,False,False
490,20260602,QUIET_20260602_10,0,0,Channel_0,True,1,0.35,0.0,False,False
490,20260602,QUIET_20260602_10,0,1,Channel_1,True,1,0.37,0.0,False,False
490,20260602,QUIET_20260602_10,0,2,Channel_2,True,1,0.39,0.0,False,False
490,20260602,QUIET_20260602_10,0,3,Channel_3,True,1,0.41,0.0,False,False
491,20260602,QUIET_20260602_11,0,0,Channel_0,True,1,0.37,0.0,False,False
491,20260602,QUIET_20260602_11,0,1,Channel_1,True,1,0.39,0.0,False,False
491,20260602,QUIET_20260602_11,0,2,Channel_2,True,1,0.41,0.0,False,False
491,20260602,QUIET_20260602_11,0,3,Channel_3,True,1,0.43,0.0,False,False
492,20260524,FLARE_20260524_0139_M7.6,1,0,Channel_0,True,1,0.39,0.0,False,False
492,20260524,FLARE_20260524_0139_M7.6,1,1,Channel_1,True,1,0.41,0.0,False,False
492,20260524,FLARE_20260524_0139_M7.6,1,2,Channel_2,True,1,0.43,0.0,False,False
492,20260524,FLARE_20260524_0139_M7.6,1,3,Channel_3,True,1,0.35,0.0,False,False
493,20260524,QUIET_20260524_1,0,0,Channel_0,True,1,0.41,0.0,False,False
493,20260524,QUIET_20260524_1,0,1,Channel_1,True,1,0.43,0.0,False,False
493,20260524,QUIET_20260524_1,0,2,Channel_2,True,1,0.35,0.0,False,False
493,20260524,QUIET_20260524_1,0,3,Channel_3,True,1,0.37,0.0,False,False
494,20260524,QUIET_20260524_2,0,0,Channel_0,True,1,0.43,0.0,False,False
494,20260524,QUIET_20260524_2,0,1,Channel_1,True,1,0.35,0.0,False,False
494,20260524,QUIET_20260524_2,0,2,Channel_2,True,1,0.37,0.0,False,False
494,20260524,QUIET_20260524_2,0,3,Channel_3,True,1,0.39,0.0,False,False
495,20260524,QUIET_20260524_3,0,0,Channel_0,True,1,0.35,0.0,False,False
495,20260524,QUIET_20260524_3,0,1,Channel_1,True,1,0.37,0.0,False,False
495,20260524,QUIET_20260524_3,0,2,Channel_2,True,1,0.39,0.0,False,False
495,20260524,QUIET_20260524_3,0,3,Channel_3,True,1,0.41,0.0,False,False
496,20260524,FLARE_20260524_0922_M2.8,1,0,Channel_0,True,1,0.37,0.0,False,False
496,20260524,FLARE_20260524_0922_M2.8,1,1,Channel_1,True,1,0.39,0.0,False,False
496,20260524,FLARE_20260524_0922_M2.8,1,2,Channel_2,True,1,0.41,0.0,False,False
496,20260524,FLARE_20260524_0922_M2.8,1,3,Channel_3,True,1,0.43,0.0,False,False
497,20260524,QUIET_20260524_5,0,0,Channel_0,True,1,0.39,0.0,False,False
497,20260524,QUIET_20260524_5,0,1,Channel_1,True,1,0.41,0.0,False,False
497,20260524,QUIET_20260524_5,0,2,Channel_2,True,1,0.43,0.0,False,False
497,20260524,QUIET_20260524_5,0,3,Channel_3,True,1,0.35,0.0,False,False
498,20260524,QUIET_20260524_6,0,0,Channel_0,True,1,0.41,0.0,False,False
498,20260524,QUIET_20260524_6,0,1,Channel_1,True,1,0.43,0.0,False,False
498,20260524,QUIET_20260524_6,0,2,Channel_2,True,1,0.35,0.0,False,False
498,20260524,QUIET_20260524_6,0,3,Channel_3,True,1,0.37,0.0,False,False
499,20260524,QUIET_20260524_7,0,0,Channel_0,True,1,0.43,0.0,False,False
499,20260524,QUIET_20260524_7,0,1,Channel_1,True,1,0.35,0.0,False,False
499,20260524,QUIET_20260524_7,0,2,Channel_2,True,1,0.37,0.0,False,False
499,20260524,QUIET_20260524_7,0,3,Channel_3,True,1,0.39,0.0,False,False
500,20260524,FLARE_20260524_1750_M6.0,1,0,Channel_0,True,1,0.35,0.0,False,False
500,20260524,FLARE_20260524_1750_M6.0,1,1,Channel_1,True,1,0.37,0.0,False,False
500,20260524,FLARE_20260524_1750_M6.0,1,2,Channel_2,True,1,0.39,0.0,False,False
500,20260524,FLARE_20260524_1750_M6.0,1,3,Channel_3,True,1,0.41,0.0,False,False
501,20260524,QUIET_20260524_9,0,0,Channel_0,True,1,0.37,0.0,False,False
501,20260524,QUIET_20260524_9,0,1,Channel_1,True,1,0.39,0.0,False,False
501,20260524,QUIET_20260524_9,0,2,Channel_2,True,1,0.41,0.0,False,False
501,20260524,QUIET_20260524_9,0,3,Channel_3,True,1,0.43,0.0,False,False
502,20260524,QUIET_20260524_10,0,0,Channel_0,True,1,0.39,0.0,False,False
502,20260524,QUIET_20260524_10,0,1,Channel_1,True,1,0.41,0.0,False,False
502,20260524,QUIET_20260524_10,0,2,Channel_2,True,1,0.43,0.0,False,False
502,20260524,QUIET_20260524_10,0,3,Channel_3,True,1,0.35,0.0,False,False
503,20260524,QUIET_20260524_11,0,0,Channel_0,True,1,0.41,0.0,False,False
503,20260524,QUIET_20260524_11,0,1,Channel_1,True,1,0.43,0.0,False,False
503,20260524,QUIET_20260524_11,0,2,Channel_2,True,1,0.35,0.0,False,False
503,20260524,QUIET_20260524_11,0,3,Channel_3,True,1,0.37,0.0,False,False
504,20260616,FLARE_20260616_0133_M1.2,1,0,Channel_0,True,1,0.43,0.0,False,False
504,20260616,FLARE_20260616_0133_M1.2,1,1,Channel_1,True,1,0.35,0.0,False,False
504,20260616,FLARE_20260616_0133_M1.2,1,2,Channel_2,True,1,0.37,0.0,False,False
504,20260616,FLARE_20260616_0133_M1.2,1,3,Channel_3,True,1,0.39,0.0,False,False
505,20260616,QUIET_20260616_1,0,0,Channel_0,True,1,0.35,0.0,False,False
505,20260616,QUIET_20260616_1,0,1,Channel_1,True,1,0.37,0.0,False,False
505,20260616,QUIET_20260616_1,0,2,Channel_2,True,1,0.39,0.0,False,False
505,20260616,QUIET_20260616_1,0,3,Channel_3,True,1,0.41,0.0,False,False
506,20260616,QUIET_20260616_2,0,0,Channel_0,True,1,0.37,0.0,False,False
506,20260616,QUIET_20260616_2,0,1,Channel_1,True,1,0.39,0.0,False,False
506,20260616,QUIET_20260616_2,0,2,Channel_2,True,1,0.41,0.0,False,False
506,20260616,QUIET_20260616_2,0,3,Channel_3,True,1,0.43,0.0,False,False
507,20260616,QUIET_20260616_3,0,0,Channel_0,True,1,0.39,0.0,False,False
507,20260616,QUIET_20260616_3,0,1,Channel_1,True,1,0.41,0.0,False,False
507,20260616,QUIET_20260616_3,0,2,Channel_2,True,1,0.43,0.0,False,False
507,20260616,QUIET_20260616_3,0,3,Channel_3,True,1,0.35,0.0,False,False
508,20260616,FLARE_20260616_0916_M5.4,1,0,Channel_0,True,1,0.41,0.0,False,False
508,20260616,FLARE_20260616_0916_M5.4,1,1,Channel_1,True,1,0.43,0.0,False,False
508,20260616,FLARE_20260616_0916_M5.4,1,2,Channel_2,True,1,0.35,0.0,False,False
508,20260616,FLARE_20260616_0916_M5.4,1,3,Channel_3,True,1,0.37,0.0,False,False
509,20260616,QUIET_20260616_5,0,0,Channel_0,True,1,0.43,0.0,False,False
509,20260616,QUIET_20260616_5,0,1,Channel_1,True,1,0.35,0.0,False,False
509,20260616,QUIET_20260616_5,0,2,Channel_2,True,1,0.37,0.0,False,False
509,20260616,QUIET_20260616_5,0,3,Channel_3,True,1,0.39,0.0,False,False
510,20260616,QUIET_20260616_6,0,0,Channel_0,True,1,0.35,0.0,False,False
510,20260616,QUIET_20260616_6,0,1,Channel_1,True,1,0.37,0.0,False,False
510,20260616,QUIET_20260616_6,0,2,Channel_2,True,1,0.39,0.0,False,False
510,20260616,QUIET_20260616_6,0,3,Channel_3,True,1,0.41,0.0,False,False
511,20260616,QUIET_20260616_7,0,0,Channel_0,True,1,0.37,0.0,False,False
511,20260616,QUIET_20260616_7,0,1,Channel_1,True,1,0.39,0.0,False,False
511,20260616,QUIET_20260616_7,0,2,Channel_2,True,1,0.41,0.0,False,False
511,20260616,QUIET_20260616_7,0,3,Channel_3,True,1,0.43,0.0,False,False
512,20260616,FLARE_20260616_1744_M9.6,1,0,Channel_0,True,1,0.39,0.0,False,False
512,20260616,FLARE_20260616_1744_M9.6,1,1,Channel_1,True,1,0.41,0.0,False,False
512,20260616,FLARE_20260616_1744_M9.6,1,2,Channel_2,True,1,0.43,0.0,False,False
512,20260616,FLARE_20260616_1744_M9.6,1,3,Channel_3,True,1,0.35,0.0,False,False
513,20260616,QUIET_20260616_9,0,0,Channel_0,True,1,0.41,0.0,False,False
513,20260616,QUIET_20260616_9,0,1,Channel_1,True,1,0.43,0.0,False,False
513,20260616,QUIET_20260616_9,0,2,Channel_2,True,1,0.35,0.0,False,False
513,20260616,QUIET_20260616_9,0,3,Channel_3,True,1,0.37,0.0,False,False
514,20260616,QUIET_20260616_10,0,0,Channel_0,True,1,0.43,0.0,False,False
514,20260616,QUIET_20260616_10,0,1,Channel_1,True,1,0.35,0.0,False,False
514,20260616,QUIET_20260616_10,0,2,Channel_2,True,1,0.37,0.0,False,False
514,20260616,QUIET_20260616_10,0,3,Channel_3,True,1,0.39,0.0,False,False
515,20260616,QUIET_20260616_11,0,0,Channel_0,True,1,0.35,0.0,False,False
515,20260616,QUIET_20260616_11,0,1,Channel_1,True,1,0.37,0.0,False,False
515,20260616,QUIET_20260616_11,0,2,Channel_2,True,1,0.39,0.0,False,False
515,20260616,QUIET_20260616_11,0,3,Channel_3,True,1,0.41,0.0,False,False
516,20260513,FLARE_20260513_0127_M4.8,1,0,Channel_0,True,1,0.37,0.0,False,False
516,20260513,FLARE_20260513_0127_M4.8,1,1,Channel_1,True,1,0.39,0.0,False,False
516,20260513,FLARE_20260513_0127_M4.8,1,2,Channel_2,True,1,0.41,0.0,False,False
516,20260513,FLARE_20260513_0127_M4.8,1,3,Channel_3,True,1,0.43,0.0,False,False
517,20260513,QUIET_20260513_1,0,0,Channel_0,True,1,0.39,0.0,False,False
517,20260513,QUIET_20260513_1,0,1,Channel_1,True,1,0.41,0.0,False,False
517,20260513,QUIET_20260513_1,0,2,Channel_2,True,1,0.43,0.0,False,False
517,20260513,QUIET_20260513_1,0,3,Channel_3,True,1,0.35,0.0,False,False
518,20260513,QUIET_20260513_2,0,0,Channel_0,True,1,0.41,0.0,False,False
518,20260513,QUIET_20260513_2,0,1,Channel_1,True,1,0.43,0.0,False,False
518,20260513,QUIET_20260513_2,0,2,Channel_2,True,1,0.35,0.0,False,False
518,20260513,QUIET_20260513_2,0,3,Channel_3,True,1,0.37,0.0,False,False
519,20260513,QUIET_20260513_3,0,0,Channel_0,True,1,0.43,0.0,False,False
519,20260513,QUIET_20260513_3,0,1,Channel_1,True,1,0.35,0.0,False,False
519,20260513,QUIET_20260513_3,0,2,Channel_2,True,1,0.37,0.0,False,False
519,20260513,QUIET_20260513_3,0,3,Channel_3,True,1,0.39,0.0,False,False
520,20260513,FLARE_20260513_0955_M8.0,1,0,Channel_0,True,1,0.35,0.0,False,False
520,20260513,FLARE_20260513_0955_M8.0,1,1,Channel_1,True,1,0.37,0.0,False,False
520,20260513,FLARE_20260513_0955_M8.0,1,2,Channel_2,True,1,0.39,0.0,False,False
520,20260513,FLARE_20260513_0955_M8.0,1,3,Channel_3,True,1,0.41,0.0,False,False
521,20260513,QUIET_20260513_5,0,0,Channel_0,True,1,0.37,0.0,False,False
521,20260513,QUIET_20260513_5,0,1,Channel_1,True,1,0.39,0.0,False,False
521,20260513,QUIET_20260513_5,0,2,Channel_2,True,1,0.41,0.0,False,False
521,20260513,QUIET_20260513_5,0,3,Channel_3,True,1,0.43,0.0,False,False
522,20260513,QUIET_20260513_6,0,0,Channel_0,True,1,0.39,0.0,False,False
522,20260513,QUIET_20260513_6,0,1,Channel_1,True,1,0.41,0.0,False,False
522,20260513,QUIET_20260513_6,0,2,Channel_2,True,1,0.43,0.0,False,False
522,20260513,QUIET_20260513_6,0,3,Channel_3,True,1,0.35,0.0,False,False
523,20260513,QUIET_20260513_7,0,0,Channel_0,True,1,0.41,0.0,False,False
523,20260513,QUIET_20260513_7,0,1,Channel_1,True,1,0.43,0.0,False,False
523,20260513,QUIET_20260513_7,0,2,Channel_2,True,1,0.35,0.0,False,False
523,20260513,QUIET_20260513_7,0,3,Channel_3,True,1,0.37,0.0,False,False
524,20260513,FLARE_20260513_1738_M3.2,1,0,Channel_0,True,1,0.43,0.0,False,False
524,20260513,FLARE_20260513_1738_M3.2,1,1,Channel_1,True,1,0.35,0.0,False,False
524,20260513,FLARE_20260513_1738_M3.2,1,2,Channel_2,True,1,0.37,0.0,False,False
524,20260513,FLARE_20260513_1738_M3.2,1,3,Channel_3,True,1,0.39,0.0,False,False
525,20260513,QUIET_20260513_9,0,0,Channel_0,True,1,0.35,0.0,False,False
525,20260513,QUIET_20260513_9,0,1,Channel_1,True,1,0.37,0.0,False,False
525,20260513,QUIET_20260513_9,0,2,Channel_2,True,1,0.39,0.0,False,False
525,20260513,QUIET_20260513_9,0,3,Channel_3,True,1,0.41,0.0,False,False
526,20260513,QUIET_20260513_10,0,0,Channel_0,True,1,0.37,0.0,False,False
526,20260513,QUIET_20260513_10,0,1,Channel_1,True,1,0.39,0.0,False,False
526,20260513,QUIET_20260513_10,0,2,Channel_2,True,1,0.41,0.0,False,False
526,20260513,QUIET_20260513_10,0,3,Channel_3,True,1,0.43,0.0,False,False
527,20260513,QUIET_20260513_11,0,0,Channel_0,True,1,0.39,0.0,False,False
527,20260513,QUIET_20260513_11,0,1,Channel_1,True,1,0.41,0.0,False,False
527,20260513,QUIET_20260513_11,0,2,Channel_2,True,1,0.43,0.0,False,False
527,20260513,QUIET_20260513_11,0,3,Channel_3,True,1,0.35,0.0,False,False
528,20260523,FLARE_20260523_0121_M7.4,1,0,Channel_0,True,1,0.41,0.0,False,False
528,20260523,FLARE_20260523_0121_M7.4,1,1,Channel_1,True,1,0.43,0.0,False,False
528,20260523,FLARE_20260523_0121_M7.4,1,2,Channel_2,True,1,0.35,0.0,False,False
528,20260523,FLARE_20260523_0121_M7.4,1,3,Channel_3,True,1,0.37,0.0,False,False
529,20260523,QUIET_20260523_1,0,0,Channel_0,True,1,0.43,0.0,False,False
529,20260523,QUIET_20260523_1,0,1,Channel_1,True,1,0.35,0.0,False,False
529,20260523,QUIET_20260523_1,0,2,Channel_2,True,1,0.37,0.0,False,False
529,20260523,QUIET_20260523_1,0,3,Channel_3,True,1,0.39,0.0,False,False
530,20260523,QUIET_20260523_2,0,0,Channel_0,True,1,0.35,0.0,False,False
530,20260523,QUIET_20260523_2,0,1,Channel_1,True,1,0.37,0.0,False,False
530,20260523,QUIET_20260523_2,0,2,Channel_2,True,1,0.39,0.0,False,False
530,20260523,QUIET_20260523_2,0,3,Channel_3,True,1,0.41,0.0,False,False
531,20260523,QUIET_20260523_3,0,0,Channel_0,True,1,0.37,0.0,False,False
531,20260523,QUIET_20260523_3,0,1,Channel_1,True,1,0.39,0.0,False,False
531,20260523,QUIET_20260523_3,0,2,Channel_2,True,1,0.41,0.0,False,False
531,20260523,QUIET_20260523_3,0,3,Channel_3,True,1,0.43,0.0,False,False
532,20260523,FLARE_20260523_0949_M2.6,1,0,Channel_0,True,1,0.39,0.0,False,False
532,20260523,FLARE_20260523_0949_M2.6,1,1,Channel_1,True,1,0.41,0.0,False,False
532,20260523,FLARE_20260523_0949_M2.6,1,2,Channel_2,True,1,0.43,0.0,False,False
532,20260523,FLARE_20260523_0949_M2.6,1,3,Channel_3,True,1,0.35,0.0,False,False
533,20260523,QUIET_20260523_5,0,0,Channel_0,True,1,0.41,0.0,False,False
533,20260523,QUIET_20260523_5,0,1,Channel_1,True,1,0.43,0.0,False,False
533,20260523,QUIET_20260523_5,0,2,Channel_2,True,1,0.35,0.0,False,False
533,20260523,QUIET_20260523_5,0,3,Channel_3,True,1,0.37,0.0,False,False
534,20260523,QUIET_20260523_6,0,0,Channel_0,True,1,0.43,0.0,False,False
534,20260523,QUIET_20260523_6,0,1,Channel_1,True,1,0.35,0.0,False,False
534,20260523,QUIET_20260523_6,0,2,Channel_2,True,1,0.37,0.0,False,False
534,20260523,QUIET_20260523_6,0,3,Channel_3,True,1,0.39,0.0,False,False
535,20260523,QUIET_20260523_7,0,0,Channel_0,True,1,0.35,0.0,False,False
535,20260523,QUIET_20260523_7,0,1,Channel_1,True,1,0.37,0.0,False,False
535,20260523,QUIET_20260523_7,0,2,Channel_2,True,1,0.39,0.0,False,False
535,20260523,QUIET_20260523_7,0,3,Channel_3,True,1,0.41,0.0,False,False
536,20260523,FLARE_20260523_1732_M6.8,1,0,Channel_0,True,1,0.37,0.0,False,False
536,20260523,FLARE_20260523_1732_M6.8,1,1,Channel_1,True,1,0.39,0.0,False,False
536,20260523,FLARE_20260523_1732_M6.8,1,2,Channel_2,True,1,0.41,0.0,False,False
536,20260523,FLARE_20260523_1732_M6.8,1,3,Channel_3,True,1,0.43,0.0,False,False
537,20260523,QUIET_20260523_9,0,0,Channel_0,True,1,0.39,0.0,False,False
537,20260523,QUIET_20260523_9,0,1,Channel_1,True,1,0.41,0.0,False,False
537,20260523,QUIET_20260523_9,0,2,Channel_2,True,1,0.43,0.0,False,False
537,20260523,QUIET_20260523_9,0,3,Channel_3,True,1,0.35,0.0,False,False
538,20260523,QUIET_20260523_10,0,0,Channel_0,True,1,0.41,0.0,False,False
538,20260523,QUIET_20260523_10,0,1,Channel_1,True,1,0.43,0.0,False,False
538,20260523,QUIET_20260523_10,0,2,Channel_2,True,1,0.35,0.0,False,False
538,20260523,QUIET_20260523_10,0,3,Channel_3,True,1,0.37,0.0,False,False
539,20260523,QUIET_20260523_11,0,0,Channel_0,True,1,0.43,0.0,False,False
539,20260523,QUIET_20260523_11,0,1,Channel_1,True,1,0.35,0.0,False,False
539,20260523,QUIET_20260523_11,0,2,Channel_2,True,1,0.37,0.0,False,False
539,20260523,QUIET_20260523_11,0,3,Channel_3,True,1,0.39,0.0,False,False
540,20260624,FLARE_20260624_0115_M1.0,1,0,Channel_0,True,1,0.35,0.0,False,False
540,20260624,FLARE_20260624_0115_M1.0,1,1,Channel_1,True,1,0.37,0.0,False,False
540,20260624,FLARE_20260624_0115_M1.0,1,2,Channel_2,True,1,0.39,0.0,False,False
540,20260624,FLARE_20260624_0115_M1.0,1,3,Channel_3,False,95,40.7542,25.4436,False,False
541,20260624,QUIET_20260624_1,0,0,Channel_0,True,1,0.37,0.0,False,False
541,20260624,QUIET_20260624_1,0,1,Channel_1,True,1,0.39,0.0,False,False
541,20260624,QUIET_20260624_1,0,2,Channel_2,True,1,0.41,0.0,False,False
541,20260624,QUIET_20260624_1,0,3,Channel_3,False,99,32.5178,28.6237,False,False
542,20260624,QUIET_20260624_2,0,0,Channel_0,True,1,0.39,0.0,False,False
542,20260624,QUIET_20260624_2,0,1,Channel_1,True,1,0.41,0.0,False,False
542,20260624,QUIET_20260624_2,0,2,Channel_2,True,1,0.43,0.0,False,False
542,20260624,QUIET_20260624_2,0,3,Channel_3,False,29,13.6006,4.0563,False,False
543,20260624,QUIET_20260624_3,0,0,Channel_0,True,1,0.41,0.0,False,False
543,20260624,QUIET_20260624_3,0,1,Channel_1,True,1,0.43,0.0,False,False
543,20260624,QUIET_20260624_3,0,2,Channel_2,True,1,0.35,0.0,False,False
543,20260624,QUIET_20260624_3,0,3,Channel_3,False,98,36.2297,28.4408,False,False
544,20260624,FLARE_20260624_0943_M5.2,1,0,Channel_0,True,1,0.43,0.0,False,False
544,20260624,FLARE_20260624_0943_M5.2,1,1,Channel_1,True,1,0.35,0.0,False,False
544,20260624,FLARE_20260624_0943_M5.2,1,2,Channel_2,True,1,0.37,0.0,False,False
544,20260624,FLARE_20260624_0943_M5.2,1,3,Channel_3,False,70,26.8072,12.6907,False,False
545,20260624,QUIET_20260624_5,0,0,Channel_0,True,1,0.35,0.0,False,False
545,20260624,QUIET_20260624_5,0,1,Channel_1,True,1,0.37,0.0,False,False
545,20260624,QUIET_20260624_5,0,2,Channel_2,True,1,0.39,0.0,False,False
545,20260624,QUIET_20260624_5,0,3,Channel_3,False,32,17.4864,4.935,False,False
546,20260624,QUIET_20260624_6,0,0,Channel_0,True,1,0.37,0.0,False,False
546,20260624,QUIET_20260624_6,0,1,Channel_1,True,1,0.39,0.0,False,False
546,20260624,QUIET_20260624_6,0,2,Channel_2,True,1,0.41,0.0,False,False
546,20260624,QUIET_20260624_6,0,3,Channel_3,False,97,32.0342,22.6018,False,False
547,20260624,QUIET_20260624_7,0,0,Channel_0,True,1,0.39,0.0,False,False
547,20260624,QUIET_20260624_7,0,1,Channel_1,True,1,0.41,0.0,False,False
547,20260624,QUIET_20260624_7,0,2,Channel_2,True,1,0.43,0.0,False,False
547,20260624,QUIET_20260624_7,0,3,Channel_3,False,96,28.3069,23.782,False,False
548,20260624,FLARE_20260624_1726_M9.4,1,0,Channel_0,True,1,0.41,0.0,False,False
548,20260624,FLARE_20260624_1726_M9.4,1,1,Channel_1,True,1,0.43,0.0,False,False
548,20260624,FLARE_20260624_1726_M9.4,1,2,Channel_2,True,1,0.35,0.0,False,False
548,20260624,FLARE_20260624_1726_M9.4,1,3,Channel_3,False,40,15.33,6.4557,False,False
549,20260624,QUIET_20260624_9,0,0,Channel_0,True,1,0.43,0.0,False,False
549,20260624,QUIET_20260624_9,0,1,Channel_1,True,1,0.35,0.0,False,False
549,20260624,QUIET_20260624_9,0,2,Channel_2,True,1,0.37,0.0,False,False
549,20260624,QUIET_20260624_9,0,3,Channel_3,False,53,31.4875,8.3754,False,False
550,20260624,QUIET_20260624_10,0,0,Channel_0,True,1,0.35,0.0,False,False
550,20260624,QUIET_20260624_10,0,1,Channel_1,True,1,0.37,0.0,False,False
550,20260624,QUIET_20260624_10,0,2,Channel_2,True,1,0.39,0.0,False,False
550,20260624,QUIET_20260624_10,0,3,Channel_3,False,59,20.5011,9.4772,False,False
551,20260624,QUIET_20260624_11,0,0,Channel_0,True,1,0.37,0.0,False,False
551,20260624,QUIET_20260624_11,0,1,Channel_1,True,1,0.39,0.0,False,False
551,20260624,QUIET_20260624_11,0,2,Channel_2,True,1,0.41,0.0,False,False
551,20260624,QUIET_20260624_11,0,3,Channel_3,False,54,29.3619,10.8873,False,False
552,20260625,FLARE_20260625_0154_M4.6,1,0,Channel_0,True,1,0.39,0.0,False,False
552,20260625,FLARE_20260625_0154_M4.6,1,1,Channel_1,True,1,0.41,0.0,False,False
552,20260625,FLARE_20260625_0154_M4.6,1,2,Channel_2,True,1,0.43,0.0,False,False
552,20260625,FLARE_20260625_0154_M4.6,1,3,Channel_3,False,65,89.1233,13.5451,False,False
553,20260625,QUIET_20260625_1,0,0,Channel_0,True,1,0.41,0.0,False,False
553,20260625,QUIET_20260625_1,0,1,Channel_1,True,1,0.43,0.0,False,False
553,20260625,QUIET_20260625_1,0,2,Channel_2,True,1,0.35,0.0,False,False
553,20260625,QUIET_20260625_1,0,3,Channel_3,False,87,49.2269,21.5361,False,False
554,20260625,QUIET_20260625_2,0,0,Channel_0,True,1,0.43,0.0,False,False
554,20260625,QUIET_20260625_2,0,1,Channel_1,True,1,0.35,0.0,False,False
554,20260625,QUIET_20260625_2,0,2,Channel_2,True,1,0.37,0.0,False,False
554,20260625,QUIET_20260625_2,0,3,Channel_3,False,88,51.4117,29.787,False,False
555,20260625,QUIET_20260625_3,0,0,Channel_0,True,1,0.35,0.0,False,False
555,20260625,QUIET_20260625_3,0,1,Channel_1,True,1,0.37,0.0,False,False
555,20260625,QUIET_20260625_3,0,2,Channel_2,True,1,0.39,0.0,False,False
555,20260625,QUIET_20260625_3,0,3,Channel_3,False,92,57.9658,23.5911,False,False
556,20260625,FLARE_20260625_0937_M8.8,1,0,Channel_0,True,1,0.37,0.0,False,False
556,20260625,FLARE_20260625_0937_M8.8,1,1,Channel_1,True,1,0.39,0.0,False,False
556,20260625,FLARE_20260625_0937_M8.8,1,2,Channel_2,True,1,0.41,0.0,False,False
556,20260625,FLARE_20260625_0937_M8.8,1,3,Channel_3,False,29,14.7686,4.1867,False,False
557,20260625,QUIET_20260625_5,0,0,Channel_0,True,1,0.39,0.0,False,False
557,20260625,QUIET_20260625_5,0,1,Channel_1,True,1,0.41,0.0,False,False
557,20260625,QUIET_20260625_5,0,2,Channel_2,True,1,0.43,0.0,False,False
557,20260625,QUIET_20260625_5,0,3,Channel_3,False,69,23.9631,12.2668,False,False
558,20260625,QUIET_20260625_6,0,0,Channel_0,True,1,0.41,0.0,False,False
558,20260625,QUIET_20260625_6,0,1,Channel_1,True,1,0.43,0.0,False,False
558,20260625,QUIET_20260625_6,0,2,Channel_2,True,1,0.35,0.0,False,False
558,20260625,QUIET_20260625_6,0,3,Channel_3,False,38,16.535,5.569,False,False
559,20260625,QUIET_20260625_7,0,0,Channel_0,True,1,0.43,0.0,False,False
559,20260625,QUIET_20260625_7,0,1,Channel_1,True,1,0.35,0.0,False,False
559,20260625,QUIET_20260625_7,0,2,Channel_2,True,1,0.37,0.0,False,False
559,20260625,QUIET_20260625_7,0,3,Channel_3,False,40,22.0178,6.0873,False,False
560,20260625,FLARE_20260625_1720_M3.0,1,0,Channel_0,True,1,0.35,0.0,False,False
560,20260625,FLARE_20260625_1720_M3.0,1,1,Channel_1,True,1,0.37,0.0,False,False
560,20260625,FLARE_20260625_1720_M3.0,1,2,Channel_2,True,1,0.39,0.0,False,False
560,20260625,FLARE_20260625_1720_M3.0,1,3,Channel_3,False,62,26.7236,10.7237,False,False
561,20260625,QUIET_20260625_9,0,0,Channel_0,True,1,0.37,0.0,False,False
561,20260625,QUIET_20260625_9,0,1,Channel_1,True,1,0.39,0.0,False,False
561,20260625,QUIET_20260625_9,0,2,Channel_2,True,1,0.41,0.0,False,False
561,20260625,QUIET_20260625_9,0,3,Channel_3,False,82,26.7928,16.9224,False,False
562,20260625,QUIET_20260625_10,0,0,Channel_0,True,1,0.39,0.0,False,False
562,20260625,QUIET_20260625_10,0,1,Channel_1,True,1,0.41,0.0,False,False
562,20260625,QUIET_20260625_10,0,2,Channel_2,True,1,0.43,0.0,False,False
562,20260625,QUIET_20260625_10,0,3,Channel_3,False,33,16.9839,5.5532,False,False
563,20260625,QUIET_20260625_11,0,0,Channel_0,True,1,0.41,0.0,False,False
563,20260625,QUIET_20260625_11,0,1,Channel_1,True,1,0.43,0.0,False,False
563,20260625,QUIET_20260625_11,0,2,Channel_2,True,1,0.35,0.0,False,False
563,20260625,QUIET_20260625_11,0,3,Channel_3,False,36,18.575,4.7948,False,False
564,20260507,FLARE_20260507_0148_M7.2,1,0,Channel_0,True,1,0.43,0.0,False,False
564,20260507,FLARE_20260507_0148_M7.2,1,1,Channel_1,True,1,0.35,0.0,False,False
564,20260507,FLARE_20260507_0148_M7.2,1,2,Channel_2,True,1,0.37,0.0,False,False
564,20260507,FLARE_20260507_0148_M7.2,1,3,Channel_3,True,1,0.39,0.0,False,False
565,20260507,QUIET_20260507_1,0,0,Channel_0,True,1,0.35,0.0,False,False
565,20260507,QUIET_20260507_1,0,1,Channel_1,True,1,0.37,0.0,False,False
565,20260507,QUIET_20260507_1,0,2,Channel_2,True,1,0.39,0.0,False,False
565,20260507,QUIET_20260507_1,0,3,Channel_3,True,1,0.41,0.0,False,False
566,20260507,QUIET_20260507_2,0,0,Channel_0,True,1,0.37,0.0,False,False
566,20260507,QUIET_20260507_2,0,1,Channel_1,True,1,0.39,0.0,False,False
566,20260507,QUIET_20260507_2,0,2,Channel_2,True,1,0.41,0.0,False,False
566,20260507,QUIET_20260507_2,0,3,Channel_3,True,1,0.43,0.0,False,False
567,20260507,QUIET_20260507_3,0,0,Channel_0,True,1,0.39,0.0,False,False
567,20260507,QUIET_20260507_3,0,1,Channel_1,True,1,0.41,0.0,False,False
567,20260507,QUIET_20260507_3,0,2,Channel_2,True,1,0.43,0.0,False,False
567,20260507,QUIET_20260507_3,0,3,Channel_3,True,1,0.35,0.0,False,False
568,20260507,FLARE_20260507_0931_M2.4,1,0,Channel_0,True,1,0.41,0.0,False,False
568,20260507,FLARE_20260507_0931_M2.4,1,1,Channel_1,True,1,0.43,0.0,False,False
568,20260507,FLARE_20260507_0931_M2.4,1,2,Channel_2,True,1,0.35,0.0,False,False
568,20260507,FLARE_20260507_0931_M2.4,1,3,Channel_3,True,1,0.37,0.0,False,False
569,20260507,QUIET_20260507_5,0,0,Channel_0,True,1,0.43,0.0,False,False
569,20260507,QUIET_20260507_5,0,1,Channel_1,True,1,0.35,0.0,False,False
569,20260507,QUIET_20260507_5,0,2,Channel_2,True,1,0.37,0.0,False,False
569,20260507,QUIET_20260507_5,0,3,Channel_3,True,1,0.39,0.0,False,False
570,20260507,QUIET_20260507_6,0,0,Channel_0,True,1,0.35,0.0,False,False
570,20260507,QUIET_20260507_6,0,1,Channel_1,True,1,0.37,0.0,False,False
570,20260507,QUIET_20260507_6,0,2,Channel_2,True,1,0.39,0.0,False,False
570,20260507,QUIET_20260507_6,0,3,Channel_3,True,1,0.41,0.0,False,False
571,20260507,QUIET_20260507_7,0,0,Channel_0,True,1,0.37,0.0,False,False
571,20260507,QUIET_20260507_7,0,1,Channel_1,True,1,0.39,0.0,False,False
571,20260507,QUIET_20260507_7,0,2,Channel_2,True,1,0.41,0.0,False,False
571,20260507,QUIET_20260507_7,0,3,Channel_3,True,1,0.43,0.0,False,False
572,20260507,FLARE_20260507_1759_M6.6,1,0,Channel_0,True,1,0.39,0.0,False,False
572,20260507,FLARE_20260507_1759_M6.6,1,1,Channel_1,True,1,0.41,0.0,False,False
572,20260507,FLARE_20260507_1759_M6.6,1,2,Channel_2,True,1,0.43,0.0,False,False
572,20260507,FLARE_20260507_1759_M6.6,1,3,Channel_3,True,1,0.35,0.0,False,False
573,20260507,QUIET_20260507_9,0,0,Channel_0,True,1,0.41,0.0,False,False
573,20260507,QUIET_20260507_9,0,1,Channel_1,True,1,0.43,0.0,False,False
573,20260507,QUIET_20260507_9,0,2,Channel_2,True,1,0.35,0.0,False,False
573,20260507,QUIET_20260507_9,0,3,Channel_3,True,1,0.37,0.0,False,False
574,20260507,QUIET_20260507_10,0,0,Channel_0,True,1,0.43,0.0,False,False
574,20260507,QUIET_20260507_10,0,1,Channel_1,True,1,0.35,0.0,False,False
574,20260507,QUIET_20260507_10,0,2,Channel_2,True,1,0.37,0.0,False,False
574,20260507,QUIET_20260507_10,0,3,Channel_3,True,1,0.39,0.0,False,False
575,20260507,QUIET_20260507_11,0,0,Channel_0,True,1,0.35,0.0,False,False
575,20260507,QUIET_20260507_11,0,1,Channel_1,True,1,0.37,0.0,False,False
575,20260507,QUIET_20260507_11,0,2,Channel_2,True,1,0.39,0.0,False,False
575,20260507,QUIET_20260507_11,0,3,Channel_3,True,1,0.41,0.0,False,False
576,20240515,FLARE_20240515_0142_M1.8,1,0,Channel_0,True,1,0.37,0.0,False,False
576,20240515,FLARE_20240515_0142_M1.8,1,1,Channel_1,True,1,0.39,0.0,False,False
576,20240515,FLARE_20240515_0142_M1.8,1,2,Channel_2,True,1,0.41,0.0,False,False
576,20240515,FLARE_20240515_0142_M1.8,1,3,Channel_3,True,1,0.43,0.0,False,False
577,20240515,QUIET_20240515_1,0,0,Channel_0,True,1,0.39,0.0,False,False
577,20240515,QUIET_20240515_1,0,1,Channel_1,True,1,0.41,0.0,False,False
577,20240515,QUIET_20240515_1,0,2,Channel_2,True,1,0.43,0.0,False,False
577,20240515,QUIET_20240515_1,0,3,Channel_3,True,1,0.35,0.0,False,False
578,20240515,QUIET_20240515_2,0,0,Channel_0,True,1,0.41,0.0,False,False
578,20240515,QUIET_20240515_2,0,1,Channel_1,True,1,0.43,0.0,False,False
578,20240515,QUIET_20240515_2,0,2,Channel_2,True,1,0.35,0.0,False,False
578,20240515,QUIET_20240515_2,0,3,Channel_3,True,1,0.37,0.0,False,False
579,20240515,QUIET_20240515_3,0,0,Channel_0,True,1,0.43,0.0,False,False
579,20240515,QUIET_20240515_3,0,1,Channel_1,True,1,0.35,0.0,False,False
579,20240515,QUIET_20240515_3,0,2,Channel_2,True,1,0.37,0.0,False,False
579,20240515,QUIET_20240515_3,0,3,Channel_3,True,1,0.39,0.0,False,False
580,20240515,FLARE_20240515_0925_M5.0,1,0,Channel_0,True,1,0.35,0.0,False,False
580,20240515,FLARE_20240515_0925_M5.0,1,1,Channel_1,True,1,0.37,0.0,False,False
580,20240515,FLARE_20240515_0925_M5.0,1,2,Channel_2,True,1,0.39,0.0,False,False
580,20240515,FLARE_20240515_0925_M5.0,1,3,Channel_3,True,1,0.41,0.0,False,False
581,20240515,QUIET_20240515_5,0,0,Channel_0,True,1,0.37,0.0,False,False
581,20240515,QUIET_20240515_5,0,1,Channel_1,True,1,0.39,0.0,False,False
581,20240515,QUIET_20240515_5,0,2,Channel_2,True,1,0.41,0.0,False,False
581,20240515,QUIET_20240515_5,0,3,Channel_3,True,1,0.43,0.0,False,False
582,20240515,QUIET_20240515_6,0,0,Channel_0,True,1,0.39,0.0,False,False
582,20240515,QUIET_20240515_6,0,1,Channel_1,True,1,0.41,0.0,False,False
582,20240515,QUIET_20240515_6,0,2,Channel_2,True,1,0.43,0.0,False,False
582,20240515,QUIET_20240515_6,0,3,Channel_3,True,1,0.35,0.0,False,False
583,20240515,QUIET_20240515_7,0,0,Channel_0,True,1,0.41,0.0,False,False
583,20240515,QUIET_20240515_7,0,1,Channel_1,True,1,0.43,0.0,False,False
583,20240515,QUIET_20240515_7,0,2,Channel_2,True,1,0.35,0.0,False,False
583,20240515,QUIET_20240515_7,0,3,Channel_3,True,1,0.37,0.0,False,False
584,20240515,FLARE_20240515_1753_M9.2,1,0,Channel_0,True,1,0.43,0.0,False,False
584,20240515,FLARE_20240515_1753_M9.2,1,1,Channel_1,True,1,0.35,0.0,False,False
584,20240515,FLARE_20240515_1753_M9.2,1,2,Channel_2,True,1,0.37,0.0,False,False
584,20240515,FLARE_20240515_1753_M9.2,1,3,Channel_3,True,1,0.39,0.0,False,False
585,20240515,QUIET_20240515_9,0,0,Channel_0,True,1,0.35,0.0,False,False
585,20240515,QUIET_20240515_9,0,1,Channel_1,True,1,0.37,0.0,False,False
585,20240515,QUIET_20240515_9,0,2,Channel_2,True,1,0.39,0.0,False,False
585,20240515,QUIET_20240515_9,0,3,Channel_3,True,1,0.41,0.0,False,False
586,20240515,QUIET_20240515_10,0,0,Channel_0,True,1,0.37,0.0,False,False
586,20240515,QUIET_20240515_10,0,1,Channel_1,True,1,0.39,0.0,False,False
586,20240515,QUIET_20240515_10,0,2,Channel_2,True,1,0.41,0.0,False,False
586,20240515,QUIET_20240515_10,0,3,Channel_3,True,1,0.43,0.0,False,False
587,20240515,QUIET_20240515_11,0,0,Channel_0,True,1,0.39,0.0,False,False
587,20240515,QUIET_20240515_11,0,1,Channel_1,True,1,0.41,0.0,False,False
587,20240515,QUIET_20240515_11,0,2,Channel_2,True,1,0.43,0.0,False,False
587,20240515,QUIET_20240515_11,0,3,Channel_3,True,1,0.35,0.0,False,False
588,20260510,FLARE_20260510_0136_M4.4,1,0,Channel_0,True,1,0.41,0.0,False,False
588,20260510,FLARE_20260510_0136_M4.4,1,1,Channel_1,True,1,0.43,0.0,False,False
588,20260510,FLARE_20260510_0136_M4.4,1,2,Channel_2,True,1,0.35,0.0,False,False
588,20260510,FLARE_20260510_0136_M4.4,1,3,Channel_3,True,1,0.37,0.0,False,False
589,20260510,QUIET_20260510_1,0,0,Channel_0,True,1,0.43,0.0,False,False
589,20260510,QUIET_20260510_1,0,1,Channel_1,True,1,0.35,0.0,False,False
589,20260510,QUIET_20260510_1,0,2,Channel_2,True,1,0.37,0.0,False,False
589,20260510,QUIET_20260510_1,0,3,Channel_3,True,1,0.39,0.0,False,False
590,20260510,QUIET_20260510_2,0,0,Channel_0,True,1,0.35,0.0,False,False
590,20260510,QUIET_20260510_2,0,1,Channel_1,True,1,0.37,0.0,False,False
590,20260510,QUIET_20260510_2,0,2,Channel_2,True,1,0.39,0.0,False,False
590,20260510,QUIET_20260510_2,0,3,Channel_3,True,1,0.41,0.0,False,False
591,20260510,QUIET_20260510_3,0,0,Channel_0,True,1,0.37,0.0,False,False
591,20260510,QUIET_20260510_3,0,1,Channel_1,True,1,0.39,0.0,False,False
591,20260510,QUIET_20260510_3,0,2,Channel_2,True,1,0.41,0.0,False,False
591,20260510,QUIET_20260510_3,0,3,Channel_3,True,1,0.43,0.0,False,False
592,20260510,FLARE_20260510_0919_M8.6,1,0,Channel_0,True,1,0.39,0.0,False,False
592,20260510,FLARE_20260510_0919_M8.6,1,1,Channel_1,True,1,0.41,0.0,False,False
592,20260510,FLARE_20260510_0919_M8.6,1,2,Channel_2,True,1,0.43,0.0,False,False
592,20260510,FLARE_20260510_0919_M8.6,1,3,Channel_3,True,1,0.35,0.0,False,False
593,20260510,QUIET_20260510_5,0,0,Channel_0,True,1,0.41,0.0,False,False
593,20260510,QUIET_20260510_5,0,1,Channel_1,True,1,0.43,0.0,False,False
593,20260510,QUIET_20260510_5,0,2,Channel_2,True,1,0.35,0.0,False,False
593,20260510,QUIET_20260510_5,0,3,Channel_3,True,1,0.37,0.0,False,False
594,20260510,QUIET_20260510_6,0,0,Channel_0,True,1,0.43,0.0,False,False
594,20260510,QUIET_20260510_6,0,1,Channel_1,True,1,0.35,0.0,False,False
594,20260510,QUIET_20260510_6,0,2,Channel_2,True,1,0.37,0.0,False,False
594,20260510,QUIET_20260510_6,0,3,Channel_3,True,1,0.39,0.0,False,False
595,20260510,QUIET_20260510_7,0,0,Channel_0,True,1,0.35,0.0,False,False
595,20260510,QUIET_20260510_7,0,1,Channel_1,True,1,0.37,0.0,False,False
595,20260510,QUIET_20260510_7,0,2,Channel_2,True,1,0.39,0.0,False,False
595,20260510,QUIET_20260510_7,0,3,Channel_3,True,1,0.41,0.0,False,False
596,20260510,FLARE_20260510_1747_M3.8,1,0,Channel_0,True,1,0.37,0.0,False,False
596,20260510,FLARE_20260510_1747_M3.8,1,1,Channel_1,True,1,0.39,0.0,False,False
596,20260510,FLARE_20260510_1747_M3.8,1,2,Channel_2,True,1,0.41,0.0,False,False
596,20260510,FLARE_20260510_1747_M3.8,1,3,Channel_3,True,1,0.43,0.0,False,False
597,20260510,QUIET_20260510_9,0,0,Channel_0,True,1,0.39,0.0,False,False
597,20260510,QUIET_20260510_9,0,1,Channel_1,True,1,0.41,0.0,False,False
597,20260510,QUIET_20260510_9,0,2,Channel_2,True,1,0.43,0.0,False,False
597,20260510,QUIET_20260510_9,0,3,Channel_3,True,1,0.35,0.0,False,False
598,20260510,QUIET_20260510_10,0,0,Channel_0,True,1,0.41,0.0,False,False
598,20260510,QUIET_20260510_10,0,1,Channel_1,True,1,0.43,0.0,False,False
598,20260510,QUIET_20260510_10,0,2,Channel_2,True,1,0.35,0.0,False,False
598,20260510,QUIET_20260510_10,0,3,Channel_3,True,1,0.37,0.0,False,False
599,20260510,QUIET_20260510_11,0,0,Channel_0,True,1,0.43,0.0,False,False
599,20260510,QUIET_20260510_11,0,1,Channel_1,True,1,0.35,0.0,False,False
599,20260510,QUIET_20260510_11,0,2,Channel_2,True,1,0.37,0.0,False,False
599,20260510,QUIET_20260510_11,0,3,Channel_3,True,1,0.39,0.0,False,False
600,20260615,FLARE_20260615_0130_M7.0,1,0,Channel_0,True,1,0.35,0.0,False,False
600,20260615,FLARE_20260615_0130_M7.0,1,1,Channel_1,True,1,0.37,0.0,False,False
600,20260615,FLARE_20260615_0130_M7.0,1,2,Channel_2,True,1,0.39,0.0,False,False
600,20260615,FLARE_20260615_0130_M7.0,1,3,Channel_3,True,1,0.41,0.0,False,False
601,20260615,QUIET_20260615_1,0,0,Channel_0,True,1,0.37,0.0,False,False
601,20260615,QUIET_20260615_1,0,1,Channel_1,True,1,0.39,0.0,False,False
601,20260615,QUIET_20260615_1,0,2,Channel_2,True,1,0.41,0.0,False,False
601,20260615,QUIET_20260615_1,0,3,Channel_3,True,1,0.43,0.0,False,False
602,20260615,QUIET_20260615_2,0,0,Channel_0,True,1,0.39,0.0,False,False
602,20260615,QUIET_20260615_2,0,1,Channel_1,True,1,0.41,0.0,False,False
602,20260615,QUIET_20260615_2,0,2,Channel_2,True,1,0.43,0.0,False,False
602,20260615,QUIET_20260615_2,0,3,Channel_3,True,1,0.35,0.0,False,False
603,20260615,QUIET_20260615_3,0,0,Channel_0,True,1,0.41,0.0,False,False
603,20260615,QUIET_20260615_3,0,1,Channel_1,True,1,0.43,0.0,False,False
603,20260615,QUIET_20260615_3,0,2,Channel_2,True,1,0.35,0.0,False,False
603,20260615,QUIET_20260615_3,0,3,Channel_3,True,1,0.37,0.0,False,False
604,20260615,FLARE_20260615_0958_M2.2,1,0,Channel_0,True,1,0.43,0.0,False,False
604,20260615,FLARE_20260615_0958_M2.2,1,1,Channel_1,True,1,0.35,0.0,False,False
604,20260615,FLARE_20260615_0958_M2.2,1,2,Channel_2,True,1,0.37,0.0,False,False
604,20260615,FLARE_20260615_0958_M2.2,1,3,Channel_3,True,1,0.39,0.0,False,False
605,20260615,QUIET_20260615_5,0,0,Channel_0,True,1,0.35,0.0,False,False
605,20260615,QUIET_20260615_5,0,1,Channel_1,True,1,0.37,0.0,False,False
605,20260615,QUIET_20260615_5,0,2,Channel_2,True,1,0.39,0.0,False,False
605,20260615,QUIET_20260615_5,0,3,Channel_3,True,1,0.41,0.0,False,False
606,20260615,QUIET_20260615_6,0,0,Channel_0,True,1,0.37,0.0,False,False
606,20260615,QUIET_20260615_6,0,1,Channel_1,True,1,0.39,0.0,False,False
606,20260615,QUIET_20260615_6,0,2,Channel_2,True,1,0.41,0.0,False,False
606,20260615,QUIET_20260615_6,0,3,Channel_3,True,1,0.43,0.0,False,False
607,20260615,QUIET_20260615_7,0,0,Channel_0,True,1,0.39,0.0,False,False
607,20260615,QUIET_20260615_7,0,1,Channel_1,True,1,0.41,0.0,False,False
607,20260615,QUIET_20260615_7,0,2,Channel_2,True,1,0.43,0.0,False,False
607,20260615,QUIET_20260615_7,0,3,Channel_3,True,1,0.35,0.0,False,False
608,20260615,FLARE_20260615_1741_M6.4,1,0,Channel_0,True,1,0.41,0.0,False,False
608,20260615,FLARE_20260615_1741_M6.4,1,1,Channel_1,True,1,0.43,0.0,False,False
608,20260615,FLARE_20260615_1741_M6.4,1,2,Channel_2,True,1,0.35,0.0,False,False
608,20260615,FLARE_20260615_1741_M6.4,1,3,Channel_3,True,1,0.37,0.0,False,False
609,20260615,QUIET_20260615_9,0,0,Channel_0,True,1,0.43,0.0,False,False
609,20260615,QUIET_20260615_9,0,1,Channel_1,True,1,0.35,0.0,False,False
609,20260615,QUIET_20260615_9,0,2,Channel_2,True,1,0.37,0.0,False,False
609,20260615,QUIET_20260615_9,0,3,Channel_3,True,1,0.39,0.0,False,False
610,20260615,QUIET_20260615_10,0,0,Channel_0,True,1,0.35,0.0,False,False
610,20260615,QUIET_20260615_10,0,1,Channel_1,True,1,0.37,0.0,False,False
610,20260615,QUIET_20260615_10,0,2,Channel_2,True,1,0.39,0.0,False,False
610,20260615,QUIET_20260615_10,0,3,Channel_3,True,1,0.41,0.0,False,False
611,20260615,QUIET_20260615_11,0,0,Channel_0,True,1,0.37,0.0,False,False
611,20260615,QUIET_20260615_11,0,1,Channel_1,True,1,0.39,0.0,False,False
611,20260615,QUIET_20260615_11,0,2,Channel_2,True,1,0.41,0.0,False,False
611,20260615,QUIET_20260615_11,0,3,Channel_3,True,1,0.43,0.0,False,False
612,20260608,FLARE_20260608_0124_M1.6,1,0,Channel_0,True,1,0.39,0.0,False,False
612,20260608,FLARE_20260608_0124_M1.6,1,1,Channel_1,True,1,0.41,0.0,False,False
612,20260608,FLARE_20260608_0124_M1.6,1,2,Channel_2,True,1,0.43,0.0,False,False
612,20260608,FLARE_20260608_0124_M1.6,1,3,Channel_3,True,1,0.35,0.0,False,False
613,20260608,QUIET_20260608_1,0,0,Channel_0,True,1,0.41,0.0,False,False
613,20260608,QUIET_20260608_1,0,1,Channel_1,True,1,0.43,0.0,False,False
613,20260608,QUIET_20260608_1,0,2,Channel_2,True,1,0.35,0.0,False,False
613,20260608,QUIET_20260608_1,0,3,Channel_3,True,1,0.37,0.0,False,False
614,20260608,QUIET_20260608_2,0,0,Channel_0,True,1,0.43,0.0,False,False
614,20260608,QUIET_20260608_2,0,1,Channel_1,True,1,0.35,0.0,False,False
614,20260608,QUIET_20260608_2,0,2,Channel_2,True,1,0.37,0.0,False,False
614,20260608,QUIET_20260608_2,0,3,Channel_3,True,1,0.39,0.0,False,False
615,20260608,QUIET_20260608_3,0,0,Channel_0,True,1,0.35,0.0,False,False
615,20260608,QUIET_20260608_3,0,1,Channel_1,True,1,0.37,0.0,False,False
615,20260608,QUIET_20260608_3,0,2,Channel_2,True,1,0.39,0.0,False,False
615,20260608,QUIET_20260608_3,0,3,Channel_3,True,1,0.41,0.0,False,False
616,20260608,FLARE_20260608_0952_M5.8,1,0,Channel_0,True,1,0.37,0.0,False,False
616,20260608,FLARE_20260608_0952_M5.8,1,1,Channel_1,True,1,0.39,0.0,False,False
616,20260608,FLARE_20260608_0952_M5.8,1,2,Channel_2,True,1,0.41,0.0,False,False
616,20260608,FLARE_20260608_0952_M5.8,1,3,Channel_3,True,1,0.43,0.0,False,False
617,20260608,QUIET_20260608_5,0,0,Channel_0,True,1,0.39,0.0,False,False
617,20260608,QUIET_20260608_5,0,1,Channel_1,True,1,0.41,0.0,False,False
617,20260608,QUIET_20260608_5,0,2,Channel_2,True,1,0.43,0.0,False,False
617,20260608,QUIET_20260608_5,0,3,Channel_3,True,1,0.35,0.0,False,False
618,20260608,QUIET_20260608_6,0,0,Channel_0,True,1,0.41,0.0,False,False
618,20260608,QUIET_20260608_6,0,1,Channel_1,True,1,0.43,0.0,False,False
618,20260608,QUIET_20260608_6,0,2,Channel_2,True,1,0.35,0.0,False,False
618,20260608,QUIET_20260608_6,0,3,Channel_3,True,1,0.37,0.0,False,False
619,20260608,QUIET_20260608_7,0,0,Channel_0,True,1,0.43,0.0,False,False
619,20260608,QUIET_20260608_7,0,1,Channel_1,True,1,0.35,0.0,False,False
619,20260608,QUIET_20260608_7,0,2,Channel_2,True,1,0.37,0.0,False,False
619,20260608,QUIET_20260608_7,0,3,Channel_3,True,1,0.39,0.0,False,False
620,20260608,FLARE_20260608_1735_M9.0,1,0,Channel_0,True,1,0.35,0.0,False,False
620,20260608,FLARE_20260608_1735_M9.0,1,1,Channel_1,True,1,0.37,0.0,False,False
620,20260608,FLARE_20260608_1735_M9.0,1,2,Channel_2,True,1,0.39,0.0,False,False
620,20260608,FLARE_20260608_1735_M9.0,1,3,Channel_3,True,1,0.41,0.0,False,False
621,20260608,QUIET_20260608_9,0,0,Channel_0,True,1,0.37,0.0,False,False
621,20260608,QUIET_20260608_9,0,1,Channel_1,True,1,0.39,0.0,False,False
621,20260608,QUIET_20260608_9,0,2,Channel_2,True,1,0.41,0.0,False,False
621,20260608,QUIET_20260608_9,0,3,Channel_3,True,1,0.43,0.0,False,False
622,20260608,QUIET_20260608_10,0,0,Channel_0,True,1,0.39,0.0,False,False
622,20260608,QUIET_20260608_10,0,1,Channel_1,True,1,0.41,0.0,False,False
622,20260608,QUIET_20260608_10,0,2,Channel_2,True,1,0.43,0.0,False,False
622,20260608,QUIET_20260608_10,0,3,Channel_3,True,1,0.35,0.0,False,False
623,20260608,QUIET_20260608_11,0,0,Channel_0,True,1,0.41,0.0,False,False
623,20260608,QUIET_20260608_11,0,1,Channel_1,True,1,0.43,0.0,False,False
623,20260608,QUIET_20260608_11,0,2,Channel_2,True,1,0.35,0.0,False,False
623,20260608,QUIET_20260608_11,0,3,Channel_3,True,1,0.37,0.0,False,False
624,20260621,FLARE_20260621_0118_M4.2,1,0,Channel_0,True,1,0.43,0.0,False,False
624,20260621,FLARE_20260621_0118_M4.2,1,1,Channel_1,True,1,0.35,0.0,False,False
624,20260621,FLARE_20260621_0118_M4.2,1,2,Channel_2,True,1,0.37,0.0,False,False
624,20260621,FLARE_20260621_0118_M4.2,1,3,Channel_3,False,21,8.3553,3.1343,False,False
625,20260621,QUIET_20260621_1,0,0,Channel_0,True,1,0.35,0.0,False,False
625,20260621,QUIET_20260621_1,0,1,Channel_1,True,1,0.37,0.0,False,False
625,20260621,QUIET_20260621_1,0,2,Channel_2,True,1,0.39,0.0,False,False
625,20260621,QUIET_20260621_1,0,3,Channel_3,False,40,9.5817,6.218,False,False
626,20260621,QUIET_20260621_2,0,0,Channel_0,True,1,0.37,0.0,False,False
626,20260621,QUIET_20260621_2,0,1,Channel_1,True,1,0.39,0.0,False,False
626,20260621,QUIET_20260621_2,0,2,Channel_2,True,1,0.41,0.0,False,False
626,20260621,QUIET_20260621_2,0,3,Channel_3,False,77,41.6489,44.8977,False,False
627,20260621,QUIET_20260621_3,0,0,Channel_0,True,1,0.39,0.0,False,False
627,20260621,QUIET_20260621_3,0,1,Channel_1,True,1,0.41,0.0,False,False
627,20260621,QUIET_20260621_3,0,2,Channel_2,True,1,0.43,0.0,False,False
627,20260621,QUIET_20260621_3,0,3,Channel_3,False,60,92.3592,14.1556,False,False
628,20260621,FLARE_20260621_0946_M8.4,1,0,Channel_0,True,1,0.41,0.0,False,False
628,20260621,FLARE_20260621_0946_M8.4,1,1,Channel_1,True,1,0.43,0.0,False,False
628,20260621,FLARE_20260621_0946_M8.4,1,2,Channel_2,True,1,0.35,0.0,False,False
628,20260621,FLARE_20260621_0946_M8.4,1,3,Channel_3,False,65,38.1492,10.9243,False,False
629,20260621,QUIET_20260621_5,0,0,Channel_0,True,1,0.43,0.0,False,False
629,20260621,QUIET_20260621_5,0,1,Channel_1,True,1,0.35,0.0,False,False
629,20260621,QUIET_20260621_5,0,2,Channel_2,True,1,0.37,0.0,False,False
629,20260621,QUIET_20260621_5,0,3,Channel_3,False,38,18.1022,6.1349,False,False
630,20260621,QUIET_20260621_6,0,0,Channel_0,True,1,0.35,0.0,False,False
630,20260621,QUIET_20260621_6,0,1,Channel_1,True,1,0.37,0.0,False,False
630,20260621,QUIET_20260621_6,0,2,Channel_2,True,1,0.39,0.0,False,False
630,20260621,QUIET_20260621_6,0,3,Channel_3,False,23,10.3558,3.496,False,False
631,20260621,QUIET_20260621_7,0,0,Channel_0,True,1,0.37,0.0,False,False
631,20260621,QUIET_20260621_7,0,1,Channel_1,True,1,0.39,0.0,False,False
631,20260621,QUIET_20260621_7,0,2,Channel_2,True,1,0.41,0.0,False,False
631,20260621,QUIET_20260621_7,0,3,Channel_3,False,21,7.3628,2.745,False,False
632,20260621,FLARE_20260621_1729_M3.6,1,0,Channel_0,True,1,0.39,0.0,False,False
632,20260621,FLARE_20260621_1729_M3.6,1,1,Channel_1,True,1,0.41,0.0,False,False
632,20260621,FLARE_20260621_1729_M3.6,1,2,Channel_2,True,1,0.43,0.0,False,False
632,20260621,FLARE_20260621_1729_M3.6,1,3,Channel_3,False,40,9.9025,5.1637,False,False
633,20260621,QUIET_20260621_9,0,0,Channel_0,True,1,0.41,0.0,False,False
633,20260621,QUIET_20260621_9,0,1,Channel_1,True,1,0.43,0.0,False,False
633,20260621,QUIET_20260621_9,0,2,Channel_2,True,1,0.35,0.0,False,False
633,20260621,QUIET_20260621_9,0,3,Channel_3,False,33,8.7803,4.7423,False,False
634,20260621,QUIET_20260621_10,0,0,Channel_0,True,1,0.43,0.0,False,False
634,20260621,QUIET_20260621_10,0,1,Channel_1,True,1,0.35,0.0,False,False
634,20260621,QUIET_20260621_10,0,2,Channel_2,True,1,0.37,0.0,False,False
634,20260621,QUIET_20260621_10,0,3,Channel_3,False,30,9.3792,4.9037,False,False
635,20260621,QUIET_20260621_11,0,0,Channel_0,True,1,0.35,0.0,False,False
635,20260621,QUIET_20260621_11,0,1,Channel_1,True,1,0.37,0.0,False,False
635,20260621,QUIET_20260621_11,0,2,Channel_2,True,1,0.39,0.0,False,False
635,20260621,QUIET_20260621_11,0,3,Channel_3,False,30,7.8936,4.772,False,False
636,20240527,FLARE_20240527_0157_M7.8,1,0,Channel_0,True,1,0.37,0.0,False,False
636,20240527,FLARE_20240527_0157_M7.8,1,1,Channel_1,True,1,0.39,0.0,False,False
636,20240527,FLARE_20240527_0157_M7.8,1,2,Channel_2,True,1,0.41,0.0,False,False
636,20240527,FLARE_20240527_0157_M7.8,1,3,Channel_3,True,1,0.43,0.0,False,False
637,20240527,QUIET_20240527_1,0,0,Channel_0,True,1,0.39,0.0,False,False
637,20240527,QUIET_20240527_1,0,1,Channel_1,True,1,0.41,0.0,False,False
637,20240527,QUIET_20240527_1,0,2,Channel_2,True,1,0.43,0.0,False,False
637,20240527,QUIET_20240527_1,0,3,Channel_3,True,1,0.35,0.0,False,False
638,20240527,QUIET_20240527_2,0,0,Channel_0,True,1,0.41,0.0,False,False
638,20240527,QUIET_20240527_2,0,1,Channel_1,True,1,0.43,0.0,False,False
638,20240527,QUIET_20240527_2,0,2,Channel_2,True,1,0.35,0.0,False,False
638,20240527,QUIET_20240527_2,0,3,Channel_3,True,1,0.37,0.0,False,False
639,20240527,QUIET_20240527_3,0,0,Channel_0,True,1,0.43,0.0,False,False
639,20240527,QUIET_20240527_3,0,1,Channel_1,True,1,0.35,0.0,False,False
639,20240527,QUIET_20240527_3,0,2,Channel_2,True,1,0.37,0.0,False,False
639,20240527,QUIET_20240527_3,0,3,Channel_3,True,1,0.39,0.0,False,False
640,20240527,FLARE_20240527_0940_M2.0,1,0,Channel_0,True,1,0.35,0.0,False,False
640,20240527,FLARE_20240527_0940_M2.0,1,1,Channel_1,True,1,0.37,0.0,False,False
640,20240527,FLARE_20240527_0940_M2.0,1,2,Channel_2,True,1,0.39,0.0,False,False
640,20240527,FLARE_20240527_0940_M2.0,1,3,Channel_3,True,1,0.41,0.0,False,False
641,20240527,QUIET_20240527_5,0,0,Channel_0,True,1,0.37,0.0,False,False
641,20240527,QUIET_20240527_5,0,1,Channel_1,True,1,0.39,0.0,False,False
641,20240527,QUIET_20240527_5,0,2,Channel_2,True,1,0.41,0.0,False,False
641,20240527,QUIET_20240527_5,0,3,Channel_3,True,1,0.43,0.0,False,False
642,20240527,QUIET_20240527_6,0,0,Channel_0,True,1,0.39,0.0,False,False
642,20240527,QUIET_20240527_6,0,1,Channel_1,True,1,0.41,0.0,False,False
642,20240527,QUIET_20240527_6,0,2,Channel_2,True,1,0.43,0.0,False,False
642,20240527,QUIET_20240527_6,0,3,Channel_3,True,1,0.35,0.0,False,False
643,20240527,QUIET_20240527_7,0,0,Channel_0,True,1,0.41,0.0,False,False
643,20240527,QUIET_20240527_7,0,1,Channel_1,True,1,0.43,0.0,False,False
643,20240527,QUIET_20240527_7,0,2,Channel_2,True,1,0.35,0.0,False,False
643,20240527,QUIET_20240527_7,0,3,Channel_3,True,1,0.37,0.0,False,False
644,20240527,FLARE_20240527_1723_M6.2,1,0,Channel_0,True,1,0.43,0.0,False,False
644,20240527,FLARE_20240527_1723_M6.2,1,1,Channel_1,True,1,0.35,0.0,False,False
644,20240527,FLARE_20240527_1723_M6.2,1,2,Channel_2,True,1,0.37,0.0,False,False
644,20240527,FLARE_20240527_1723_M6.2,1,3,Channel_3,True,1,0.39,0.0,False,False
645,20240527,QUIET_20240527_9,0,0,Channel_0,True,1,0.35,0.0,False,False
645,20240527,QUIET_20240527_9,0,1,Channel_1,True,1,0.37,0.0,False,False
645,20240527,QUIET_20240527_9,0,2,Channel_2,True,1,0.39,0.0,False,False
645,20240527,QUIET_20240527_9,0,3,Channel_3,True,1,0.41,0.0,False,False
646,20240527,QUIET_20240527_10,0,0,Channel_0,True,1,0.37,0.0,False,False
646,20240527,QUIET_20240527_10,0,1,Channel_1,True,1,0.39,0.0,False,False
646,20240527,QUIET_20240527_10,0,2,Channel_2,True,1,0.41,0.0,False,False
646,20240527,QUIET_20240527_10,0,3,Channel_3,True,1,0.43,0.0,False,False
647,20240527,QUIET_20240527_11,0,0,Channel_0,True,1,0.39,0.0,False,False
647,20240527,QUIET_20240527_11,0,1,Channel_1,True,1,0.41,0.0,False,False
647,20240527,QUIET_20240527_11,0,2,Channel_2,True,1,0.43,0.0,False,False
647,20240527,QUIET_20240527_11,0,3,Channel_3,True,1,0.35,0.0,False,False
648,20240525,FLARE_20240525_0151_M1.4,1,0,Channel_0,True,1,0.41,0.0,False,False
648,20240525,FLARE_20240525_0151_M1.4,1,1,Channel_1,True,1,0.43,0.0,False,False
648,20240525,FLARE_20240525_0151_M1.4,1,2,Channel_2,True,1,0.35,0.0,False,False
648,20240525,FLARE_20240525_0151_M1.4,1,3,Channel_3,True,1,0.37,0.0,False,False
649,20240525,QUIET_20240525_1,0,0,Channel_0,True,1,0.43,0.0,False,False
649,20240525,QUIET_20240525_1,0,1,Channel_1,True,1,0.35,0.0,False,False
649,20240525,QUIET_20240525_1,0,2,Channel_2,True,1,0.37,0.0,False,False
649,20240525,QUIET_20240525_1,0,3,Channel_3,True,1,0.39,0.0,False,False
650,20240525,QUIET_20240525_2,0,0,Channel_0,True,1,0.35,0.0,False,False
650,20240525,QUIET_20240525_2,0,1,Channel_1,True,1,0.37,0.0,False,False
650,20240525,QUIET_20240525_2,0,2,Channel_2,True,1,0.39,0.0,False,False
650,20240525,QUIET_20240525_2,0,3,Channel_3,True,1,0.41,0.0,False,False
651,20240525,QUIET_20240525_3,0,0,Channel_0,True,1,0.37,0.0,False,False
651,20240525,QUIET_20240525_3,0,1,Channel_1,True,1,0.39,0.0,False,False
651,20240525,QUIET_20240525_3,0,2,Channel_2,True,1,0.41,0.0,False,False
651,20240525,QUIET_20240525_3,0,3,Channel_3,True,1,0.43,0.0,False,False
652,20240525,FLARE_20240525_0934_M5.6,1,0,Channel_0,True,1,0.39,0.0,False,False
652,20240525,FLARE_20240525_0934_M5.6,1,1,Channel_1,True,1,0.41,0.0,False,False
652,20240525,FLARE_20240525_0934_M5.6,1,2,Channel_2,True,1,0.43,0.0,False,False
652,20240525,FLARE_20240525_0934_M5.6,1,3,Channel_3,True,1,0.35,0.0,False,False
653,20240525,QUIET_20240525_5,0,0,Channel_0,True,1,0.41,0.0,False,False
653,20240525,QUIET_20240525_5,0,1,Channel_1,True,1,0.43,0.0,False,False
653,20240525,QUIET_20240525_5,0,2,Channel_2,True,1,0.35,0.0,False,False
653,20240525,QUIET_20240525_5,0,3,Channel_3,True,1,0.37,0.0,False,False
654,20240525,QUIET_20240525_6,0,0,Channel_0,True,1,0.43,0.0,False,False
654,20240525,QUIET_20240525_6,0,1,Channel_1,True,1,0.35,0.0,False,False
654,20240525,QUIET_20240525_6,0,2,Channel_2,True,1,0.37,0.0,False,False
654,20240525,QUIET_20240525_6,0,3,Channel_3,True,1,0.39,0.0,False,False
655,20240525,QUIET_20240525_7,0,0,Channel_0,True,1,0.35,0.0,False,False
655,20240525,QUIET_20240525_7,0,1,Channel_1,True,1,0.37,0.0,False,False
655,20240525,QUIET_20240525_7,0,2,Channel_2,True,1,0.39,0.0,False,False
655,20240525,QUIET_20240525_7,0,3,Channel_3,True,1,0.41,0.0,False,False
656,20240525,FLARE_20240525_1717_M9.8,1,0,Channel_0,True,1,0.37,0.0,False,False
656,20240525,FLARE_20240525_1717_M9.8,1,1,Channel_1,True,1,0.39,0.0,False,False
656,20240525,FLARE_20240525_1717_M9.8,1,2,Channel_2,True,1,0.41,0.0,False,False
656,20240525,FLARE_20240525_1717_M9.8,1,3,Channel_3,True,1,0.43,0.0,False,False
657,20240525,QUIET_20240525_9,0,0,Channel_0,True,1,0.39,0.0,False,False
657,20240525,QUIET_20240525_9,0,1,Channel_1,True,1,0.41,0.0,False,False
657,20240525,QUIET_20240525_9,0,2,Channel_2,True,1,0.43,0.0,False,False
657,20240525,QUIET_20240525_9,0,3,Channel_3,True,1,0.35,0.0,False,False
658,20240525,QUIET_20240525_10,0,0,Channel_0,True,1,0.41,0.0,False,False
658,20240525,QUIET_20240525_10,0,1,Channel_1,True,1,0.43,0.0,False,False
658,20240525,QUIET_20240525_10,0,2,Channel_2,True,1,0.35,0.0,False,False
658,20240525,QUIET_20240525_10,0,3,Channel_3,True,1,0.37,0.0,False,False
659,20240525,QUIET_20240525_11,0,0,Channel_0,True,1,0.43,0.0,False,False
659,20240525,QUIET_20240525_11,0,1,Channel_1,True,1,0.35,0.0,False,False
659,20240525,QUIET_20240525_11,0,2,Channel_2,True,1,0.37,0.0,False,False
659,20240525,QUIET_20240525_11,0,3,Channel_3,True,1,0.39,0.0,False,False
660,20260606,FLARE_20260606_0145_M4.0,1,0,Channel_0,True,1,0.35,0.0,False,False
660,20260606,FLARE_20260606_0145_M4.0,1,1,Channel_1,True,1,0.37,0.0,False,False
660,20260606,FLARE_20260606_0145_M4.0,1,2,Channel_2,True,1,0.39,0.0,False,False
660,20260606,FLARE_20260606_0145_M4.0,1,3,Channel_3,True,1,0.41,0.0,False,False
661,20260606,QUIET_20260606_1,0,0,Channel_0,True,1,0.37,0.0,False,False
661,20260606,QUIET_20260606_1,0,1,Channel_1,True,1,0.39,0.0,False,False
661,20260606,QUIET_20260606_1,0,2,Channel_2,True,1,0.41,0.0,False,False
661,20260606,QUIET_20260606_1,0,3,Channel_3,True,1,0.43,0.0,False,False
662,20260606,QUIET_20260606_2,0,0,Channel_0,True,1,0.39,0.0,False,False
662,20260606,QUIET_20260606_2,0,1,Channel_1,True,1,0.41,0.0,False,False
662,20260606,QUIET_20260606_2,0,2,Channel_2,True,1,0.43,0.0,False,False
662,20260606,QUIET_20260606_2,0,3,Channel_3,True,1,0.35,0.0,False,False
663,20260606,QUIET_20260606_3,0,0,Channel_0,True,1,0.41,0.0,False,False
663,20260606,QUIET_20260606_3,0,1,Channel_1,True,1,0.43,0.0,False,False
663,20260606,QUIET_20260606_3,0,2,Channel_2,True,1,0.35,0.0,False,False
663,20260606,QUIET_20260606_3,0,3,Channel_3,True,1,0.37,0.0,False,False
664,20260606,FLARE_20260606_0928_M8.2,1,0,Channel_0,True,1,0.43,0.0,False,False
664,20260606,FLARE_20260606_0928_M8.2,1,1,Channel_1,True,1,0.35,0.0,False,False
664,20260606,FLARE_20260606_0928_M8.2,1,2,Channel_2,True,1,0.37,0.0,False,False
664,20260606,FLARE_20260606_0928_M8.2,1,3,Channel_3,True,1,0.39,0.0,False,False
665,20260606,QUIET_20260606_5,0,0,Channel_0,True,1,0.35,0.0,False,False
665,20260606,QUIET_20260606_5,0,1,Channel_1,True,1,0.37,0.0,False,False
665,20260606,QUIET_20260606_5,0,2,Channel_2,True,1,0.39,0.0,False,False
665,20260606,QUIET_20260606_5,0,3,Channel_3,True,1,0.41,0.0,False,False
666,20260606,QUIET_20260606_6,0,0,Channel_0,True,1,0.37,0.0,False,False
666,20260606,QUIET_20260606_6,0,1,Channel_1,True,1,0.39,0.0,False,False
666,20260606,QUIET_20260606_6,0,2,Channel_2,True,1,0.41,0.0,False,False
666,20260606,QUIET_20260606_6,0,3,Channel_3,True,1,0.43,0.0,False,False
667,20260606,QUIET_20260606_7,0,0,Channel_0,True,1,0.39,0.0,False,False
667,20260606,QUIET_20260606_7,0,1,Channel_1,True,1,0.41,0.0,False,False
667,20260606,QUIET_20260606_7,0,2,Channel_2,True,1,0.43,0.0,False,False
667,20260606,QUIET_20260606_7,0,3,Channel_3,True,1,0.35,0.0,False,False
668,20260606,FLARE_20260606_1756_M3.4,1,0,Channel_0,True,1,0.41,0.0,False,False
668,20260606,FLARE_20260606_1756_M3.4,1,1,Channel_1,True,1,0.43,0.0,False,False
668,20260606,FLARE_20260606_1756_M3.4,1,2,Channel_2,True,1,0.35,0.0,False,False
668,20260606,FLARE_20260606_1756_M3.4,1,3,Channel_3,True,1,0.37,0.0,False,False
669,20260606,QUIET_20260606_9,0,0,Channel_0,True,1,0.43,0.0,False,False
669,20260606,QUIET_20260606_9,0,1,Channel_1,True,1,0.35,0.0,False,False
669,20260606,QUIET_20260606_9,0,2,Channel_2,True,1,0.37,0.0,False,False
669,20260606,QUIET_20260606_9,0,3,Channel_3,True,1,0.39,0.0,False,False
670,20260606,QUIET_20260606_10,0,0,Channel_0,True,1,0.35,0.0,False,False
670,20260606,QUIET_20260606_10,0,1,Channel_1,True,1,0.37,0.0,False,False
670,20260606,QUIET_20260606_10,0,2,Channel_2,True,1,0.39,0.0,False,False
670,20260606,QUIET_20260606_10,0,3,Channel_3,True,1,0.41,0.0,False,False
671,20260606,QUIET_20260606_11,0,0,Channel_0,True,1,0.37,0.0,False,False
671,20260606,QUIET_20260606_11,0,1,Channel_1,True,1,0.39,0.0,False,False
671,20260606,QUIET_20260606_11,0,2,Channel_2,True,1,0.41,0.0,False,False
671,20260606,QUIET_20260606_11,0,3,Channel_3,True,1,0.43,0.0,False,False
672,20240522,FLARE_20240522_0139_M7.6,1,0,Channel_0,True,1,0.39,0.0,False,False
672,20240522,FLARE_20240522_0139_M7.6,1,1,Channel_1,True,1,0.41,0.0,False,False
672,20240522,FLARE_20240522_0139_M7.6,1,2,Channel_2,True,1,0.43,0.0,False,False
672,20240522,FLARE_20240522_0139_M7.6,1,3,Channel_3,True,1,0.35,0.0,False,False
673,20240522,QUIET_20240522_1,0,0,Channel_0,True,1,0.41,0.0,False,False
673,20240522,QUIET_20240522_1,0,1,Channel_1,True,1,0.43,0.0,False,False
673,20240522,QUIET_20240522_1,0,2,Channel_2,True,1,0.35,0.0,False,False
673,20240522,QUIET_20240522_1,0,3,Channel_3,True,1,0.37,0.0,False,False
674,20240522,QUIET_20240522_2,0,0,Channel_0,True,1,0.43,0.0,False,False
674,20240522,QUIET_20240522_2,0,1,Channel_1,True,1,0.35,0.0,False,False
674,20240522,QUIET_20240522_2,0,2,Channel_2,True,1,0.37,0.0,False,False
674,20240522,QUIET_20240522_2,0,3,Channel_3,True,1,0.39,0.0,False,False
675,20240522,QUIET_20240522_3,0,0,Channel_0,True,1,0.35,0.0,False,False
675,20240522,QUIET_20240522_3,0,1,Channel_1,True,1,0.37,0.0,False,False
675,20240522,QUIET_20240522_3,0,2,Channel_2,True,1,0.39,0.0,False,False
675,20240522,QUIET_20240522_3,0,3,Channel_3,True,1,0.41,0.0,False,False
676,20240522,FLARE_20240522_0922_M2.8,1,0,Channel_0,True,1,0.37,0.0,False,False
676,20240522,FLARE_20240522_0922_M2.8,1,1,Channel_1,True,1,0.39,0.0,False,False
676,20240522,FLARE_20240522_0922_M2.8,1,2,Channel_2,True,1,0.41,0.0,False,False
676,20240522,FLARE_20240522_0922_M2.8,1,3,Channel_3,True,1,0.43,0.0,False,False
677,20240522,QUIET_20240522_5,0,0,Channel_0,True,1,0.39,0.0,False,False
677,20240522,QUIET_20240522_5,0,1,Channel_1,True,1,0.41,0.0,False,False
677,20240522,QUIET_20240522_5,0,2,Channel_2,True,1,0.43,0.0,False,False
677,20240522,QUIET_20240522_5,0,3,Channel_3,True,1,0.35,0.0,False,False
678,20240522,QUIET_20240522_6,0,0,Channel_0,True,1,0.41,0.0,False,False
678,20240522,QUIET_20240522_6,0,1,Channel_1,True,1,0.43,0.0,False,False
678,20240522,QUIET_20240522_6,0,2,Channel_2,True,1,0.35,0.0,False,False
678,20240522,QUIET_20240522_6,0,3,Channel_3,True,1,0.37,0.0,False,False
679,20240522,QUIET_20240522_7,0,0,Channel_0,True,1,0.43,0.0,False,False
679,20240522,QUIET_20240522_7,0,1,Channel_1,True,1,0.35,0.0,False,False
679,20240522,QUIET_20240522_7,0,2,Channel_2,True,1,0.37,0.0,False,False
679,20240522,QUIET_20240522_7,0,3,Channel_3,True,1,0.39,0.0,False,False
680,20240522,FLARE_20240522_1750_M6.0,1,0,Channel_0,True,1,0.35,0.0,False,False
680,20240522,FLARE_20240522_1750_M6.0,1,1,Channel_1,True,1,0.37,0.0,False,False
680,20240522,FLARE_20240522_1750_M6.0,1,2,Channel_2,True,1,0.39,0.0,False,False
680,20240522,FLARE_20240522_1750_M6.0,1,3,Channel_3,True,1,0.41,0.0,False,False
681,20240522,QUIET_20240522_9,0,0,Channel_0,True,1,0.37,0.0,False,False
681,20240522,QUIET_20240522_9,0,1,Channel_1,True,1,0.39,0.0,False,False
681,20240522,QUIET_20240522_9,0,2,Channel_2,True,1,0.41,0.0,False,False
681,20240522,QUIET_20240522_9,0,3,Channel_3,True,1,0.43,0.0,False,False
682,20240522,QUIET_20240522_10,0,0,Channel_0,True,1,0.39,0.0,False,False
682,20240522,QUIET_20240522_10,0,1,Channel_1,True,1,0.41,0.0,False,False
682,20240522,QUIET_20240522_10,0,2,Channel_2,True,1,0.43,0.0,False,False
682,20240522,QUIET_20240522_10,0,3,Channel_3,True,1,0.35,0.0,False,False
683,20240522,QUIET_20240522_11,0,0,Channel_0,True,1,0.41,0.0,False,False
683,20240522,QUIET_20240522_11,0,1,Channel_1,True,1,0.43,0.0,False,False
683,20240522,QUIET_20240522_11,0,2,Channel_2,True,1,0.35,0.0,False,False
683,20240522,QUIET_20240522_11,0,3,Channel_3,True,1,0.37,0.0,False,False
684,20260630,FLARE_20260630_0133_M1.2,1,0,Channel_0,True,1,0.43,0.0,False,False
684,20260630,FLARE_20260630_0133_M1.2,1,1,Channel_1,True,1,0.35,0.0,False,False
684,20260630,FLARE_20260630_0133_M1.2,1,2,Channel_2,True,1,0.37,0.0,False,False
684,20260630,FLARE_20260630_0133_M1.2,1,3,Channel_3,False,90,45.0053,28.4187,False,False
685,20260630,QUIET_20260630_1,0,0,Channel_0,True,1,0.35,0.0,False,False
685,20260630,QUIET_20260630_1,0,1,Channel_1,True,1,0.37,0.0,False,False
685,20260630,QUIET_20260630_1,0,2,Channel_2,True,1,0.39,0.0,False,False
685,20260630,QUIET_20260630_1,0,3,Channel_3,False,22,99.7661,1.717,False,False
686,20260630,QUIET_20260630_2,0,0,Channel_0,True,1,0.37,0.0,False,False
686,20260630,QUIET_20260630_2,0,1,Channel_1,True,1,0.39,0.0,False,False
686,20260630,QUIET_20260630_2,0,2,Channel_2,True,1,0.41,0.0,False,False
686,20260630,QUIET_20260630_2,0,3,Channel_3,False,79,77.7228,21.0319,False,False
687,20260630,QUIET_20260630_3,0,0,Channel_0,True,1,0.39,0.0,False,False
687,20260630,QUIET_20260630_3,0,1,Channel_1,True,1,0.41,0.0,False,False
687,20260630,QUIET_20260630_3,0,2,Channel_2,True,1,0.43,0.0,False,False
687,20260630,QUIET_20260630_3,0,3,Channel_3,False,85,52.6956,16.6565,False,False
688,20260630,FLARE_20260630_0916_M5.4,1,0,Channel_0,True,1,0.41,0.0,False,False
688,20260630,FLARE_20260630_0916_M5.4,1,1,Channel_1,True,1,0.43,0.0,False,False
688,20260630,FLARE_20260630_0916_M5.4,1,2,Channel_2,True,1,0.35,0.0,False,False
688,20260630,FLARE_20260630_0916_M5.4,1,3,Channel_3,False,65,31.6969,11.4259,False,False
689,20260630,QUIET_20260630_5,0,0,Channel_0,True,1,0.43,0.0,False,False
689,20260630,QUIET_20260630_5,0,1,Channel_1,True,1,0.35,0.0,False,False
689,20260630,QUIET_20260630_5,0,2,Channel_2,True,1,0.37,0.0,False,False
689,20260630,QUIET_20260630_5,0,3,Channel_3,False,44,32.6361,6.8009,False,False
690,20260630,QUIET_20260630_6,0,0,Channel_0,True,1,0.35,0.0,False,False
690,20260630,QUIET_20260630_6,0,1,Channel_1,True,1,0.37,0.0,False,False
690,20260630,QUIET_20260630_6,0,2,Channel_2,True,1,0.39,0.0,False,False
690,20260630,QUIET_20260630_6,0,3,Channel_3,False,90,58.4633,28.6471,False,False
691,20260630,QUIET_20260630_7,0,0,Channel_0,True,1,0.37,0.0,False,False
691,20260630,QUIET_20260630_7,0,1,Channel_1,True,1,0.39,0.0,False,False
691,20260630,QUIET_20260630_7,0,2,Channel_2,True,1,0.41,0.0,False,False
691,20260630,QUIET_20260630_7,0,3,Channel_3,False,74,51.8664,11.9825,False,False
692,20260630,FLARE_20260630_1744_M9.6,1,0,Channel_0,True,1,0.39,0.0,False,False
692,20260630,FLARE_20260630_1744_M9.6,1,1,Channel_1,True,1,0.41,0.0,False,False
692,20260630,FLARE_20260630_1744_M9.6,1,2,Channel_2,True,1,0.43,0.0,False,False
692,20260630,FLARE_20260630_1744_M9.6,1,3,Channel_3,False,43,24.5839,6.209,False,False
693,20260630,QUIET_20260630_9,0,0,Channel_0,True,1,0.41,0.0,False,False
693,20260630,QUIET_20260630_9,0,1,Channel_1,True,1,0.43,0.0,False,False
693,20260630,QUIET_20260630_9,0,2,Channel_2,True,1,0.35,0.0,False,False
693,20260630,QUIET_20260630_9,0,3,Channel_3,False,91,46.0111,22.9117,False,False
694,20260630,QUIET_20260630_10,0,0,Channel_0,True,1,0.43,0.0,False,False
694,20260630,QUIET_20260630_10,0,1,Channel_1,True,1,0.35,0.0,False,False
694,20260630,QUIET_20260630_10,0,2,Channel_2,True,1,0.37,0.0,False,False
694,20260630,QUIET_20260630_10,0,3,Channel_3,False,50,28.2639,7.7879,False,False
695,20260630,QUIET_20260630_11,0,0,Channel_0,True,1,0.35,0.0,False,False
695,20260630,QUIET_20260630_11,0,1,Channel_1,True,1,0.37,0.0,False,False
695,20260630,QUIET_20260630_11,0,2,Channel_2,True,1,0.39,0.0,False,False
695,20260630,QUIET_20260630_11,0,3,Channel_3,False,75,49.8089,14.9441,False,False
696,20260626,FLARE_20260626_0127_M4.8,1,0,Channel_0,True,1,0.37,0.0,False,False
696,20260626,FLARE_20260626_0127_M4.8,1,1,Channel_1,True,1,0.39,0.0,False,False
696,20260626,FLARE_20260626_0127_M4.8,1,2,Channel_2,True,1,0.41,0.0,False,False
696,20260626,FLARE_20260626_0127_M4.8,1,3,Channel_3,False,32,20.855,4.7399,False,False
697,20260626,QUIET_20260626_1,0,0,Channel_0,True,1,0.39,0.0,False,False
697,20260626,QUIET_20260626_1,0,1,Channel_1,True,1,0.41,0.0,False,False
697,20260626,QUIET_20260626_1,0,2,Channel_2,True,1,0.43,0.0,False,False
697,20260626,QUIET_20260626_1,0,3,Channel_3,False,33,20.0628,4.5852,False,False
698,20260626,QUIET_20260626_2,0,0,Channel_0,True,1,0.41,0.0,False,False
698,20260626,QUIET_20260626_2,0,1,Channel_1,True,1,0.43,0.0,False,False
698,20260626,QUIET_20260626_2,0,2,Channel_2,True,1,0.35,0.0,False,False
698,20260626,QUIET_20260626_2,0,3,Channel_3,False,27,14.5208,3.9197,False,False
699,20260626,QUIET_20260626_3,0,0,Channel_0,True,1,0.43,0.0,False,False
699,20260626,QUIET_20260626_3,0,1,Channel_1,True,1,0.35,0.0,False,False
699,20260626,QUIET_20260626_3,0,2,Channel_2,True,1,0.37,0.0,False,False
699,20260626,QUIET_20260626_3,0,3,Channel_3,False,31,13.7836,4.2515,False,False
700,20260626,FLARE_20260626_0955_M8.0,1,0,Channel_0,True,1,0.35,0.0,False,False
700,20260626,FLARE_20260626_0955_M8.0,1,1,Channel_1,True,1,0.37,0.0,False,False
700,20260626,FLARE_20260626_0955_M8.0,1,2,Channel_2,True,1,0.39,0.0,False,False
700,20260626,FLARE_20260626_0955_M8.0,1,3,Channel_3,False,47,16.8156,6.0399,False,False
701,20260626,QUIET_20260626_5,0,0,Channel_0,True,1,0.37,0.0,False,False
701,20260626,QUIET_20260626_5,0,1,Channel_1,True,1,0.39,0.0,False,False
701,20260626,QUIET_20260626_5,0,2,Channel_2,True,1,0.41,0.0,False,False
701,20260626,QUIET_20260626_5,0,3,Channel_3,False,33,17.71,4.9346,False,False
702,20260626,QUIET_20260626_6,0,0,Channel_0,True,1,0.39,0.0,False,False
702,20260626,QUIET_20260626_6,0,1,Channel_1,True,1,0.41,0.0,False,False
702,20260626,QUIET_20260626_6,0,2,Channel_2,True,1,0.43,0.0,False,False
702,20260626,QUIET_20260626_6,0,3,Channel_3,False,32,17.5683,5.2583,False,False
703,20260626,QUIET_20260626_7,0,0,Channel_0,True,1,0.41,0.0,False,False
703,20260626,QUIET_20260626_7,0,1,Channel_1,True,1,0.43,0.0,False,False
703,20260626,QUIET_20260626_7,0,2,Channel_2,True,1,0.35,0.0,False,False
703,20260626,QUIET_20260626_7,0,3,Channel_3,False,41,22.4761,6.1915,False,False
704,20260626,FLARE_20260626_1738_M3.2,1,0,Channel_0,True,1,0.43,0.0,False,False
704,20260626,FLARE_20260626_1738_M3.2,1,1,Channel_1,True,1,0.35,0.0,False,False
704,20260626,FLARE_20260626_1738_M3.2,1,2,Channel_2,True,1,0.37,0.0,False,False
704,20260626,FLARE_20260626_1738_M3.2,1,3,Channel_3,False,28,16.5878,4.3229,False,False
705,20260626,QUIET_20260626_9,0,0,Channel_0,True,1,0.35,0.0,False,False
705,20260626,QUIET_20260626_9,0,1,Channel_1,True,1,0.37,0.0,False,False
705,20260626,QUIET_20260626_9,0,2,Channel_2,True,1,0.39,0.0,False,False
705,20260626,QUIET_20260626_9,0,3,Channel_3,False,69,33.5686,13.0436,False,False
706,20260626,QUIET_20260626_10,0,0,Channel_0,True,1,0.37,0.0,False,False
706,20260626,QUIET_20260626_10,0,1,Channel_1,True,1,0.39,0.0,False,False
706,20260626,QUIET_20260626_10,0,2,Channel_2,True,1,0.41,0.0,False,False
706,20260626,QUIET_20260626_10,0,3,Channel_3,False,52,18.4769,9.4782,False,False
707,20260626,QUIET_20260626_11,0,0,Channel_0,True,1,0.39,0.0,False,False
707,20260626,QUIET_20260626_11,0,1,Channel_1,True,1,0.41,0.0,False,False
707,20260626,QUIET_20260626_11,0,2,Channel_2,True,1,0.43,0.0,False,False
707,20260626,QUIET_20260626_11,0,3,Channel_3,False,43,17.3342,7.5281,False,False
708,20260628,FLARE_20260628_0121_M7.4,1,0,Channel_0,True,1,0.41,0.0,False,False
708,20260628,FLARE_20260628_0121_M7.4,1,1,Channel_1,True,1,0.43,0.0,False,False
708,20260628,FLARE_20260628_0121_M7.4,1,2,Channel_2,True,1,0.35,0.0,False,False
708,20260628,FLARE_20260628_0121_M7.4,1,3,Channel_3,False,73,37.9178,11.0334,False,False
709,20260628,QUIET_20260628_1,0,0,Channel_0,True,1,0.43,0.0,False,False
709,20260628,QUIET_20260628_1,0,1,Channel_1,True,1,0.35,0.0,False,False
709,20260628,QUIET_20260628_1,0,2,Channel_2,True,1,0.37,0.0,False,False
709,20260628,QUIET_20260628_1,0,3,Channel_3,False,93,31.2708,25.2554,False,False
710,20260628,QUIET_20260628_2,0,0,Channel_0,True,1,0.35,0.0,False,False
710,20260628,QUIET_20260628_2,0,1,Channel_1,True,1,0.37,0.0,False,False
710,20260628,QUIET_20260628_2,0,2,Channel_2,True,1,0.39,0.0,False,False
710,20260628,QUIET_20260628_2,0,3,Channel_3,False,61,22.4514,7.6765,False,False
711,20260628,QUIET_20260628_3,0,0,Channel_0,True,1,0.37,0.0,False,False
711,20260628,QUIET_20260628_3,0,1,Channel_1,True,1,0.39,0.0,False,False
711,20260628,QUIET_20260628_3,0,2,Channel_2,True,1,0.41,0.0,False,False
711,20260628,QUIET_20260628_3,0,3,Channel_3,False,44,25.7108,6.6117,False,False
712,20260628,FLARE_20260628_0949_M2.6,1,0,Channel_0,True,1,0.39,0.0,False,False
712,20260628,FLARE_20260628_0949_M2.6,1,1,Channel_1,True,1,0.41,0.0,False,False
712,20260628,FLARE_20260628_0949_M2.6,1,2,Channel_2,True,1,0.43,0.0,False,False
712,20260628,FLARE_20260628_0949_M2.6,1,3,Channel_3,False,52,27.4817,7.9277,False,False
713,20260628,QUIET_20260628_5,0,0,Channel_0,True,1,0.41,0.0,False,False
713,20260628,QUIET_20260628_5,0,1,Channel_1,True,1,0.43,0.0,False,False
713,20260628,QUIET_20260628_5,0,2,Channel_2,True,1,0.35,0.0,False,False
713,20260628,QUIET_20260628_5,0,3,Channel_3,False,45,28.1214,6.5288,False,False
714,20260628,QUIET_20260628_6,0,0,Channel_0,True,1,0.43,0.0,False,False
714,20260628,QUIET_20260628_6,0,1,Channel_1,True,1,0.35,0.0,False,False
714,20260628,QUIET_20260628_6,0,2,Channel_2,True,1,0.37,0.0,False,False
714,20260628,QUIET_20260628_6,0,3,Channel_3,False,65,24.3628,10.6513,False,False
715,20260628,QUIET_20260628_7,0,0,Channel_0,True,1,0.35,0.0,False,False
715,20260628,QUIET_20260628_7,0,1,Channel_1,True,1,0.37,0.0,False,False
715,20260628,QUIET_20260628_7,0,2,Channel_2,True,1,0.39,0.0,False,False
715,20260628,QUIET_20260628_7,0,3,Channel_3,False,57,27.3625,9.2827,False,False
716,20260628,FLARE_20260628_1732_M6.8,1,0,Channel_0,True,1,0.37,0.0,False,False
716,20260628,FLARE_20260628_1732_M6.8,1,1,Channel_1,True,1,0.39,0.0,False,False
716,20260628,FLARE_20260628_1732_M6.8,1,2,Channel_2,True,1,0.41,0.0,False,False
716,20260628,FLARE_20260628_1732_M6.8,1,3,Channel_3,False,63,25.2761,12.5689,False,False
717,20260628,QUIET_20260628_9,0,0,Channel_0,True,1,0.39,0.0,False,False
717,20260628,QUIET_20260628_9,0,1,Channel_1,True,1,0.41,0.0,False,False
717,20260628,QUIET_20260628_9,0,2,Channel_2,True,1,0.43,0.0,False,False
717,20260628,QUIET_20260628_9,0,3,Channel_3,False,60,41.7356,9.7671,False,False
718,20260628,QUIET_20260628_10,0,0,Channel_0,True,1,0.41,0.0,False,False
718,20260628,QUIET_20260628_10,0,1,Channel_1,True,1,0.43,0.0,False,False
718,20260628,QUIET_20260628_10,0,2,Channel_2,True,1,0.35,0.0,False,False
718,20260628,QUIET_20260628_10,0,3,Channel_3,False,67,39.7,10.8589,False,False
719,20260628,QUIET_20260628_11,0,0,Channel_0,True,1,0.43,0.0,False,False
719,20260628,QUIET_20260628_11,0,1,Channel_1,True,1,0.35,0.0,False,False
719,20260628,QUIET_20260628_11,0,2,Channel_2,True,1,0.37,0.0,False,False
719,20260628,QUIET_20260628_11,0,3,Channel_3,False,38,27.2839,5.3151,False,False
720,20240516,FLARE_20240516_0115_M1.0,1,0,Channel_0,True,1,0.35,0.0,False,False
720,20240516,FLARE_20240516_0115_M1.0,1,1,Channel_1,True,1,0.37,0.0,False,False
720,20240516,FLARE_20240516_0115_M1.0,1,2,Channel_2,True,1,0.39,0.0,False,False
720,20240516,FLARE_20240516_0115_M1.0,1,3,Channel_3,True,1,0.41,0.0,False,False
721,20240516,QUIET_20240516_1,0,0,Channel_0,True,1,0.37,0.0,False,False
721,20240516,QUIET_20240516_1,0,1,Channel_1,True,1,0.39,0.0,False,False
721,20240516,QUIET_20240516_1,0,2,Channel_2,True,1,0.41,0.0,False,False
721,20240516,QUIET_20240516_1,0,3,Channel_3,True,1,0.43,0.0,False,False
722,20240516,QUIET_20240516_2,0,0,Channel_0,True,1,0.39,0.0,False,False
722,20240516,QUIET_20240516_2,0,1,Channel_1,True,1,0.41,0.0,False,False
722,20240516,QUIET_20240516_2,0,2,Channel_2,True,1,0.43,0.0,False,False
722,20240516,QUIET_20240516_2,0,3,Channel_3,True,1,0.35,0.0,False,False
723,20240516,QUIET_20240516_3,0,0,Channel_0,True,1,0.41,0.0,False,False
723,20240516,QUIET_20240516_3,0,1,Channel_1,True,1,0.43,0.0,False,False
723,20240516,QUIET_20240516_3,0,2,Channel_2,True,1,0.35,0.0,False,False
723,20240516,QUIET_20240516_3,0,3,Channel_3,True,1,0.37,0.0,False,False
724,20240516,FLARE_20240516_0943_M5.2,1,0,Channel_0,True,1,0.43,0.0,False,False
724,20240516,FLARE_20240516_0943_M5.2,1,1,Channel_1,True,1,0.35,0.0,False,False
724,20240516,FLARE_20240516_0943_M5.2,1,2,Channel_2,True,1,0.37,0.0,False,False
724,20240516,FLARE_20240516_0943_M5.2,1,3,Channel_3,True,1,0.39,0.0,False,False
725,20240516,QUIET_20240516_5,0,0,Channel_0,True,1,0.35,0.0,False,False
725,20240516,QUIET_20240516_5,0,1,Channel_1,True,1,0.37,0.0,False,False
725,20240516,QUIET_20240516_5,0,2,Channel_2,True,1,0.39,0.0,False,False
725,20240516,QUIET_20240516_5,0,3,Channel_3,True,1,0.41,0.0,False,False
726,20240516,QUIET_20240516_6,0,0,Channel_0,True,1,0.37,0.0,False,False
726,20240516,QUIET_20240516_6,0,1,Channel_1,True,1,0.39,0.0,False,False
726,20240516,QUIET_20240516_6,0,2,Channel_2,True,1,0.41,0.0,False,False
726,20240516,QUIET_20240516_6,0,3,Channel_3,True,1,0.43,0.0,False,False
727,20240516,QUIET_20240516_7,0,0,Channel_0,True,1,0.39,0.0,False,False
727,20240516,QUIET_20240516_7,0,1,Channel_1,True,1,0.41,0.0,False,False
727,20240516,QUIET_20240516_7,0,2,Channel_2,True,1,0.43,0.0,False,False
727,20240516,QUIET_20240516_7,0,3,Channel_3,True,1,0.35,0.0,False,False
728,20240516,FLARE_20240516_1726_M9.4,1,0,Channel_0,True,1,0.41,0.0,False,False
728,20240516,FLARE_20240516_1726_M9.4,1,1,Channel_1,True,1,0.43,0.0,False,False
728,20240516,FLARE_20240516_1726_M9.4,1,2,Channel_2,True,1,0.35,0.0,False,False
728,20240516,FLARE_20240516_1726_M9.4,1,3,Channel_3,True,1,0.37,0.0,False,False
729,20240516,QUIET_20240516_9,0,0,Channel_0,True,1,0.43,0.0,False,False
729,20240516,QUIET_20240516_9,0,1,Channel_1,True,1,0.35,0.0,False,False
729,20240516,QUIET_20240516_9,0,2,Channel_2,True,1,0.37,0.0,False,False
729,20240516,QUIET_20240516_9,0,3,Channel_3,True,1,0.39,0.0,False,False
730,20240516,QUIET_20240516_10,0,0,Channel_0,True,1,0.35,0.0,False,False
730,20240516,QUIET_20240516_10,0,1,Channel_1,True,1,0.37,0.0,False,False
730,20240516,QUIET_20240516_10,0,2,Channel_2,True,1,0.39,0.0,False,False
730,20240516,QUIET_20240516_10,0,3,Channel_3,True,1,0.41,0.0,False,False
731,20240516,QUIET_20240516_11,0,0,Channel_0,True,1,0.37,0.0,False,False
731,20240516,QUIET_20240516_11,0,1,Channel_1,True,1,0.39,0.0,False,False
731,20240516,QUIET_20240516_11,0,2,Channel_2,True,1,0.41,0.0,False,False
731,20240516,QUIET_20240516_11,0,3,Channel_3,True,1,0.43,0.0,False,False
732,20260705,FLARE_20260705_0154_M4.6,1,0,Channel_0,True,1,0.39,0.0,False,False
732,20260705,FLARE_20260705_0154_M4.6,1,1,Channel_1,True,1,0.41,0.0,False,False
732,20260705,FLARE_20260705_0154_M4.6,1,2,Channel_2,True,1,0.43,0.0,False,False
732,20260705,FLARE_20260705_0154_M4.6,1,3,Channel_3,False,39,97.4564,6.5285,False,False
733,20260705,QUIET_20260705_1,0,0,Channel_0,True,1,0.41,0.0,False,False
733,20260705,QUIET_20260705_1,0,1,Channel_1,True,1,0.43,0.0,False,False
733,20260705,QUIET_20260705_1,0,2,Channel_2,True,1,0.35,0.0,False,False
733,20260705,QUIET_20260705_1,0,3,Channel_3,False,41,81.4144,35.9236,False,False
734,20260705,QUIET_20260705_2,0,0,Channel_0,True,1,0.43,0.0,False,False
734,20260705,QUIET_20260705_2,0,1,Channel_1,True,1,0.35,0.0,False,False
734,20260705,QUIET_20260705_2,0,2,Channel_2,True,1,0.37,0.0,False,False
734,20260705,QUIET_20260705_2,0,3,Channel_3,False,56,77.6725,27.9912,False,False
735,20260705,QUIET_20260705_3,0,0,Channel_0,True,1,0.35,0.0,False,False
735,20260705,QUIET_20260705_3,0,1,Channel_1,True,1,0.37,0.0,False,False
735,20260705,QUIET_20260705_3,0,2,Channel_2,True,1,0.39,0.0,False,False
735,20260705,QUIET_20260705_3,0,3,Channel_3,False,65,75.4706,17.3862,False,False
736,20260705,FLARE_20260705_0937_M8.8,1,0,Channel_0,True,1,0.37,0.0,False,False
736,20260705,FLARE_20260705_0937_M8.8,1,1,Channel_1,True,1,0.39,0.0,False,False
736,20260705,FLARE_20260705_0937_M8.8,1,2,Channel_2,True,1,0.41,0.0,False,False
736,20260705,FLARE_20260705_0937_M8.8,1,3,Channel_3,False,64,85.9653,18.52,False,False
737,20260705,QUIET_20260705_5,0,0,Channel_0,True,1,0.39,0.0,False,False
737,20260705,QUIET_20260705_5,0,1,Channel_1,True,1,0.41,0.0,False,False
737,20260705,QUIET_20260705_5,0,2,Channel_2,True,1,0.43,0.0,False,False
737,20260705,QUIET_20260705_5,0,3,Channel_3,False,10,99.4469,7.2558,False,False
738,20260705,QUIET_20260705_6,0,0,Channel_0,True,1,0.41,0.0,False,False
738,20260705,QUIET_20260705_6,0,1,Channel_1,True,1,0.43,0.0,False,False
738,20260705,QUIET_20260705_6,0,2,Channel_2,True,1,0.35,0.0,False,False
738,20260705,QUIET_20260705_6,0,3,Channel_3,False,36,99.2283,3.6972,False,False
739,20260705,QUIET_20260705_7,0,0,Channel_0,True,1,0.43,0.0,False,False
739,20260705,QUIET_20260705_7,0,1,Channel_1,True,1,0.35,0.0,False,False
739,20260705,QUIET_20260705_7,0,2,Channel_2,True,1,0.37,0.0,False,False
739,20260705,QUIET_20260705_7,0,3,Channel_3,False,52,93.0317,12.2046,False,False
740,20260705,FLARE_20260705_1720_M3.0,1,0,Channel_0,True,1,0.35,0.0,False,False
740,20260705,FLARE_20260705_1720_M3.0,1,1,Channel_1,True,1,0.37,0.0,False,False
740,20260705,FLARE_20260705_1720_M3.0,1,2,Channel_2,True,1,0.39,0.0,False,False
740,20260705,FLARE_20260705_1720_M3.0,1,3,Channel_3,False,60,81.3961,15.2418,False,False
741,20260705,QUIET_20260705_9,0,0,Channel_0,True,1,0.37,0.0,False,False
741,20260705,QUIET_20260705_9,0,1,Channel_1,True,1,0.39,0.0,False,False
741,20260705,QUIET_20260705_9,0,2,Channel_2,True,1,0.41,0.0,False,False
741,20260705,QUIET_20260705_9,0,3,Channel_3,False,29,99.3403,3.0761,False,False
742,20260705,QUIET_20260705_10,0,0,Channel_0,True,1,0.39,0.0,False,False
742,20260705,QUIET_20260705_10,0,1,Channel_1,True,1,0.41,0.0,False,False
742,20260705,QUIET_20260705_10,0,2,Channel_2,True,1,0.43,0.0,False,False
742,20260705,QUIET_20260705_10,0,3,Channel_3,False,30,98.3528,4.202,False,False
743,20260705,QUIET_20260705_11,0,0,Channel_0,True,1,0.41,0.0,False,False
743,20260705,QUIET_20260705_11,0,1,Channel_1,True,1,0.43,0.0,False,False
743,20260705,QUIET_20260705_11,0,2,Channel_2,True,1,0.35,0.0,False,False
743,20260705,QUIET_20260705_11,0,3,Channel_3,False,27,99.4597,2.6855,False,False
744,20260619,FLARE_20260619_0148_M7.2,1,0,Channel_0,True,1,0.43,0.0,False,False
744,20260619,FLARE_20260619_0148_M7.2,1,1,Channel_1,True,1,0.35,0.0,False,False
744,20260619,FLARE_20260619_0148_M7.2,1,2,Channel_2,True,1,0.37,0.0,False,False
744,20260619,FLARE_20260619_0148_M7.2,1,3,Channel_3,False,26,7.9486,4.5426,False,False
745,20260619,QUIET_20260619_1,0,0,Channel_0,True,1,0.35,0.0,False,False
745,20260619,QUIET_20260619_1,0,1,Channel_1,True,1,0.37,0.0,False,False
745,20260619,QUIET_20260619_1,0,2,Channel_2,True,1,0.39,0.0,False,False
745,20260619,QUIET_20260619_1,0,3,Channel_3,False,26,7.2858,3.6236,False,False
746,20260619,QUIET_20260619_2,0,0,Channel_0,True,1,0.37,0.0,False,False
746,20260619,QUIET_20260619_2,0,1,Channel_1,True,1,0.39,0.0,False,False
746,20260619,QUIET_20260619_2,0,2,Channel_2,True,1,0.41,0.0,False,False
746,20260619,QUIET_20260619_2,0,3,Channel_3,False,18,4.4042,2.4958,False,False
747,20260619,QUIET_20260619_3,0,0,Channel_0,True,1,0.39,0.0,False,False
747,20260619,QUIET_20260619_3,0,1,Channel_1,True,1,0.41,0.0,False,False
747,20260619,QUIET_20260619_3,0,2,Channel_2,True,1,0.43,0.0,False,False
747,20260619,QUIET_20260619_3,0,3,Channel_3,False,12,3.6383,1.8954,False,False
748,20260619,FLARE_20260619_0931_M2.4,1,0,Channel_0,True,1,0.41,0.0,False,False
748,20260619,FLARE_20260619_0931_M2.4,1,1,Channel_1,True,1,0.43,0.0,False,False
748,20260619,FLARE_20260619_0931_M2.4,1,2,Channel_2,True,1,0.35,0.0,False,False
748,20260619,FLARE_20260619_0931_M2.4,1,3,Channel_3,False,12,3.2575,1.8043,False,False
749,20260619,QUIET_20260619_5,0,0,Channel_0,True,1,0.43,0.0,False,False
749,20260619,QUIET_20260619_5,0,1,Channel_1,True,1,0.35,0.0,False,False
749,20260619,QUIET_20260619_5,0,2,Channel_2,True,1,0.37,0.0,False,False
749,20260619,QUIET_20260619_5,0,3,Channel_3,False,12,3.2356,1.8447,False,False
750,20260619,QUIET_20260619_6,0,0,Channel_0,True,1,0.35,0.0,False,False
750,20260619,QUIET_20260619_6,0,1,Channel_1,True,1,0.37,0.0,False,False
750,20260619,QUIET_20260619_6,0,2,Channel_2,True,1,0.39,0.0,False,False
750,20260619,QUIET_20260619_6,0,3,Channel_3,False,17,4.8853,2.5048,False,False
751,20260619,QUIET_20260619_7,0,0,Channel_0,True,1,0.37,0.0,False,False
751,20260619,QUIET_20260619_7,0,1,Channel_1,True,1,0.39,0.0,False,False
751,20260619,QUIET_20260619_7,0,2,Channel_2,True,1,0.41,0.0,False,False
751,20260619,QUIET_20260619_7,0,3,Channel_3,False,31,10.3406,4.6887,False,False
752,20260619,FLARE_20260619_1759_M6.6,1,0,Channel_0,True,1,0.39,0.0,False,False
752,20260619,FLARE_20260619_1759_M6.6,1,1,Channel_1,True,1,0.41,0.0,False,False
752,20260619,FLARE_20260619_1759_M6.6,1,2,Channel_2,True,1,0.43,0.0,False,False
752,20260619,FLARE_20260619_1759_M6.6,1,3,Channel_3,False,17,4.2025,2.3492,False,False
753,20260619,QUIET_20260619_9,0,0,Channel_0,True,1,0.41,0.0,False,False
753,20260619,QUIET_20260619_9,0,1,Channel_1,True,1,0.43,0.0,False,False
753,20260619,QUIET_20260619_9,0,2,Channel_2,True,1,0.35,0.0,False,False
753,20260619,QUIET_20260619_9,0,3,Channel_3,False,27,5.9231,4.3634,False,False
754,20260619,QUIET_20260619_10,0,0,Channel_0,True,1,0.43,0.0,False,False
754,20260619,QUIET_20260619_10,0,1,Channel_1,True,1,0.35,0.0,False,False
754,20260619,QUIET_20260619_10,0,2,Channel_2,True,1,0.37,0.0,False,False
754,20260619,QUIET_20260619_10,0,3,Channel_3,False,29,10.0472,4.1703,False,False
755,20260619,QUIET_20260619_11,0,0,Channel_0,True,1,0.35,0.0,False,False
755,20260619,QUIET_20260619_11,0,1,Channel_1,True,1,0.37,0.0,False,False
755,20260619,QUIET_20260619_11,0,2,Channel_2,True,1,0.39,0.0,False,False
755,20260619,QUIET_20260619_11,0,3,Channel_3,False,17,5.2908,2.3507,False,False
756,20260527,FLARE_20260527_0142_M1.8,1,0,Channel_0,True,1,0.37,0.0,False,False
756,20260527,FLARE_20260527_0142_M1.8,1,1,Channel_1,True,1,0.39,0.0,False,False
756,20260527,FLARE_20260527_0142_M1.8,1,2,Channel_2,True,1,0.41,0.0,False,False
756,20260527,FLARE_20260527_0142_M1.8,1,3,Channel_3,True,1,0.43,0.0,False,False
757,20260527,QUIET_20260527_1,0,0,Channel_0,True,1,0.39,0.0,False,False
757,20260527,QUIET_20260527_1,0,1,Channel_1,True,1,0.41,0.0,False,False
757,20260527,QUIET_20260527_1,0,2,Channel_2,True,1,0.43,0.0,False,False
757,20260527,QUIET_20260527_1,0,3,Channel_3,True,1,0.35,0.0,False,False
758,20260527,QUIET_20260527_2,0,0,Channel_0,True,1,0.41,0.0,False,False
758,20260527,QUIET_20260527_2,0,1,Channel_1,True,1,0.43,0.0,False,False
758,20260527,QUIET_20260527_2,0,2,Channel_2,True,1,0.35,0.0,False,False
758,20260527,QUIET_20260527_2,0,3,Channel_3,True,1,0.37,0.0,False,False
759,20260527,QUIET_20260527_3,0,0,Channel_0,True,1,0.43,0.0,False,False
759,20260527,QUIET_20260527_3,0,1,Channel_1,True,1,0.35,0.0,False,False
759,20260527,QUIET_20260527_3,0,2,Channel_2,True,1,0.37,0.0,False,False
759,20260527,QUIET_20260527_3,0,3,Channel_3,True,1,0.39,0.0,False,False
760,20260527,FLARE_20260527_0925_M5.0,1,0,Channel_0,True,1,0.35,0.0,False,False
760,20260527,FLARE_20260527_0925_M5.0,1,1,Channel_1,True,1,0.37,0.0,False,False
760,20260527,FLARE_20260527_0925_M5.0,1,2,Channel_2,True,1,0.39,0.0,False,False
760,20260527,FLARE_20260527_0925_M5.0,1,3,Channel_3,True,1,0.41,0.0,False,False
761,20260527,QUIET_20260527_5,0,0,Channel_0,True,1,0.37,0.0,False,False
761,20260527,QUIET_20260527_5,0,1,Channel_1,True,1,0.39,0.0,False,False
761,20260527,QUIET_20260527_5,0,2,Channel_2,True,1,0.41,0.0,False,False
761,20260527,QUIET_20260527_5,0,3,Channel_3,True,1,0.43,0.0,False,False
762,20260527,QUIET_20260527_6,0,0,Channel_0,True,1,0.39,0.0,False,False
762,20260527,QUIET_20260527_6,0,1,Channel_1,True,1,0.41,0.0,False,False
762,20260527,QUIET_20260527_6,0,2,Channel_2,True,1,0.43,0.0,False,False
762,20260527,QUIET_20260527_6,0,3,Channel_3,True,1,0.35,0.0,False,False
763,20260527,QUIET_20260527_7,0,0,Channel_0,True,1,0.41,0.0,False,False
763,20260527,QUIET_20260527_7,0,1,Channel_1,True,1,0.43,0.0,False,False
763,20260527,QUIET_20260527_7,0,2,Channel_2,True,1,0.35,0.0,False,False
763,20260527,QUIET_20260527_7,0,3,Channel_3,True,1,0.37,0.0,False,False
764,20260527,FLARE_20260527_1753_M9.2,1,0,Channel_0,True,1,0.43,0.0,False,False
764,20260527,FLARE_20260527_1753_M9.2,1,1,Channel_1,True,1,0.35,0.0,False,False
764,20260527,FLARE_20260527_1753_M9.2,1,2,Channel_2,True,1,0.37,0.0,False,False
764,20260527,FLARE_20260527_1753_M9.2,1,3,Channel_3,True,1,0.39,0.0,False,False
765,20260527,QUIET_20260527_9,0,0,Channel_0,True,1,0.35,0.0,False,False
765,20260527,QUIET_20260527_9,0,1,Channel_1,True,1,0.37,0.0,False,False
765,20260527,QUIET_20260527_9,0,2,Channel_2,True,1,0.39,0.0,False,False
765,20260527,QUIET_20260527_9,0,3,Channel_3,True,1,0.41,0.0,False,False
766,20260527,QUIET_20260527_10,0,0,Channel_0,True,1,0.37,0.0,False,False
766,20260527,QUIET_20260527_10,0,1,Channel_1,True,1,0.39,0.0,False,False
766,20260527,QUIET_20260527_10,0,2,Channel_2,True,1,0.41,0.0,False,False
766,20260527,QUIET_20260527_10,0,3,Channel_3,True,1,0.43,0.0,False,False
767,20260527,QUIET_20260527_11,0,0,Channel_0,True,1,0.39,0.0,False,False
767,20260527,QUIET_20260527_11,0,1,Channel_1,True,1,0.41,0.0,False,False
767,20260527,QUIET_20260527_11,0,2,Channel_2,True,1,0.43,0.0,False,False
767,20260527,QUIET_20260527_11,0,3,Channel_3,True,1,0.35,0.0,False,False
768,20260531,FLARE_20260531_0136_M4.4,1,0,Channel_0,True,1,0.41,0.0,False,False
768,20260531,FLARE_20260531_0136_M4.4,1,1,Channel_1,True,1,0.43,0.0,False,False
768,20260531,FLARE_20260531_0136_M4.4,1,2,Channel_2,True,1,0.35,0.0,False,False
768,20260531,FLARE_20260531_0136_M4.4,1,3,Channel_3,True,1,0.37,0.0,False,False
769,20260531,QUIET_20260531_1,0,0,Channel_0,True,1,0.43,0.0,False,False
769,20260531,QUIET_20260531_1,0,1,Channel_1,True,1,0.35,0.0,False,False
769,20260531,QUIET_20260531_1,0,2,Channel_2,True,1,0.37,0.0,False,False
769,20260531,QUIET_20260531_1,0,3,Channel_3,True,1,0.39,0.0,False,False
770,20260531,QUIET_20260531_2,0,0,Channel_0,True,1,0.35,0.0,False,False
770,20260531,QUIET_20260531_2,0,1,Channel_1,True,1,0.37,0.0,False,False
770,20260531,QUIET_20260531_2,0,2,Channel_2,True,1,0.39,0.0,False,False
770,20260531,QUIET_20260531_2,0,3,Channel_3,True,1,0.41,0.0,False,False
771,20260531,QUIET_20260531_3,0,0,Channel_0,True,1,0.37,0.0,False,False
771,20260531,QUIET_20260531_3,0,1,Channel_1,True,1,0.39,0.0,False,False
771,20260531,QUIET_20260531_3,0,2,Channel_2,True,1,0.41,0.0,False,False
771,20260531,QUIET_20260531_3,0,3,Channel_3,True,1,0.43,0.0,False,False
772,20260531,FLARE_20260531_0919_M8.6,1,0,Channel_0,True,1,0.39,0.0,False,False
772,20260531,FLARE_20260531_0919_M8.6,1,1,Channel_1,True,1,0.41,0.0,False,False
772,20260531,FLARE_20260531_0919_M8.6,1,2,Channel_2,True,1,0.43,0.0,False,False
772,20260531,FLARE_20260531_0919_M8.6,1,3,Channel_3,True,1,0.35,0.0,False,False
773,20260531,QUIET_20260531_5,0,0,Channel_0,True,1,0.41,0.0,False,False
773,20260531,QUIET_20260531_5,0,1,Channel_1,True,1,0.43,0.0,False,False
773,20260531,QUIET_20260531_5,0,2,Channel_2,True,1,0.35,0.0,False,False
773,20260531,QUIET_20260531_5,0,3,Channel_3,True,1,0.37,0.0,False,False
774,20260531,QUIET_20260531_6,0,0,Channel_0,True,1,0.43,0.0,False,False
774,20260531,QUIET_20260531_6,0,1,Channel_1,True,1,0.35,0.0,False,False
774,20260531,QUIET_20260531_6,0,2,Channel_2,True,1,0.37,0.0,False,False
774,20260531,QUIET_20260531_6,0,3,Channel_3,True,1,0.39,0.0,False,False
775,20260531,QUIET_20260531_7,0,0,Channel_0,True,1,0.35,0.0,False,False
775,20260531,QUIET_20260531_7,0,1,Channel_1,True,1,0.37,0.0,False,False
775,20260531,QUIET_20260531_7,0,2,Channel_2,True,1,0.39,0.0,False,False
775,20260531,QUIET_20260531_7,0,3,Channel_3,True,1,0.41,0.0,False,False
776,20260531,FLARE_20260531_1747_M3.8,1,0,Channel_0,True,1,0.37,0.0,False,False
776,20260531,FLARE_20260531_1747_M3.8,1,1,Channel_1,True,1,0.39,0.0,False,False
776,20260531,FLARE_20260531_1747_M3.8,1,2,Channel_2,True,1,0.41,0.0,False,False
776,20260531,FLARE_20260531_1747_M3.8,1,3,Channel_3,True,1,0.43,0.0,False,False
777,20260531,QUIET_20260531_9,0,0,Channel_0,True,1,0.39,0.0,False,False
777,20260531,QUIET_20260531_9,0,1,Channel_1,True,1,0.41,0.0,False,False
777,20260531,QUIET_20260531_9,0,2,Channel_2,True,1,0.43,0.0,False,False
777,20260531,QUIET_20260531_9,0,3,Channel_3,True,1,0.35,0.0,False,False
778,20260531,QUIET_20260531_10,0,0,Channel_0,True,1,0.41,0.0,False,False
778,20260531,QUIET_20260531_10,0,1,Channel_1,True,1,0.43,0.0,False,False
778,20260531,QUIET_20260531_10,0,2,Channel_2,True,1,0.35,0.0,False,False
778,20260531,QUIET_20260531_10,0,3,Channel_3,True,1,0.37,0.0,False,False
779,20260531,QUIET_20260531_11,0,0,Channel_0,True,1,0.43,0.0,False,False
779,20260531,QUIET_20260531_11,0,1,Channel_1,True,1,0.35,0.0,False,False
779,20260531,QUIET_20260531_11,0,2,Channel_2,True,1,0.37,0.0,False,False
779,20260531,QUIET_20260531_11,0,3,Channel_3,True,1,0.39,0.0,False,False
780,20260506,FLARE_20260506_0130_M7.0,1,0,Channel_0,True,1,0.35,0.0,False,False
780,20260506,FLARE_20260506_0130_M7.0,1,1,Channel_1,True,1,0.37,0.0,False,False
780,20260506,FLARE_20260506_0130_M7.0,1,2,Channel_2,True,1,0.39,0.0,False,False
780,20260506,FLARE_20260506_0130_M7.0,1,3,Channel_3,True,1,0.41,0.0,False,False
781,20260506,QUIET_20260506_1,0,0,Channel_0,True,1,0.37,0.0,False,False
781,20260506,QUIET_20260506_1,0,1,Channel_1,True,1,0.39,0.0,False,False
781,20260506,QUIET_20260506_1,0,2,Channel_2,True,1,0.41,0.0,False,False
781,20260506,QUIET_20260506_1,0,3,Channel_3,True,1,0.43,0.0,False,False
782,20260506,QUIET_20260506_2,0,0,Channel_0,True,1,0.39,0.0,False,False
782,20260506,QUIET_20260506_2,0,1,Channel_1,True,1,0.41,0.0,False,False
782,20260506,QUIET_20260506_2,0,2,Channel_2,True,1,0.43,0.0,False,False
782,20260506,QUIET_20260506_2,0,3,Channel_3,True,1,0.35,0.0,False,False
783,20260506,QUIET_20260506_3,0,0,Channel_0,True,1,0.41,0.0,False,False
783,20260506,QUIET_20260506_3,0,1,Channel_1,True,1,0.43,0.0,False,False
783,20260506,QUIET_20260506_3,0,2,Channel_2,True,1,0.35,0.0,False,False
783,20260506,QUIET_20260506_3,0,3,Channel_3,True,1,0.37,0.0,False,False
784,20260506,FLARE_20260506_0958_M2.2,1,0,Channel_0,True,1,0.43,0.0,False,False
784,20260506,FLARE_20260506_0958_M2.2,1,1,Channel_1,True,1,0.35,0.0,False,False
784,20260506,FLARE_20260506_0958_M2.2,1,2,Channel_2,True,1,0.37,0.0,False,False
784,20260506,FLARE_20260506_0958_M2.2,1,3,Channel_3,True,1,0.39,0.0,False,False
785,20260506,QUIET_20260506_5,0,0,Channel_0,True,1,0.35,0.0,False,False
785,20260506,QUIET_20260506_5,0,1,Channel_1,True,1,0.37,0.0,False,False
785,20260506,QUIET_20260506_5,0,2,Channel_2,True,1,0.39,0.0,False,False
785,20260506,QUIET_20260506_5,0,3,Channel_3,True,1,0.41,0.0,False,False
786,20260506,QUIET_20260506_6,0,0,Channel_0,True,1,0.37,0.0,False,False
786,20260506,QUIET_20260506_6,0,1,Channel_1,True,1,0.39,0.0,False,False
786,20260506,QUIET_20260506_6,0,2,Channel_2,True,1,0.41,0.0,False,False
786,20260506,QUIET_20260506_6,0,3,Channel_3,True,1,0.43,0.0,False,False
787,20260506,QUIET_20260506_7,0,0,Channel_0,True,1,0.39,0.0,False,False
787,20260506,QUIET_20260506_7,0,1,Channel_1,True,1,0.41,0.0,False,False
787,20260506,QUIET_20260506_7,0,2,Channel_2,True,1,0.43,0.0,False,False
787,20260506,QUIET_20260506_7,0,3,Channel_3,True,1,0.35,0.0,False,False
788,20260506,FLARE_20260506_1741_M6.4,1,0,Channel_0,True,1,0.41,0.0,False,False
788,20260506,FLARE_20260506_1741_M6.4,1,1,Channel_1,True,1,0.43,0.0,False,False
788,20260506,FLARE_20260506_1741_M6.4,1,2,Channel_2,True,1,0.35,0.0,False,False
788,20260506,FLARE_20260506_1741_M6.4,1,3,Channel_3,True,1,0.37,0.0,False,False
789,20260506,QUIET_20260506_9,0,0,Channel_0,True,1,0.43,0.0,False,False
789,20260506,QUIET_20260506_9,0,1,Channel_1,True,1,0.35,0.0,False,False
789,20260506,QUIET_20260506_9,0,2,Channel_2,True,1,0.37,0.0,False,False
789,20260506,QUIET_20260506_9,0,3,Channel_3,True,1,0.39,0.0,False,False
790,20260506,QUIET_20260506_10,0,0,Channel_0,True,1,0.35,0.0,False,False
790,20260506,QUIET_20260506_10,0,1,Channel_1,True,1,0.37,0.0,False,False
790,20260506,QUIET_20260506_10,0,2,Channel_2,True,1,0.39,0.0,False,False
790,20260506,QUIET_20260506_10,0,3,Channel_3,True,1,0.41,0.0,False,False
791,20260506,QUIET_20260506_11,0,0,Channel_0,True,1,0.37,0.0,False,False
791,20260506,QUIET_20260506_11,0,1,Channel_1,True,1,0.39,0.0,False,False
791,20260506,QUIET_20260506_11,0,2,Channel_2,True,1,0.41,0.0,False,False
791,20260506,QUIET_20260506_11,0,3,Channel_3,True,1,0.43,0.0,False,False
792,20260509,FLARE_20260509_0124_M1.6,1,0,Channel_0,True,1,0.39,0.0,False,False
792,20260509,FLARE_20260509_0124_M1.6,1,1,Channel_1,True,1,0.41,0.0,False,False
792,20260509,FLARE_20260509_0124_M1.6,1,2,Channel_2,True,1,0.43,0.0,False,False
792,20260509,FLARE_20260509_0124_M1.6,1,3,Channel_3,True,1,0.35,0.0,False,False
793,20260509,QUIET_20260509_1,0,0,Channel_0,True,1,0.41,0.0,False,False
793,20260509,QUIET_20260509_1,0,1,Channel_1,True,1,0.43,0.0,False,False
793,20260509,QUIET_20260509_1,0,2,Channel_2,True,1,0.35,0.0,False,False
793,20260509,QUIET_20260509_1,0,3,Channel_3,True,1,0.37,0.0,False,False
794,20260509,QUIET_20260509_2,0,0,Channel_0,True,1,0.43,0.0,False,False
794,20260509,QUIET_20260509_2,0,1,Channel_1,True,1,0.35,0.0,False,False
794,20260509,QUIET_20260509_2,0,2,Channel_2,True,1,0.37,0.0,False,False
794,20260509,QUIET_20260509_2,0,3,Channel_3,True,1,0.39,0.0,False,False
795,20260509,QUIET_20260509_3,0,0,Channel_0,True,1,0.35,0.0,False,False
795,20260509,QUIET_20260509_3,0,1,Channel_1,True,1,0.37,0.0,False,False
795,20260509,QUIET_20260509_3,0,2,Channel_2,True,1,0.39,0.0,False,False
795,20260509,QUIET_20260509_3,0,3,Channel_3,True,1,0.41,0.0,False,False
796,20260509,FLARE_20260509_0952_M5.8,1,0,Channel_0,True,1,0.37,0.0,False,False
796,20260509,FLARE_20260509_0952_M5.8,1,1,Channel_1,True,1,0.39,0.0,False,False
796,20260509,FLARE_20260509_0952_M5.8,1,2,Channel_2,True,1,0.41,0.0,False,False
796,20260509,FLARE_20260509_0952_M5.8,1,3,Channel_3,True,1,0.43,0.0,False,False
797,20260509,QUIET_20260509_5,0,0,Channel_0,True,1,0.39,0.0,False,False
797,20260509,QUIET_20260509_5,0,1,Channel_1,True,1,0.41,0.0,False,False
797,20260509,QUIET_20260509_5,0,2,Channel_2,True,1,0.43,0.0,False,False
797,20260509,QUIET_20260509_5,0,3,Channel_3,True,1,0.35,0.0,False,False
798,20260509,QUIET_20260509_6,0,0,Channel_0,True,1,0.41,0.0,False,False
798,20260509,QUIET_20260509_6,0,1,Channel_1,True,1,0.43,0.0,False,False
798,20260509,QUIET_20260509_6,0,2,Channel_2,True,1,0.35,0.0,False,False
798,20260509,QUIET_20260509_6,0,3,Channel_3,True,1,0.37,0.0,False,False
799,20260509,QUIET_20260509_7,0,0,Channel_0,True,1,0.43,0.0,False,False
799,20260509,QUIET_20260509_7,0,1,Channel_1,True,1,0.35,0.0,False,False
799,20260509,QUIET_20260509_7,0,2,Channel_2,True,1,0.37,0.0,False,False
799,20260509,QUIET_20260509_7,0,3,Channel_3,True,1,0.39,0.0,False,False
800,20260509,FLARE_20260509_1735_M9.0,1,0,Channel_0,True,1,0.35,0.0,False,False
800,20260509,FLARE_20260509_1735_M9.0,1,1,Channel_1,True,1,0.37,0.0,False,False
800,20260509,FLARE_20260509_1735_M9.0,1,2,Channel_2,True,1,0.39,0.0,False,False
800,20260509,FLARE_20260509_1735_M9.0,1,3,Channel_3,True,1,0.41,0.0,False,False
801,20260509,QUIET_20260509_9,0,0,Channel_0,True,1,0.37,0.0,False,False
801,20260509,QUIET_20260509_9,0,1,Channel_1,True,1,0.39,0.0,False,False
801,20260509,QUIET_20260509_9,0,2,Channel_2,True,1,0.41,0.0,False,False
801,20260509,QUIET_20260509_9,0,3,Channel_3,True,1,0.43,0.0,False,False
802,20260509,QUIET_20260509_10,0,0,Channel_0,True,1,0.39,0.0,False,False
802,20260509,QUIET_20260509_10,0,1,Channel_1,True,1,0.41,0.0,False,False
802,20260509,QUIET_20260509_10,0,2,Channel_2,True,1,0.43,0.0,False,False
802,20260509,QUIET_20260509_10,0,3,Channel_3,True,1,0.35,0.0,False,False
803,20260509,QUIET_20260509_11,0,0,Channel_0,True,1,0.41,0.0,False,False
803,20260509,QUIET_20260509_11,0,1,Channel_1,True,1,0.43,0.0,False,False
803,20260509,QUIET_20260509_11,0,2,Channel_2,True,1,0.35,0.0,False,False
803,20260509,QUIET_20260509_11,0,3,Channel_3,True,1,0.37,0.0,False,False
804,20260623,FLARE_20260623_0118_M4.2,1,0,Channel_0,True,1,0.43,0.0,False,False
804,20260623,FLARE_20260623_0118_M4.2,1,1,Channel_1,True,1,0.35,0.0,False,False
804,20260623,FLARE_20260623_0118_M4.2,1,2,Channel_2,True,1,0.37,0.0,False,False
804,20260623,FLARE_20260623_0118_M4.2,1,3,Channel_3,False,25,9.5917,3.3398,False,False
805,20260623,QUIET_20260623_1,0,0,Channel_0,True,1,0.35,0.0,False,False
805,20260623,QUIET_20260623_1,0,1,Channel_1,True,1,0.37,0.0,False,False
805,20260623,QUIET_20260623_1,0,2,Channel_2,True,1,0.39,0.0,False,False
805,20260623,QUIET_20260623_1,0,3,Channel_3,False,21,9.6436,3.194,False,False
806,20260623,QUIET_20260623_2,0,0,Channel_0,True,1,0.37,0.0,False,False
806,20260623,QUIET_20260623_2,0,1,Channel_1,True,1,0.39,0.0,False,False
806,20260623,QUIET_20260623_2,0,2,Channel_2,True,1,0.41,0.0,False,False
806,20260623,QUIET_20260623_2,0,3,Channel_3,False,26,9.6039,3.4552,False,False
807,20260623,QUIET_20260623_3,0,0,Channel_0,True,1,0.39,0.0,False,False
807,20260623,QUIET_20260623_3,0,1,Channel_1,True,1,0.41,0.0,False,False
807,20260623,QUIET_20260623_3,0,2,Channel_2,True,1,0.43,0.0,False,False
807,20260623,QUIET_20260623_3,0,3,Channel_3,False,23,10.6758,3.4326,False,False
808,20260623,FLARE_20260623_0946_M8.4,1,0,Channel_0,True,1,0.41,0.0,False,False
808,20260623,FLARE_20260623_0946_M8.4,1,1,Channel_1,True,1,0.43,0.0,False,False
808,20260623,FLARE_20260623_0946_M8.4,1,2,Channel_2,True,1,0.35,0.0,False,False
808,20260623,FLARE_20260623_0946_M8.4,1,3,Channel_3,False,24,11.0686,3.4703,False,False
809,20260623,QUIET_20260623_5,0,0,Channel_0,True,1,0.43,0.0,False,False
809,20260623,QUIET_20260623_5,0,1,Channel_1,True,1,0.35,0.0,False,False
809,20260623,QUIET_20260623_5,0,2,Channel_2,True,1,0.37,0.0,False,False
809,20260623,QUIET_20260623_5,0,3,Channel_3,False,29,13.2689,4.5712,False,False
810,20260623,QUIET_20260623_6,0,0,Channel_0,True,1,0.35,0.0,False,False
810,20260623,QUIET_20260623_6,0,1,Channel_1,True,1,0.37,0.0,False,False
810,20260623,QUIET_20260623_6,0,2,Channel_2,True,1,0.39,0.0,False,False
810,20260623,QUIET_20260623_6,0,3,Channel_3,False,23,9.4875,3.6465,False,False
811,20260623,QUIET_20260623_7,0,0,Channel_0,True,1,0.37,0.0,False,False
811,20260623,QUIET_20260623_7,0,1,Channel_1,True,1,0.39,0.0,False,False
811,20260623,QUIET_20260623_7,0,2,Channel_2,True,1,0.41,0.0,False,False
811,20260623,QUIET_20260623_7,0,3,Channel_3,False,27,11.0933,4.0062,False,False
812,20260623,FLARE_20260623_1729_M3.6,1,0,Channel_0,True,1,0.39,0.0,False,False
812,20260623,FLARE_20260623_1729_M3.6,1,1,Channel_1,True,1,0.41,0.0,False,False
812,20260623,FLARE_20260623_1729_M3.6,1,2,Channel_2,True,1,0.43,0.0,False,False
812,20260623,FLARE_20260623_1729_M3.6,1,3,Channel_3,False,33,15.5944,4.9534,False,False
813,20260623,QUIET_20260623_9,0,0,Channel_0,True,1,0.41,0.0,False,False
813,20260623,QUIET_20260623_9,0,1,Channel_1,True,1,0.43,0.0,False,False
813,20260623,QUIET_20260623_9,0,2,Channel_2,True,1,0.35,0.0,False,False
813,20260623,QUIET_20260623_9,0,3,Channel_3,False,21,9.0203,3.0626,False,False
814,20260623,QUIET_20260623_10,0,0,Channel_0,True,1,0.43,0.0,False,False
814,20260623,QUIET_20260623_10,0,1,Channel_1,True,1,0.35,0.0,False,False
814,20260623,QUIET_20260623_10,0,2,Channel_2,True,1,0.37,0.0,False,False
814,20260623,QUIET_20260623_10,0,3,Channel_3,False,25,9.9103,3.7201,False,False
815,20260623,QUIET_20260623_11,0,0,Channel_0,True,1,0.35,0.0,False,False
815,20260623,QUIET_20260623_11,0,1,Channel_1,True,1,0.37,0.0,False,False
815,20260623,QUIET_20260623_11,0,2,Channel_2,True,1,0.39,0.0,False,False
815,20260623,QUIET_20260623_11,0,3,Channel_3,False,38,14.4531,6.9264,False,False
816,20260601,FLARE_20260601_0157_M7.8,1,0,Channel_0,True,1,0.37,0.0,False,False
816,20260601,FLARE_20260601_0157_M7.8,1,1,Channel_1,True,1,0.39,0.0,False,False
816,20260601,FLARE_20260601_0157_M7.8,1,2,Channel_2,True,1,0.41,0.0,False,False
816,20260601,FLARE_20260601_0157_M7.8,1,3,Channel_3,True,1,0.43,0.0,False,False
817,20260601,QUIET_20260601_1,0,0,Channel_0,True,1,0.39,0.0,False,False
817,20260601,QUIET_20260601_1,0,1,Channel_1,True,1,0.41,0.0,False,False
817,20260601,QUIET_20260601_1,0,2,Channel_2,True,1,0.43,0.0,False,False
817,20260601,QUIET_20260601_1,0,3,Channel_3,True,1,0.35,0.0,False,False
818,20260601,QUIET_20260601_2,0,0,Channel_0,True,1,0.41,0.0,False,False
818,20260601,QUIET_20260601_2,0,1,Channel_1,True,1,0.43,0.0,False,False
818,20260601,QUIET_20260601_2,0,2,Channel_2,True,1,0.35,0.0,False,False
818,20260601,QUIET_20260601_2,0,3,Channel_3,True,1,0.37,0.0,False,False
819,20260601,QUIET_20260601_3,0,0,Channel_0,True,1,0.43,0.0,False,False
819,20260601,QUIET_20260601_3,0,1,Channel_1,True,1,0.35,0.0,False,False
819,20260601,QUIET_20260601_3,0,2,Channel_2,True,1,0.37,0.0,False,False
819,20260601,QUIET_20260601_3,0,3,Channel_3,True,1,0.39,0.0,False,False
820,20260601,FLARE_20260601_0940_M2.0,1,0,Channel_0,True,1,0.35,0.0,False,False
820,20260601,FLARE_20260601_0940_M2.0,1,1,Channel_1,True,1,0.37,0.0,False,False
820,20260601,FLARE_20260601_0940_M2.0,1,2,Channel_2,True,1,0.39,0.0,False,False
820,20260601,FLARE_20260601_0940_M2.0,1,3,Channel_3,True,1,0.41,0.0,False,False
821,20260601,QUIET_20260601_5,0,0,Channel_0,True,1,0.37,0.0,False,False
821,20260601,QUIET_20260601_5,0,1,Channel_1,True,1,0.39,0.0,False,False
821,20260601,QUIET_20260601_5,0,2,Channel_2,True,1,0.41,0.0,False,False
821,20260601,QUIET_20260601_5,0,3,Channel_3,True,1,0.43,0.0,False,False
822,20260601,QUIET_20260601_6,0,0,Channel_0,True,1,0.39,0.0,False,False
822,20260601,QUIET_20260601_6,0,1,Channel_1,True,1,0.41,0.0,False,False
822,20260601,QUIET_20260601_6,0,2,Channel_2,True,1,0.43,0.0,False,False
822,20260601,QUIET_20260601_6,0,3,Channel_3,True,1,0.35,0.0,False,False
823,20260601,QUIET_20260601_7,0,0,Channel_0,True,1,0.41,0.0,False,False
823,20260601,QUIET_20260601_7,0,1,Channel_1,True,1,0.43,0.0,False,False
823,20260601,QUIET_20260601_7,0,2,Channel_2,True,1,0.35,0.0,False,False
823,20260601,QUIET_20260601_7,0,3,Channel_3,True,1,0.37,0.0,False,False
824,20260601,FLARE_20260601_1723_M6.2,1,0,Channel_0,True,1,0.43,0.0,False,False
824,20260601,FLARE_20260601_1723_M6.2,1,1,Channel_1,True,1,0.35,0.0,False,False
824,20260601,FLARE_20260601_1723_M6.2,1,2,Channel_2,True,1,0.37,0.0,False,False
824,20260601,FLARE_20260601_1723_M6.2,1,3,Channel_3,True,1,0.39,0.0,False,False
825,20260601,QUIET_20260601_9,0,0,Channel_0,True,1,0.35,0.0,False,False
825,20260601,QUIET_20260601_9,0,1,Channel_1,True,1,0.37,0.0,False,False
825,20260601,QUIET_20260601_9,0,2,Channel_2,True,1,0.39,0.0,False,False
825,20260601,QUIET_20260601_9,0,3,Channel_3,True,1,0.41,0.0,False,False
826,20260601,QUIET_20260601_10,0,0,Channel_0,True,1,0.37,0.0,False,False
826,20260601,QUIET_20260601_10,0,1,Channel_1,True,1,0.39,0.0,False,False
826,20260601,QUIET_20260601_10,0,2,Channel_2,True,1,0.41,0.0,False,False
826,20260601,QUIET_20260601_10,0,3,Channel_3,True,1,0.43,0.0,False,False
827,20260601,QUIET_20260601_11,0,0,Channel_0,True,1,0.39,0.0,False,False
827,20260601,QUIET_20260601_11,0,1,Channel_1,True,1,0.41,0.0,False,False
827,20260601,QUIET_20260601_11,0,2,Channel_2,True,1,0.43,0.0,False,False
827,20260601,QUIET_20260601_11,0,3,Channel_3,True,1,0.35,0.0,False,False
828,20260614,FLARE_20260614_0151_M1.4,1,0,Channel_0,True,1,0.41,0.0,False,False
828,20260614,FLARE_20260614_0151_M1.4,1,1,Channel_1,True,1,0.43,0.0,False,False
828,20260614,FLARE_20260614_0151_M1.4,1,2,Channel_2,True,1,0.35,0.0,False,False
828,20260614,FLARE_20260614_0151_M1.4,1,3,Channel_3,True,1,0.37,0.0,False,False
829,20260614,QUIET_20260614_1,0,0,Channel_0,True,1,0.43,0.0,False,False
829,20260614,QUIET_20260614_1,0,1,Channel_1,True,1,0.35,0.0,False,False
829,20260614,QUIET_20260614_1,0,2,Channel_2,True,1,0.37,0.0,False,False
829,20260614,QUIET_20260614_1,0,3,Channel_3,True,1,0.39,0.0,False,False
830,20260614,QUIET_20260614_2,0,0,Channel_0,True,1,0.35,0.0,False,False
830,20260614,QUIET_20260614_2,0,1,Channel_1,True,1,0.37,0.0,False,False
830,20260614,QUIET_20260614_2,0,2,Channel_2,True,1,0.39,0.0,False,False
830,20260614,QUIET_20260614_2,0,3,Channel_3,True,1,0.41,0.0,False,False
831,20260614,QUIET_20260614_3,0,0,Channel_0,True,1,0.37,0.0,False,False
831,20260614,QUIET_20260614_3,0,1,Channel_1,True,1,0.39,0.0,False,False
831,20260614,QUIET_20260614_3,0,2,Channel_2,True,1,0.41,0.0,False,False
831,20260614,QUIET_20260614_3,0,3,Channel_3,True,1,0.43,0.0,False,False
832,20260614,FLARE_20260614_0934_M5.6,1,0,Channel_0,True,1,0.39,0.0,False,False
832,20260614,FLARE_20260614_0934_M5.6,1,1,Channel_1,True,1,0.41,0.0,False,False
832,20260614,FLARE_20260614_0934_M5.6,1,2,Channel_2,True,1,0.43,0.0,False,False
832,20260614,FLARE_20260614_0934_M5.6,1,3,Channel_3,True,1,0.35,0.0,False,False
833,20260614,QUIET_20260614_5,0,0,Channel_0,True,1,0.41,0.0,False,False
833,20260614,QUIET_20260614_5,0,1,Channel_1,True,1,0.43,0.0,False,False
833,20260614,QUIET_20260614_5,0,2,Channel_2,True,1,0.35,0.0,False,False
833,20260614,QUIET_20260614_5,0,3,Channel_3,True,1,0.37,0.0,False,False
834,20260614,QUIET_20260614_6,0,0,Channel_0,True,1,0.43,0.0,False,False
834,20260614,QUIET_20260614_6,0,1,Channel_1,True,1,0.35,0.0,False,False
834,20260614,QUIET_20260614_6,0,2,Channel_2,True,1,0.37,0.0,False,False
834,20260614,QUIET_20260614_6,0,3,Channel_3,True,1,0.39,0.0,False,False
835,20260614,QUIET_20260614_7,0,0,Channel_0,True,1,0.35,0.0,False,False
835,20260614,QUIET_20260614_7,0,1,Channel_1,True,1,0.37,0.0,False,False
835,20260614,QUIET_20260614_7,0,2,Channel_2,True,1,0.39,0.0,False,False
835,20260614,QUIET_20260614_7,0,3,Channel_3,True,1,0.41,0.0,False,False
836,20260614,FLARE_20260614_1717_M9.8,1,0,Channel_0,True,1,0.37,0.0,False,False
836,20260614,FLARE_20260614_1717_M9.8,1,1,Channel_1,True,1,0.39,0.0,False,False
836,20260614,FLARE_20260614_1717_M9.8,1,2,Channel_2,True,1,0.41,0.0,False,False
836,20260614,FLARE_20260614_1717_M9.8,1,3,Channel_3,True,1,0.43,0.0,False,False
837,20260614,QUIET_20260614_9,0,0,Channel_0,True,1,0.39,0.0,False,False
837,20260614,QUIET_20260614_9,0,1,Channel_1,True,1,0.41,0.0,False,False
837,20260614,QUIET_20260614_9,0,2,Channel_2,True,1,0.43,0.0,False,False
837,20260614,QUIET_20260614_9,0,3,Channel_3,True,1,0.35,0.0,False,False
838,20260614,QUIET_20260614_10,0,0,Channel_0,True,1,0.41,0.0,False,False
838,20260614,QUIET_20260614_10,0,1,Channel_1,True,1,0.43,0.0,False,False
838,20260614,QUIET_20260614_10,0,2,Channel_2,True,1,0.35,0.0,False,False
838,20260614,QUIET_20260614_10,0,3,Channel_3,True,1,0.37,0.0,False,False
839,20260614,QUIET_20260614_11,0,0,Channel_0,True,1,0.43,0.0,False,False
839,20260614,QUIET_20260614_11,0,1,Channel_1,True,1,0.35,0.0,False,False
839,20260614,QUIET_20260614_11,0,2,Channel_2,True,1,0.37,0.0,False,False
839,20260614,QUIET_20260614_11,0,3,Channel_3,True,1,0.39,0.0,False,False
840,20260622,FLARE_20260622_0145_M4.0,1,0,Channel_0,True,1,0.35,0.0,False,False
840,20260622,FLARE_20260622_0145_M4.0,1,1,Channel_1,True,1,0.37,0.0,False,False
840,20260622,FLARE_20260622_0145_M4.0,1,2,Channel_2,True,1,0.39,0.0,False,False
840,20260622,FLARE_20260622_0145_M4.0,1,3,Channel_3,False,35,13.6694,4.7299,False,False
841,20260622,QUIET_20260622_1,0,0,Channel_0,True,1,0.37,0.0,False,False
841,20260622,QUIET_20260622_1,0,1,Channel_1,True,1,0.39,0.0,False,False
841,20260622,QUIET_20260622_1,0,2,Channel_2,True,1,0.41,0.0,False,False
841,20260622,QUIET_20260622_1,0,3,Channel_3,False,32,12.0292,4.6213,False,False
842,20260622,QUIET_20260622_2,0,0,Channel_0,True,1,0.39,0.0,False,False
842,20260622,QUIET_20260622_2,0,1,Channel_1,True,1,0.41,0.0,False,False
842,20260622,QUIET_20260622_2,0,2,Channel_2,True,1,0.43,0.0,False,False
842,20260622,QUIET_20260622_2,0,3,Channel_3,False,21,7.1608,2.8272,False,False
843,20260622,QUIET_20260622_3,0,0,Channel_0,True,1,0.41,0.0,False,False
843,20260622,QUIET_20260622_3,0,1,Channel_1,True,1,0.43,0.0,False,False
843,20260622,QUIET_20260622_3,0,2,Channel_2,True,1,0.35,0.0,False,False
843,20260622,QUIET_20260622_3,0,3,Channel_3,False,28,8.3983,4.1867,False,False
844,20260622,FLARE_20260622_0928_M8.2,1,0,Channel_0,True,1,0.43,0.0,False,False
844,20260622,FLARE_20260622_0928_M8.2,1,1,Channel_1,True,1,0.35,0.0,False,False
844,20260622,FLARE_20260622_0928_M8.2,1,2,Channel_2,True,1,0.37,0.0,False,False
844,20260622,FLARE_20260622_0928_M8.2,1,3,Channel_3,False,46,28.5086,7.3188,False,False
845,20260622,QUIET_20260622_5,0,0,Channel_0,True,1,0.35,0.0,False,False
845,20260622,QUIET_20260622_5,0,1,Channel_1,True,1,0.37,0.0,False,False
845,20260622,QUIET_20260622_5,0,2,Channel_2,True,1,0.39,0.0,False,False
845,20260622,QUIET_20260622_5,0,3,Channel_3,False,44,23.6442,7.072,False,False
846,20260622,QUIET_20260622_6,0,0,Channel_0,True,1,0.37,0.0,False,False
846,20260622,QUIET_20260622_6,0,1,Channel_1,True,1,0.39,0.0,False,False
846,20260622,QUIET_20260622_6,0,2,Channel_2,True,1,0.41,0.0,False,False
846,20260622,QUIET_20260622_6,0,3,Channel_3,False,28,13.1358,3.9592,False,False
847,20260622,QUIET_20260622_7,0,0,Channel_0,True,1,0.39,0.0,False,False
847,20260622,QUIET_20260622_7,0,1,Channel_1,True,1,0.41,0.0,False,False
847,20260622,QUIET_20260622_7,0,2,Channel_2,True,1,0.43,0.0,False,False
847,20260622,QUIET_20260622_7,0,3,Channel_3,False,21,8.7278,3.1628,False,False
848,20260622,FLARE_20260622_1756_M3.4,1,0,Channel_0,True,1,0.41,0.0,False,False
848,20260622,FLARE_20260622_1756_M3.4,1,1,Channel_1,True,1,0.43,0.0,False,False
848,20260622,FLARE_20260622_1756_M3.4,1,2,Channel_2,True,1,0.35,0.0,False,False
848,20260622,FLARE_20260622_1756_M3.4,1,3,Channel_3,False,21,7.8217,2.8367,False,False
849,20260622,QUIET_20260622_9,0,0,Channel_0,True,1,0.43,0.0,False,False
849,20260622,QUIET_20260622_9,0,1,Channel_1,True,1,0.35,0.0,False,False
849,20260622,QUIET_20260622_9,0,2,Channel_2,True,1,0.37,0.0,False,False
849,20260622,QUIET_20260622_9,0,3,Channel_3,False,20,7.5678,2.8277,False,False
850,20260622,QUIET_20260622_10,0,0,Channel_0,True,1,0.35,0.0,False,False
850,20260622,QUIET_20260622_10,0,1,Channel_1,True,1,0.37,0.0,False,False
850,20260622,QUIET_20260622_10,0,2,Channel_2,True,1,0.39,0.0,False,False
850,20260622,QUIET_20260622_10,0,3,Channel_3,False,20,7.9136,2.9248,False,False
851,20260622,QUIET_20260622_11,0,0,Channel_0,True,1,0.37,0.0,False,False
851,20260622,QUIET_20260622_11,0,1,Channel_1,True,1,0.39,0.0,False,False
851,20260622,QUIET_20260622_11,0,2,Channel_2,True,1,0.41,0.0,False,False
851,20260622,QUIET_20260622_11,0,3,Channel_3,False,31,11.5186,5.02,False,False
852,20260517,FLARE_20260517_0139_M7.6,1,0,Channel_0,True,1,0.39,0.0,False,False
852,20260517,FLARE_20260517_0139_M7.6,1,1,Channel_1,True,1,0.41,0.0,False,False
852,20260517,FLARE_20260517_0139_M7.6,1,2,Channel_2,True,1,0.43,0.0,False,False
852,20260517,FLARE_20260517_0139_M7.6,1,3,Channel_3,True,1,0.35,0.0,False,False
853,20260517,QUIET_20260517_1,0,0,Channel_0,True,1,0.41,0.0,False,False
853,20260517,QUIET_20260517_1,0,1,Channel_1,True,1,0.43,0.0,False,False
853,20260517,QUIET_20260517_1,0,2,Channel_2,True,1,0.35,0.0,False,False
853,20260517,QUIET_20260517_1,0,3,Channel_3,True,1,0.37,0.0,False,False
854,20260517,QUIET_20260517_2,0,0,Channel_0,True,1,0.43,0.0,False,False
854,20260517,QUIET_20260517_2,0,1,Channel_1,True,1,0.35,0.0,False,False
854,20260517,QUIET_20260517_2,0,2,Channel_2,True,1,0.37,0.0,False,False
854,20260517,QUIET_20260517_2,0,3,Channel_3,True,1,0.39,0.0,False,False
855,20260517,QUIET_20260517_3,0,0,Channel_0,True,1,0.35,0.0,False,False
855,20260517,QUIET_20260517_3,0,1,Channel_1,True,1,0.37,0.0,False,False
855,20260517,QUIET_20260517_3,0,2,Channel_2,True,1,0.39,0.0,False,False
855,20260517,QUIET_20260517_3,0,3,Channel_3,True,1,0.41,0.0,False,False
856,20260517,FLARE_20260517_0922_M2.8,1,0,Channel_0,True,1,0.37,0.0,False,False
856,20260517,FLARE_20260517_0922_M2.8,1,1,Channel_1,True,1,0.39,0.0,False,False
856,20260517,FLARE_20260517_0922_M2.8,1,2,Channel_2,True,1,0.41,0.0,False,False
856,20260517,FLARE_20260517_0922_M2.8,1,3,Channel_3,True,1,0.43,0.0,False,False
857,20260517,QUIET_20260517_5,0,0,Channel_0,True,1,0.39,0.0,False,False
857,20260517,QUIET_20260517_5,0,1,Channel_1,True,1,0.41,0.0,False,False
857,20260517,QUIET_20260517_5,0,2,Channel_2,True,1,0.43,0.0,False,False
857,20260517,QUIET_20260517_5,0,3,Channel_3,True,1,0.35,0.0,False,False
858,20260517,QUIET_20260517_6,0,0,Channel_0,True,1,0.41,0.0,False,False
858,20260517,QUIET_20260517_6,0,1,Channel_1,True,1,0.43,0.0,False,False
858,20260517,QUIET_20260517_6,0,2,Channel_2,True,1,0.35,0.0,False,False
858,20260517,QUIET_20260517_6,0,3,Channel_3,True,1,0.37,0.0,False,False
859,20260517,QUIET_20260517_7,0,0,Channel_0,True,1,0.43,0.0,False,False
859,20260517,QUIET_20260517_7,0,1,Channel_1,True,1,0.35,0.0,False,False
859,20260517,QUIET_20260517_7,0,2,Channel_2,True,1,0.37,0.0,False,False
859,20260517,QUIET_20260517_7,0,3,Channel_3,True,1,0.39,0.0,False,False
860,20260517,FLARE_20260517_1750_M6.0,1,0,Channel_0,True,1,0.35,0.0,False,False
860,20260517,FLARE_20260517_1750_M6.0,1,1,Channel_1,True,1,0.37,0.0,False,False
860,20260517,FLARE_20260517_1750_M6.0,1,2,Channel_2,True,1,0.39,0.0,False,False
860,20260517,FLARE_20260517_1750_M6.0,1,3,Channel_3,True,1,0.41,0.0,False,False
861,20260517,QUIET_20260517_9,0,0,Channel_0,True,1,0.37,0.0,False,False
861,20260517,QUIET_20260517_9,0,1,Channel_1,True,1,0.39,0.0,False,False
861,20260517,QUIET_20260517_9,0,2,Channel_2,True,1,0.41,0.0,False,False
861,20260517,QUIET_20260517_9,0,3,Channel_3,True,1,0.43,0.0,False,False
862,20260517,QUIET_20260517_10,0,0,Channel_0,True,1,0.39,0.0,False,False
862,20260517,QUIET_20260517_10,0,1,Channel_1,True,1,0.41,0.0,False,False
862,20260517,QUIET_20260517_10,0,2,Channel_2,True,1,0.43,0.0,False,False
862,20260517,QUIET_20260517_10,0,3,Channel_3,True,1,0.35,0.0,False,False
863,20260517,QUIET_20260517_11,0,0,Channel_0,True,1,0.41,0.0,False,False
863,20260517,QUIET_20260517_11,0,1,Channel_1,True,1,0.43,0.0,False,False
863,20260517,QUIET_20260517_11,0,2,Channel_2,True,1,0.35,0.0,False,False
863,20260517,QUIET_20260517_11,0,3,Channel_3,True,1,0.37,0.0,False,False
864,20260526,FLARE_20260526_0133_M1.2,1,0,Channel_0,True,1,0.43,0.0,False,False
864,20260526,FLARE_20260526_0133_M1.2,1,1,Channel_1,True,1,0.35,0.0,False,False
864,20260526,FLARE_20260526_0133_M1.2,1,2,Channel_2,True,1,0.37,0.0,False,False
864,20260526,FLARE_20260526_0133_M1.2,1,3,Channel_3,True,1,0.39,0.0,False,False
865,20260526,QUIET_20260526_1,0,0,Channel_0,True,1,0.35,0.0,False,False
865,20260526,QUIET_20260526_1,0,1,Channel_1,True,1,0.37,0.0,False,False
865,20260526,QUIET_20260526_1,0,2,Channel_2,True,1,0.39,0.0,False,False
865,20260526,QUIET_20260526_1,0,3,Channel_3,True,1,0.41,0.0,False,False
866,20260526,QUIET_20260526_2,0,0,Channel_0,True,1,0.37,0.0,False,False
866,20260526,QUIET_20260526_2,0,1,Channel_1,True,1,0.39,0.0,False,False
866,20260526,QUIET_20260526_2,0,2,Channel_2,True,1,0.41,0.0,False,False
866,20260526,QUIET_20260526_2,0,3,Channel_3,True,1,0.43,0.0,False,False
867,20260526,QUIET_20260526_3,0,0,Channel_0,True,1,0.39,0.0,False,False
867,20260526,QUIET_20260526_3,0,1,Channel_1,True,1,0.41,0.0,False,False
867,20260526,QUIET_20260526_3,0,2,Channel_2,True,1,0.43,0.0,False,False
867,20260526,QUIET_20260526_3,0,3,Channel_3,True,1,0.35,0.0,False,False
868,20260526,FLARE_20260526_0916_M5.4,1,0,Channel_0,True,1,0.41,0.0,False,False
868,20260526,FLARE_20260526_0916_M5.4,1,1,Channel_1,True,1,0.43,0.0,False,False
868,20260526,FLARE_20260526_0916_M5.4,1,2,Channel_2,True,1,0.35,0.0,False,False
868,20260526,FLARE_20260526_0916_M5.4,1,3,Channel_3,True,1,0.37,0.0,False,False
869,20260526,QUIET_20260526_5,0,0,Channel_0,True,1,0.43,0.0,False,False
869,20260526,QUIET_20260526_5,0,1,Channel_1,True,1,0.35,0.0,False,False
869,20260526,QUIET_20260526_5,0,2,Channel_2,True,1,0.37,0.0,False,False
869,20260526,QUIET_20260526_5,0,3,Channel_3,True,1,0.39,0.0,False,False
870,20260526,QUIET_20260526_6,0,0,Channel_0,True,1,0.35,0.0,False,False
870,20260526,QUIET_20260526_6,0,1,Channel_1,True,1,0.37,0.0,False,False
870,20260526,QUIET_20260526_6,0,2,Channel_2,True,1,0.39,0.0,False,False
870,20260526,QUIET_20260526_6,0,3,Channel_3,True,1,0.41,0.0,False,False
871,20260526,QUIET_20260526_7,0,0,Channel_0,True,1,0.37,0.0,False,False
871,20260526,QUIET_20260526_7,0,1,Channel_1,True,1,0.39,0.0,False,False
871,20260526,QUIET_20260526_7,0,2,Channel_2,True,1,0.41,0.0,False,False
871,20260526,QUIET_20260526_7,0,3,Channel_3,True,1,0.43,0.0,False,False
872,20260526,FLARE_20260526_1744_M9.6,1,0,Channel_0,True,1,0.39,0.0,False,False
872,20260526,FLARE_20260526_1744_M9.6,1,1,Channel_1,True,1,0.41,0.0,False,False
872,20260526,FLARE_20260526_1744_M9.6,1,2,Channel_2,True,1,0.43,0.0,False,False
872,20260526,FLARE_20260526_1744_M9.6,1,3,Channel_3,True,1,0.35,0.0,False,False
873,20260526,QUIET_20260526_9,0,0,Channel_0,True,1,0.41,0.0,False,False
873,20260526,QUIET_20260526_9,0,1,Channel_1,True,1,0.43,0.0,False,False
873,20260526,QUIET_20260526_9,0,2,Channel_2,True,1,0.35,0.0,False,False
873,20260526,QUIET_20260526_9,0,3,Channel_3,True,1,0.37,0.0,False,False
874,20260526,QUIET_20260526_10,0,0,Channel_0,True,1,0.43,0.0,False,False
874,20260526,QUIET_20260526_10,0,1,Channel_1,True,1,0.35,0.0,False,False
874,20260526,QUIET_20260526_10,0,2,Channel_2,True,1,0.37,0.0,False,False
874,20260526,QUIET_20260526_10,0,3,Channel_3,True,1,0.39,0.0,False,False
875,20260526,QUIET_20260526_11,0,0,Channel_0,True,1,0.35,0.0,False,False
875,20260526,QUIET_20260526_11,0,1,Channel_1,True,1,0.37,0.0,False,False
875,20260526,QUIET_20260526_11,0,2,Channel_2,True,1,0.39,0.0,False,False
875,20260526,QUIET_20260526_11,0,3,Channel_3,True,1,0.41,0.0,False,False
876,20260528,FLARE_20260528_0127_M4.8,1,0,Channel_0,True,1,0.37,0.0,False,False
876,20260528,FLARE_20260528_0127_M4.8,1,1,Channel_1,True,1,0.39,0.0,False,False
876,20260528,FLARE_20260528_0127_M4.8,1,2,Channel_2,True,1,0.41,0.0,False,False
876,20260528,FLARE_20260528_0127_M4.8,1,3,Channel_3,True,1,0.43,0.0,False,False
877,20260528,QUIET_20260528_1,0,0,Channel_0,True,1,0.39,0.0,False,False
877,20260528,QUIET_20260528_1,0,1,Channel_1,True,1,0.41,0.0,False,False
877,20260528,QUIET_20260528_1,0,2,Channel_2,True,1,0.43,0.0,False,False
877,20260528,QUIET_20260528_1,0,3,Channel_3,True,1,0.35,0.0,False,False
878,20260528,QUIET_20260528_2,0,0,Channel_0,True,1,0.41,0.0,False,False
878,20260528,QUIET_20260528_2,0,1,Channel_1,True,1,0.43,0.0,False,False
878,20260528,QUIET_20260528_2,0,2,Channel_2,True,1,0.35,0.0,False,False
878,20260528,QUIET_20260528_2,0,3,Channel_3,True,1,0.37,0.0,False,False
879,20260528,QUIET_20260528_3,0,0,Channel_0,True,1,0.43,0.0,False,False
879,20260528,QUIET_20260528_3,0,1,Channel_1,True,1,0.35,0.0,False,False
879,20260528,QUIET_20260528_3,0,2,Channel_2,True,1,0.37,0.0,False,False
879,20260528,QUIET_20260528_3,0,3,Channel_3,True,1,0.39,0.0,False,False
880,20260528,FLARE_20260528_0955_M8.0,1,0,Channel_0,True,1,0.35,0.0,False,False
880,20260528,FLARE_20260528_0955_M8.0,1,1,Channel_1,True,1,0.37,0.0,False,False
880,20260528,FLARE_20260528_0955_M8.0,1,2,Channel_2,True,1,0.39,0.0,False,False
880,20260528,FLARE_20260528_0955_M8.0,1,3,Channel_3,True,1,0.41,0.0,False,False
881,20260528,QUIET_20260528_5,0,0,Channel_0,True,1,0.37,0.0,False,False
881,20260528,QUIET_20260528_5,0,1,Channel_1,True,1,0.39,0.0,False,False
881,20260528,QUIET_20260528_5,0,2,Channel_2,True,1,0.41,0.0,False,False
881,20260528,QUIET_20260528_5,0,3,Channel_3,True,1,0.43,0.0,False,False
882,20260528,QUIET_20260528_6,0,0,Channel_0,True,1,0.39,0.0,False,False
882,20260528,QUIET_20260528_6,0,1,Channel_1,True,1,0.41,0.0,False,False
882,20260528,QUIET_20260528_6,0,2,Channel_2,True,1,0.43,0.0,False,False
882,20260528,QUIET_20260528_6,0,3,Channel_3,True,1,0.35,0.0,False,False
883,20260528,QUIET_20260528_7,0,0,Channel_0,True,1,0.41,0.0,False,False
883,20260528,QUIET_20260528_7,0,1,Channel_1,True,1,0.43,0.0,False,False
883,20260528,QUIET_20260528_7,0,2,Channel_2,True,1,0.35,0.0,False,False
883,20260528,QUIET_20260528_7,0,3,Channel_3,True,1,0.37,0.0,False,False
884,20260528,FLARE_20260528_1738_M3.2,1,0,Channel_0,True,1,0.43,0.0,False,False
884,20260528,FLARE_20260528_1738_M3.2,1,1,Channel_1,True,1,0.35,0.0,False,False
884,20260528,FLARE_20260528_1738_M3.2,1,2,Channel_2,True,1,0.37,0.0,False,False
884,20260528,FLARE_20260528_1738_M3.2,1,3,Channel_3,True,1,0.39,0.0,False,False
885,20260528,QUIET_20260528_9,0,0,Channel_0,True,1,0.35,0.0,False,False
885,20260528,QUIET_20260528_9,0,1,Channel_1,True,1,0.37,0.0,False,False
885,20260528,QUIET_20260528_9,0,2,Channel_2,True,1,0.39,0.0,False,False
885,20260528,QUIET_20260528_9,0,3,Channel_3,True,1,0.41,0.0,False,False
886,20260528,QUIET_20260528_10,0,0,Channel_0,True,1,0.37,0.0,False,False
886,20260528,QUIET_20260528_10,0,1,Channel_1,True,1,0.39,0.0,False,False
886,20260528,QUIET_20260528_10,0,2,Channel_2,True,1,0.41,0.0,False,False
886,20260528,QUIET_20260528_10,0,3,Channel_3,True,1,0.43,0.0,False,False
887,20260528,QUIET_20260528_11,0,0,Channel_0,True,1,0.39,0.0,False,False
887,20260528,QUIET_20260528_11,0,1,Channel_1,True,1,0.41,0.0,False,False
887,20260528,QUIET_20260528_11,0,2,Channel_2,True,1,0.43,0.0,False,False
887,20260528,QUIET_20260528_11,0,3,Channel_3,True,1,0.35,0.0,False,False
888,20260605,FLARE_20260605_0121_M7.4,1,0,Channel_0,True,1,0.41,0.0,False,False
888,20260605,FLARE_20260605_0121_M7.4,1,1,Channel_1,True,1,0.43,0.0,False,False
888,20260605,FLARE_20260605_0121_M7.4,1,2,Channel_2,True,1,0.35,0.0,False,False
888,20260605,FLARE_20260605_0121_M7.4,1,3,Channel_3,True,1,0.37,0.0,False,False
889,20260605,QUIET_20260605_1,0,0,Channel_0,True,1,0.43,0.0,False,False
889,20260605,QUIET_20260605_1,0,1,Channel_1,True,1,0.35,0.0,False,False
889,20260605,QUIET_20260605_1,0,2,Channel_2,True,1,0.37,0.0,False,False
889,20260605,QUIET_20260605_1,0,3,Channel_3,True,1,0.39,0.0,False,False
890,20260605,QUIET_20260605_2,0,0,Channel_0,True,1,0.35,0.0,False,False
890,20260605,QUIET_20260605_2,0,1,Channel_1,True,1,0.37,0.0,False,False
890,20260605,QUIET_20260605_2,0,2,Channel_2,True,1,0.39,0.0,False,False
890,20260605,QUIET_20260605_2,0,3,Channel_3,True,1,0.41,0.0,False,False
891,20260605,QUIET_20260605_3,0,0,Channel_0,True,1,0.37,0.0,False,False
891,20260605,QUIET_20260605_3,0,1,Channel_1,True,1,0.39,0.0,False,False
891,20260605,QUIET_20260605_3,0,2,Channel_2,True,1,0.41,0.0,False,False
891,20260605,QUIET_20260605_3,0,3,Channel_3,True,1,0.43,0.0,False,False
892,20260605,FLARE_20260605_0949_M2.6,1,0,Channel_0,True,1,0.39,0.0,False,False
892,20260605,FLARE_20260605_0949_M2.6,1,1,Channel_1,True,1,0.41,0.0,False,False
892,20260605,FLARE_20260605_0949_M2.6,1,2,Channel_2,True,1,0.43,0.0,False,False
892,20260605,FLARE_20260605_0949_M2.6,1,3,Channel_3,True,1,0.35,0.0,False,False
893,20260605,QUIET_20260605_5,0,0,Channel_0,True,1,0.41,0.0,False,False
893,20260605,QUIET_20260605_5,0,1,Channel_1,True,1,0.43,0.0,False,False
893,20260605,QUIET_20260605_5,0,2,Channel_2,True,1,0.35,0.0,False,False
893,20260605,QUIET_20260605_5,0,3,Channel_3,True,1,0.37,0.0,False,False
894,20260605,QUIET_20260605_6,0,0,Channel_0,True,1,0.43,0.0,False,False
894,20260605,QUIET_20260605_6,0,1,Channel_1,True,1,0.35,0.0,False,False
894,20260605,QUIET_20260605_6,0,2,Channel_2,True,1,0.37,0.0,False,False
894,20260605,QUIET_20260605_6,0,3,Channel_3,True,1,0.39,0.0,False,False
895,20260605,QUIET_20260605_7,0,0,Channel_0,True,1,0.35,0.0,False,False
895,20260605,QUIET_20260605_7,0,1,Channel_1,True,1,0.37,0.0,False,False
895,20260605,QUIET_20260605_7,0,2,Channel_2,True,1,0.39,0.0,False,False
895,20260605,QUIET_20260605_7,0,3,Channel_3,True,1,0.41,0.0,False,False
896,20260605,FLARE_20260605_1732_M6.8,1,0,Channel_0,True,1,0.37,0.0,False,False
896,20260605,FLARE_20260605_1732_M6.8,1,1,Channel_1,True,1,0.39,0.0,False,False
896,20260605,FLARE_20260605_1732_M6.8,1,2,Channel_2,True,1,0.41,0.0,False,False
896,20260605,FLARE_20260605_1732_M6.8,1,3,Channel_3,True,1,0.43,0.0,False,False
897,20260605,QUIET_20260605_9,0,0,Channel_0,True,1,0.39,0.0,False,False
897,20260605,QUIET_20260605_9,0,1,Channel_1,True,1,0.41,0.0,False,False
897,20260605,QUIET_20260605_9,0,2,Channel_2,True,1,0.43,0.0,False,False
897,20260605,QUIET_20260605_9,0,3,Channel_3,True,1,0.35,0.0,False,False
898,20260605,QUIET_20260605_10,0,0,Channel_0,True,1,0.41,0.0,False,False
898,20260605,QUIET_20260605_10,0,1,Channel_1,True,1,0.43,0.0,False,False
898,20260605,QUIET_20260605_10,0,2,Channel_2,True,1,0.35,0.0,False,False
898,20260605,QUIET_20260605_10,0,3,Channel_3,True,1,0.37,0.0,False,False
899,20260605,QUIET_20260605_11,0,0,Channel_0,True,1,0.43,0.0,False,False
899,20260605,QUIET_20260605_11,0,1,Channel_1,True,1,0.35,0.0,False,False
899,20260605,QUIET_20260605_11,0,2,Channel_2,True,1,0.37,0.0,False,False
899,20260605,QUIET_20260605_11,0,3,Channel_3,True,1,0.39,0.0,False,False
900,20260915,FLARE_20260915_0115_M1.0,1,0,Channel_0,False,4,0.0289,0.1936,False,False
900,20260915,FLARE_20260915_0115_M1.0,1,1,Channel_1,False,5,0.1147,0.4319,False,False
900,20260915,FLARE_20260915_0115_M1.0,1,2,Channel_2,False,101,12.6322,29.7961,False,False
900,20260915,FLARE_20260915_0115_M1.0,1,3,Channel_3,False,11,1.9831,1.6233,False,False
901,20260915,QUIET_20260915_1,0,0,Channel_0,False,3,0.0317,0.1946,False,False
901,20260915,QUIET_20260915_1,0,1,Channel_1,False,6,0.1097,0.4313,False,False
901,20260915,QUIET_20260915_1,0,2,Channel_2,False,98,12.5583,29.3231,False,False
901,20260915,QUIET_20260915_1,0,3,Channel_3,False,11,2.0353,1.5821,False,False
902,20260915,QUIET_20260915_2,0,0,Channel_0,False,4,0.0233,0.1633,False,False
902,20260915,QUIET_20260915_2,0,1,Channel_1,False,5,0.1094,0.4166,False,False
902,20260915,QUIET_20260915_2,0,2,Channel_2,False,101,12.555,29.5005,False,False
902,20260915,QUIET_20260915_2,0,3,Channel_3,False,10,1.655,1.3416,False,False
903,20260915,QUIET_20260915_3,0,0,Channel_0,False,6,0.0594,0.3168,False,False
903,20260915,QUIET_20260915_3,0,1,Channel_1,False,7,0.1467,0.5309,False,False
903,20260915,QUIET_20260915_3,0,2,Channel_2,False,100,12.3864,29.6782,False,False
903,20260915,QUIET_20260915_3,0,3,Channel_3,False,9,1.5164,1.2993,False,False
904,20260915,FLARE_20260915_0943_M5.2,1,0,Channel_0,False,3,0.0264,0.1736,False,False
904,20260915,FLARE_20260915_0943_M5.2,1,1,Channel_1,False,6,0.1083,0.4281,False,False
904,20260915,FLARE_20260915_0943_M5.2,1,2,Channel_2,False,99,13.0506,30.6014,False,False
904,20260915,FLARE_20260915_0943_M5.2,1,3,Channel_3,False,10,1.6875,1.4321,False,False
905,20260915,QUIET_20260915_5,0,0,Channel_0,False,3,0.0297,0.1809,False,False
905,20260915,QUIET_20260915_5,0,1,Channel_1,False,6,0.0972,0.3909,False,False
905,20260915,QUIET_20260915_5,0,2,Channel_2,False,101,12.7047,29.8201,False,False
905,20260915,QUIET_20260915_5,0,3,Channel_3,False,9,1.5008,1.2636,False,False
906,20260915,QUIET_20260915_6,0,0,Channel_0,False,3,0.0325,0.1966,False,False
906,20260915,QUIET_20260915_6,0,1,Channel_1,False,5,0.1114,0.4164,False,False
906,20260915,QUIET_20260915_6,0,2,Channel_2,False,99,12.45,29.6042,False,False
906,20260915,QUIET_20260915_6,0,3,Channel_3,False,8,1.3922,1.1691,False,False
907,20260915,QUIET_20260915_7,0,0,Channel_0,False,5,0.0342,0.214,False,False
907,20260915,QUIET_20260915_7,0,1,Channel_1,False,6,0.0961,0.3968,False,False
907,20260915,QUIET_20260915_7,0,2,Channel_2,False,100,12.3953,29.6065,False,False
907,20260915,QUIET_20260915_7,0,3,Channel_3,False,8,1.5875,1.2741,False,False
908,20260915,FLARE_20260915_1726_M9.4,1,0,Channel_0,False,4,0.0367,0.2193,False,False
908,20260915,FLARE_20260915_1726_M9.4,1,1,Channel_1,False,5,0.1067,0.41,False,False
908,20260915,FLARE_20260915_1726_M9.4,1,2,Channel_2,False,99,12.2844,29.2517,False,False
908,20260915,FLARE_20260915_1726_M9.4,1,3,Channel_3,False,9,1.615,1.2685,False,False
909,20260915,QUIET_20260915_9,0,0,Channel_0,False,3,0.0272,0.1743,False,False
909,20260915,QUIET_20260915_9,0,1,Channel_1,False,5,0.1044,0.3982,False,False
909,20260915,QUIET_20260915_9,0,2,Channel_2,False,101,12.21,29.3016,False,False
909,20260915,QUIET_20260915_9,0,3,Channel_3,False,9,1.7958,1.37,False,False
910,20260915,QUIET_20260915_10,0,0,Channel_0,False,4,0.0256,0.1761,False,False
910,20260915,QUIET_20260915_10,0,1,Channel_1,False,6,0.1039,0.4154,False,False
910,20260915,QUIET_20260915_10,0,2,Channel_2,False,101,12.3778,29.6837,False,False
910,20260915,QUIET_20260915_10,0,3,Channel_3,False,9,1.6408,1.2915,False,False
911,20260915,QUIET_20260915_11,0,0,Channel_0,True,1,0.37,0.0,False,False
911,20260915,QUIET_20260915_11,0,1,Channel_1,True,1,0.39,0.0,False,False
911,20260915,QUIET_20260915_11,0,2,Channel_2,True,1,0.41,0.0,False,False
911,20260915,QUIET_20260915_11,0,3,Channel_3,False,8,1.5269,1.2467,False,False
912,20260916,FLARE_20260916_0154_M4.6,1,0,Channel_0,False,4,0.0406,0.2161,False,False
912,20260916,FLARE_20260916_0154_M4.6,1,1,Channel_1,False,6,0.1042,0.4055,False,False
912,20260916,FLARE_20260916_0154_M4.6,1,2,Channel_2,False,100,12.9231,30.3348,False,False
912,20260916,FLARE_20260916_0154_M4.6,1,3,Channel_3,True,1,0.35,0.0,False,False
913,20260916,QUIET_20260916_1,0,0,Channel_0,False,3,0.0261,0.1696,False,False
913,20260916,QUIET_20260916_1,0,1,Channel_1,False,5,0.1006,0.395,False,False
913,20260916,QUIET_20260916_1,0,2,Channel_2,False,100,11.0867,28.1249,False,False
913,20260916,QUIET_20260916_1,0,3,Channel_3,True,1,0.37,0.0,False,False
914,20260916,QUIET_20260916_2,0,0,Channel_0,True,1,0.43,0.0,False,False
914,20260916,QUIET_20260916_2,0,1,Channel_1,True,1,0.35,0.0,False,False
914,20260916,QUIET_20260916_2,0,2,Channel_2,True,1,0.37,0.0,False,False
914,20260916,QUIET_20260916_2,0,3,Channel_3,True,1,0.39,0.0,False,False
915,20260916,QUIET_20260916_3,0,0,Channel_0,True,1,0.35,0.0,False,False
915,20260916,QUIET_20260916_3,0,1,Channel_1,True,1,0.37,0.0,False,False
915,20260916,QUIET_20260916_3,0,2,Channel_2,True,1,0.39,0.0,False,False
915,20260916,QUIET_20260916_3,0,3,Channel_3,True,1,0.41,0.0,False,False
916,20260916,FLARE_20260916_0937_M8.8,1,0,Channel_0,True,1,0.37,0.0,False,False
916,20260916,FLARE_20260916_0937_M8.8,1,1,Channel_1,True,1,0.39,0.0,False,False
916,20260916,FLARE_20260916_0937_M8.8,1,2,Channel_2,True,1,0.41,0.0,False,False
916,20260916,FLARE_20260916_0937_M8.8,1,3,Channel_3,True,1,0.43,0.0,False,False
917,20260916,QUIET_20260916_5,0,0,Channel_0,True,1,0.39,0.0,False,False
917,20260916,QUIET_20260916_5,0,1,Channel_1,True,1,0.41,0.0,False,False
917,20260916,QUIET_20260916_5,0,2,Channel_2,True,1,0.43,0.0,False,False
917,20260916,QUIET_20260916_5,0,3,Channel_3,True,1,0.35,0.0,False,False
918,20260916,QUIET_20260916_6,0,0,Channel_0,True,1,0.41,0.0,False,False
918,20260916,QUIET_20260916_6,0,1,Channel_1,True,1,0.43,0.0,False,False
918,20260916,QUIET_20260916_6,0,2,Channel_2,True,1,0.35,0.0,False,False
918,20260916,QUIET_20260916_6,0,3,Channel_3,True,1,0.37,0.0,False,False
919,20260916,QUIET_20260916_7,0,0,Channel_0,True,1,0.43,0.0,False,False
919,20260916,QUIET_20260916_7,0,1,Channel_1,True,1,0.35,0.0,False,False
919,20260916,QUIET_20260916_7,0,2,Channel_2,True,1,0.37,0.0,False,False
919,20260916,QUIET_20260916_7,0,3,Channel_3,True,1,0.39,0.0,False,False
920,20260916,FLARE_20260916_1720_M3.0,1,0,Channel_0,True,1,0.35,0.0,False,False
920,20260916,FLARE_20260916_1720_M3.0,1,1,Channel_1,True,1,0.37,0.0,False,False
920,20260916,FLARE_20260916_1720_M3.0,1,2,Channel_2,True,1,0.39,0.0,False,False
920,20260916,FLARE_20260916_1720_M3.0,1,3,Channel_3,True,1,0.41,0.0,False,False
921,20260916,QUIET_20260916_9,0,0,Channel_0,True,1,0.37,0.0,False,False
921,20260916,QUIET_20260916_9,0,1,Channel_1,True,1,0.39,0.0,False,False
921,20260916,QUIET_20260916_9,0,2,Channel_2,True,1,0.41,0.0,False,False
921,20260916,QUIET_20260916_9,0,3,Channel_3,True,1,0.43,0.0,False,False
922,20260916,QUIET_20260916_10,0,0,Channel_0,True,1,0.39,0.0,False,False
922,20260916,QUIET_20260916_10,0,1,Channel_1,True,1,0.41,0.0,False,False
922,20260916,QUIET_20260916_10,0,2,Channel_2,True,1,0.43,0.0,False,False
922,20260916,QUIET_20260916_10,0,3,Channel_3,True,1,0.35,0.0,False,False
923,20260916,QUIET_20260916_11,0,0,Channel_0,True,1,0.41,0.0,False,False
923,20260916,QUIET_20260916_11,0,1,Channel_1,True,1,0.43,0.0,False,False
923,20260916,QUIET_20260916_11,0,2,Channel_2,True,1,0.35,0.0,False,False
923,20260916,QUIET_20260916_11,0,3,Channel_3,True,1,0.37,0.0,False,False
924,20260917,FLARE_20260917_0148_M7.2,1,0,Channel_0,False,4,0.0275,0.1797,False,False
924,20260917,FLARE_20260917_0148_M7.2,1,1,Channel_1,False,6,0.1153,0.4331,False,False
924,20260917,FLARE_20260917_0148_M7.2,1,2,Channel_2,False,97,12.2208,29.5462,False,False
924,20260917,FLARE_20260917_0148_M7.2,1,3,Channel_3,False,21,7.8472,3.1025,False,False
925,20260917,QUIET_20260917_1,0,0,Channel_0,False,4,0.0281,0.1827,False,False
925,20260917,QUIET_20260917_1,0,1,Channel_1,False,5,0.1081,0.412,False,False
925,20260917,QUIET_20260917_1,0,2,Channel_2,False,100,12.1733,29.2432,False,False
925,20260917,QUIET_20260917_1,0,3,Channel_3,False,13,2.8128,1.8459,False,False
926,20260917,QUIET_20260917_2,0,0,Channel_0,False,4,0.0303,0.1927,False,False
926,20260917,QUIET_20260917_2,0,1,Channel_1,False,6,0.0994,0.3831,False,False
926,20260917,QUIET_20260917_2,0,2,Channel_2,False,100,12.0583,29.4835,False,False
926,20260917,QUIET_20260917_2,0,3,Channel_3,False,8,1.4681,1.2417,False,False
927,20260917,QUIET_20260917_3,0,0,Channel_0,False,3,0.0253,0.1738,False,False
927,20260917,QUIET_20260917_3,0,1,Channel_1,False,6,0.1089,0.4253,False,False
927,20260917,QUIET_20260917_3,0,2,Channel_2,False,97,12.3589,29.4916,False,False
927,20260917,QUIET_20260917_3,0,3,Channel_3,False,8,1.1319,1.0835,False,False
928,20260917,FLARE_20260917_0931_M2.4,1,0,Channel_0,False,3,0.0211,0.1585,False,False
928,20260917,FLARE_20260917_0931_M2.4,1,1,Channel_1,False,6,0.1131,0.4444,False,False
928,20260917,FLARE_20260917_0931_M2.4,1,2,Channel_2,False,98,12.4861,29.8441,False,False
928,20260917,FLARE_20260917_0931_M2.4,1,3,Channel_3,False,5,0.0367,0.2328,False,False
929,20260917,QUIET_20260917_5,0,0,Channel_0,False,3,0.0219,0.1557,False,False
929,20260917,QUIET_20260917_5,0,1,Channel_1,False,5,0.1106,0.4346,False,False
929,20260917,QUIET_20260917_5,0,2,Channel_2,False,101,12.2486,29.2879,False,False
929,20260917,QUIET_20260917_5,0,3,Channel_3,False,2,0.0206,0.1419,False,False
930,20260917,QUIET_20260917_6,0,0,Channel_0,False,3,0.0286,0.1764,False,False
930,20260917,QUIET_20260917_6,0,1,Channel_1,False,5,0.1056,0.4176,False,False
930,20260917,QUIET_20260917_6,0,2,Channel_2,False,100,12.3422,29.6702,False,False
930,20260917,QUIET_20260917_6,0,3,Channel_3,False,2,0.0267,0.1611,False,False
931,20260917,QUIET_20260917_7,0,0,Channel_0,False,3,0.0244,0.1649,False,False
931,20260917,QUIET_20260917_7,0,1,Channel_1,False,5,0.105,0.4151,False,False
931,20260917,QUIET_20260917_7,0,2,Channel_2,False,100,12.6783,30.0431,False,False
931,20260917,QUIET_20260917_7,0,3,Channel_3,False,3,0.0233,0.1546,False,False
932,20260917,FLARE_20260917_1759_M6.6,1,0,Channel_0,False,3,0.0253,0.1672,False,False
932,20260917,FLARE_20260917_1759_M6.6,1,1,Channel_1,False,5,0.1019,0.3964,False,False
932,20260917,FLARE_20260917_1759_M6.6,1,2,Channel_2,False,100,12.4367,29.6799,False,False
932,20260917,FLARE_20260917_1759_M6.6,1,3,Channel_3,False,3,0.0206,0.1458,False,False
933,20260917,QUIET_20260917_9,0,0,Channel_0,False,3,0.0239,0.1683,False,False
933,20260917,QUIET_20260917_9,0,1,Channel_1,False,6,0.1014,0.4103,False,False
933,20260917,QUIET_20260917_9,0,2,Channel_2,False,99,12.4175,29.752,False,False
933,20260917,QUIET_20260917_9,0,3,Channel_3,False,2,0.0194,0.1381,False,False
934,20260917,QUIET_20260917_10,0,0,Channel_0,False,3,0.0267,0.1711,False,False
934,20260917,QUIET_20260917_10,0,1,Channel_1,False,6,0.1189,0.4494,False,False
934,20260917,QUIET_20260917_10,0,2,Channel_2,False,101,12.4333,29.6901,False,False
934,20260917,QUIET_20260917_10,0,3,Channel_3,False,2,0.0178,0.1321,False,False
935,20260917,QUIET_20260917_11,0,0,Channel_0,True,1,0.35,0.0,False,False
935,20260917,QUIET_20260917_11,0,1,Channel_1,True,1,0.37,0.0,False,False
935,20260917,QUIET_20260917_11,0,2,Channel_2,True,1,0.39,0.0,False,False
935,20260917,QUIET_20260917_11,0,3,Channel_3,False,3,0.02,0.142,False,False
936,20260918,FLARE_20260918_0142_M1.8,1,0,Channel_0,False,4,0.0303,0.1956,False,False
936,20260918,FLARE_20260918_0142_M1.8,1,1,Channel_1,False,5,0.1047,0.4067,False,False
936,20260918,FLARE_20260918_0142_M1.8,1,2,Channel_2,False,99,12.1978,29.3839,False,False
936,20260918,FLARE_20260918_0142_M1.8,1,3,Channel_3,False,2,0.0197,0.139,False,False
937,20260918,QUIET_20260918_1,0,0,Channel_0,False,4,0.0308,0.1926,False,False
937,20260918,QUIET_20260918_1,0,1,Channel_1,False,5,0.1108,0.4245,False,False
937,20260918,QUIET_20260918_1,0,2,Channel_2,False,100,12.2819,29.4566,False,False
937,20260918,QUIET_20260918_1,0,3,Channel_3,False,3,0.0158,0.127,False,False
938,20260918,QUIET_20260918_2,0,0,Channel_0,False,3,0.0272,0.1774,False,False
938,20260918,QUIET_20260918_2,0,1,Channel_1,False,6,0.1086,0.4283,False,False
938,20260918,QUIET_20260918_2,0,2,Channel_2,False,99,12.2136,29.6875,False,False
938,20260918,QUIET_20260918_2,0,3,Channel_3,False,8,0.9128,1.1461,False,False
939,20260918,QUIET_20260918_3,0,0,Channel_0,False,4,0.0308,0.1969,False,False
939,20260918,QUIET_20260918_3,0,1,Channel_1,False,6,0.1114,0.4289,False,False
939,20260918,QUIET_20260918_3,0,2,Channel_2,False,100,12.2231,29.1739,False,False
939,20260918,QUIET_20260918_3,0,3,Channel_3,False,9,1.4817,1.2809,False,False
940,20260918,FLARE_20260918_0925_M5.0,1,0,Channel_0,False,3,0.0297,0.1824,False,False
940,20260918,FLARE_20260918_0925_M5.0,1,1,Channel_1,False,6,0.1044,0.4099,False,False
940,20260918,FLARE_20260918_0925_M5.0,1,2,Channel_2,False,97,12.0483,29.5052,False,False
940,20260918,FLARE_20260918_0925_M5.0,1,3,Channel_3,False,8,1.4075,1.2008,False,False
941,20260918,QUIET_20260918_5,0,0,Channel_0,False,4,0.025,0.1714,False,False
941,20260918,QUIET_20260918_5,0,1,Channel_1,False,5,0.1106,0.4177,False,False
941,20260918,QUIET_20260918_5,0,2,Channel_2,False,101,12.2817,29.6278,False,False
941,20260918,QUIET_20260918_5,0,3,Channel_3,False,9,1.3878,1.1959,False,False
942,20260918,QUIET_20260918_6,0,0,Channel_0,False,3,0.0286,0.1795,False,False
942,20260918,QUIET_20260918_6,0,1,Channel_1,False,6,0.1053,0.418,False,False
942,20260918,QUIET_20260918_6,0,2,Channel_2,False,95,12.2631,29.6893,False,False
942,20260918,QUIET_20260918_6,0,3,Channel_3,False,8,1.3836,1.2142,False,False
943,20260918,QUIET_20260918_7,0,0,Channel_0,False,3,0.025,0.1665,False,False
943,20260918,QUIET_20260918_7,0,1,Channel_1,False,5,0.0983,0.3941,False,False
943,20260918,QUIET_20260918_7,0,2,Channel_2,False,100,12.3622,29.5354,False,False
943,20260918,QUIET_20260918_7,0,3,Channel_3,False,8,1.4367,1.2288,False,False
944,20260918,FLARE_20260918_1753_M9.2,1,0,Channel_0,False,3,0.0253,0.1656,False,False
944,20260918,FLARE_20260918_1753_M9.2,1,1,Channel_1,False,5,0.1089,0.4073,False,False
944,20260918,FLARE_20260918_1753_M9.2,1,2,Channel_2,False,101,12.2681,29.2129,False,False
944,20260918,FLARE_20260918_1753_M9.2,1,3,Channel_3,False,8,1.5564,1.2334,False,False
945,20260918,QUIET_20260918_9,0,0,Channel_0,False,3,0.0256,0.1664,False,False
945,20260918,QUIET_20260918_9,0,1,Channel_1,False,6,0.1072,0.4199,False,False
945,20260918,QUIET_20260918_9,0,2,Channel_2,False,98,12.2631,29.4474,False,False
945,20260918,QUIET_20260918_9,0,3,Channel_3,False,8,1.5842,1.2694,False,False
946,20260918,QUIET_20260918_10,0,0,Channel_0,False,3,0.0261,0.1663,False,False
946,20260918,QUIET_20260918_10,0,1,Channel_1,False,6,0.1025,0.4032,False,False
946,20260918,QUIET_20260918_10,0,2,Channel_2,False,99,12.2828,29.6119,False,False
946,20260918,QUIET_20260918_10,0,3,Channel_3,False,9,1.6692,1.309,False,False
947,20260918,QUIET_20260918_11,0,0,Channel_0,True,1,0.39,0.0,False,False
947,20260918,QUIET_20260918_11,0,1,Channel_1,True,1,0.41,0.0,False,False
947,20260918,QUIET_20260918_11,0,2,Channel_2,True,1,0.43,0.0,False,False
947,20260918,QUIET_20260918_11,0,3,Channel_3,False,10,1.8258,1.3836,False,False
948,20260919,FLARE_20260919_0136_M4.4,1,0,Channel_0,False,5,0.0294,0.1992,False,False
948,20260919,FLARE_20260919_0136_M4.4,1,1,Channel_1,False,6,0.1019,0.4115,False,False
948,20260919,FLARE_20260919_0136_M4.4,1,2,Channel_2,False,100,12.1464,29.2808,False,False
948,20260919,FLARE_20260919_0136_M4.4,1,3,Channel_3,False,14,2.6503,1.8503,False,False
949,20260919,QUIET_20260919_1,0,0,Channel_0,False,4,0.0281,0.1857,False,False
949,20260919,QUIET_20260919_1,0,1,Channel_1,False,6,0.1089,0.4154,False,False
949,20260919,QUIET_20260919_1,0,2,Channel_2,False,99,12.2006,29.0185,False,False
949,20260919,QUIET_20260919_1,0,3,Channel_3,False,43,12.6592,8.8747,False,False
950,20260919,QUIET_20260919_2,0,0,Channel_0,False,3,0.0303,0.1913,False,False
950,20260919,QUIET_20260919_2,0,1,Channel_1,False,6,0.0978,0.3907,False,False
950,20260919,QUIET_20260919_2,0,2,Channel_2,False,101,12.2242,29.4331,False,False
950,20260919,QUIET_20260919_2,0,3,Channel_3,False,34,5.4542,4.8536,False,False
951,20260919,QUIET_20260919_3,0,0,Channel_0,False,4,0.0297,0.1884,False,False
951,20260919,QUIET_20260919_3,0,1,Channel_1,False,6,0.1083,0.4261,False,False
951,20260919,QUIET_20260919_3,0,2,Channel_2,False,101,12.3358,29.4939,False,False
951,20260919,QUIET_20260919_3,0,3,Channel_3,False,26,4.0053,3.3607,False,False
952,20260919,FLARE_20260919_0919_M8.6,1,0,Channel_0,False,4,0.0281,0.1842,False,False
952,20260919,FLARE_20260919_0919_M8.6,1,1,Channel_1,False,5,0.1075,0.4254,False,False
952,20260919,FLARE_20260919_0919_M8.6,1,2,Channel_2,False,98,12.6131,30.2166,False,False
952,20260919,FLARE_20260919_0919_M8.6,1,3,Channel_3,False,25,3.2422,3.2675,False,False
953,20260919,QUIET_20260919_5,0,0,Channel_0,False,5,0.0356,0.227,False,False
953,20260919,QUIET_20260919_5,0,1,Channel_1,False,6,0.1103,0.4395,False,False
953,20260919,QUIET_20260919_5,0,2,Channel_2,False,101,12.2436,29.2539,False,False
953,20260919,QUIET_20260919_5,0,3,Channel_3,False,20,6.3217,3.0669,False,False
954,20260919,QUIET_20260919_6,0,0,Channel_0,False,60,1.6133,6.7144,False,False
954,20260919,QUIET_20260919_6,0,1,Channel_1,False,64,1.9194,7.4426,False,False
954,20260919,QUIET_20260919_6,0,2,Channel_2,False,98,12.5206,29.2609,False,False
954,20260919,QUIET_20260919_6,0,3,Channel_3,False,16,4.5103,2.3426,False,False
955,20260919,QUIET_20260919_7,0,0,Channel_0,False,3,0.0339,0.1957,False,False
955,20260919,QUIET_20260919_7,0,1,Channel_1,False,5,0.1142,0.4422,False,False
955,20260919,QUIET_20260919_7,0,2,Channel_2,False,100,12.4975,29.459,False,False
955,20260919,QUIET_20260919_7,0,3,Channel_3,False,12,2.6372,1.6967,False,False
956,20260919,FLARE_20260919_1747_M3.8,1,0,Channel_0,False,3,0.0239,0.1649,False,False
956,20260919,FLARE_20260919_1747_M3.8,1,1,Channel_1,False,5,0.1058,0.4245,False,False
956,20260919,FLARE_20260919_1747_M3.8,1,2,Channel_2,False,99,12.0378,29.3061,False,False
956,20260919,FLARE_20260919_1747_M3.8,1,3,Channel_3,False,35,3.1683,4.1576,False,False
957,20260919,QUIET_20260919_9,0,0,Channel_0,False,3,0.0286,0.1811,False,False
957,20260919,QUIET_20260919_9,0,1,Channel_1,False,6,0.1019,0.404,False,False
957,20260919,QUIET_20260919_9,0,2,Channel_2,False,99,12.4731,29.6883,False,False
957,20260919,QUIET_20260919_9,0,3,Channel_3,False,10,2.0514,1.4491,False,False
958,20260919,QUIET_20260919_10,0,0,Channel_0,False,4,0.0306,0.2059,False,False
958,20260919,QUIET_20260919_10,0,1,Channel_1,False,6,0.1144,0.433,False,False
958,20260919,QUIET_20260919_10,0,2,Channel_2,False,99,12.2819,29.5087,False,False
958,20260919,QUIET_20260919_10,0,3,Channel_3,False,11,2.3669,1.5738,False,False
959,20260919,QUIET_20260919_11,0,0,Channel_0,True,1,0.43,0.0,False,False
959,20260919,QUIET_20260919_11,0,1,Channel_1,True,1,0.35,0.0,False,False
959,20260919,QUIET_20260919_11,0,2,Channel_2,True,1,0.37,0.0,False,False
959,20260919,QUIET_20260919_11,0,3,Channel_3,False,12,3.0386,1.8589,False,False
960,20260920,FLARE_20260920_0130_M7.0,1,0,Channel_0,False,3,0.0339,0.1957,False,False
960,20260920,FLARE_20260920_0130_M7.0,1,1,Channel_1,False,6,0.1072,0.431,False,False
960,20260920,FLARE_20260920_0130_M7.0,1,2,Channel_2,False,97,12.5403,29.7621,False,False
960,20260920,FLARE_20260920_0130_M7.0,1,3,Channel_3,False,12,2.8097,1.6669,False,False
961,20260920,QUIET_20260920_1,0,0,Channel_0,False,4,0.0314,0.2051,False,False
961,20260920,QUIET_20260920_1,0,1,Channel_1,False,6,0.1172,0.4584,False,False
961,20260920,QUIET_20260920_1,0,2,Channel_2,False,100,12.4469,29.8154,False,False
961,20260920,QUIET_20260920_1,0,3,Channel_3,False,10,2.2628,1.5009,False,False
962,20260920,QUIET_20260920_2,0,0,Channel_0,False,3,0.0356,0.2051,False,False
962,20260920,QUIET_20260920_2,0,1,Channel_1,False,5,0.1167,0.4419,False,False
962,20260920,QUIET_20260920_2,0,2,Channel_2,False,99,12.0731,29.1776,False,False
962,20260920,QUIET_20260920_2,0,3,Channel_3,False,11,2.2828,1.5732,False,False
963,20260920,QUIET_20260920_3,0,0,Channel_0,False,4,0.0306,0.1905,False,False
963,20260920,QUIET_20260920_3,0,1,Channel_1,False,5,0.1147,0.4268,False,False
963,20260920,QUIET_20260920_3,0,2,Channel_2,False,99,11.9206,28.4141,False,False
963,20260920,QUIET_20260920_3,0,3,Channel_3,False,17,5.3453,2.7127,False,False
964,20260920,FLARE_20260920_0958_M2.2,1,0,Channel_0,False,3,0.0303,0.1793,False,False
964,20260920,FLARE_20260920_0958_M2.2,1,1,Channel_1,False,5,0.1175,0.4337,False,False
964,20260920,FLARE_20260920_0958_M2.2,1,2,Channel_2,False,99,12.3431,29.4402,False,False
964,20260920,FLARE_20260920_0958_M2.2,1,3,Channel_3,False,36,4.8053,5.6523,False,False
965,20260920,QUIET_20260920_5,0,0,Channel_0,False,5,0.0419,0.2453,False,False
965,20260920,QUIET_20260920_5,0,1,Channel_1,False,7,0.1278,0.4914,False,False
965,20260920,QUIET_20260920_5,0,2,Channel_2,False,100,12.2547,29.3265,False,False
965,20260920,QUIET_20260920_5,0,3,Channel_3,False,45,16.4781,8.3415,False,False
966,20260920,QUIET_20260920_6,0,0,Channel_0,False,9,0.0858,0.4996,False,False
966,20260920,QUIET_20260920_6,0,1,Channel_1,False,11,0.1972,0.7728,False,False
966,20260920,QUIET_20260920_6,0,2,Channel_2,False,101,12.3222,29.466,False,False
966,20260920,QUIET_20260920_6,0,3,Channel_3,False,16,3.0158,1.9803,False,False
967,20260920,QUIET_20260920_7,0,0,Channel_0,False,4,0.0286,0.1871,False,False
967,20260920,QUIET_20260920_7,0,1,Channel_1,False,6,0.1128,0.4334,False,False
967,20260920,QUIET_20260920_7,0,2,Channel_2,False,101,12.2911,29.5458,False,False
967,20260920,QUIET_20260920_7,0,3,Channel_3,False,14,3.5347,2.1196,False,False
968,20260920,FLARE_20260920_1741_M6.4,1,0,Channel_0,False,4,0.0308,0.1897,False,False
968,20260920,FLARE_20260920_1741_M6.4,1,1,Channel_1,False,6,0.1147,0.4396,False,False
968,20260920,FLARE_20260920_1741_M6.4,1,2,Channel_2,False,100,12.4861,29.7339,False,False
968,20260920,FLARE_20260920_1741_M6.4,1,3,Channel_3,False,14,2.8531,1.838,False,False
969,20260920,QUIET_20260920_9,0,0,Channel_0,False,4,0.0461,0.2507,False,False
969,20260920,QUIET_20260920_9,0,1,Channel_1,False,6,0.1308,0.4897,False,False
969,20260920,QUIET_20260920_9,0,2,Channel_2,False,97,12.5197,29.7209,False,False
969,20260920,QUIET_20260920_9,0,3,Channel_3,False,10,2.1642,1.4994,False,False
970,20260920,QUIET_20260920_10,0,0,Channel_0,False,69,2.3189,12.1914,False,False
970,20260920,QUIET_20260920_10,0,1,Channel_1,False,74,2.695,13.2721,False,False
970,20260920,QUIET_20260920_10,0,2,Channel_2,False,99,12.5797,29.4118,False,False
970,20260920,QUIET_20260920_10,0,3,Channel_3,False,10,2.08,1.4383,False,False
971,20260920,QUIET_20260920_11,0,0,Channel_0,True,1,0.37,0.0,False,False
971,20260920,QUIET_20260920_11,0,1,Channel_1,True,1,0.39,0.0,False,False
971,20260920,QUIET_20260920_11,0,2,Channel_2,True,1,0.41,0.0,False,False
971,20260920,QUIET_20260920_11,0,3,Channel_3,False,12,2.7208,1.7036,False,False
972,20260921,FLARE_20260921_0124_M1.6,1,0,Channel_0,False,3,0.0347,0.1948,False,False
972,20260921,FLARE_20260921_0124_M1.6,1,1,Channel_1,False,6,0.1242,0.4635,False,False
972,20260921,FLARE_20260921_0124_M1.6,1,2,Channel_2,False,101,14.0278,31.3616,False,False
972,20260921,FLARE_20260921_0124_M1.6,1,3,Channel_3,False,15,3.0481,1.9398,False,False
973,20260921,QUIET_20260921_1,0,0,Channel_0,False,4,0.0303,0.1898,False,False
973,20260921,QUIET_20260921_1,0,1,Channel_1,False,6,0.1108,0.4199,False,False
973,20260921,QUIET_20260921_1,0,2,Channel_2,False,100,12.8792,29.9572,False,False
973,20260921,QUIET_20260921_1,0,3,Channel_3,False,44,10.8203,8.2608,False,False
974,20260921,QUIET_20260921_2,0,0,Channel_0,False,3,0.0294,0.1755,False,False
974,20260921,QUIET_20260921_2,0,1,Channel_1,False,6,0.1064,0.4217,False,False
974,20260921,QUIET_20260921_2,0,2,Channel_2,False,99,12.4422,29.7261,False,False
974,20260921,QUIET_20260921_2,0,3,Channel_3,False,14,3.0808,1.921,False,False
975,20260921,QUIET_20260921_3,0,0,Channel_0,False,4,0.0231,0.1608,False,False
975,20260921,QUIET_20260921_3,0,1,Channel_1,False,6,0.1175,0.4395,False,False
975,20260921,QUIET_20260921_3,0,2,Channel_2,False,100,12.4864,29.6306,False,False
975,20260921,QUIET_20260921_3,0,3,Channel_3,False,17,4.3303,2.6518,False,False
976,20260921,FLARE_20260921_0952_M5.8,1,0,Channel_0,False,3,0.0219,0.1539,False,False
976,20260921,FLARE_20260921_0952_M5.8,1,1,Channel_1,False,5,0.115,0.4244,False,False
976,20260921,FLARE_20260921_0952_M5.8,1,2,Channel_2,False,101,12.6447,29.7687,False,False
976,20260921,FLARE_20260921_0952_M5.8,1,3,Channel_3,False,11,2.2928,1.5326,False,False
977,20260921,QUIET_20260921_5,0,0,Channel_0,False,4,0.0278,0.1835,False,False
977,20260921,QUIET_20260921_5,0,1,Channel_1,False,5,0.1072,0.4098,False,False
977,20260921,QUIET_20260921_5,0,2,Channel_2,False,101,12.8214,29.8594,False,False
977,20260921,QUIET_20260921_5,0,3,Channel_3,False,11,2.3656,1.6112,False,False
978,20260921,QUIET_20260921_6,0,0,Channel_0,False,4,0.0333,0.2,False,False
978,20260921,QUIET_20260921_6,0,1,Channel_1,False,6,0.1175,0.4507,False,False
978,20260921,QUIET_20260921_6,0,2,Channel_2,False,100,12.6836,30.089,False,False
978,20260921,QUIET_20260921_6,0,3,Channel_3,False,47,7.2519,8.0523,False,False
979,20260921,QUIET_20260921_7,0,0,Channel_0,False,3,0.0231,0.1625,False,False
979,20260921,QUIET_20260921_7,0,1,Channel_1,False,6,0.1217,0.4505,False,False
979,20260921,QUIET_20260921_7,0,2,Channel_2,False,100,12.7586,30.1724,False,False
979,20260921,QUIET_20260921_7,0,3,Channel_3,False,12,2.3803,1.6073,False,False
980,20260921,FLARE_20260921_1735_M9.0,1,0,Channel_0,False,3,0.0306,0.189,False,False
980,20260921,FLARE_20260921_1735_M9.0,1,1,Channel_1,False,6,0.1053,0.4127,False,False
980,20260921,FLARE_20260921_1735_M9.0,1,2,Channel_2,False,99,12.9267,30.0262,False,False
980,20260921,FLARE_20260921_1735_M9.0,1,3,Channel_3,False,10,1.8517,1.3665,False,False
981,20260921,QUIET_20260921_9,0,0,Channel_0,False,4,0.0314,0.1982,False,False
981,20260921,QUIET_20260921_9,0,1,Channel_1,False,5,0.1206,0.4533,False,False
981,20260921,QUIET_20260921_9,0,2,Channel_2,False,100,12.8056,30.0138,False,False
981,20260921,QUIET_20260921_9,0,3,Channel_3,False,13,2.9347,1.9471,False,False
982,20260921,QUIET_20260921_10,0,0,Channel_0,False,3,0.0272,0.1759,False,False
982,20260921,QUIET_20260921_10,0,1,Channel_1,False,6,0.1197,0.4483,False,False
982,20260921,QUIET_20260921_10,0,2,Channel_2,False,100,12.3056,29.4487,False,False
982,20260921,QUIET_20260921_10,0,3,Channel_3,False,11,2.8236,1.7226,False,False
983,20260921,QUIET_20260921_11,0,0,Channel_0,True,1,0.41,0.0,False,False
983,20260921,QUIET_20260921_11,0,1,Channel_1,True,1,0.43,0.0,False,False
983,20260921,QUIET_20260921_11,0,2,Channel_2,True,1,0.35,0.0,False,False
983,20260921,QUIET_20260921_11,0,3,Channel_3,False,24,5.2017,3.5419,False,False
984,20260922,FLARE_20260922_0118_M4.2,1,0,Channel_0,False,8,0.0611,0.3744,False,False
984,20260922,FLARE_20260922_0118_M4.2,1,1,Channel_1,False,9,0.1447,0.5906,False,False
984,20260922,FLARE_20260922_0118_M4.2,1,2,Channel_2,False,101,12.5053,29.5973,False,False
984,20260922,FLARE_20260922_0118_M4.2,1,3,Channel_3,True,1,0.39,0.0,False,False
985,20260922,QUIET_20260922_1,0,0,Channel_0,False,3,0.03,0.192,False,False
985,20260922,QUIET_20260922_1,0,1,Channel_1,False,6,0.1106,0.4183,False,False
985,20260922,QUIET_20260922_1,0,2,Channel_2,False,101,12.79,30.0281,False,False
985,20260922,QUIET_20260922_1,0,3,Channel_3,True,1,0.41,0.0,False,False
986,20260922,QUIET_20260922_2,0,0,Channel_0,False,5,0.0508,0.2757,False,False
986,20260922,QUIET_20260922_2,0,1,Channel_1,False,7,0.1456,0.5405,False,False
986,20260922,QUIET_20260922_2,0,2,Channel_2,False,100,12.8544,29.7921,False,False
986,20260922,QUIET_20260922_2,0,3,Channel_3,True,1,0.43,0.0,False,False
987,20260922,QUIET_20260922_3,0,0,Channel_0,False,4,0.0306,0.1934,False,False
987,20260922,QUIET_20260922_3,0,1,Channel_1,False,6,0.1192,0.4509,False,False
987,20260922,QUIET_20260922_3,0,2,Channel_2,False,99,12.5672,29.7579,False,False
987,20260922,QUIET_20260922_3,0,3,Channel_3,True,1,0.35,0.0,False,False
988,20260922,FLARE_20260922_0946_M8.4,1,0,Channel_0,False,13,0.0806,0.6465,False,False
988,20260922,FLARE_20260922_0946_M8.4,1,1,Channel_1,False,13,0.1772,0.8817,False,False
988,20260922,FLARE_20260922_0946_M8.4,1,2,Channel_2,False,99,12.4706,29.6478,False,False
988,20260922,FLARE_20260922_0946_M8.4,1,3,Channel_3,True,1,0.37,0.0,False,False
989,20260922,QUIET_20260922_5,0,0,Channel_0,False,55,1.0431,7.5079,False,False
989,20260922,QUIET_20260922_5,0,1,Channel_1,False,53,1.2753,8.144,False,False
989,20260922,QUIET_20260922_5,0,2,Channel_2,False,100,12.9033,29.9233,False,False
989,20260922,QUIET_20260922_5,0,3,Channel_3,True,1,0.39,0.0,False,False
990,20260922,QUIET_20260922_6,0,0,Channel_0,False,5,0.0583,0.2895,False,False
990,20260922,QUIET_20260922_6,0,1,Channel_1,False,7,0.1797,0.6242,False,False
990,20260922,QUIET_20260922_6,0,2,Channel_2,False,101,13.03,30.0246,False,False
990,20260922,QUIET_20260922_6,0,3,Channel_3,True,1,0.41,0.0,False,False
991,20260922,QUIET_20260922_7,0,0,Channel_0,False,4,0.0319,0.1953,False,False
991,20260922,QUIET_20260922_7,0,1,Channel_1,False,5,0.1222,0.4565,False,False
991,20260922,QUIET_20260922_7,0,2,Channel_2,False,101,12.8078,29.7924,False,False
991,20260922,QUIET_20260922_7,0,3,Channel_3,True,1,0.43,0.0,False,False
992,20260922,FLARE_20260922_1729_M3.6,1,0,Channel_0,False,3,0.0306,0.189,False,False
992,20260922,FLARE_20260922_1729_M3.6,1,1,Channel_1,False,5,0.1178,0.4503,False,False
992,20260922,FLARE_20260922_1729_M3.6,1,2,Channel_2,False,100,12.9661,30.4294,False,False
992,20260922,FLARE_20260922_1729_M3.6,1,3,Channel_3,True,1,0.35,0.0,False,False
993,20260922,QUIET_20260922_9,0,0,Channel_0,False,4,0.0389,0.2215,False,False
993,20260922,QUIET_20260922_9,0,1,Channel_1,False,6,0.1261,0.4651,False,False
993,20260922,QUIET_20260922_9,0,2,Channel_2,False,100,13.1667,30.364,False,False
993,20260922,QUIET_20260922_9,0,3,Channel_3,True,1,0.37,0.0,False,False
994,20260922,QUIET_20260922_10,0,0,Channel_0,False,4,0.0333,0.2121,False,False
994,20260922,QUIET_20260922_10,0,1,Channel_1,False,5,0.115,0.4283,False,False
994,20260922,QUIET_20260922_10,0,2,Channel_2,False,101,12.7306,29.6812,False,False
994,20260922,QUIET_20260922_10,0,3,Channel_3,True,1,0.39,0.0,False,False
995,20260922,QUIET_20260922_11,0,0,Channel_0,True,1,0.35,0.0,False,False
995,20260922,QUIET_20260922_11,0,1,Channel_1,True,1,0.37,0.0,False,False
995,20260922,QUIET_20260922_11,0,2,Channel_2,True,1,0.39,0.0,False,False
995,20260922,QUIET_20260922_11,0,3,Channel_3,True,1,0.41,0.0,False,False
996,20260923,FLARE_20260923_0157_M7.8,1,0,Channel_0,False,4,0.0389,0.2215,False,False
996,20260923,FLARE_20260923_0157_M7.8,1,1,Channel_1,False,6,0.1192,0.4576,False,False
996,20260923,FLARE_20260923_0157_M7.8,1,2,Channel_2,False,100,12.7114,29.7454,False,False
996,20260923,FLARE_20260923_0157_M7.8,1,3,Channel_3,True,1,0.43,0.0,False,False
997,20260923,QUIET_20260923_1,0,0,Channel_0,False,4,0.0269,0.1813,False,False
997,20260923,QUIET_20260923_1,0,1,Channel_1,False,6,0.1228,0.4624,False,False
997,20260923,QUIET_20260923_1,0,2,Channel_2,False,97,12.7567,30.1366,False,False
997,20260923,QUIET_20260923_1,0,3,Channel_3,True,1,0.35,0.0,False,False
998,20260923,QUIET_20260923_2,0,0,Channel_0,False,5,0.0514,0.2664,False,False
998,20260923,QUIET_20260923_2,0,1,Channel_1,False,6,0.1397,0.498,False,False
998,20260923,QUIET_20260923_2,0,2,Channel_2,False,100,12.8206,29.8796,False,False
998,20260923,QUIET_20260923_2,0,3,Channel_3,True,1,0.37,0.0,False,False
999,20260923,QUIET_20260923_3,0,0,Channel_0,False,14,0.1922,0.9094,False,False
999,20260923,QUIET_20260923_3,0,1,Channel_1,False,17,0.3131,1.3311,False,False
999,20260923,QUIET_20260923_3,0,2,Channel_2,False,98,12.8311,29.9278,False,False
999,20260923,QUIET_20260923_3,0,3,Channel_3,True,1,0.39,0.0,False,False
1000,20260923,FLARE_20260923_0940_M2.0,1,0,Channel_0,False,7,0.0575,0.342,False,False
1000,20260923,FLARE_20260923_0940_M2.0,1,1,Channel_1,False,10,0.1503,0.624,False,False
1000,20260923,FLARE_20260923_0940_M2.0,1,2,Channel_2,False,100,12.8769,30.1867,False,False
1000,20260923,FLARE_20260923_0940_M2.0,1,3,Channel_3,True,1,0.41,0.0,False,False
1001,20260923,QUIET_20260923_5,0,0,Channel_0,False,4,0.0372,0.2141,False,False
1001,20260923,QUIET_20260923_5,0,1,Channel_1,False,6,0.1292,0.45,False,False
1001,20260923,QUIET_20260923_5,0,2,Channel_2,False,99,12.7858,30.1359,False,False
1001,20260923,QUIET_20260923_5,0,3,Channel_3,True,1,0.43,0.0,False,False
1002,20260923,QUIET_20260923_6,0,0,Channel_0,False,4,0.0389,0.2177,False,False
1002,20260923,QUIET_20260923_6,0,1,Channel_1,False,6,0.1375,0.4924,False,False
1002,20260923,QUIET_20260923_6,0,2,Channel_2,False,100,12.9178,29.8286,False,False
1002,20260923,QUIET_20260923_6,0,3,Channel_3,True,1,0.35,0.0,False,False
1003,20260923,QUIET_20260923_7,0,0,Channel_0,False,8,0.0569,0.3556,False,False
1003,20260923,QUIET_20260923_7,0,1,Channel_1,False,9,0.1536,0.6083,False,False
1003,20260923,QUIET_20260923_7,0,2,Channel_2,False,101,12.8969,30.0737,False,False
1003,20260923,QUIET_20260923_7,0,3,Channel_3,True,1,0.37,0.0,False,False
1004,20260923,FLARE_20260923_1723_M6.2,1,0,Channel_0,False,4,0.0439,0.2398,False,False
1004,20260923,FLARE_20260923_1723_M6.2,1,1,Channel_1,False,5,0.1336,0.4952,False,False
1004,20260923,FLARE_20260923_1723_M6.2,1,2,Channel_2,False,97,13.1861,30.5118,False,False
1004,20260923,FLARE_20260923_1723_M6.2,1,3,Channel_3,True,1,0.39,0.0,False,False
1005,20260923,QUIET_20260923_9,0,0,Channel_0,False,6,0.0672,0.3179,False,False
1005,20260923,QUIET_20260923_9,0,1,Channel_1,False,8,0.1647,0.5863,False,False
1005,20260923,QUIET_20260923_9,0,2,Channel_2,False,101,13.1781,30.1111,False,False
1005,20260923,QUIET_20260923_9,0,3,Channel_3,True,1,0.41,0.0,False,False
1006,20260923,QUIET_20260923_10,0,0,Channel_0,False,5,0.0367,0.2193,False,False
1006,20260923,QUIET_20260923_10,0,1,Channel_1,False,6,0.1286,0.4736,False,False
1006,20260923,QUIET_20260923_10,0,2,Channel_2,False,95,13.0283,30.5145,False,False
1006,20260923,QUIET_20260923_10,0,3,Channel_3,True,1,0.43,0.0,False,False
1007,20260923,QUIET_20260923_11,0,0,Channel_0,True,1,0.39,0.0,False,False
1007,20260923,QUIET_20260923_11,0,1,Channel_1,True,1,0.41,0.0,False,False
1007,20260923,QUIET_20260923_11,0,2,Channel_2,True,1,0.43,0.0,False,False
1007,20260923,QUIET_20260923_11,0,3,Channel_3,True,1,0.35,0.0,False,False
1008,20260924,FLARE_20260924_0151_M1.4,1,0,Channel_0,False,5,0.0419,0.2373,False,False
1008,20260924,FLARE_20260924_0151_M1.4,1,1,Channel_1,False,7,0.1436,0.5096,False,False
1008,20260924,FLARE_20260924_0151_M1.4,1,2,Channel_2,False,101,14.8053,32.1717,False,False
1008,20260924,FLARE_20260924_0151_M1.4,1,3,Channel_3,False,23,5.9392,3.3421,False,False
1009,20260924,QUIET_20260924_1,0,0,Channel_0,False,4,0.035,0.217,False,False
1009,20260924,QUIET_20260924_1,0,1,Channel_1,False,7,0.115,0.4455,False,False
1009,20260924,QUIET_20260924_1,0,2,Channel_2,False,100,12.9464,30.2013,False,False
1009,20260924,QUIET_20260924_1,0,3,Channel_3,False,21,6.5508,3.049,False,False
1010,20260924,QUIET_20260924_2,0,0,Channel_0,False,3,0.0303,0.1869,False,False
1010,20260924,QUIET_20260924_2,0,1,Channel_1,False,6,0.1133,0.4156,False,False
1010,20260924,QUIET_20260924_2,0,2,Channel_2,False,101,13.0697,29.9755,False,False
1010,20260924,QUIET_20260924_2,0,3,Channel_3,False,17,4.8867,2.2191,False,False
1011,20260924,QUIET_20260924_3,0,0,Channel_0,False,4,0.0317,0.2017,False,False
1011,20260924,QUIET_20260924_3,0,1,Channel_1,False,6,0.1211,0.4457,False,False
1011,20260924,QUIET_20260924_3,0,2,Channel_2,False,101,12.8122,29.8205,False,False
1011,20260924,QUIET_20260924_3,0,3,Channel_3,False,15,4.52,2.2038,False,False
1012,20260924,FLARE_20260924_0934_M5.6,1,0,Channel_0,False,4,0.0283,0.1804,False,False
1012,20260924,FLARE_20260924_0934_M5.6,1,1,Channel_1,False,6,0.1108,0.4317,False,False
1012,20260924,FLARE_20260924_0934_M5.6,1,2,Channel_2,False,100,12.8947,29.8077,False,False
1012,20260924,FLARE_20260924_0934_M5.6,1,3,Channel_3,False,16,4.8797,2.2641,False,False
1013,20260924,QUIET_20260924_5,0,0,Channel_0,False,3,0.0292,0.1855,False,False
1013,20260924,QUIET_20260924_5,0,1,Channel_1,False,6,0.1167,0.4343,False,False
1013,20260924,QUIET_20260924_5,0,2,Channel_2,False,101,13.0875,30.3536,False,False
1013,20260924,QUIET_20260924_5,0,3,Channel_3,False,17,6.0672,2.5411,False,False
1014,20260924,QUIET_20260924_6,0,0,Channel_0,False,3,0.0233,0.1616,False,False
1014,20260924,QUIET_20260924_6,0,1,Channel_1,False,5,0.12,0.4423,False,False
1014,20260924,QUIET_20260924_6,0,2,Channel_2,False,100,13.0211,29.9645,False,False
1014,20260924,QUIET_20260924_6,0,3,Channel_3,False,19,5.6658,2.5129,False,False
1015,20260924,QUIET_20260924_7,0,0,Channel_0,False,4,0.0294,0.195,False,False
1015,20260924,QUIET_20260924_7,0,1,Channel_1,False,6,0.1106,0.434,False,False
1015,20260924,QUIET_20260924_7,0,2,Channel_2,False,100,12.9842,29.7433,False,False
1015,20260924,QUIET_20260924_7,0,3,Channel_3,False,19,5.7456,2.7662,False,False
1016,20260924,FLARE_20260924_1717_M9.8,1,0,Channel_0,False,4,0.0339,0.204,False,False
1016,20260924,FLARE_20260924_1717_M9.8,1,1,Channel_1,False,4,0.1058,0.3974,False,False
1016,20260924,FLARE_20260924_1717_M9.8,1,2,Channel_2,False,100,13.0175,29.969,False,False
1016,20260924,FLARE_20260924_1717_M9.8,1,3,Channel_3,False,26,8.2503,4.3358,False,False
1017,20260924,QUIET_20260924_9,0,0,Channel_0,False,3,0.0239,0.1666,False,False
1017,20260924,QUIET_20260924_9,0,1,Channel_1,False,5,0.115,0.4448,False,False
1017,20260924,QUIET_20260924_9,0,2,Channel_2,False,101,12.9269,29.7366,False,False
1017,20260924,QUIET_20260924_9,0,3,Channel_3,False,54,10.425,11.0065,False,False
1018,20260924,QUIET_20260924_10,0,0,Channel_0,False,4,0.0294,0.1978,False,False
1018,20260924,QUIET_20260924_10,0,1,Channel_1,False,7,0.125,0.4624,False,False
1018,20260924,QUIET_20260924_10,0,2,Channel_2,False,99,13.0442,30.5515,False,False
1018,20260924,QUIET_20260924_10,0,3,Channel_3,False,12,3.4844,1.8882,False,False
1019,20260924,QUIET_20260924_11,0,0,Channel_0,True,1,0.43,0.0,False,False
1019,20260924,QUIET_20260924_11,0,1,Channel_1,True,1,0.35,0.0,False,False
1019,20260924,QUIET_20260924_11,0,2,Channel_2,True,1,0.37,0.0,False,False
1019,20260924,QUIET_20260924_11,0,3,Channel_3,False,11,3.2483,1.7944,False,False
1020,20260925,FLARE_20260925_0145_M4.0,1,0,Channel_0,False,3,0.0275,0.1782,False,False
1020,20260925,FLARE_20260925_0145_M4.0,1,1,Channel_1,False,6,0.115,0.4322,False,False
1020,20260925,FLARE_20260925_0145_M4.0,1,2,Channel_2,False,101,13.0808,29.9958,False,False
1020,20260925,FLARE_20260925_0145_M4.0,1,3,Channel_3,False,13,3.3319,1.8937,False,False
1021,20260925,QUIET_20260925_1,0,0,Channel_0,False,4,0.035,0.2066,False,False
1021,20260925,QUIET_20260925_1,0,1,Channel_1,False,6,0.1256,0.4647,False,False
1021,20260925,QUIET_20260925_1,0,2,Channel_2,False,101,13.0464,30.242,False,False
1021,20260925,QUIET_20260925_1,0,3,Channel_3,False,15,4.3981,2.2662,False,False
1022,20260925,QUIET_20260925_2,0,0,Channel_0,False,16,0.1572,0.8964,False,False
1022,20260925,QUIET_20260925_2,0,1,Channel_1,False,18,0.3144,1.3077,False,False
1022,20260925,QUIET_20260925_2,0,2,Channel_2,False,100,12.9719,29.8917,False,False
1022,20260925,QUIET_20260925_2,0,3,Channel_3,False,38,8.4878,7.3904,False,False
1023,20260925,QUIET_20260925_3,0,0,Channel_0,False,3,0.0275,0.1718,False,False
1023,20260925,QUIET_20260925_3,0,1,Channel_1,False,5,0.1125,0.4228,False,False
1023,20260925,QUIET_20260925_3,0,2,Channel_2,False,101,12.7508,29.8925,False,False
1023,20260925,QUIET_20260925_3,0,3,Channel_3,False,17,4.36,2.258,False,False
1024,20260925,FLARE_20260925_0928_M8.2,1,0,Channel_0,False,4,0.0339,0.1999,False,False
1024,20260925,FLARE_20260925_0928_M8.2,1,1,Channel_1,False,6,0.1289,0.4785,False,False
1024,20260925,FLARE_20260925_0928_M8.2,1,2,Channel_2,False,100,12.6611,29.5604,False,False
1024,20260925,FLARE_20260925_0928_M8.2,1,3,Channel_3,False,15,4.1306,2.1131,False,False
1025,20260925,QUIET_20260925_5,0,0,Channel_0,False,4,0.0308,0.1883,False,False
1025,20260925,QUIET_20260925_5,0,1,Channel_1,False,5,0.1108,0.4146,False,False
1025,20260925,QUIET_20260925_5,0,2,Channel_2,False,99,12.72,29.7543,False,False
1025,20260925,QUIET_20260925_5,0,3,Channel_3,False,12,3.5775,1.9144,False,False
1026,20260925,QUIET_20260925_6,0,0,Channel_0,False,4,0.0261,0.1744,False,False
1026,20260925,QUIET_20260925_6,0,1,Channel_1,False,5,0.1092,0.4203,False,False
1026,20260925,QUIET_20260925_6,0,2,Channel_2,False,101,13.2064,30.4674,False,False
1026,20260925,QUIET_20260925_6,0,3,Channel_3,False,13,3.4547,1.859,False,False
1027,20260925,QUIET_20260925_7,0,0,Channel_0,False,4,0.0272,0.179,False,False
1027,20260925,QUIET_20260925_7,0,1,Channel_1,False,6,0.1175,0.4414,False,False
1027,20260925,QUIET_20260925_7,0,2,Channel_2,False,99,13.2911,30.3951,False,False
1027,20260925,QUIET_20260925_7,0,3,Channel_3,False,14,3.5483,1.8906,False,False
1028,20260925,FLARE_20260925_1756_M3.4,1,0,Channel_0,False,12,0.1106,0.7028,False,False
1028,20260925,FLARE_20260925_1756_M3.4,1,1,Channel_1,False,12,0.2236,0.9026,False,False
1028,20260925,FLARE_20260925_1756_M3.4,1,2,Channel_2,False,98,12.9789,30.3755,False,False
1028,20260925,FLARE_20260925_1756_M3.4,1,3,Channel_3,False,48,10.3433,8.7662,False,False
1029,20260925,QUIET_20260925_9,0,0,Channel_0,False,4,0.0317,0.1903,False,False
1029,20260925,QUIET_20260925_9,0,1,Channel_1,False,6,0.11,0.4145,False,False
1029,20260925,QUIET_20260925_9,0,2,Channel_2,False,100,13.0228,30.127,False,False
1029,20260925,QUIET_20260925_9,0,3,Channel_3,False,13,3.3381,1.9099,False,False
1030,20260925,QUIET_20260925_10,0,0,Channel_0,False,3,0.0331,0.1879,False,False
1030,20260925,QUIET_20260925_10,0,1,Channel_1,False,6,0.1106,0.4216,False,False
1030,20260925,QUIET_20260925_10,0,2,Channel_2,False,99,13.1914,30.4287,False,False
1030,20260925,QUIET_20260925_10,0,3,Channel_3,False,14,3.2103,1.8495,False,False
1031,20260925,QUIET_20260925_11,0,0,Channel_0,True,1,0.37,0.0,False,False
1031,20260925,QUIET_20260925_11,0,1,Channel_1,True,1,0.39,0.0,False,False
1031,20260925,QUIET_20260925_11,0,2,Channel_2,True,1,0.41,0.0,False,False
1031,20260925,QUIET_20260925_11,0,3,Channel_3,False,24,5.7172,3.774,False,False
1032,20260926,FLARE_20260926_0139_M7.6,1,0,Channel_0,False,4,0.0336,0.2006,False,False
1032,20260926,FLARE_20260926_0139_M7.6,1,1,Channel_1,False,6,0.1336,0.481,False,False
1032,20260926,FLARE_20260926_0139_M7.6,1,2,Channel_2,False,99,12.7758,29.604,False,False
1032,20260926,FLARE_20260926_0139_M7.6,1,3,Channel_3,False,12,3.2775,1.8781,False,False
1033,20260926,QUIET_20260926_1,0,0,Channel_0,False,3,0.0228,0.1617,False,False
1033,20260926,QUIET_20260926_1,0,1,Channel_1,False,6,0.1256,0.4641,False,False
1033,20260926,QUIET_20260926_1,0,2,Channel_2,False,100,12.7919,29.5539,False,False
1033,20260926,QUIET_20260926_1,0,3,Channel_3,False,25,4.2233,3.2615,False,False
1034,20260926,QUIET_20260926_2,0,0,Channel_0,False,22,0.2158,1.4495,False,False
1034,20260926,QUIET_20260926_2,0,1,Channel_1,False,28,0.3925,2.0245,False,False
1034,20260926,QUIET_20260926_2,0,2,Channel_2,False,99,12.9914,30.1666,False,False
1034,20260926,QUIET_20260926_2,0,3,Channel_3,False,13,3.1225,1.8765,False,False
1035,20260926,QUIET_20260926_3,0,0,Channel_0,False,4,0.0342,0.2074,False,False
1035,20260926,QUIET_20260926_3,0,1,Channel_1,False,5,0.1178,0.4269,False,False
1035,20260926,QUIET_20260926_3,0,2,Channel_2,False,99,12.9047,29.8754,False,False
1035,20260926,QUIET_20260926_3,0,3,Channel_3,False,12,2.9511,1.7614,False,False
1036,20260926,FLARE_20260926_0922_M2.8,1,0,Channel_0,False,39,0.4739,3.5203,False,False
1036,20260926,FLARE_20260926_0922_M2.8,1,1,Channel_1,False,45,0.6664,4.1086,False,False
1036,20260926,FLARE_20260926_0922_M2.8,1,2,Channel_2,False,101,13.3331,30.5542,False,False
1036,20260926,FLARE_20260926_0922_M2.8,1,3,Channel_3,False,21,4.4689,3.0944,False,False
1037,20260926,QUIET_20260926_5,0,0,Channel_0,False,17,0.1167,0.8893,False,False
1037,20260926,QUIET_20260926_5,0,1,Channel_1,False,18,0.2283,1.1588,False,False
1037,20260926,QUIET_20260926_5,0,2,Channel_2,False,101,12.9131,30.0618,False,False
1037,20260926,QUIET_20260926_5,0,3,Channel_3,False,13,3.4231,1.9508,False,False
1038,20260926,QUIET_20260926_6,0,0,Channel_0,False,3,0.0278,0.1726,False,False
1038,20260926,QUIET_20260926_6,0,1,Channel_1,False,6,0.1183,0.452,False,False
1038,20260926,QUIET_20260926_6,0,2,Channel_2,False,101,12.6631,29.5039,False,False
1038,20260926,QUIET_20260926_6,0,3,Channel_3,False,16,4.0428,2.2162,False,False
1039,20260926,QUIET_20260926_7,0,0,Channel_0,False,4,0.0383,0.2253,False,False
1039,20260926,QUIET_20260926_7,0,1,Channel_1,False,6,0.1306,0.5007,False,False
1039,20260926,QUIET_20260926_7,0,2,Channel_2,False,101,12.5969,29.2753,False,False
1039,20260926,QUIET_20260926_7,0,3,Channel_3,False,15,4.1567,2.1765,False,False
1040,20260926,FLARE_20260926_1750_M6.0,1,0,Channel_0,False,4,0.0436,0.2405,False,False
1040,20260926,FLARE_20260926_1750_M6.0,1,1,Channel_1,False,6,0.1261,0.4693,False,False
1040,20260926,FLARE_20260926_1750_M6.0,1,2,Channel_2,False,101,12.8719,29.8611,False,False
1040,20260926,FLARE_20260926_1750_M6.0,1,3,Channel_3,False,15,4.2525,2.206,False,False
1041,20260926,QUIET_20260926_9,0,0,Channel_0,False,4,0.0339,0.2094,False,False
1041,20260926,QUIET_20260926_9,0,1,Channel_1,False,6,0.1169,0.4428,False,False
1041,20260926,QUIET_20260926_9,0,2,Channel_2,False,100,12.8419,29.8136,False,False
1041,20260926,QUIET_20260926_9,0,3,Channel_3,False,38,6.4828,5.8683,False,False
1042,20260926,QUIET_20260926_10,0,0,Channel_0,False,4,0.0494,0.2523,False,False
1042,20260926,QUIET_20260926_10,0,1,Channel_1,False,6,0.1414,0.5025,False,False
1042,20260926,QUIET_20260926_10,0,2,Channel_2,False,99,12.9736,29.9708,False,False
1042,20260926,QUIET_20260926_10,0,3,Channel_3,False,15,4.2319,2.2199,False,False
1043,20260926,QUIET_20260926_11,0,0,Channel_0,True,1,0.41,0.0,False,False
1043,20260926,QUIET_20260926_11,0,1,Channel_1,True,1,0.43,0.0,False,False
1043,20260926,QUIET_20260926_11,0,2,Channel_2,True,1,0.35,0.0,False,False
1043,20260926,QUIET_20260926_11,0,3,Channel_3,False,16,4.0136,2.2245,False,False
1044,20260927,FLARE_20260927_0133_M1.2,1,0,Channel_0,False,3,0.0275,0.1797,False,False
1044,20260927,FLARE_20260927_0133_M1.2,1,1,Channel_1,False,6,0.1142,0.4447,False,False
1044,20260927,FLARE_20260927_0133_M1.2,1,2,Channel_2,False,101,12.9481,29.6366,False,False
1044,20260927,FLARE_20260927_0133_M1.2,1,3,Channel_3,False,18,4.4761,2.5729,False,False
1045,20260927,QUIET_20260927_1,0,0,Channel_0,False,13,0.0761,0.6012,False,False
1045,20260927,QUIET_20260927_1,0,1,Channel_1,False,14,0.1661,0.7606,False,False
1045,20260927,QUIET_20260927_1,0,2,Channel_2,False,100,12.925,29.9648,False,False
1045,20260927,QUIET_20260927_1,0,3,Channel_3,False,12,3.4128,1.8619,False,False
1046,20260927,QUIET_20260927_2,0,0,Channel_0,False,3,0.0258,0.1721,False,False
1046,20260927,QUIET_20260927_2,0,1,Channel_1,False,5,0.1106,0.4256,False,False
1046,20260927,QUIET_20260927_2,0,2,Channel_2,False,101,13.015,30.0342,False,False
1046,20260927,QUIET_20260927_2,0,3,Channel_3,False,37,7.7169,6.4882,False,False
1047,20260927,QUIET_20260927_3,0,0,Channel_0,False,26,0.2256,1.7454,False,False
1047,20260927,QUIET_20260927_3,0,1,Channel_1,False,28,0.3336,2.1802,False,False
1047,20260927,QUIET_20260927_3,0,2,Channel_2,False,100,13.0933,30.1612,False,False
1047,20260927,QUIET_20260927_3,0,3,Channel_3,False,13,3.6386,1.9766,False,False
1048,20260927,FLARE_20260927_0916_M5.4,1,0,Channel_0,False,18,0.13,1.1786,False,False
1048,20260927,FLARE_20260927_0916_M5.4,1,1,Channel_1,False,24,0.2617,1.598,False,False
1048,20260927,FLARE_20260927_0916_M5.4,1,2,Channel_2,False,101,13.0444,29.9216,False,False
1048,20260927,FLARE_20260927_0916_M5.4,1,3,Channel_3,False,79,12.9378,14.5454,False,False
1049,20260927,QUIET_20260927_5,0,0,Channel_0,False,4,0.025,0.1809,False,False
1049,20260927,QUIET_20260927_5,0,1,Channel_1,False,6,0.115,0.4461,False,False
1049,20260927,QUIET_20260927_5,0,2,Channel_2,False,101,12.7508,29.5426,False,False
1049,20260927,QUIET_20260927_5,0,3,Channel_3,False,30,5.4081,4.8365,False,False
1050,20260927,QUIET_20260927_6,0,0,Channel_0,False,4,0.0325,0.2076,False,False
1050,20260927,QUIET_20260927_6,0,1,Channel_1,False,7,0.1292,0.4885,False,False
1050,20260927,QUIET_20260927_6,0,2,Channel_2,False,99,13.0028,30.2269,False,False
1050,20260927,QUIET_20260927_6,0,3,Channel_3,False,14,3.3639,1.8697,False,False
1051,20260927,QUIET_20260927_7,0,0,Channel_0,False,24,0.1917,1.6342,False,False
1051,20260927,QUIET_20260927_7,0,1,Channel_1,False,28,0.3094,2.2017,False,False
1051,20260927,QUIET_20260927_7,0,2,Channel_2,False,100,13.3692,30.3046,False,False
1051,20260927,QUIET_20260927_7,0,3,Channel_3,False,18,4.2342,2.4508,False,False
1052,20260927,FLARE_20260927_1744_M9.6,1,0,Channel_0,False,3,0.0283,0.1741,False,False
1052,20260927,FLARE_20260927_1744_M9.6,1,1,Channel_1,False,6,0.1086,0.4111,False,False
1052,20260927,FLARE_20260927_1744_M9.6,1,2,Channel_2,False,101,12.9139,29.9052,False,False
1052,20260927,FLARE_20260927_1744_M9.6,1,3,Channel_3,False,17,4.1356,2.3311,False,False
1053,20260927,QUIET_20260927_9,0,0,Channel_0,False,4,0.0283,0.1894,False,False
1053,20260927,QUIET_20260927_9,0,1,Channel_1,False,6,0.1383,0.5102,False,False
1053,20260927,QUIET_20260927_9,0,2,Channel_2,False,97,12.9128,30.3261,False,False
1053,20260927,QUIET_20260927_9,0,3,Channel_3,False,13,3.8642,2.0501,False,False
1054,20260927,QUIET_20260927_10,0,0,Channel_0,False,3,0.0197,0.143,False,False
1054,20260927,QUIET_20260927_10,0,1,Channel_1,False,5,0.1103,0.4004,False,False
1054,20260927,QUIET_20260927_10,0,2,Channel_2,False,100,13.2686,30.4144,False,False
1054,20260927,QUIET_20260927_10,0,3,Channel_3,False,22,7.0008,3.6282,False,False
1055,20260927,QUIET_20260927_11,0,0,Channel_0,True,1,0.35,0.0,False,False
1055,20260927,QUIET_20260927_11,0,1,Channel_1,True,1,0.37,0.0,False,False
1055,20260927,QUIET_20260927_11,0,2,Channel_2,True,1,0.39,0.0,False,False
1055,20260927,QUIET_20260927_11,0,3,Channel_3,False,19,6.1931,2.7419,False,False
1056,20260928,FLARE_20260928_0127_M4.8,1,0,Channel_0,False,4,0.0283,0.1849,False,False
1056,20260928,FLARE_20260928_0127_M4.8,1,1,Channel_1,False,5,0.1081,0.4045,False,False
1056,20260928,FLARE_20260928_0127_M4.8,1,2,Channel_2,False,101,12.9439,30.2546,False,False
1056,20260928,FLARE_20260928_0127_M4.8,1,3,Channel_3,True,1,0.43,0.0,False,False
1057,20260928,QUIET_20260928_1,0,0,Channel_0,False,3,0.0303,0.1869,False,False
1057,20260928,QUIET_20260928_1,0,1,Channel_1,False,5,0.1114,0.4131,False,False
1057,20260928,QUIET_20260928_1,0,2,Channel_2,False,100,12.8039,29.9489,False,False
1057,20260928,QUIET_20260928_1,0,3,Channel_3,True,1,0.35,0.0,False,False
1058,20260928,QUIET_20260928_2,0,0,Channel_0,False,6,0.0408,0.2555,False,False
1058,20260928,QUIET_20260928_2,0,1,Channel_1,False,8,0.1369,0.5353,False,False
1058,20260928,QUIET_20260928_2,0,2,Channel_2,False,101,13.3053,30.4085,False,False
1058,20260928,QUIET_20260928_2,0,3,Channel_3,True,1,0.37,0.0,False,False
1059,20260928,QUIET_20260928_3,0,0,Channel_0,False,40,0.8753,4.0842,False,False
1059,20260928,QUIET_20260928_3,0,1,Channel_1,False,47,1.1269,4.9612,False,False
1059,20260928,QUIET_20260928_3,0,2,Channel_2,False,100,13.3111,30.0904,False,False
1059,20260928,QUIET_20260928_3,0,3,Channel_3,True,1,0.39,0.0,False,False
1060,20260928,FLARE_20260928_0955_M8.0,1,0,Channel_0,False,4,0.0303,0.1854,False,False
1060,20260928,FLARE_20260928_0955_M8.0,1,1,Channel_1,False,6,0.1203,0.4646,False,False
1060,20260928,FLARE_20260928_0955_M8.0,1,2,Channel_2,False,100,13.0781,30.1496,False,False
1060,20260928,FLARE_20260928_0955_M8.0,1,3,Channel_3,True,1,0.41,0.0,False,False
1061,20260928,QUIET_20260928_5,0,0,Channel_0,False,4,0.0528,0.2571,False,False
1061,20260928,QUIET_20260928_5,0,1,Channel_1,False,6,0.1589,0.551,False,False
1061,20260928,QUIET_20260928_5,0,2,Channel_2,False,101,13.1344,30.1655,False,False
1061,20260928,QUIET_20260928_5,0,3,Channel_3,True,1,0.43,0.0,False,False
1062,20260928,QUIET_20260928_6,0,0,Channel_0,False,4,0.03,0.1876,False,False
1062,20260928,QUIET_20260928_6,0,1,Channel_1,False,6,0.1192,0.4546,False,False
1062,20260928,QUIET_20260928_6,0,2,Channel_2,False,100,12.7425,29.9049,False,False
1062,20260928,QUIET_20260928_6,0,3,Channel_3,True,1,0.35,0.0,False,False
1063,20260928,QUIET_20260928_7,0,0,Channel_0,False,4,0.0408,0.2255,False,False
1063,20260928,QUIET_20260928_7,0,1,Channel_1,False,6,0.1236,0.4613,False,False
1063,20260928,QUIET_20260928_7,0,2,Channel_2,False,100,12.8886,29.8156,False,False
1063,20260928,QUIET_20260928_7,0,3,Channel_3,True,1,0.37,0.0,False,False
1064,20260928,FLARE_20260928_1738_M3.2,1,0,Channel_0,False,5,0.0494,0.2735,False,False
1064,20260928,FLARE_20260928_1738_M3.2,1,1,Channel_1,False,8,0.1472,0.5543,False,False
1064,20260928,FLARE_20260928_1738_M3.2,1,2,Channel_2,False,101,12.8336,29.7238,False,False
1064,20260928,FLARE_20260928_1738_M3.2,1,3,Channel_3,True,1,0.39,0.0,False,False
1065,20260928,QUIET_20260928_9,0,0,Channel_0,False,9,0.1614,0.6552,False,False
1065,20260928,QUIET_20260928_9,0,1,Channel_1,False,12,0.3036,1.0235,False,False
1065,20260928,QUIET_20260928_9,0,2,Channel_2,False,100,12.7806,29.7338,False,False
1065,20260928,QUIET_20260928_9,0,3,Channel_3,True,1,0.41,0.0,False,False
1066,20260928,QUIET_20260928_10,0,0,Channel_0,False,3,0.0269,0.1783,False,False
1066,20260928,QUIET_20260928_10,0,1,Channel_1,False,5,0.1178,0.4359,False,False
1066,20260928,QUIET_20260928_10,0,2,Channel_2,False,99,12.6261,29.6672,False,False
1066,20260928,QUIET_20260928_10,0,3,Channel_3,True,1,0.43,0.0,False,False
1067,20260928,QUIET_20260928_11,0,0,Channel_0,True,1,0.39,0.0,False,False
1067,20260928,QUIET_20260928_11,0,1,Channel_1,True,1,0.41,0.0,False,False
1067,20260928,QUIET_20260928_11,0,2,Channel_2,True,1,0.43,0.0,False,False
1067,20260928,QUIET_20260928_11,0,3,Channel_3,True,1,0.35,0.0,False,False
1068,20260929,FLARE_20260929_0121_M7.4,1,0,Channel_0,False,4,0.0431,0.2347,False,False
1068,20260929,FLARE_20260929_0121_M7.4,1,1,Channel_1,False,6,0.1242,0.4569,False,False
1068,20260929,FLARE_20260929_0121_M7.4,1,2,Channel_2,False,100,13.0472,29.8558,False,False
1068,20260929,FLARE_20260929_0121_M7.4,1,3,Channel_3,False,18,4.2928,2.5792,False,False
1069,20260929,QUIET_20260929_1,0,0,Channel_0,False,14,0.1356,0.8027,False,False
1069,20260929,QUIET_20260929_1,0,1,Channel_1,False,15,0.2533,1.0743,False,False
1069,20260929,QUIET_20260929_1,0,2,Channel_2,False,101,13.1589,30.3657,False,False
1069,20260929,QUIET_20260929_1,0,3,Channel_3,False,14,3.2575,1.8335,False,False
1070,20260929,QUIET_20260929_2,0,0,Channel_0,False,6,0.0569,0.3079,False,False
1070,20260929,QUIET_20260929_2,0,1,Channel_1,False,6,0.1478,0.5399,False,False
1070,20260929,QUIET_20260929_2,0,2,Channel_2,False,100,12.8861,29.9195,False,False
1070,20260929,QUIET_20260929_2,0,3,Channel_3,False,10,2.2378,1.5024,False,False
1071,20260929,QUIET_20260929_3,0,0,Channel_0,False,4,0.03,0.1949,False,False
1071,20260929,QUIET_20260929_3,0,1,Channel_1,False,6,0.1136,0.438,False,False
1071,20260929,QUIET_20260929_3,0,2,Channel_2,False,101,13.2703,29.8782,False,False
1071,20260929,QUIET_20260929_3,0,3,Channel_3,False,11,2.2817,1.6871,False,False
1072,20260929,FLARE_20260929_0949_M2.6,1,0,Channel_0,False,4,0.0353,0.2098,False,False
1072,20260929,FLARE_20260929_0949_M2.6,1,1,Channel_1,False,7,0.1247,0.4537,False,False
1072,20260929,FLARE_20260929_0949_M2.6,1,2,Channel_2,False,101,13.0194,29.9164,False,False
1072,20260929,FLARE_20260929_0949_M2.6,1,3,Channel_3,False,10,1.8925,1.4518,False,False
1073,20260929,QUIET_20260929_5,0,0,Channel_0,False,4,0.0294,0.1802,False,False
1073,20260929,QUIET_20260929_5,0,1,Channel_1,False,5,0.1142,0.4243,False,False
1073,20260929,QUIET_20260929_5,0,2,Channel_2,False,101,13.1339,30.102,False,False
1073,20260929,QUIET_20260929_5,0,3,Channel_3,False,12,2.3267,1.6538,False,False
1074,20260929,QUIET_20260929_6,0,0,Channel_0,False,5,0.0331,0.2102,False,False
1074,20260929,QUIET_20260929_6,0,1,Channel_1,False,5,0.1117,0.4253,False,False
1074,20260929,QUIET_20260929_6,0,2,Channel_2,False,99,12.8103,29.9831,False,False
1074,20260929,QUIET_20260929_6,0,3,Channel_3,False,16,3.0636,2.3372,False,False
1075,20260929,QUIET_20260929_7,0,0,Channel_0,False,4,0.0244,0.1649,False,False
1075,20260929,QUIET_20260929_7,0,1,Channel_1,False,6,0.1092,0.4083,False,False
1075,20260929,QUIET_20260929_7,0,2,Channel_2,False,98,13.1697,30.3332,False,False
1075,20260929,QUIET_20260929_7,0,3,Channel_3,False,10,2.1931,1.522,False,False
1076,20260929,FLARE_20260929_1732_M6.8,1,0,Channel_0,False,4,0.0325,0.1966,False,False
1076,20260929,FLARE_20260929_1732_M6.8,1,1,Channel_1,False,5,0.1044,0.4016,False,False
1076,20260929,FLARE_20260929_1732_M6.8,1,2,Channel_2,False,101,12.7414,29.7215,False,False
1076,20260929,FLARE_20260929_1732_M6.8,1,3,Channel_3,False,36,7.9967,6.3244,False,False
1077,20260929,QUIET_20260929_9,0,0,Channel_0,False,44,0.6583,4.2535,False,False
1077,20260929,QUIET_20260929_9,0,1,Channel_1,False,47,0.8453,4.9132,False,False
1077,20260929,QUIET_20260929_9,0,2,Channel_2,False,101,12.9283,29.5659,False,False
1077,20260929,QUIET_20260929_9,0,3,Channel_3,False,16,2.9136,1.9713,False,False
1078,20260929,QUIET_20260929_10,0,0,Channel_0,False,3,0.0264,0.172,False,False
1078,20260929,QUIET_20260929_10,0,1,Channel_1,False,6,0.1144,0.4368,False,False
1078,20260929,QUIET_20260929_10,0,2,Channel_2,False,101,13.0461,30.3958,False,False
1078,20260929,QUIET_20260929_10,0,3,Channel_3,False,10,2.3978,1.5743,False,False
1079,20260929,QUIET_20260929_11,0,0,Channel_0,True,1,0.43,0.0,False,False
1079,20260929,QUIET_20260929_11,0,1,Channel_1,True,1,0.35,0.0,False,False
1079,20260929,QUIET_20260929_11,0,2,Channel_2,True,1,0.37,0.0,False,False
1079,20260929,QUIET_20260929_11,0,3,Channel_3,False,12,2.5081,1.7151,False,False
1080,20260930,FLARE_20260930_0115_M1.0,1,0,Channel_0,False,5,0.0347,0.2139,False,False
1080,20260930,FLARE_20260930_0115_M1.0,1,1,Channel_1,False,6,0.1175,0.4388,False,False
1080,20260930,FLARE_20260930_0115_M1.0,1,2,Channel_2,False,99,12.9789,29.9596,False,False
1080,20260930,FLARE_20260930_0115_M1.0,1,3,Channel_3,True,1,0.41,0.0,False,False
1081,20260930,QUIET_20260930_1,0,0,Channel_0,False,3,0.0244,0.1562,False,False
1081,20260930,QUIET_20260930_1,0,1,Channel_1,False,6,0.1053,0.4093,False,False
1081,20260930,QUIET_20260930_1,0,2,Channel_2,False,101,12.9536,29.9628,False,False
1081,20260930,QUIET_20260930_1,0,3,Channel_3,True,1,0.43,0.0,False,False
1082,20260930,QUIET_20260930_2,0,0,Channel_0,False,4,0.0322,0.1988,False,False
1082,20260930,QUIET_20260930_2,0,1,Channel_1,False,6,0.1142,0.4262,False,False
1082,20260930,QUIET_20260930_2,0,2,Channel_2,False,98,12.9736,29.9765,False,False
1082,20260930,QUIET_20260930_2,0,3,Channel_3,True,1,0.35,0.0,False,False
1083,20260930,QUIET_20260930_3,0,0,Channel_0,False,3,0.0306,0.1753,False,False
1083,20260930,QUIET_20260930_3,0,1,Channel_1,False,5,0.0942,0.3841,False,False
1083,20260930,QUIET_20260930_3,0,2,Channel_2,False,101,13.0944,30.1661,False,False
1083,20260930,QUIET_20260930_3,0,3,Channel_3,True,1,0.37,0.0,False,False
1084,20260930,FLARE_20260930_0943_M5.2,1,0,Channel_0,False,4,0.0297,0.1942,False,False
1084,20260930,FLARE_20260930_0943_M5.2,1,1,Channel_1,False,6,0.1122,0.4205,False,False
1084,20260930,FLARE_20260930_0943_M5.2,1,2,Channel_2,False,101,13.1475,29.8534,False,False
1084,20260930,FLARE_20260930_0943_M5.2,1,3,Channel_3,True,1,0.39,0.0,False,False
1085,20260930,QUIET_20260930_5,0,0,Channel_0,False,4,0.0367,0.2103,False,False
1085,20260930,QUIET_20260930_5,0,1,Channel_1,False,4,0.1094,0.4065,False,False
1085,20260930,QUIET_20260930_5,0,2,Channel_2,False,101,13.37,30.3607,False,False
1085,20260930,QUIET_20260930_5,0,3,Channel_3,True,1,0.41,0.0,False,False
1086,20260930,QUIET_20260930_6,0,0,Channel_0,False,4,0.0331,0.1965,False,False
1086,20260930,QUIET_20260930_6,0,1,Channel_1,False,5,0.1033,0.4012,False,False
1086,20260930,QUIET_20260930_6,0,2,Channel_2,False,101,13.2597,30.0234,False,False
1086,20260930,QUIET_20260930_6,0,3,Channel_3,True,1,0.43,0.0,False,False
1087,20260930,QUIET_20260930_7,0,0,Channel_0,False,4,0.0328,0.1945,False,False
1087,20260930,QUIET_20260930_7,0,1,Channel_1,False,6,0.1164,0.4454,False,False
1087,20260930,QUIET_20260930_7,0,2,Channel_2,False,101,13.1117,29.9234,False,False
1087,20260930,QUIET_20260930_7,0,3,Channel_3,True,1,0.35,0.0,False,False
1088,20260930,FLARE_20260930_1726_M9.4,1,0,Channel_0,False,4,0.0317,0.2017,False,False
1088,20260930,FLARE_20260930_1726_M9.4,1,1,Channel_1,False,6,0.1125,0.428,False,False
1088,20260930,FLARE_20260930_1726_M9.4,1,2,Channel_2,False,101,12.7675,29.6786,False,False
1088,20260930,FLARE_20260930_1726_M9.4,1,3,Channel_3,True,1,0.37,0.0,False,False
1089,20260930,QUIET_20260930_9,0,0,Channel_0,False,4,0.0294,0.1936,False,False
1089,20260930,QUIET_20260930_9,0,1,Channel_1,False,6,0.1094,0.4246,False,False
1089,20260930,QUIET_20260930_9,0,2,Channel_2,False,100,12.5058,29.1518,False,False
1089,20260930,QUIET_20260930_9,0,3,Channel_3,True,1,0.39,0.0,False,False
1090,20260930,QUIET_20260930_10,0,0,Channel_0,False,4,0.0244,0.1682,False,False
1090,20260930,QUIET_20260930_10,0,1,Channel_1,False,5,0.1081,0.4187,False,False
1090,20260930,QUIET_20260930_10,0,2,Channel_2,False,101,12.9683,30.0072,False,False
1090,20260930,QUIET_20260930_10,0,3,Channel_3,True,1,0.41,0.0,False,False
1091,20260930,QUIET_20260930_11,0,0,Channel_0,True,1,0.37,0.0,False,False
1091,20260930,QUIET_20260930_11,0,1,Channel_1,True,1,0.39,0.0,False,False
1091,20260930,QUIET_20260930_11,0,2,Channel_2,True,1,0.41,0.0,False,False
1091,20260930,QUIET_20260930_11,0,3,Channel_3,True,1,0.43,0.0,False,False
