flare_id,observation_date,peak_time_sec,start_time_sec,end_time_sec,goes_class,missing_file_reason,missing_detector_channels,exist_on_pradan,pradan_url_count,recoverability_status
0,20240514,1715651272.0,1715649392.0,1715651956.0,X1.7,No extracted HEL1OS files on disk for date,"cdte1, cdte2, czt1, czt2",True,4,High (Download script exists on PRADAN)
1,20240514,1715652543.0,1715652309.0,1715656424.0,X1.7,No extracted HEL1OS files on disk for date,"cdte1, cdte2, czt1, czt2",True,4,High (Download script exists on PRADAN)
2,20240514,1715657286.0,1715657216.0,1715657656.0,UNMATCHED,No extracted HEL1OS files on disk for date,"cdte1, cdte2, czt1, czt2",True,4,High (Download script exists on PRADAN)
3,20240514,1715659716.0,1715659651.0,1715660078.0,UNMATCHED,No extracted HEL1OS files on disk for date,"cdte1, cdte2, czt1, czt2",True,4,High (Download script exists on PRADAN)
4,20240514,1715662451.0,1715662313.0,1715662498.0,UNMATCHED,No extracted HEL1OS files on disk for date,"cdte1, cdte2, czt1, czt2",True,4,High (Download script exists on PRADAN)
5,20240514,1715674530.0,1715673736.0,1715674539.0,UNMATCHED,No extracted HEL1OS files on disk for date,"cdte1, cdte2, czt1, czt2",True,4,High (Download script exists on PRADAN)
6,20240514,1715681343.0,1715681116.0,1715681389.0,UNMATCHED,No extracted HEL1OS files on disk for date,"cdte1, cdte2, czt1, czt2",True,4,High (Download script exists on PRADAN)
7,20240514,1715691322.0,1715690616.0,1715693925.0,X1.2,No extracted HEL1OS files on disk for date,"cdte1, cdte2, czt1, czt2",True,4,High (Download script exists on PRADAN)
8,20240514,1715700469.0,1715699982.0,1715701599.0,C9.6,No extracted HEL1OS files on disk for date,"cdte1, cdte2, czt1, czt2",True,4,High (Download script exists on PRADAN)
9,20240514,1715702857.0,1715702747.0,1715702983.0,UNMATCHED,No extracted HEL1OS files on disk for date,"cdte1, cdte2, czt1, czt2",True,4,High (Download script exists on PRADAN)
10,20240514,1715705372.0,1715705147.0,1715707305.0,X8.7,No extracted HEL1OS files on disk for date,"cdte1, cdte2, czt1, czt2",True,4,High (Download script exists on PRADAN)
11,20240514,1715708242.0,1715707751.0,1715708795.0,M4.4,No extracted HEL1OS files on disk for date,"cdte1, cdte2, czt1, czt2",True,4,High (Download script exists on PRADAN)
12,20240514,1715709119.0,1715708925.0,1715713729.0,M4.4,No extracted HEL1OS files on disk for date,"cdte1, cdte2, czt1, czt2",True,4,High (Download script exists on PRADAN)
13,20240514,1715714674.0,1715714618.0,1715715113.0,UNMATCHED,No extracted HEL1OS files on disk for date,"cdte1, cdte2, czt1, czt2",True,4,High (Download script exists on PRADAN)
14,20240514,1715716904.0,1715716536.0,1715717864.0,UNMATCHED,No extracted HEL1OS files on disk for date,"cdte1, cdte2, czt1, czt2",True,4,High (Download script exists on PRADAN)
15,20240514,1715728279.0,1715727979.0,1715728750.0,C7.2,No extracted HEL1OS files on disk for date,"cdte1, cdte2, czt1, czt2",True,4,High (Download script exists on PRADAN)
16,20240515,1715732330.0,1715732214.0,1715732560.0,UNMATCHED,No extracted HEL1OS files on disk for date,"cdte1, cdte2, czt1, czt2",True,3,High (Download script exists on PRADAN)
17,20240515,1715736471.0,1715736255.0,1715736638.0,UNMATCHED,No extracted HEL1OS files on disk for date,"cdte1, cdte2, czt1, czt2",True,3,High (Download script exists on PRADAN)
18,20240515,1715738118.0,1715737885.0,1715738264.0,UNMATCHED,No extracted HEL1OS files on disk for date,"cdte1, cdte2, czt1, czt2",True,3,High (Download script exists on PRADAN)
19,20240515,1715747125.0,1715746866.0,1715747493.0,C5.5,No extracted HEL1OS files on disk for date,"cdte1, cdte2, czt1, czt2",True,3,High (Download script exists on PRADAN)
20,20240515,1715748885.0,1715748552.0,1715749764.0,C5.5,No extracted HEL1OS files on disk for date,"cdte1, cdte2, czt1, czt2",True,3,High (Download script exists on PRADAN)
21,20240515,1715753892.0,1715753856.0,1715753937.0,C5.7,No extracted HEL1OS files on disk for date,"cdte1, cdte2, czt1, czt2",True,3,High (Download script exists on PRADAN)
22,20240515,1715754285.0,1715754105.0,1715754616.0,C5.7,No extracted HEL1OS files on disk for date,"cdte1, cdte2, czt1, czt2",True,3,High (Download script exists on PRADAN)
23,20240515,1715758812.0,1715757200.0,1715759207.0,C9.9,No extracted HEL1OS files on disk for date,"cdte1, cdte2, czt1, czt2",True,3,High (Download script exists on PRADAN)
24,20240515,1715761008.0,1715760951.0,1715761034.0,C9.9,No extracted HEL1OS files on disk for date,"cdte1, cdte2, czt1, czt2",True,3,High (Download script exists on PRADAN)
25,20240515,1715762159.0,1715761283.0,1715766050.0,X3.4,No extracted HEL1OS files on disk for date,"cdte1, cdte2, czt1, czt2",True,3,High (Download script exists on PRADAN)
26,20240515,1715768774.0,1715766885.0,1715768899.0,UNMATCHED,No extracted HEL1OS files on disk for date,"cdte1, cdte2, czt1, czt2",True,3,High (Download script exists on PRADAN)
27,20240515,1715769698.0,1715769694.0,1715769770.0,UNMATCHED,No extracted HEL1OS files on disk for date,"cdte1, cdte2, czt1, czt2",True,3,High (Download script exists on PRADAN)
28,20240515,1715770137.0,1715770121.0,1715770351.0,UNMATCHED,No extracted HEL1OS files on disk for date,"cdte1, cdte2, czt1, czt2",True,3,High (Download script exists on PRADAN)
29,20240515,1715771040.0,1715771019.0,1715772917.0,UNMATCHED,No extracted HEL1OS files on disk for date,"cdte1, cdte2, czt1, czt2",True,3,High (Download script exists on PRADAN)
30,20240515,1715783905.0,1715781490.0,1715789148.0,X2.9,No extracted HEL1OS files on disk for date,"cdte1, cdte2, czt1, czt2",True,3,High (Download script exists on PRADAN)
31,20240515,1715797375.0,1715796779.0,1715797382.0,UNMATCHED,No extracted HEL1OS files on disk for date,"cdte1, cdte2, czt1, czt2",True,3,High (Download script exists on PRADAN)
32,20240515,1715797973.0,1715797966.0,1715798082.0,UNMATCHED,No extracted HEL1OS files on disk for date,"cdte1, cdte2, czt1, czt2",True,3,High (Download script exists on PRADAN)
33,20240515,1715798263.0,1715798229.0,1715798362.0,UNMATCHED,No extracted HEL1OS files on disk for date,"cdte1, cdte2, czt1, czt2",True,3,High (Download script exists on PRADAN)
34,20240515,1715804076.0,1715803994.0,1715804233.0,UNMATCHED,No extracted HEL1OS files on disk for date,"cdte1, cdte2, czt1, czt2",True,3,High (Download script exists on PRADAN)
35,20240515,1715805603.0,1715805418.0,1715805770.0,UNMATCHED,No extracted HEL1OS files on disk for date,"cdte1, cdte2, czt1, czt2",True,3,High (Download script exists on PRADAN)
36,20240516,1715835987.0,1715835837.0,1715836157.0,C4.0,No extracted HEL1OS files on disk for date,"cdte1, cdte2, czt1, czt2",True,3,High (Download script exists on PRADAN)
37,20240516,1715840060.0,1715839836.0,1715840559.0,C4.3,No extracted HEL1OS files on disk for date,"cdte1, cdte2, czt1, czt2",True,3,High (Download script exists on PRADAN)
38,20240516,1715841181.0,1715840917.0,1715841664.0,C4.3,No extracted HEL1OS files on disk for date,"cdte1, cdte2, czt1, czt2",True,3,High (Download script exists on PRADAN)
39,20240516,1715846663.0,1715846017.0,1715847197.0,M1.0,No extracted HEL1OS files on disk for date,"cdte1, cdte2, czt1, czt2",True,3,High (Download script exists on PRADAN)
40,20240516,1715863938.0,1715863841.0,1715864326.0,C3.3,No extracted HEL1OS files on disk for date,"cdte1, cdte2, czt1, czt2",True,3,High (Download script exists on PRADAN)
41,20240516,1715871133.0,1715870790.0,1715871467.0,C3.6,No extracted HEL1OS files on disk for date,"cdte1, cdte2, czt1, czt2",True,3,High (Download script exists on PRADAN)
42,20240516,1715876407.0,1715875818.0,1715876539.0,C4.5,No extracted HEL1OS files on disk for date,"cdte1, cdte2, czt1, czt2",True,3,High (Download script exists on PRADAN)
43,20240517,1715905742.0,1715905709.0,1715906449.0,UNMATCHED,No extracted HEL1OS files on disk for date,"cdte1, cdte2, czt1, czt2",True,3,High (Download script exists on PRADAN)
44,20240517,1715907999.0,1715907941.0,1715908095.0,UNMATCHED,No extracted HEL1OS files on disk for date,"cdte1, cdte2, czt1, czt2",True,3,High (Download script exists on PRADAN)
45,20240517,1715910360.0,1715909837.0,1715911417.0,C8.7,No extracted HEL1OS files on disk for date,"cdte1, cdte2, czt1, czt2",True,3,High (Download script exists on PRADAN)
46,20240517,1715913426.0,1715912942.0,1715913666.0,UNMATCHED,No extracted HEL1OS files on disk for date,"cdte1, cdte2, czt1, czt2",True,3,High (Download script exists on PRADAN)
47,20240517,1715914033.0,1715914019.0,1715914170.0,UNMATCHED,No extracted HEL1OS files on disk for date,"cdte1, cdte2, czt1, czt2",True,3,High (Download script exists on PRADAN)
48,20240517,1715922500.0,1715922379.0,1715922710.0,C3.1,No extracted HEL1OS files on disk for date,"cdte1, cdte2, czt1, czt2",True,3,High (Download script exists on PRADAN)
49,20240517,1715930450.0,1715930414.0,1715930646.0,C2.5,No extracted HEL1OS files on disk for date,"cdte1, cdte2, czt1, czt2",True,3,High (Download script exists on PRADAN)
50,20240517,1715948528.0,1715947606.0,1715948558.0,C3.7,No extracted HEL1OS files on disk for date,"cdte1, cdte2, czt1, czt2",True,3,High (Download script exists on PRADAN)
51,20240517,1715950065.0,1715949848.0,1715950351.0,C4.8,No extracted HEL1OS files on disk for date,"cdte1, cdte2, czt1, czt2",True,3,High (Download script exists on PRADAN)
52,20240517,1715951008.0,1715950885.0,1715951316.0,C4.8,No extracted HEL1OS files on disk for date,"cdte1, cdte2, czt1, czt2",True,3,High (Download script exists on PRADAN)
53,20240517,1715952404.0,1715952299.0,1715952595.0,C3.1,No extracted HEL1OS files on disk for date,"cdte1, cdte2, czt1, czt2",True,3,High (Download script exists on PRADAN)
54,20240517,1715954104.0,1715954073.0,1715954240.0,C3.1,No extracted HEL1OS files on disk for date,"cdte1, cdte2, czt1, czt2",True,3,High (Download script exists on PRADAN)
55,20240517,1715975810.0,1715975701.0,1715975999.0,C2.8,No extracted HEL1OS files on disk for date,"cdte1, cdte2, czt1, czt2",True,3,High (Download script exists on PRADAN)
56,20240517,1715976898.0,1715976853.0,1715977018.0,C2.7,No extracted HEL1OS files on disk for date,"cdte1, cdte2, czt1, czt2",True,3,High (Download script exists on PRADAN)
57,20240517,1715980094.0,1715978331.0,1715984982.0,M7.2,No extracted HEL1OS files on disk for date,"cdte1, cdte2, czt1, czt2",True,3,High (Download script exists on PRADAN)
58,20240517,1715985352.0,1715985173.0,1715985494.0,UNMATCHED,No extracted HEL1OS files on disk for date,"cdte1, cdte2, czt1, czt2",True,3,High (Download script exists on PRADAN)
59,20240517,1715988590.0,1715988547.0,1715988724.0,UNMATCHED,No extracted HEL1OS files on disk for date,"cdte1, cdte2, czt1, czt2",True,3,High (Download script exists on PRADAN)
60,20240518,1716003092.0,1716002743.0,1716003474.0,C3.8,No extracted HEL1OS files on disk for date,"cdte1, cdte2, czt1, czt2",True,3,High (Download script exists on PRADAN)
61,20240518,1716005999.0,1716005933.0,1716006135.0,UNMATCHED,No extracted HEL1OS files on disk for date,"cdte1, cdte2, czt1, czt2",True,3,High (Download script exists on PRADAN)
62,20240518,1716009066.0,1716008887.0,1716009150.0,C7.2,No extracted HEL1OS files on disk for date,"cdte1, cdte2, czt1, czt2",True,3,High (Download script exists on PRADAN)
63,20240518,1716010656.0,1716010456.0,1716011386.0,C7.2,No extracted HEL1OS files on disk for date,"cdte1, cdte2, czt1, czt2",True,3,High (Download script exists on PRADAN)
64,20240518,1716016895.0,1716016811.0,1716016958.0,UNMATCHED,No extracted HEL1OS files on disk for date,"cdte1, cdte2, czt1, czt2",True,3,High (Download script exists on PRADAN)
65,20240518,1716029623.0,1716029545.0,1716029634.0,UNMATCHED,No extracted HEL1OS files on disk for date,"cdte1, cdte2, czt1, czt2",True,3,High (Download script exists on PRADAN)
66,20240518,1716059815.0,1716059631.0,1716060017.0,C4.1,No extracted HEL1OS files on disk for date,"cdte1, cdte2, czt1, czt2",True,3,High (Download script exists on PRADAN)
67,20240518,1716061105.0,1716060951.0,1716061302.0,C4.1,No extracted HEL1OS files on disk for date,"cdte1, cdte2, czt1, czt2",True,3,High (Download script exists on PRADAN)
68,20240518,1716063361.0,1716063271.0,1716063787.0,C3.9,No extracted HEL1OS files on disk for date,"cdte1, cdte2, czt1, czt2",True,3,High (Download script exists on PRADAN)
69,20240518,1716068223.0,1716068201.0,1716068265.0,UNMATCHED,No extracted HEL1OS files on disk for date,"cdte1, cdte2, czt1, czt2",True,3,High (Download script exists on PRADAN)
70,20240519,1716090826.0,1716090721.0,1716090841.0,UNMATCHED,No extracted HEL1OS files on disk for date,"cdte1, cdte2, czt1, czt2",True,2,High (Download script exists on PRADAN)
71,20240519,1716104902.0,1716104324.0,1716104942.0,UNMATCHED,No extracted HEL1OS files on disk for date,"cdte1, cdte2, czt1, czt2",True,2,High (Download script exists on PRADAN)
72,20240519,1716108921.0,1716108728.0,1716108937.0,C2.5,No extracted HEL1OS files on disk for date,"cdte1, cdte2, czt1, czt2",True,2,High (Download script exists on PRADAN)
73,20240519,1716109220.0,1716109194.0,1716109333.0,C2.5,No extracted HEL1OS files on disk for date,"cdte1, cdte2, czt1, czt2",True,2,High (Download script exists on PRADAN)
74,20240519,1716112985.0,1716112660.0,1716113206.0,C2.4,No extracted HEL1OS files on disk for date,"cdte1, cdte2, czt1, czt2",True,2,High (Download script exists on PRADAN)
75,20240519,1716122112.0,1716122056.0,1716122253.0,C2.4,No extracted HEL1OS files on disk for date,"cdte1, cdte2, czt1, czt2",True,2,High (Download script exists on PRADAN)
76,20240519,1716124769.0,1716124662.0,1716124893.0,C2.3,No extracted HEL1OS files on disk for date,"cdte1, cdte2, czt1, czt2",True,2,High (Download script exists on PRADAN)
77,20240519,1716126261.0,1716126083.0,1716126709.0,M1.9,No extracted HEL1OS files on disk for date,"cdte1, cdte2, czt1, czt2",True,2,High (Download script exists on PRADAN)
78,20240519,1716141358.0,1716141246.0,1716141925.0,M2.5,No extracted HEL1OS files on disk for date,"cdte1, cdte2, czt1, czt2",True,2,High (Download script exists on PRADAN)
79,20240519,1716155213.0,1716155182.0,1716155367.0,M1.6,No extracted HEL1OS files on disk for date,"cdte1, cdte2, czt1, czt2",True,2,High (Download script exists on PRADAN)
80,20240519,1716155984.0,1716155673.0,1716156646.0,M1.6,No extracted HEL1OS files on disk for date,"cdte1, cdte2, czt1, czt2",True,2,High (Download script exists on PRADAN)
81,20240520,1716184435.0,1716183420.0,1716186036.0,C6.7,No extracted HEL1OS files on disk for date,"cdte1, cdte2, czt1, czt2",True,6,High (Download script exists on PRADAN)
82,20240520,1716199037.0,1716198962.0,1716199139.0,UNMATCHED,No extracted HEL1OS files on disk for date,"cdte1, cdte2, czt1, czt2",True,6,High (Download script exists on PRADAN)
83,20240520,1716201342.0,1716201286.0,1716201502.0,C2.8,No extracted HEL1OS files on disk for date,"cdte1, cdte2, czt1, czt2",True,6,High (Download script exists on PRADAN)
84,20240520,1716209467.0,1716209340.0,1716209643.0,C2.1,No extracted HEL1OS files on disk for date,"cdte1, cdte2, czt1, czt2",True,6,High (Download script exists on PRADAN)
85,20240520,1716210695.0,1716210676.0,1716210768.0,C2.1,No extracted HEL1OS files on disk for date,"cdte1, cdte2, czt1, czt2",True,6,High (Download script exists on PRADAN)
86,20240521,1716272171.0,1716270936.0,1716272496.0,C4.3,No extracted HEL1OS files on disk for date,"cdte1, cdte2, czt1, czt2",True,7,High (Download script exists on PRADAN)
87,20240521,1716272844.0,1716272837.0,1716273435.0,C4.3,No extracted HEL1OS files on disk for date,"cdte1, cdte2, czt1, czt2",True,7,High (Download script exists on PRADAN)
88,20240521,1716275524.0,1716275373.0,1716275633.0,C4.8,No extracted HEL1OS files on disk for date,"cdte1, cdte2, czt1, czt2",True,7,High (Download script exists on PRADAN)
89,20240521,1716276657.0,1716276423.0,1716277256.0,C4.8,No extracted HEL1OS files on disk for date,"cdte1, cdte2, czt1, czt2",True,7,High (Download script exists on PRADAN)
90,20240521,1716287032.0,1716286759.0,1716287156.0,UNMATCHED,No extracted HEL1OS files on disk for date,"cdte1, cdte2, czt1, czt2",True,7,High (Download script exists on PRADAN)
91,20240521,1716293447.0,1716293234.0,1716293485.0,C1.9,No extracted HEL1OS files on disk for date,"cdte1, cdte2, czt1, czt2",True,7,High (Download script exists on PRADAN)
92,20240521,1716293736.0,1716293694.0,1716293857.0,C1.9,No extracted HEL1OS files on disk for date,"cdte1, cdte2, czt1, czt2",True,7,High (Download script exists on PRADAN)
93,20240521,1716298566.0,1716298339.0,1716299050.0,C7.0,No extracted HEL1OS files on disk for date,"cdte1, cdte2, czt1, czt2",True,7,High (Download script exists on PRADAN)
94,20240521,1716299435.0,1716299413.0,1716299501.0,C7.0,No extracted HEL1OS files on disk for date,"cdte1, cdte2, czt1, czt2",True,7,High (Download script exists on PRADAN)
95,20240521,1716300655.0,1716300291.0,1716301786.0,C6.6,No extracted HEL1OS files on disk for date,"cdte1, cdte2, czt1, czt2",True,7,High (Download script exists on PRADAN)
96,20240521,1716307482.0,1716307170.0,1716308382.0,C6.9,No extracted HEL1OS files on disk for date,"cdte1, cdte2, czt1, czt2",True,7,High (Download script exists on PRADAN)
97,20240521,1716312759.0,1716312727.0,1716312820.0,UNMATCHED,No extracted HEL1OS files on disk for date,"cdte1, cdte2, czt1, czt2",True,7,High (Download script exists on PRADAN)
98,20240521,1716319881.0,1716319518.0,1716320928.0,M1.9,No extracted HEL1OS files on disk for date,"cdte1, cdte2, czt1, czt2",True,7,High (Download script exists on PRADAN)
99,20240521,1716331176.0,1716330772.0,1716331597.0,C3.9,No extracted HEL1OS files on disk for date,"cdte1, cdte2, czt1, czt2",True,7,High (Download script exists on PRADAN)
100,20240522,1716347618.0,1716347295.0,1716348448.0,M1.5,No extracted HEL1OS files on disk for date,"cdte1, cdte2, czt1, czt2",True,7,High (Download script exists on PRADAN)
101,20240522,1716350670.0,1716349441.0,1716353320.0,M2.3,No extracted HEL1OS files on disk for date,"cdte1, cdte2, czt1, czt2",True,7,High (Download script exists on PRADAN)
102,20240522,1716361507.0,1716361000.0,1716361870.0,C3.5,No extracted HEL1OS files on disk for date,"cdte1, cdte2, czt1, czt2",True,7,High (Download script exists on PRADAN)
103,20240522,1716375586.0,1716375579.0,1716375641.0,UNMATCHED,No extracted HEL1OS files on disk for date,"cdte1, cdte2, czt1, czt2",True,7,High (Download script exists on PRADAN)
104,20240522,1716378341.0,1716377713.0,1716378497.0,C3.6,No extracted HEL1OS files on disk for date,"cdte1, cdte2, czt1, czt2",True,7,High (Download script exists on PRADAN)
105,20240522,1716386649.0,1716385692.0,1716387405.0,M1.2,No extracted HEL1OS files on disk for date,"cdte1, cdte2, czt1, czt2",True,7,High (Download script exists on PRADAN)
106,20240522,1716389421.0,1716389413.0,1716390111.0,UNMATCHED,No extracted HEL1OS files on disk for date,"cdte1, cdte2, czt1, czt2",True,7,High (Download script exists on PRADAN)
107,20240522,1716394230.0,1716394121.0,1716394423.0,C3.1,No extracted HEL1OS files on disk for date,"cdte1, cdte2, czt1, czt2",True,7,High (Download script exists on PRADAN)
108,20240522,1716399531.0,1716399429.0,1716399608.0,UNMATCHED,No extracted HEL1OS files on disk for date,"cdte1, cdte2, czt1, czt2",True,7,High (Download script exists on PRADAN)
109,20240522,1716404242.0,1716403348.0,1716405250.0,C7.3,No extracted HEL1OS files on disk for date,"cdte1, cdte2, czt1, czt2",True,7,High (Download script exists on PRADAN)
110,20240522,1716409194.0,1716409012.0,1716409443.0,UNMATCHED,No extracted HEL1OS files on disk for date,"cdte1, cdte2, czt1, czt2",True,7,High (Download script exists on PRADAN)
111,20240522,1716411664.0,1716411150.0,1716411906.0,UNMATCHED,No extracted HEL1OS files on disk for date,"cdte1, cdte2, czt1, czt2",True,7,High (Download script exists on PRADAN)
112,20240522,1716414787.0,1716414724.0,1716414910.0,UNMATCHED,No extracted HEL1OS files on disk for date,"cdte1, cdte2, czt1, czt2",True,7,High (Download script exists on PRADAN)
113,20240523,1716425896.0,1716425424.0,1716425961.0,UNMATCHED,No extracted HEL1OS files on disk for date,"cdte1, cdte2, czt1, czt2",True,3,High (Download script exists on PRADAN)
114,20240523,1716427492.0,1716427439.0,1716427939.0,C8.5,No extracted HEL1OS files on disk for date,"cdte1, cdte2, czt1, czt2",True,3,High (Download script exists on PRADAN)
115,20240523,1716429060.0,1716428903.0,1716429656.0,C8.5,No extracted HEL1OS files on disk for date,"cdte1, cdte2, czt1, czt2",True,3,High (Download script exists on PRADAN)
116,20240523,1716430546.0,1716430107.0,1716432720.0,M4.2,No extracted HEL1OS files on disk for date,"cdte1, cdte2, czt1, czt2",True,3,High (Download script exists on PRADAN)
117,20240523,1716438647.0,1716437105.0,1716440983.0,M1.7,No extracted HEL1OS files on disk for date,"cdte1, cdte2, czt1, czt2",True,3,High (Download script exists on PRADAN)
118,20240523,1716441347.0,1716441338.0,1716441401.0,UNMATCHED,No extracted HEL1OS files on disk for date,"cdte1, cdte2, czt1, czt2",True,3,High (Download script exists on PRADAN)
119,20240523,1716441777.0,1716441553.0,1716441999.0,UNMATCHED,No extracted HEL1OS files on disk for date,"cdte1, cdte2, czt1, czt2",True,3,High (Download script exists on PRADAN)
120,20240523,1716444486.0,1716444405.0,1716444606.0,C4.7,No extracted HEL1OS files on disk for date,"cdte1, cdte2, czt1, czt2",True,3,High (Download script exists on PRADAN)
121,20240523,1716446551.0,1716446351.0,1716447440.0,C9.7,No extracted HEL1OS files on disk for date,"cdte1, cdte2, czt1, czt2",True,3,High (Download script exists on PRADAN)
122,20240523,1716448694.0,1716448613.0,1716448842.0,UNMATCHED,No extracted HEL1OS files on disk for date,"cdte1, cdte2, czt1, czt2",True,3,High (Download script exists on PRADAN)
123,20240523,1716451770.0,1716451518.0,1716452338.0,C5.5,No extracted HEL1OS files on disk for date,"cdte1, cdte2, czt1, czt2",True,3,High (Download script exists on PRADAN)
124,20240523,1716456108.0,1716455660.0,1716456455.0,C8.3,No extracted HEL1OS files on disk for date,"cdte1, cdte2, czt1, czt2",True,3,High (Download script exists on PRADAN)
125,20240523,1716456852.0,1716456781.0,1716457053.0,C8.3,No extracted HEL1OS files on disk for date,"cdte1, cdte2, czt1, czt2",True,3,High (Download script exists on PRADAN)
126,20240523,1716458885.0,1716458402.0,1716459299.0,M1.0,No extracted HEL1OS files on disk for date,"cdte1, cdte2, czt1, czt2",True,3,High (Download script exists on PRADAN)
127,20240523,1716459606.0,1716459562.0,1716459942.0,M1.0,No extracted HEL1OS files on disk for date,"cdte1, cdte2, czt1, czt2",True,3,High (Download script exists on PRADAN)
128,20240523,1716460819.0,1716460716.0,1716461325.0,C7.8,No extracted HEL1OS files on disk for date,"cdte1, cdte2, czt1, czt2",True,3,High (Download script exists on PRADAN)
129,20240523,1716462629.0,1716462519.0,1716462902.0,C6.0,No extracted HEL1OS files on disk for date,"cdte1, cdte2, czt1, czt2",True,3,High (Download script exists on PRADAN)
130,20240523,1716466336.0,1716465717.0,1716466459.0,C4.0,No extracted HEL1OS files on disk for date,"cdte1, cdte2, czt1, czt2",True,3,High (Download script exists on PRADAN)
131,20240523,1716467078.0,1716466991.0,1716467169.0,C4.5,No extracted HEL1OS files on disk for date,"cdte1, cdte2, czt1, czt2",True,3,High (Download script exists on PRADAN)
132,20240523,1716467753.0,1716467494.0,1716468147.0,C5.8,No extracted HEL1OS files on disk for date,"cdte1, cdte2, czt1, czt2",True,3,High (Download script exists on PRADAN)
133,20240523,1716470424.0,1716468811.0,1716473550.0,M2.5,No extracted HEL1OS files on disk for date,"cdte1, cdte2, czt1, czt2",True,3,High (Download script exists on PRADAN)
134,20240523,1716474654.0,1716474487.0,1716474918.0,UNMATCHED,No extracted HEL1OS files on disk for date,"cdte1, cdte2, czt1, czt2",True,3,High (Download script exists on PRADAN)
135,20240523,1716477457.0,1716477413.0,1716477520.0,UNMATCHED,No extracted HEL1OS files on disk for date,"cdte1, cdte2, czt1, czt2",True,3,High (Download script exists on PRADAN)
136,20240523,1716478007.0,1716477929.0,1716478245.0,C6.8,No extracted HEL1OS files on disk for date,"cdte1, cdte2, czt1, czt2",True,3,High (Download script exists on PRADAN)
137,20240523,1716479319.0,1716479239.0,1716479460.0,C6.8,No extracted HEL1OS files on disk for date,"cdte1, cdte2, czt1, czt2",True,3,High (Download script exists on PRADAN)
138,20240523,1716479869.0,1716479718.0,1716480438.0,M1.0,No extracted HEL1OS files on disk for date,"cdte1, cdte2, czt1, czt2",True,3,High (Download script exists on PRADAN)
139,20240523,1716481444.0,1716481034.0,1716481799.0,C5.6,No extracted HEL1OS files on disk for date,"cdte1, cdte2, czt1, czt2",True,3,High (Download script exists on PRADAN)
140,20240523,1716484368.0,1716484144.0,1716484952.0,UNMATCHED,No extracted HEL1OS files on disk for date,"cdte1, cdte2, czt1, czt2",True,3,High (Download script exists on PRADAN)
141,20240523,1716486148.0,1716486111.0,1716486232.0,UNMATCHED,No extracted HEL1OS files on disk for date,"cdte1, cdte2, czt1, czt2",True,3,High (Download script exists on PRADAN)
142,20240523,1716493556.0,1716493418.0,1716494004.0,C6.0,No extracted HEL1OS files on disk for date,"cdte1, cdte2, czt1, czt2",True,3,High (Download script exists on PRADAN)
143,20240523,1716496451.0,1716496184.0,1716497148.0,C6.5,No extracted HEL1OS files on disk for date,"cdte1, cdte2, czt1, czt2",True,3,High (Download script exists on PRADAN)
144,20240523,1716499517.0,1716499254.0,1716499852.0,C4.1,No extracted HEL1OS files on disk for date,"cdte1, cdte2, czt1, czt2",True,3,High (Download script exists on PRADAN)
145,20240523,1716500374.0,1716500197.0,1716500740.0,C4.1,No extracted HEL1OS files on disk for date,"cdte1, cdte2, czt1, czt2",True,3,High (Download script exists on PRADAN)
146,20240523,1716501879.0,1716501609.0,1716502160.0,C3.8,No extracted HEL1OS files on disk for date,"cdte1, cdte2, czt1, czt2",True,3,High (Download script exists on PRADAN)
147,20240523,1716502886.0,1716502829.0,1716503480.0,C3.8,No extracted HEL1OS files on disk for date,"cdte1, cdte2, czt1, czt2",True,3,High (Download script exists on PRADAN)
148,20240523,1716505125.0,1716505016.0,1716505920.0,C5.6,No extracted HEL1OS files on disk for date,"cdte1, cdte2, czt1, czt2",True,3,High (Download script exists on PRADAN)
149,20240523,1716506912.0,1716506539.0,1716507186.0,C5.5,No extracted HEL1OS files on disk for date,"cdte1, cdte2, czt1, czt2",True,3,High (Download script exists on PRADAN)
150,20240523,1716508142.0,1716508113.0,1716508231.0,C5.5,No extracted HEL1OS files on disk for date,"cdte1, cdte2, czt1, czt2",True,3,High (Download script exists on PRADAN)
151,20240524,1716509096.0,1716508801.0,1716509242.0,UNMATCHED,No extracted HEL1OS files on disk for date,"cdte1, cdte2, czt1, czt2",True,6,High (Download script exists on PRADAN)
152,20240524,1716511123.0,1716511001.0,1716511287.0,UNMATCHED,No extracted HEL1OS files on disk for date,"cdte1, cdte2, czt1, czt2",True,6,High (Download script exists on PRADAN)
153,20240524,1716513347.0,1716512737.0,1716513597.0,UNMATCHED,No extracted HEL1OS files on disk for date,"cdte1, cdte2, czt1, czt2",True,6,High (Download script exists on PRADAN)
154,20240524,1716518933.0,1716518424.0,1716519269.0,C4.8,No extracted HEL1OS files on disk for date,"cdte1, cdte2, czt1, czt2",True,6,High (Download script exists on PRADAN)
155,20240524,1716520267.0,1716520128.0,1716520739.0,C4.8,No extracted HEL1OS files on disk for date,"cdte1, cdte2, czt1, czt2",True,6,High (Download script exists on PRADAN)
156,20240524,1716526278.0,1716526006.0,1716526487.0,C3.0,No extracted HEL1OS files on disk for date,"cdte1, cdte2, czt1, czt2",True,6,High (Download script exists on PRADAN)
157,20240524,1716528278.0,1716528076.0,1716528660.0,C3.2,No extracted HEL1OS files on disk for date,"cdte1, cdte2, czt1, czt2",True,6,High (Download script exists on PRADAN)
158,20240524,1716530860.0,1716530769.0,1716531051.0,UNMATCHED,No extracted HEL1OS files on disk for date,"cdte1, cdte2, czt1, czt2",True,6,High (Download script exists on PRADAN)
159,20240524,1716534303.0,1716532274.0,1716536413.0,M1.4,No extracted HEL1OS files on disk for date,"cdte1, cdte2, czt1, czt2",True,6,High (Download script exists on PRADAN)
160,20240524,1716538961.0,1716537379.0,1716540167.0,M1.0,No extracted HEL1OS files on disk for date,"cdte1, cdte2, czt1, czt2",True,6,High (Download script exists on PRADAN)
161,20240524,1716540375.0,1716540322.0,1716540585.0,C9.7,No extracted HEL1OS files on disk for date,"cdte1, cdte2, czt1, czt2",True,6,High (Download script exists on PRADAN)
162,20240524,1716541250.0,1716541080.0,1716542839.0,C9.7,No extracted HEL1OS files on disk for date,"cdte1, cdte2, czt1, czt2",True,6,High (Download script exists on PRADAN)
163,20240524,1716547883.0,1716547560.0,1716548512.0,C5.6,No extracted HEL1OS files on disk for date,"cdte1, cdte2, czt1, czt2",True,6,High (Download script exists on PRADAN)
164,20240524,1716548920.0,1716548782.0,1716549196.0,C5.6,No extracted HEL1OS files on disk for date,"cdte1, cdte2, czt1, czt2",True,6,High (Download script exists on PRADAN)
165,20240524,1716557627.0,1716557575.0,1716557670.0,C3.4,No extracted HEL1OS files on disk for date,"cdte1, cdte2, czt1, czt2",True,6,High (Download script exists on PRADAN)
166,20240524,1716559071.0,1716558789.0,1716559596.0,C3.4,No extracted HEL1OS files on disk for date,"cdte1, cdte2, czt1, czt2",True,6,High (Download script exists on PRADAN)
167,20240524,1716560554.0,1716560484.0,1716560721.0,C2.6,No extracted HEL1OS files on disk for date,"cdte1, cdte2, czt1, czt2",True,6,High (Download script exists on PRADAN)
168,20240524,1716574808.0,1716574707.0,1716574918.0,C2.4,No extracted HEL1OS files on disk for date,"cdte1, cdte2, czt1, czt2",True,6,High (Download script exists on PRADAN)
169,20240524,1716582303.0,1716581526.0,1716583474.0,M1.4,No extracted HEL1OS files on disk for date,"cdte1, cdte2, czt1, czt2",True,6,High (Download script exists on PRADAN)
170,20240525,1716600584.0,1716600549.0,1716600667.0,UNMATCHED,No extracted HEL1OS files on disk for date,"cdte1, cdte2, czt1, czt2",True,6,High (Download script exists on PRADAN)
171,20240525,1716612107.0,1716611257.0,1716612276.0,C4.5,No extracted HEL1OS files on disk for date,"cdte1, cdte2, czt1, czt2",True,6,High (Download script exists on PRADAN)
172,20240525,1716613475.0,1716613385.0,1716613868.0,C4.5,No extracted HEL1OS files on disk for date,"cdte1, cdte2, czt1, czt2",True,6,High (Download script exists on PRADAN)
173,20240525,1716625119.0,1716624937.0,1716625274.0,C2.3,No extracted HEL1OS files on disk for date,"cdte1, cdte2, czt1, czt2",True,6,High (Download script exists on PRADAN)
174,20240525,1716657931.0,1716657768.0,1716658584.0,C5.8,No extracted HEL1OS files on disk for date,"cdte1, cdte2, czt1, czt2",True,6,High (Download script exists on PRADAN)
175,20240526,1716684498.0,1716684194.0,1716685183.0,C3.9,No extracted HEL1OS files on disk for date,"cdte1, cdte2, czt1, czt2",True,6,High (Download script exists on PRADAN)
176,20240526,1716691410.0,1716690871.0,1716691548.0,C2.5,No extracted HEL1OS files on disk for date,"cdte1, cdte2, czt1, czt2",True,6,High (Download script exists on PRADAN)
177,20240526,1716716216.0,1716715860.0,1716717583.0,C5.2,No extracted HEL1OS files on disk for date,"cdte1, cdte2, czt1, czt2",True,6,High (Download script exists on PRADAN)
178,20240526,1716727188.0,1716726765.0,1716727231.0,C2.4,No extracted HEL1OS files on disk for date,"cdte1, cdte2, czt1, czt2",True,6,High (Download script exists on PRADAN)
179,20240526,1716728552.0,1716728446.0,1716728592.0,C2.4,No extracted HEL1OS files on disk for date,"cdte1, cdte2, czt1, czt2",True,6,High (Download script exists on PRADAN)
180,20240526,1716732761.0,1716732248.0,1716733428.0,C5.4,No extracted HEL1OS files on disk for date,"cdte1, cdte2, czt1, czt2",True,6,High (Download script exists on PRADAN)
181,20240526,1716739704.0,1716739394.0,1716740167.0,C3.3,No extracted HEL1OS files on disk for date,"cdte1, cdte2, czt1, czt2",True,6,High (Download script exists on PRADAN)
182,20240526,1716741696.0,1716741349.0,1716742152.0,C5.9,No extracted HEL1OS files on disk for date,"cdte1, cdte2, czt1, czt2",True,6,High (Download script exists on PRADAN)
183,20240526,1716743110.0,1716742757.0,1716744087.0,C7.4,No extracted HEL1OS files on disk for date,"cdte1, cdte2, czt1, czt2",True,6,High (Download script exists on PRADAN)
184,20240526,1716744346.0,1716744246.0,1716744538.0,C7.4,No extracted HEL1OS files on disk for date,"cdte1, cdte2, czt1, czt2",True,6,High (Download script exists on PRADAN)
185,20240526,1716744851.0,1716744710.0,1716744963.0,C7.4,No extracted HEL1OS files on disk for date,"cdte1, cdte2, czt1, czt2",True,6,High (Download script exists on PRADAN)
186,20240526,1716748710.0,1716748651.0,1716748868.0,UNMATCHED,No extracted HEL1OS files on disk for date,"cdte1, cdte2, czt1, czt2",True,6,High (Download script exists on PRADAN)
187,20240527,1716769147.0,1716768959.0,1716769319.0,UNMATCHED,No extracted HEL1OS files on disk for date,"cdte1, cdte2, czt1, czt2",True,6,High (Download script exists on PRADAN)
188,20240527,1716772927.0,1716772394.0,1716773354.0,C3.8,No extracted HEL1OS files on disk for date,"cdte1, cdte2, czt1, czt2",True,6,High (Download script exists on PRADAN)
189,20240527,1716774570.0,1716774318.0,1716775217.0,C4.4,No extracted HEL1OS files on disk for date,"cdte1, cdte2, czt1, czt2",True,6,High (Download script exists on PRADAN)
190,20240527,1716777546.0,1716776972.0,1716777632.0,UNMATCHED,No extracted HEL1OS files on disk for date,"cdte1, cdte2, czt1, czt2",True,6,High (Download script exists on PRADAN)
191,20240527,1716779560.0,1716778831.0,1716779580.0,C6.9,No extracted HEL1OS files on disk for date,"cdte1, cdte2, czt1, czt2",True,6,High (Download script exists on PRADAN)
192,20240527,1716781179.0,1716781131.0,1716781207.0,C6.9,No extracted HEL1OS files on disk for date,"cdte1, cdte2, czt1, czt2",True,6,High (Download script exists on PRADAN)
193,20240527,1716783890.0,1716783665.0,1716784237.0,C5.5,No extracted HEL1OS files on disk for date,"cdte1, cdte2, czt1, czt2",True,6,High (Download script exists on PRADAN)
194,20240527,1716785078.0,1716785068.0,1716785136.0,C5.5,No extracted HEL1OS files on disk for date,"cdte1, cdte2, czt1, czt2",True,6,High (Download script exists on PRADAN)
195,20240527,1716788551.0,1716788492.0,1716788739.0,C2.8,No extracted HEL1OS files on disk for date,"cdte1, cdte2, czt1, czt2",True,6,High (Download script exists on PRADAN)
196,20240527,1716793677.0,1716792795.0,1716799713.0,X2.8,No extracted HEL1OS files on disk for date,"cdte1, cdte2, czt1, czt2",True,6,High (Download script exists on PRADAN)
197,20240527,1716800707.0,1716800652.0,1716801291.0,UNMATCHED,No extracted HEL1OS files on disk for date,"cdte1, cdte2, czt1, czt2",True,6,High (Download script exists on PRADAN)
198,20240527,1716811773.0,1716811629.0,1716812360.0,C6.7,No extracted HEL1OS files on disk for date,"cdte1, cdte2, czt1, czt2",True,6,High (Download script exists on PRADAN)
199,20240527,1716840762.0,1716840617.0,1716840972.0,UNMATCHED,No extracted HEL1OS files on disk for date,"cdte1, cdte2, czt1, czt2",True,6,High (Download script exists on PRADAN)
200,20240528,1716856807.0,1716856389.0,1716857118.0,UNMATCHED,No extracted HEL1OS files on disk for date,"cdte1, cdte2, czt1, czt2",True,6,High (Download script exists on PRADAN)
201,20240528,1716858293.0,1716858230.0,1716858383.0,C7.6,No extracted HEL1OS files on disk for date,"cdte1, cdte2, czt1, czt2",True,6,High (Download script exists on PRADAN)
202,20240528,1716859991.0,1716859808.0,1716860928.0,C7.6,No extracted HEL1OS files on disk for date,"cdte1, cdte2, czt1, czt2",True,6,High (Download script exists on PRADAN)
203,20240528,1716864730.0,1716864662.0,1716864791.0,UNMATCHED,No extracted HEL1OS files on disk for date,"cdte1, cdte2, czt1, czt2",True,6,High (Download script exists on PRADAN)
204,20240528,1716866611.0,1716866461.0,1716866970.0,C3.6,No extracted HEL1OS files on disk for date,"cdte1, cdte2, czt1, czt2",True,6,High (Download script exists on PRADAN)
205,20240528,1716867784.0,1716867627.0,1716868625.0,C7.8,No extracted HEL1OS files on disk for date,"cdte1, cdte2, czt1, czt2",True,6,High (Download script exists on PRADAN)
206,20240528,1716872964.0,1716872727.0,1716873413.0,C4.3,No extracted HEL1OS files on disk for date,"cdte1, cdte2, czt1, czt2",True,6,High (Download script exists on PRADAN)
207,20240528,1716878152.0,1716877969.0,1716878196.0,C3.0,No extracted HEL1OS files on disk for date,"cdte1, cdte2, czt1, czt2",True,6,High (Download script exists on PRADAN)
208,20240528,1716878555.0,1716878412.0,1716878979.0,C4.1,No extracted HEL1OS files on disk for date,"cdte1, cdte2, czt1, czt2",True,6,High (Download script exists on PRADAN)
209,20240528,1716883338.0,1716882303.0,1716883650.0,C3.8,No extracted HEL1OS files on disk for date,"cdte1, cdte2, czt1, czt2",True,6,High (Download script exists on PRADAN)
210,20240528,1716887466.0,1716886978.0,1716887714.0,C4.9,No extracted HEL1OS files on disk for date,"cdte1, cdte2, czt1, czt2",True,6,High (Download script exists on PRADAN)
211,20240528,1716889000.0,1716888873.0,1716889191.0,C5.6,No extracted HEL1OS files on disk for date,"cdte1, cdte2, czt1, czt2",True,6,High (Download script exists on PRADAN)
212,20240528,1716889913.0,1716889872.0,1716889990.0,C5.6,No extracted HEL1OS files on disk for date,"cdte1, cdte2, czt1, czt2",True,6,High (Download script exists on PRADAN)
213,20240528,1716891873.0,1716891661.0,1716892387.0,C7.5,No extracted HEL1OS files on disk for date,"cdte1, cdte2, czt1, czt2",True,6,High (Download script exists on PRADAN)
214,20240528,1716893135.0,1716892911.0,1716893815.0,C8.5,No extracted HEL1OS files on disk for date,"cdte1, cdte2, czt1, czt2",True,6,High (Download script exists on PRADAN)
215,20240528,1716897709.0,1716897479.0,1716898205.0,C5.4,No extracted HEL1OS files on disk for date,"cdte1, cdte2, czt1, czt2",True,6,High (Download script exists on PRADAN)
216,20240528,1716899372.0,1716899140.0,1716899940.0,C5.6,No extracted HEL1OS files on disk for date,"cdte1, cdte2, czt1, czt2",True,6,High (Download script exists on PRADAN)
217,20240528,1716903954.0,1716903662.0,1716904335.0,C4.5,No extracted HEL1OS files on disk for date,"cdte1, cdte2, czt1, czt2",True,6,High (Download script exists on PRADAN)
218,20240528,1716904747.0,1716904662.0,1716905048.0,C5.1,No extracted HEL1OS files on disk for date,"cdte1, cdte2, czt1, czt2",True,6,High (Download script exists on PRADAN)
219,20240528,1716908127.0,1716908065.0,1716908731.0,C6.0,No extracted HEL1OS files on disk for date,"cdte1, cdte2, czt1, czt2",True,6,High (Download script exists on PRADAN)
220,20240528,1716909853.0,1716909733.0,1716910233.0,C4.7,No extracted HEL1OS files on disk for date,"cdte1, cdte2, czt1, czt2",True,6,High (Download script exists on PRADAN)
221,20240528,1716912087.0,1716911940.0,1716912324.0,C3.4,No extracted HEL1OS files on disk for date,"cdte1, cdte2, czt1, czt2",True,6,High (Download script exists on PRADAN)
222,20240528,1716913896.0,1716913734.0,1716913923.0,C3.4,No extracted HEL1OS files on disk for date,"cdte1, cdte2, czt1, czt2",True,6,High (Download script exists on PRADAN)
223,20240528,1716916246.0,1716916122.0,1716916389.0,UNMATCHED,No extracted HEL1OS files on disk for date,"cdte1, cdte2, czt1, czt2",True,6,High (Download script exists on PRADAN)
224,20240528,1716917133.0,1716916961.0,1716917427.0,UNMATCHED,No extracted HEL1OS files on disk for date,"cdte1, cdte2, czt1, czt2",True,6,High (Download script exists on PRADAN)
225,20240528,1716919532.0,1716919392.0,1716919791.0,C3.9,No extracted HEL1OS files on disk for date,"cdte1, cdte2, czt1, czt2",True,6,High (Download script exists on PRADAN)
226,20240528,1716921683.0,1716921548.0,1716922294.0,C8.9,No extracted HEL1OS files on disk for date,"cdte1, cdte2, czt1, czt2",True,6,High (Download script exists on PRADAN)
227,20240528,1716923126.0,1716922867.0,1716923353.0,C8.9,No extracted HEL1OS files on disk for date,"cdte1, cdte2, czt1, czt2",True,6,High (Download script exists on PRADAN)
228,20240528,1716925761.0,1716925558.0,1716926510.0,C7.2,No extracted HEL1OS files on disk for date,"cdte1, cdte2, czt1, czt2",True,6,High (Download script exists on PRADAN)
229,20240528,1716929884.0,1716929723.0,1716929944.0,C3.8,No extracted HEL1OS files on disk for date,"cdte1, cdte2, czt1, czt2",True,6,High (Download script exists on PRADAN)
230,20240528,1716930740.0,1716930624.0,1716931122.0,C3.8,No extracted HEL1OS files on disk for date,"cdte1, cdte2, czt1, czt2",True,6,High (Download script exists on PRADAN)
231,20240528,1716931752.0,1716931719.0,1716931797.0,C3.7,No extracted HEL1OS files on disk for date,"cdte1, cdte2, czt1, czt2",True,6,High (Download script exists on PRADAN)
232,20240528,1716933471.0,1716933335.0,1716934050.0,C4.2,No extracted HEL1OS files on disk for date,"cdte1, cdte2, czt1, czt2",True,6,High (Download script exists on PRADAN)
233,20240528,1716934940.0,1716934877.0,1716934982.0,C3.9,No extracted HEL1OS files on disk for date,"cdte1, cdte2, czt1, czt2",True,6,High (Download script exists on PRADAN)
234,20240528,1716939406.0,1716939124.0,1716939995.0,C8.0,No extracted HEL1OS files on disk for date,"cdte1, cdte2, czt1, czt2",True,6,High (Download script exists on PRADAN)
235,20240529,1716941838.0,1716941738.0,1716942334.0,C6.7,No extracted HEL1OS files on disk for date,"cdte1, cdte2, czt1, czt2",True,4,High (Download script exists on PRADAN)
236,20240529,1716942995.0,1716942963.0,1716943027.0,C6.5,No extracted HEL1OS files on disk for date,"cdte1, cdte2, czt1, czt2",True,4,High (Download script exists on PRADAN)
237,20240529,1716943244.0,1716943217.0,1716943288.0,C6.5,No extracted HEL1OS files on disk for date,"cdte1, cdte2, czt1, czt2",True,4,High (Download script exists on PRADAN)
238,20240529,1716944747.0,1716944602.0,1716945514.0,M1.3,No extracted HEL1OS files on disk for date,"cdte1, cdte2, czt1, czt2",True,4,High (Download script exists on PRADAN)
239,20240529,1716958829.0,1716958757.0,1716958975.0,UNMATCHED,No extracted HEL1OS files on disk for date,"cdte1, cdte2, czt1, czt2",True,4,High (Download script exists on PRADAN)
240,20240529,1716965122.0,1716964680.0,1716965717.0,M1.4,No extracted HEL1OS files on disk for date,"cdte1, cdte2, czt1, czt2",True,4,High (Download script exists on PRADAN)
241,20240529,1716966384.0,1716966201.0,1716967132.0,M1.4,No extracted HEL1OS files on disk for date,"cdte1, cdte2, czt1, czt2",True,4,High (Download script exists on PRADAN)
242,20240529,1716968188.0,1716968099.0,1716968388.0,UNMATCHED,No extracted HEL1OS files on disk for date,"cdte1, cdte2, czt1, czt2",True,4,High (Download script exists on PRADAN)
243,20240529,1716975143.0,1716974841.0,1716975588.0,C8.2,No extracted HEL1OS files on disk for date,"cdte1, cdte2, czt1, czt2",True,4,High (Download script exists on PRADAN)
244,20240529,1716976477.0,1716976321.0,1716976671.0,C8.2,No extracted HEL1OS files on disk for date,"cdte1, cdte2, czt1, czt2",True,4,High (Download script exists on PRADAN)
245,20240529,1716978266.0,1716978127.0,1716978530.0,UNMATCHED,No extracted HEL1OS files on disk for date,"cdte1, cdte2, czt1, czt2",True,4,High (Download script exists on PRADAN)
246,20240529,1716981678.0,1716981369.0,1716982543.0,M1.8,No extracted HEL1OS files on disk for date,"cdte1, cdte2, czt1, czt2",True,4,High (Download script exists on PRADAN)
247,20240529,1716987312.0,1716986905.0,1716988863.0,M2.5,No extracted HEL1OS files on disk for date,"cdte1, cdte2, czt1, czt2",True,4,High (Download script exists on PRADAN)
248,20240529,1716993941.0,1716990987.0,1716997916.0,X1.4,No extracted HEL1OS files on disk for date,"cdte1, cdte2, czt1, czt2",True,4,High (Download script exists on PRADAN)
249,20240529,1716999684.0,1716999560.0,1717003730.0,UNMATCHED,No extracted HEL1OS files on disk for date,"cdte1, cdte2, czt1, czt2",True,4,High (Download script exists on PRADAN)
250,20240529,1717003994.0,1717003981.0,1717004097.0,UNMATCHED,No extracted HEL1OS files on disk for date,"cdte1, cdte2, czt1, czt2",True,4,High (Download script exists on PRADAN)
251,20240529,1717004374.0,1717004306.0,1717004582.0,UNMATCHED,No extracted HEL1OS files on disk for date,"cdte1, cdte2, czt1, czt2",True,4,High (Download script exists on PRADAN)
252,20240529,1717005028.0,1717004900.0,1717005464.0,UNMATCHED,No extracted HEL1OS files on disk for date,"cdte1, cdte2, czt1, czt2",True,4,High (Download script exists on PRADAN)
253,20240529,1717008074.0,1717006685.0,1717009183.0,M5.7,No extracted HEL1OS files on disk for date,"cdte1, cdte2, czt1, czt2",True,4,High (Download script exists on PRADAN)
254,20240529,1717009852.0,1717009611.0,1717010741.0,M5.7,No extracted HEL1OS files on disk for date,"cdte1, cdte2, czt1, czt2",True,4,High (Download script exists on PRADAN)
255,20240529,1717013413.0,1717013200.0,1717013874.0,UNMATCHED,No extracted HEL1OS files on disk for date,"cdte1, cdte2, czt1, czt2",True,4,High (Download script exists on PRADAN)
256,20240529,1717018684.0,1717018374.0,1717018900.0,UNMATCHED,No extracted HEL1OS files on disk for date,"cdte1, cdte2, czt1, czt2",True,4,High (Download script exists on PRADAN)
257,20240529,1717022812.0,1717022483.0,1717023312.0,UNMATCHED,No extracted HEL1OS files on disk for date,"cdte1, cdte2, czt1, czt2",True,4,High (Download script exists on PRADAN)
258,20240530,1717040432.0,1717039179.0,1717040469.0,C4.9,No extracted HEL1OS files on disk for date,"cdte1, cdte2, czt1, czt2",True,6,High (Download script exists on PRADAN)
259,20240530,1717053195.0,1717052120.0,1717053926.0,M1.0,No extracted HEL1OS files on disk for date,"cdte1, cdte2, czt1, czt2",True,6,High (Download script exists on PRADAN)
260,20240530,1717054812.0,1717054791.0,1717054870.0,M1.0,No extracted HEL1OS files on disk for date,"cdte1, cdte2, czt1, czt2",True,6,High (Download script exists on PRADAN)
261,20240530,1717055061.0,1717055034.0,1717055517.0,UNMATCHED,No extracted HEL1OS files on disk for date,"cdte1, cdte2, czt1, czt2",True,6,High (Download script exists on PRADAN)
262,20240530,1717089969.0,1717089942.0,1717090061.0,UNMATCHED,No extracted HEL1OS files on disk for date,"cdte1, cdte2, czt1, czt2",True,6,High (Download script exists on PRADAN)
263,20240530,1717094743.0,1717094533.0,1717095462.0,C6.8,No extracted HEL1OS files on disk for date,"cdte1, cdte2, czt1, czt2",True,6,High (Download script exists on PRADAN)
264,20240530,1717095937.0,1717095861.0,1717096054.0,C6.8,No extracted HEL1OS files on disk for date,"cdte1, cdte2, czt1, czt2",True,6,High (Download script exists on PRADAN)
265,20240531,1717114898.0,1717114565.0,1717115240.0,C2.8,No extracted HEL1OS files on disk for date,"cdte1, cdte2, czt1, czt2",True,6,High (Download script exists on PRADAN)
266,20240531,1717118880.0,1717118843.0,1717118928.0,UNMATCHED,No extracted HEL1OS files on disk for date,"cdte1, cdte2, czt1, czt2",True,6,High (Download script exists on PRADAN)
267,20240531,1717122858.0,1717122401.0,1717123700.0,C7.5,No extracted HEL1OS files on disk for date,"cdte1, cdte2, czt1, czt2",True,6,High (Download script exists on PRADAN)
268,20240531,1717124413.0,1717124343.0,1717124759.0,C7.5,No extracted HEL1OS files on disk for date,"cdte1, cdte2, czt1, czt2",True,6,High (Download script exists on PRADAN)
269,20240531,1717126631.0,1717126334.0,1717127849.0,C9.8,No extracted HEL1OS files on disk for date,"cdte1, cdte2, czt1, czt2",True,6,High (Download script exists on PRADAN)
270,20240531,1717130292.0,1717129916.0,1717130529.0,C2.6,No extracted HEL1OS files on disk for date,"cdte1, cdte2, czt1, czt2",True,6,High (Download script exists on PRADAN)
271,20240531,1717130684.0,1717130670.0,1717130736.0,C2.7,No extracted HEL1OS files on disk for date,"cdte1, cdte2, czt1, czt2",True,6,High (Download script exists on PRADAN)
272,20240531,1717136466.0,1717136282.0,1717136816.0,C2.5,No extracted HEL1OS files on disk for date,"cdte1, cdte2, czt1, czt2",True,6,High (Download script exists on PRADAN)
273,20240531,1717138034.0,1717138024.0,1717138178.0,C2.6,No extracted HEL1OS files on disk for date,"cdte1, cdte2, czt1, czt2",True,6,High (Download script exists on PRADAN)
274,20240531,1717139441.0,1717139382.0,1717139562.0,C2.6,No extracted HEL1OS files on disk for date,"cdte1, cdte2, czt1, czt2",True,6,High (Download script exists on PRADAN)
275,20240531,1717146355.0,1717145958.0,1717146411.0,C2.2,No extracted HEL1OS files on disk for date,"cdte1, cdte2, czt1, czt2",True,6,High (Download script exists on PRADAN)
276,20240531,1717150846.0,1717150789.0,1717150853.0,UNMATCHED,No extracted HEL1OS files on disk for date,"cdte1, cdte2, czt1, czt2",True,6,High (Download script exists on PRADAN)
277,20240531,1717154433.0,1717153978.0,1717155637.0,M1.0,No extracted HEL1OS files on disk for date,"cdte1, cdte2, czt1, czt2",True,6,High (Download script exists on PRADAN)
278,20240531,1717159268.0,1717159131.0,1717159931.0,C5.4,No extracted HEL1OS files on disk for date,"cdte1, cdte2, czt1, czt2",True,6,High (Download script exists on PRADAN)
279,20240531,1717169339.0,1717169125.0,1717169527.0,UNMATCHED,No extracted HEL1OS files on disk for date,"cdte1, cdte2, czt1, czt2",True,6,High (Download script exists on PRADAN)
280,20240531,1717171894.0,1717171777.0,1717172644.0,C8.0,No extracted HEL1OS files on disk for date,"cdte1, cdte2, czt1, czt2",True,6,High (Download script exists on PRADAN)
281,20240531,1717173683.0,1717173557.0,1717173927.0,C3.6,No extracted HEL1OS files on disk for date,"cdte1, cdte2, czt1, czt2",True,6,High (Download script exists on PRADAN)
282,20240531,1717175453.0,1717175386.0,1717175487.0,C5.6,No extracted HEL1OS files on disk for date,"cdte1, cdte2, czt1, czt2",True,6,High (Download script exists on PRADAN)
283,20240531,1717176324.0,1717175771.0,1717177160.0,C5.6,No extracted HEL1OS files on disk for date,"cdte1, cdte2, czt1, czt2",True,6,High (Download script exists on PRADAN)
284,20240531,1717178931.0,1717178848.0,1717179022.0,C3.4,No extracted HEL1OS files on disk for date,"cdte1, cdte2, czt1, czt2",True,6,High (Download script exists on PRADAN)
285,20240531,1717187212.0,1717186729.0,1717187593.0,C3.5,No extracted HEL1OS files on disk for date,"cdte1, cdte2, czt1, czt2",True,6,High (Download script exists on PRADAN)
286,20240531,1717192978.0,1717192590.0,1717196034.0,X1.1,No extracted HEL1OS files on disk for date,"cdte1, cdte2, czt1, czt2",True,6,High (Download script exists on PRADAN)
287,20240531,1717196457.0,1717196395.0,1717196508.0,UNMATCHED,No extracted HEL1OS files on disk for date,"cdte1, cdte2, czt1, czt2",True,6,High (Download script exists on PRADAN)
288,20260506,1778042789.0,1778042439.0,1778042965.0,C1.0,No extracted HEL1OS files on disk for date,"cdte1, cdte2, czt1, czt2",False,0,Low/Unknown (Not in current PRADAN script)
289,20260506,1778088264.0,1778088148.0,1778088449.0,C1.4,No extracted HEL1OS files on disk for date,"cdte1, cdte2, czt1, czt2",False,0,Low/Unknown (Not in current PRADAN script)
290,20260507,1778118664.0,1778117486.0,1778118677.0,C4.5,No extracted HEL1OS files on disk for date,"cdte1, cdte2, czt1, czt2",False,0,Low/Unknown (Not in current PRADAN script)
291,20260507,1778150687.0,1778150532.0,1778151336.0,C2.3,No extracted HEL1OS files on disk for date,"cdte1, cdte2, czt1, czt2",False,0,Low/Unknown (Not in current PRADAN script)
292,20260507,1778158757.0,1778158672.0,1778158940.0,C1.5,No extracted HEL1OS files on disk for date,"cdte1, cdte2, czt1, czt2",False,0,Low/Unknown (Not in current PRADAN script)
293,20260507,1778166929.0,1778163642.0,1778169144.0,M2.6,No extracted HEL1OS files on disk for date,"cdte1, cdte2, czt1, czt2",False,0,Low/Unknown (Not in current PRADAN script)
294,20260507,1778169329.0,1778169293.0,1778170146.0,UNMATCHED,No extracted HEL1OS files on disk for date,"cdte1, cdte2, czt1, czt2",False,0,Low/Unknown (Not in current PRADAN script)
295,20260507,1778172447.0,1778172374.0,1778172640.0,UNMATCHED,No extracted HEL1OS files on disk for date,"cdte1, cdte2, czt1, czt2",False,0,Low/Unknown (Not in current PRADAN script)
296,20260507,1778176608.0,1778176128.0,1778178054.0,C6.0,No extracted HEL1OS files on disk for date,"cdte1, cdte2, czt1, czt2",False,0,Low/Unknown (Not in current PRADAN script)
297,20260507,1778197514.0,1778197470.0,1778197545.0,UNMATCHED,No extracted HEL1OS files on disk for date,"cdte1, cdte2, czt1, czt2",False,0,Low/Unknown (Not in current PRADAN script)
298,20260508,1778255459.0,1778255133.0,1778256202.0,C4.2,No extracted HEL1OS files on disk for date,"cdte1, cdte2, czt1, czt2",False,0,Low/Unknown (Not in current PRADAN script)
299,20260508,1778256934.0,1778256806.0,1778257004.0,C4.2,No extracted HEL1OS files on disk for date,"cdte1, cdte2, czt1, czt2",False,0,Low/Unknown (Not in current PRADAN script)
300,20260508,1778263430.0,1778263247.0,1778263544.0,C1.5,No extracted HEL1OS files on disk for date,"cdte1, cdte2, czt1, czt2",False,0,Low/Unknown (Not in current PRADAN script)
301,20260508,1778264698.0,1778264671.0,1778264757.0,C1.1,No extracted HEL1OS files on disk for date,"cdte1, cdte2, czt1, czt2",False,0,Low/Unknown (Not in current PRADAN script)
302,20260508,1778267251.0,1778267134.0,1778267365.0,C2.1,No extracted HEL1OS files on disk for date,"cdte1, cdte2, czt1, czt2",False,0,Low/Unknown (Not in current PRADAN script)
303,20260508,1778268052.0,1778268021.0,1778268101.0,C1.2,No extracted HEL1OS files on disk for date,"cdte1, cdte2, czt1, czt2",False,0,Low/Unknown (Not in current PRADAN script)
304,20260508,1778268404.0,1778268350.0,1778268410.0,C1.2,No extracted HEL1OS files on disk for date,"cdte1, cdte2, czt1, czt2",False,0,Low/Unknown (Not in current PRADAN script)
305,20260508,1778271648.0,1778271156.0,1778272087.0,C2.6,No extracted HEL1OS files on disk for date,"cdte1, cdte2, czt1, czt2",False,0,Low/Unknown (Not in current PRADAN script)
306,20260508,1778272925.0,1778272895.0,1778273051.0,C2.6,No extracted HEL1OS files on disk for date,"cdte1, cdte2, czt1, czt2",False,0,Low/Unknown (Not in current PRADAN script)
307,20260508,1778282940.0,1778282647.0,1778283590.0,C2.4,No extracted HEL1OS files on disk for date,"cdte1, cdte2, czt1, czt2",False,0,Low/Unknown (Not in current PRADAN script)
308,20260509,1778286105.0,1778285996.0,1778286297.0,C1.3,No extracted HEL1OS files on disk for date,"cdte1, cdte2, czt1, czt2",False,0,Low/Unknown (Not in current PRADAN script)
309,20260509,1778293757.0,1778293338.0,1778294194.0,C2.1,No extracted HEL1OS files on disk for date,"cdte1, cdte2, czt1, czt2",False,0,Low/Unknown (Not in current PRADAN script)
310,20260509,1778297461.0,1778297290.0,1778297984.0,C2.3,No extracted HEL1OS files on disk for date,"cdte1, cdte2, czt1, czt2",False,0,Low/Unknown (Not in current PRADAN script)
311,20260509,1778308384.0,1778307943.0,1778308849.0,C1.5,No extracted HEL1OS files on disk for date,"cdte1, cdte2, czt1, czt2",False,0,Low/Unknown (Not in current PRADAN script)
312,20260509,1778313728.0,1778313600.0,1778313988.0,C1.6,No extracted HEL1OS files on disk for date,"cdte1, cdte2, czt1, czt2",False,0,Low/Unknown (Not in current PRADAN script)
313,20260509,1778318652.0,1778318595.0,1778318711.0,C1.2,No extracted HEL1OS files on disk for date,"cdte1, cdte2, czt1, czt2",False,0,Low/Unknown (Not in current PRADAN script)
314,20260509,1778332777.0,1778332714.0,1778332823.0,C1.3,No extracted HEL1OS files on disk for date,"cdte1, cdte2, czt1, czt2",False,0,Low/Unknown (Not in current PRADAN script)
315,20260509,1778336122.0,1778335895.0,1778336139.0,C1.5,No extracted HEL1OS files on disk for date,"cdte1, cdte2, czt1, czt2",False,0,Low/Unknown (Not in current PRADAN script)
316,20260509,1778337431.0,1778337302.0,1778337738.0,C1.5,No extracted HEL1OS files on disk for date,"cdte1, cdte2, czt1, czt2",False,0,Low/Unknown (Not in current PRADAN script)
317,20260509,1778340405.0,1778340246.0,1778340824.0,C1.5,No extracted HEL1OS files on disk for date,"cdte1, cdte2, czt1, czt2",False,0,Low/Unknown (Not in current PRADAN script)
318,20260509,1778352887.0,1778352857.0,1778352928.0,C1.2,No extracted HEL1OS files on disk for date,"cdte1, cdte2, czt1, czt2",False,0,Low/Unknown (Not in current PRADAN script)
319,20260509,1778363251.0,1778362925.0,1778363395.0,C2.0,No extracted HEL1OS files on disk for date,"cdte1, cdte2, czt1, czt2",False,0,Low/Unknown (Not in current PRADAN script)
320,20260510,1778380388.0,1778380341.0,1778380464.0,C1.6,No extracted HEL1OS files on disk for date,"cdte1, cdte2, czt1, czt2",False,0,Low/Unknown (Not in current PRADAN script)
321,20260510,1778380797.0,1778380669.0,1778380970.0,C2.0,No extracted HEL1OS files on disk for date,"cdte1, cdte2, czt1, czt2",False,0,Low/Unknown (Not in current PRADAN script)
322,20260510,1778389477.0,1778389365.0,1778389824.0,C2.0,No extracted HEL1OS files on disk for date,"cdte1, cdte2, czt1, czt2",False,0,Low/Unknown (Not in current PRADAN script)
323,20260510,1778395250.0,1778395053.0,1778395504.0,C1.4,No extracted HEL1OS files on disk for date,"cdte1, cdte2, czt1, czt2",False,0,Low/Unknown (Not in current PRADAN script)
324,20260510,1778398388.0,1778398247.0,1778398757.0,C2.0,No extracted HEL1OS files on disk for date,"cdte1, cdte2, czt1, czt2",False,0,Low/Unknown (Not in current PRADAN script)
325,20260510,1778405072.0,1778404936.0,1778405310.0,C1.9,No extracted HEL1OS files on disk for date,"cdte1, cdte2, czt1, czt2",False,0,Low/Unknown (Not in current PRADAN script)
326,20260510,1778405985.0,1778405727.0,1778406322.0,C3.7,No extracted HEL1OS files on disk for date,"cdte1, cdte2, czt1, czt2",False,0,Low/Unknown (Not in current PRADAN script)
327,20260510,1778409788.0,1778409682.0,1778409939.0,C1.1,No extracted HEL1OS files on disk for date,"cdte1, cdte2, czt1, czt2",False,0,Low/Unknown (Not in current PRADAN script)
328,20260510,1778417749.0,1778417708.0,1778417822.0,UNMATCHED,No extracted HEL1OS files on disk for date,"cdte1, cdte2, czt1, czt2",False,0,Low/Unknown (Not in current PRADAN script)
329,20260510,1778420352.0,1778419517.0,1778424637.0,M5.7,No extracted HEL1OS files on disk for date,"cdte1, cdte2, czt1, czt2",False,0,Low/Unknown (Not in current PRADAN script)
330,20260510,1778426420.0,1778426320.0,1778426600.0,UNMATCHED,No extracted HEL1OS files on disk for date,"cdte1, cdte2, czt1, czt2",False,0,Low/Unknown (Not in current PRADAN script)
331,20260510,1778447263.0,1778447172.0,1778447437.0,C1.3,No extracted HEL1OS files on disk for date,"cdte1, cdte2, czt1, czt2",False,0,Low/Unknown (Not in current PRADAN script)
332,20260510,1778455127.0,1778455012.0,1778455281.0,C1.3,No extracted HEL1OS files on disk for date,"cdte1, cdte2, czt1, czt2",False,0,Low/Unknown (Not in current PRADAN script)
333,20260511,1778460781.0,1778460726.0,1778460799.0,C1.0,No extracted HEL1OS files on disk for date,"cdte1, cdte2, czt1, czt2",False,0,Low/Unknown (Not in current PRADAN script)
334,20260511,1778488276.0,1778488130.0,1778488647.0,C1.4,No extracted HEL1OS files on disk for date,"cdte1, cdte2, czt1, czt2",False,0,Low/Unknown (Not in current PRADAN script)
335,20260511,1778500495.0,1778500366.0,1778500698.0,C1.2,No extracted HEL1OS files on disk for date,"cdte1, cdte2, czt1, czt2",False,0,Low/Unknown (Not in current PRADAN script)
336,20260511,1778508945.0,1778508734.0,1778509086.0,C1.8,No extracted HEL1OS files on disk for date,"cdte1, cdte2, czt1, czt2",False,0,Low/Unknown (Not in current PRADAN script)
337,20260512,1778547692.0,1778547276.0,1778547758.0,C1.3,No extracted HEL1OS files on disk for date,"cdte1, cdte2, czt1, czt2",False,0,Low/Unknown (Not in current PRADAN script)
338,20260512,1778578555.0,1778578392.0,1778578639.0,C1.1,No extracted HEL1OS files on disk for date,"cdte1, cdte2, czt1, czt2",False,0,Low/Unknown (Not in current PRADAN script)
339,20260512,1778581583.0,1778581396.0,1778581942.0,C1.3,No extracted HEL1OS files on disk for date,"cdte1, cdte2, czt1, czt2",False,0,Low/Unknown (Not in current PRADAN script)
340,20260512,1778590147.0,1778590030.0,1778590294.0,C2.0,No extracted HEL1OS files on disk for date,"cdte1, cdte2, czt1, czt2",False,0,Low/Unknown (Not in current PRADAN script)
341,20260512,1778597924.0,1778597828.0,1778598018.0,C1.3,No extracted HEL1OS files on disk for date,"cdte1, cdte2, czt1, czt2",False,0,Low/Unknown (Not in current PRADAN script)
342,20260512,1778606244.0,1778606155.0,1778606332.0,C1.5,No extracted HEL1OS files on disk for date,"cdte1, cdte2, czt1, czt2",False,0,Low/Unknown (Not in current PRADAN script)
343,20260512,1778622522.0,1778622515.0,1778622576.0,C1.1,No extracted HEL1OS files on disk for date,"cdte1, cdte2, czt1, czt2",False,0,Low/Unknown (Not in current PRADAN script)
344,20260512,1778624255.0,1778624194.0,1778624340.0,C1.0,No extracted HEL1OS files on disk for date,"cdte1, cdte2, czt1, czt2",False,0,Low/Unknown (Not in current PRADAN script)
345,20260513,1778637286.0,1778637000.0,1778637682.0,C2.1,No extracted HEL1OS files on disk for date,"cdte1, cdte2, czt1, czt2",False,0,Low/Unknown (Not in current PRADAN script)
346,20260513,1778654392.0,1778654246.0,1778654768.0,C2.3,No extracted HEL1OS files on disk for date,"cdte1, cdte2, czt1, czt2",False,0,Low/Unknown (Not in current PRADAN script)
347,20260513,1778668599.0,1778668512.0,1778668769.0,C1.5,No extracted HEL1OS files on disk for date,"cdte1, cdte2, czt1, czt2",False,0,Low/Unknown (Not in current PRADAN script)
348,20260513,1778691336.0,1778691089.0,1778691530.0,C2.0,No extracted HEL1OS files on disk for date,"cdte1, cdte2, czt1, czt2",False,0,Low/Unknown (Not in current PRADAN script)
349,20260513,1778692499.0,1778692307.0,1778692669.0,C2.0,No extracted HEL1OS files on disk for date,"cdte1, cdte2, czt1, czt2",False,0,Low/Unknown (Not in current PRADAN script)
350,20260513,1778694470.0,1778694407.0,1778694624.0,C1.4,No extracted HEL1OS files on disk for date,"cdte1, cdte2, czt1, czt2",False,0,Low/Unknown (Not in current PRADAN script)
351,20260513,1778695510.0,1778695479.0,1778695598.0,C1.4,No extracted HEL1OS files on disk for date,"cdte1, cdte2, czt1, czt2",False,0,Low/Unknown (Not in current PRADAN script)
352,20260513,1778701653.0,1778701337.0,1778701906.0,C1.4,No extracted HEL1OS files on disk for date,"cdte1, cdte2, czt1, czt2",False,0,Low/Unknown (Not in current PRADAN script)
353,20260514,1778724748.0,1778724671.0,1778724909.0,C1.6,No extracted HEL1OS files on disk for date,"cdte1, cdte2, czt1, czt2",False,0,Low/Unknown (Not in current PRADAN script)
354,20260514,1778730064.0,1778729487.0,1778730785.0,C2.6,No extracted HEL1OS files on disk for date,"cdte1, cdte2, czt1, czt2",False,0,Low/Unknown (Not in current PRADAN script)
355,20260514,1778736984.0,1778736290.0,1778737210.0,C1.9,No extracted HEL1OS files on disk for date,"cdte1, cdte2, czt1, czt2",False,0,Low/Unknown (Not in current PRADAN script)
356,20260514,1778738760.0,1778738630.0,1778738768.0,C1.6,No extracted HEL1OS files on disk for date,"cdte1, cdte2, czt1, czt2",False,0,Low/Unknown (Not in current PRADAN script)
357,20260514,1778740956.0,1778740660.0,1778741494.0,C5.5,No extracted HEL1OS files on disk for date,"cdte1, cdte2, czt1, czt2",False,0,Low/Unknown (Not in current PRADAN script)
358,20260514,1778742552.0,1778742407.0,1778742766.0,C5.5,No extracted HEL1OS files on disk for date,"cdte1, cdte2, czt1, czt2",False,0,Low/Unknown (Not in current PRADAN script)
359,20260514,1778748895.0,1778748824.0,1778748999.0,C1.2,No extracted HEL1OS files on disk for date,"cdte1, cdte2, czt1, czt2",False,0,Low/Unknown (Not in current PRADAN script)
360,20260514,1778750498.0,1778750155.0,1778750857.0,C2.5,No extracted HEL1OS files on disk for date,"cdte1, cdte2, czt1, czt2",False,0,Low/Unknown (Not in current PRADAN script)
361,20260514,1778756147.0,1778755848.0,1778756885.0,C2.5,No extracted HEL1OS files on disk for date,"cdte1, cdte2, czt1, czt2",False,0,Low/Unknown (Not in current PRADAN script)
362,20260514,1778758623.0,1778758258.0,1778759253.0,C3.8,No extracted HEL1OS files on disk for date,"cdte1, cdte2, czt1, czt2",False,0,Low/Unknown (Not in current PRADAN script)
363,20260514,1778769143.0,1778769093.0,1778769284.0,C1.3,No extracted HEL1OS files on disk for date,"cdte1, cdte2, czt1, czt2",False,0,Low/Unknown (Not in current PRADAN script)
364,20260514,1778780100.0,1778778582.0,1778780214.0,C4.4,No extracted HEL1OS files on disk for date,"cdte1, cdte2, czt1, czt2",False,0,Low/Unknown (Not in current PRADAN script)
365,20260514,1778797189.0,1778797103.0,1778797532.0,C1.5,No extracted HEL1OS files on disk for date,"cdte1, cdte2, czt1, czt2",False,0,Low/Unknown (Not in current PRADAN script)
366,20260515,1778809968.0,1778809916.0,1778810025.0,C1.0,No extracted HEL1OS files on disk for date,"cdte1, cdte2, czt1, czt2",False,0,Low/Unknown (Not in current PRADAN script)
367,20260515,1778814549.0,1778813988.0,1778814940.0,C3.3,No extracted HEL1OS files on disk for date,"cdte1, cdte2, czt1, czt2",False,0,Low/Unknown (Not in current PRADAN script)
368,20260515,1778819031.0,1778818984.0,1778819072.0,UNMATCHED,No extracted HEL1OS files on disk for date,"cdte1, cdte2, czt1, czt2",False,0,Low/Unknown (Not in current PRADAN script)
369,20260515,1778837780.0,1778837683.0,1778837966.0,B9.4,No extracted HEL1OS files on disk for date,"cdte1, cdte2, czt1, czt2",False,0,Low/Unknown (Not in current PRADAN script)
370,20260515,1778843467.0,1778843351.0,1778843695.0,B6.5,No extracted HEL1OS files on disk for date,"cdte1, cdte2, czt1, czt2",False,0,Low/Unknown (Not in current PRADAN script)
371,20260515,1778845860.0,1778845571.0,1778846175.0,C4.3,No extracted HEL1OS files on disk for date,"cdte1, cdte2, czt1, czt2",False,0,Low/Unknown (Not in current PRADAN script)
372,20260515,1778850829.0,1778850724.0,1778851329.0,C6.7,No extracted HEL1OS files on disk for date,"cdte1, cdte2, czt1, czt2",False,0,Low/Unknown (Not in current PRADAN script)
373,20260515,1778853083.0,1778852861.0,1778853315.0,C1.1,No extracted HEL1OS files on disk for date,"cdte1, cdte2, czt1, czt2",False,0,Low/Unknown (Not in current PRADAN script)
374,20260515,1778861689.0,1778861533.0,1778862343.0,C9.5,No extracted HEL1OS files on disk for date,"cdte1, cdte2, czt1, czt2",False,0,Low/Unknown (Not in current PRADAN script)
375,20260515,1778866812.0,1778866684.0,1778866934.0,B8.2,No extracted HEL1OS files on disk for date,"cdte1, cdte2, czt1, czt2",False,0,Low/Unknown (Not in current PRADAN script)
376,20260515,1778875585.0,1778875462.0,1778876003.0,B8.8,No extracted HEL1OS files on disk for date,"cdte1, cdte2, czt1, czt2",False,0,Low/Unknown (Not in current PRADAN script)
377,20260515,1778885399.0,1778885324.0,1778885691.0,C1.0,No extracted HEL1OS files on disk for date,"cdte1, cdte2, czt1, czt2",False,0,Low/Unknown (Not in current PRADAN script)
378,20260516,1778941569.0,1778941505.0,1778941717.0,C1.1,No extracted HEL1OS files on disk for date,"cdte1, cdte2, czt1, czt2",False,0,Low/Unknown (Not in current PRADAN script)
379,20260516,1778941943.0,1778941910.0,1778941973.0,C1.1,No extracted HEL1OS files on disk for date,"cdte1, cdte2, czt1, czt2",False,0,Low/Unknown (Not in current PRADAN script)
380,20260516,1778944355.0,1778944270.0,1778945006.0,C3.4,No extracted HEL1OS files on disk for date,"cdte1, cdte2, czt1, czt2",False,0,Low/Unknown (Not in current PRADAN script)
381,20260516,1778947949.0,1778947060.0,1778948334.0,M1.9,No extracted HEL1OS files on disk for date,"cdte1, cdte2, czt1, czt2",False,0,Low/Unknown (Not in current PRADAN script)
382,20260516,1778948927.0,1778948653.0,1778950674.0,M1.3,No extracted HEL1OS files on disk for date,"cdte1, cdte2, czt1, czt2",False,0,Low/Unknown (Not in current PRADAN script)
383,20260516,1778953305.0,1778953223.0,1778953812.0,M1.9,No extracted HEL1OS files on disk for date,"cdte1, cdte2, czt1, czt2",False,0,Low/Unknown (Not in current PRADAN script)
384,20260516,1778958420.0,1778958363.0,1778958660.0,C2.5,No extracted HEL1OS files on disk for date,"cdte1, cdte2, czt1, czt2",False,0,Low/Unknown (Not in current PRADAN script)
385,20260516,1778961807.0,1778961696.0,1778962283.0,C3.5,No extracted HEL1OS files on disk for date,"cdte1, cdte2, czt1, czt2",False,0,Low/Unknown (Not in current PRADAN script)
386,20260516,1778970426.0,1778970321.0,1778970460.0,C1.4,No extracted HEL1OS files on disk for date,"cdte1, cdte2, czt1, czt2",False,0,Low/Unknown (Not in current PRADAN script)
387,20260516,1778974176.0,1778973550.0,1778975162.0,C5.8,No extracted HEL1OS files on disk for date,"cdte1, cdte2, czt1, czt2",False,0,Low/Unknown (Not in current PRADAN script)
388,20260517,1778989117.0,1778988797.0,1778990457.0,M1.4,No extracted HEL1OS files on disk for date,"cdte1, cdte2, czt1, czt2",False,0,Low/Unknown (Not in current PRADAN script)
389,20260518,1779074966.0,1779074639.0,1779075188.0,B8.3,No extracted HEL1OS files on disk for date,"cdte1, cdte2, czt1, czt2",False,0,Low/Unknown (Not in current PRADAN script)
390,20260518,1779128847.0,1779128190.0,1779129328.0,C1.9,No extracted HEL1OS files on disk for date,"cdte1, cdte2, czt1, czt2",False,0,Low/Unknown (Not in current PRADAN script)
391,20260518,1779134376.0,1779134345.0,1779134536.0,B6.6,No extracted HEL1OS files on disk for date,"cdte1, cdte2, czt1, czt2",False,0,Low/Unknown (Not in current PRADAN script)
392,20260519,1779176371.0,1779176201.0,1779176891.0,C2.1,No extracted HEL1OS files on disk for date,"cdte1, cdte2, czt1, czt2",False,0,Low/Unknown (Not in current PRADAN script)
393,20260519,1779186398.0,1779186245.0,1779186608.0,B8.2,No extracted HEL1OS files on disk for date,"cdte1, cdte2, czt1, czt2",False,0,Low/Unknown (Not in current PRADAN script)
394,20260519,1779199701.0,1779199618.0,1779199807.0,B6.3,No extracted HEL1OS files on disk for date,"cdte1, cdte2, czt1, czt2",False,0,Low/Unknown (Not in current PRADAN script)
395,20260519,1779209476.0,1779209253.0,1779210067.0,C1.1,No extracted HEL1OS files on disk for date,"cdte1, cdte2, czt1, czt2",False,0,Low/Unknown (Not in current PRADAN script)
396,20260519,1779220811.0,1779220298.0,1779221247.0,C2.1,No extracted HEL1OS files on disk for date,"cdte1, cdte2, czt1, czt2",False,0,Low/Unknown (Not in current PRADAN script)
397,20260519,1779221667.0,1779221563.0,1779221875.0,C2.1,No extracted HEL1OS files on disk for date,"cdte1, cdte2, czt1, czt2",False,0,Low/Unknown (Not in current PRADAN script)
398,20260519,1779222921.0,1779222865.0,1779223175.0,UNMATCHED,No extracted HEL1OS files on disk for date,"cdte1, cdte2, czt1, czt2",False,0,Low/Unknown (Not in current PRADAN script)
399,20260519,1779225866.0,1779225578.0,1779226072.0,C1.0,No extracted HEL1OS files on disk for date,"cdte1, cdte2, czt1, czt2",False,0,Low/Unknown (Not in current PRADAN script)
400,20260519,1779228159.0,1779228094.0,1779228416.0,C1.4,No extracted HEL1OS files on disk for date,"cdte1, cdte2, czt1, czt2",False,0,Low/Unknown (Not in current PRADAN script)
401,20260520,1779271830.0,1779271661.0,1779271847.0,C1.0,No extracted HEL1OS files on disk for date,"cdte1, cdte2, czt1, czt2",False,0,Low/Unknown (Not in current PRADAN script)
402,20260521,1779369653.0,1779369402.0,1779370112.0,C5.5,No extracted HEL1OS files on disk for date,"cdte1, cdte2, czt1, czt2",False,0,Low/Unknown (Not in current PRADAN script)
403,20260521,1779381368.0,1779381306.0,1779381529.0,C1.0,No extracted HEL1OS files on disk for date,"cdte1, cdte2, czt1, czt2",False,0,Low/Unknown (Not in current PRADAN script)
404,20260521,1779387917.0,1779387059.0,1779389203.0,C9.5,No extracted HEL1OS files on disk for date,"cdte1, cdte2, czt1, czt2",False,0,Low/Unknown (Not in current PRADAN script)
405,20260521,1779393371.0,1779393108.0,1779393442.0,C1.2,No extracted HEL1OS files on disk for date,"cdte1, cdte2, czt1, czt2",False,0,Low/Unknown (Not in current PRADAN script)
406,20260523,1779503100.0,1779502956.0,1779503338.0,C1.6,No extracted HEL1OS files on disk for date,"cdte1, cdte2, czt1, czt2",False,0,Low/Unknown (Not in current PRADAN script)
407,20260523,1779506862.0,1779506732.0,1779507093.0,C1.3,No extracted HEL1OS files on disk for date,"cdte1, cdte2, czt1, czt2",False,0,Low/Unknown (Not in current PRADAN script)
408,20260523,1779508258.0,1779508183.0,1779508359.0,C1.4,No extracted HEL1OS files on disk for date,"cdte1, cdte2, czt1, czt2",False,0,Low/Unknown (Not in current PRADAN script)
409,20260523,1779515282.0,1779514930.0,1779515729.0,C3.6,No extracted HEL1OS files on disk for date,"cdte1, cdte2, czt1, czt2",False,0,Low/Unknown (Not in current PRADAN script)
410,20260523,1779520635.0,1779520475.0,1779520850.0,C2.1,No extracted HEL1OS files on disk for date,"cdte1, cdte2, czt1, czt2",False,0,Low/Unknown (Not in current PRADAN script)
411,20260523,1779527599.0,1779527532.0,1779527810.0,C1.9,No extracted HEL1OS files on disk for date,"cdte1, cdte2, czt1, czt2",False,0,Low/Unknown (Not in current PRADAN script)
412,20260523,1779536633.0,1779536517.0,1779536999.0,C2.9,No extracted HEL1OS files on disk for date,"cdte1, cdte2, czt1, czt2",False,0,Low/Unknown (Not in current PRADAN script)
413,20260523,1779545489.0,1779545364.0,1779545881.0,C2.3,No extracted HEL1OS files on disk for date,"cdte1, cdte2, czt1, czt2",False,0,Low/Unknown (Not in current PRADAN script)
414,20260523,1779548475.0,1779548225.0,1779548527.0,UNMATCHED,No extracted HEL1OS files on disk for date,"cdte1, cdte2, czt1, czt2",False,0,Low/Unknown (Not in current PRADAN script)
415,20260523,1779556448.0,1779556339.0,1779556583.0,C1.8,No extracted HEL1OS files on disk for date,"cdte1, cdte2, czt1, czt2",False,0,Low/Unknown (Not in current PRADAN script)
416,20260523,1779557968.0,1779557947.0,1779558663.0,C2.0,No extracted HEL1OS files on disk for date,"cdte1, cdte2, czt1, czt2",False,0,Low/Unknown (Not in current PRADAN script)
417,20260523,1779564311.0,1779563534.0,1779564315.0,C2.7,No extracted HEL1OS files on disk for date,"cdte1, cdte2, czt1, czt2",False,0,Low/Unknown (Not in current PRADAN script)
418,20260523,1779570367.0,1779570225.0,1779570685.0,C2.9,No extracted HEL1OS files on disk for date,"cdte1, cdte2, czt1, czt2",False,0,Low/Unknown (Not in current PRADAN script)
419,20260523,1779572181.0,1779571968.0,1779572640.0,C5.5,No extracted HEL1OS files on disk for date,"cdte1, cdte2, czt1, czt2",False,0,Low/Unknown (Not in current PRADAN script)
420,20260523,1779573863.0,1779573622.0,1779574215.0,C5.5,No extracted HEL1OS files on disk for date,"cdte1, cdte2, czt1, czt2",False,0,Low/Unknown (Not in current PRADAN script)
421,20260523,1779575455.0,1779575261.0,1779575872.0,C2.5,No extracted HEL1OS files on disk for date,"cdte1, cdte2, czt1, czt2",False,0,Low/Unknown (Not in current PRADAN script)
422,20260523,1779580789.0,1779580186.0,1779580799.0,C4.7,No extracted HEL1OS files on disk for date,"cdte1, cdte2, czt1, czt2",False,0,Low/Unknown (Not in current PRADAN script)
423,20260524,1779580801.0,1779580801.0,1779581588.0,C4.7,No extracted HEL1OS files on disk for date,"cdte1, cdte2, czt1, czt2",False,0,Low/Unknown (Not in current PRADAN script)
424,20260524,1779584678.0,1779584051.0,1779584939.0,C3.5,No extracted HEL1OS files on disk for date,"cdte1, cdte2, czt1, czt2",False,0,Low/Unknown (Not in current PRADAN script)
425,20260524,1779588793.0,1779588615.0,1779588927.0,C3.4,No extracted HEL1OS files on disk for date,"cdte1, cdte2, czt1, czt2",False,0,Low/Unknown (Not in current PRADAN script)
426,20260524,1779589484.0,1779589401.0,1779589622.0,C3.4,No extracted HEL1OS files on disk for date,"cdte1, cdte2, czt1, czt2",False,0,Low/Unknown (Not in current PRADAN script)
427,20260524,1779590273.0,1779590026.0,1779590665.0,C3.7,No extracted HEL1OS files on disk for date,"cdte1, cdte2, czt1, czt2",False,0,Low/Unknown (Not in current PRADAN script)
428,20260525,1779670989.0,1779670675.0,1779671897.0,C3.7,No extracted HEL1OS files on disk for date,"cdte1, cdte2, czt1, czt2",False,0,Low/Unknown (Not in current PRADAN script)
429,20260525,1779691962.0,1779691656.0,1779692250.0,C1.7,No extracted HEL1OS files on disk for date,"cdte1, cdte2, czt1, czt2",False,0,Low/Unknown (Not in current PRADAN script)
430,20260525,1779743584.0,1779743541.0,1779743722.0,UNMATCHED,No extracted HEL1OS files on disk for date,"cdte1, cdte2, czt1, czt2",False,0,Low/Unknown (Not in current PRADAN script)
431,20260525,1779745450.0,1779745401.0,1779745572.0,UNMATCHED,No extracted HEL1OS files on disk for date,"cdte1, cdte2, czt1, czt2",False,0,Low/Unknown (Not in current PRADAN script)
432,20260525,1779750383.0,1779750349.0,1779750435.0,UNMATCHED,No extracted HEL1OS files on disk for date,"cdte1, cdte2, czt1, czt2",False,0,Low/Unknown (Not in current PRADAN script)
433,20260526,1779779844.0,1779779707.0,1779780180.0,C2.4,No extracted HEL1OS files on disk for date,"cdte1, cdte2, czt1, czt2",False,0,Low/Unknown (Not in current PRADAN script)
434,20260526,1779784675.0,1779784512.0,1779784995.0,C2.9,No extracted HEL1OS files on disk for date,"cdte1, cdte2, czt1, czt2",False,0,Low/Unknown (Not in current PRADAN script)
435,20260526,1779799100.0,1779798906.0,1779799708.0,C9.7,No extracted HEL1OS files on disk for date,"cdte1, cdte2, czt1, czt2",False,0,Low/Unknown (Not in current PRADAN script)
436,20260526,1779804097.0,1779803789.0,1779804161.0,C1.6,No extracted HEL1OS files on disk for date,"cdte1, cdte2, czt1, czt2",False,0,Low/Unknown (Not in current PRADAN script)
437,20260526,1779826761.0,1779826331.0,1779827135.0,C2.5,No extracted HEL1OS files on disk for date,"cdte1, cdte2, czt1, czt2",False,0,Low/Unknown (Not in current PRADAN script)
438,20260526,1779828466.0,1779828329.0,1779828711.0,C1.7,No extracted HEL1OS files on disk for date,"cdte1, cdte2, czt1, czt2",False,0,Low/Unknown (Not in current PRADAN script)
439,20260526,1779839318.0,1779839175.0,1779839857.0,C4.7,No extracted HEL1OS files on disk for date,"cdte1, cdte2, czt1, czt2",False,0,Low/Unknown (Not in current PRADAN script)
440,20260527,1779847168.0,1779846961.0,1779847406.0,C1.9,No extracted HEL1OS files on disk for date,"cdte1, cdte2, czt1, czt2",False,0,Low/Unknown (Not in current PRADAN script)
441,20260527,1779884192.0,1779884041.0,1779884509.0,C3.4,No extracted HEL1OS files on disk for date,"cdte1, cdte2, czt1, czt2",False,0,Low/Unknown (Not in current PRADAN script)
442,20260527,1779888186.0,1779888101.0,1779888681.0,C2.8,No extracted HEL1OS files on disk for date,"cdte1, cdte2, czt1, czt2",False,0,Low/Unknown (Not in current PRADAN script)
443,20260527,1779907576.0,1779907411.0,1779907603.0,UNMATCHED,No extracted HEL1OS files on disk for date,"cdte1, cdte2, czt1, czt2",False,0,Low/Unknown (Not in current PRADAN script)
444,20260528,1779981397.0,1779981259.0,1779981854.0,C3.2,No extracted HEL1OS files on disk for date,"cdte1, cdte2, czt1, czt2",False,0,Low/Unknown (Not in current PRADAN script)
445,20260528,1779986262.0,1779986114.0,1779986332.0,C1.5,No extracted HEL1OS files on disk for date,"cdte1, cdte2, czt1, czt2",False,0,Low/Unknown (Not in current PRADAN script)
446,20260529,1780031286.0,1780030545.0,1780031664.0,C7.6,No extracted HEL1OS files on disk for date,"cdte1, cdte2, czt1, czt2",False,0,Low/Unknown (Not in current PRADAN script)
447,20260529,1780033184.0,1780032610.0,1780033977.0,C7.6,No extracted HEL1OS files on disk for date,"cdte1, cdte2, czt1, czt2",False,0,Low/Unknown (Not in current PRADAN script)
448,20260529,1780034209.0,1780034195.0,1780034940.0,C7.6,No extracted HEL1OS files on disk for date,"cdte1, cdte2, czt1, czt2",False,0,Low/Unknown (Not in current PRADAN script)
449,20260529,1780038327.0,1780036203.0,1780041339.0,M1.1,No extracted HEL1OS files on disk for date,"cdte1, cdte2, czt1, czt2",False,0,Low/Unknown (Not in current PRADAN script)
450,20260529,1780042355.0,1780042298.0,1780042489.0,UNMATCHED,No extracted HEL1OS files on disk for date,"cdte1, cdte2, czt1, czt2",False,0,Low/Unknown (Not in current PRADAN script)
451,20260529,1780069854.0,1780069689.0,1780070153.0,C1.2,No extracted HEL1OS files on disk for date,"cdte1, cdte2, czt1, czt2",False,0,Low/Unknown (Not in current PRADAN script)
452,20260529,1780081783.0,1780081717.0,1780081865.0,C1.2,No extracted HEL1OS files on disk for date,"cdte1, cdte2, czt1, czt2",False,0,Low/Unknown (Not in current PRADAN script)
453,20260529,1780083887.0,1780083079.0,1780084775.0,C3.0,No extracted HEL1OS files on disk for date,"cdte1, cdte2, czt1, czt2",False,0,Low/Unknown (Not in current PRADAN script)
454,20260529,1780084947.0,1780084940.0,1780085122.0,C3.0,No extracted HEL1OS files on disk for date,"cdte1, cdte2, czt1, czt2",False,0,Low/Unknown (Not in current PRADAN script)
455,20260529,1780090228.0,1780089397.0,1780090847.0,C2.0,No extracted HEL1OS files on disk for date,"cdte1, cdte2, czt1, czt2",False,0,Low/Unknown (Not in current PRADAN script)
456,20260530,1780108799.0,1780108700.0,1780108805.0,C1.3,No extracted HEL1OS files on disk for date,"cdte1, cdte2, czt1, czt2",False,0,Low/Unknown (Not in current PRADAN script)
457,20260530,1780127179.0,1780126549.0,1780128181.0,C3.9,No extracted HEL1OS files on disk for date,"cdte1, cdte2, czt1, czt2",False,0,Low/Unknown (Not in current PRADAN script)
458,20260530,1780131159.0,1780130930.0,1780131229.0,C1.8,No extracted HEL1OS files on disk for date,"cdte1, cdte2, czt1, czt2",False,0,Low/Unknown (Not in current PRADAN script)
459,20260530,1780141999.0,1780141879.0,1780142315.0,C4.7,No extracted HEL1OS files on disk for date,"cdte1, cdte2, czt1, czt2",False,0,Low/Unknown (Not in current PRADAN script)
460,20260530,1780152394.0,1780152338.0,1780152423.0,C1.0,No extracted HEL1OS files on disk for date,"cdte1, cdte2, czt1, czt2",False,0,Low/Unknown (Not in current PRADAN script)
461,20260531,1780231416.0,1780231375.0,1780231436.0,C1.0,No extracted HEL1OS files on disk for date,"cdte1, cdte2, czt1, czt2",False,0,Low/Unknown (Not in current PRADAN script)
462,20260531,1780231771.0,1780231705.0,1780231959.0,C1.1,No extracted HEL1OS files on disk for date,"cdte1, cdte2, czt1, czt2",False,0,Low/Unknown (Not in current PRADAN script)
463,20260531,1780250880.0,1780250476.0,1780251256.0,C1.5,No extracted HEL1OS files on disk for date,"cdte1, cdte2, czt1, czt2",False,0,Low/Unknown (Not in current PRADAN script)
464,20260531,1780252528.0,1780252468.0,1780252740.0,C1.7,No extracted HEL1OS files on disk for date,"cdte1, cdte2, czt1, czt2",False,0,Low/Unknown (Not in current PRADAN script)
465,20260531,1780256629.0,1780256525.0,1780256798.0,C1.5,No extracted HEL1OS files on disk for date,"cdte1, cdte2, czt1, czt2",False,0,Low/Unknown (Not in current PRADAN script)
466,20260531,1780264347.0,1780264066.0,1780264561.0,C1.9,No extracted HEL1OS files on disk for date,"cdte1, cdte2, czt1, czt2",False,0,Low/Unknown (Not in current PRADAN script)
467,20260601,1780291206.0,1780291004.0,1780291463.0,C1.5,No extracted HEL1OS files on disk for date,"cdte1, cdte2, czt1, czt2",False,0,Low/Unknown (Not in current PRADAN script)
468,20260602,1780367594.0,1780367561.0,1780367636.0,C1.1,No extracted HEL1OS files on disk for date,"cdte1, cdte2, czt1, czt2",False,0,Low/Unknown (Not in current PRADAN script)
469,20260602,1780368488.0,1780368265.0,1780368807.0,C1.8,No extracted HEL1OS files on disk for date,"cdte1, cdte2, czt1, czt2",False,0,Low/Unknown (Not in current PRADAN script)
470,20260602,1780369371.0,1780369353.0,1780369483.0,C1.8,No extracted HEL1OS files on disk for date,"cdte1, cdte2, czt1, czt2",False,0,Low/Unknown (Not in current PRADAN script)
471,20260602,1780374099.0,1780373915.0,1780374279.0,C1.4,No extracted HEL1OS files on disk for date,"cdte1, cdte2, czt1, czt2",False,0,Low/Unknown (Not in current PRADAN script)
472,20260602,1780375499.0,1780375439.0,1780376163.0,M1.2,No extracted HEL1OS files on disk for date,"cdte1, cdte2, czt1, czt2",False,0,Low/Unknown (Not in current PRADAN script)
473,20260602,1780383564.0,1780383086.0,1780384106.0,C3.1,No extracted HEL1OS files on disk for date,"cdte1, cdte2, czt1, czt2",False,0,Low/Unknown (Not in current PRADAN script)
474,20260602,1780386921.0,1780386845.0,1780387017.0,C1.2,No extracted HEL1OS files on disk for date,"cdte1, cdte2, czt1, czt2",False,0,Low/Unknown (Not in current PRADAN script)
475,20260602,1780388895.0,1780388854.0,1780388983.0,C1.4,No extracted HEL1OS files on disk for date,"cdte1, cdte2, czt1, czt2",False,0,Low/Unknown (Not in current PRADAN script)
476,20260602,1780389846.0,1780389358.0,1780390591.0,C3.7,No extracted HEL1OS files on disk for date,"cdte1, cdte2, czt1, czt2",False,0,Low/Unknown (Not in current PRADAN script)
477,20260602,1780394668.0,1780394292.0,1780395920.0,M1.2,No extracted HEL1OS files on disk for date,"cdte1, cdte2, czt1, czt2",False,0,Low/Unknown (Not in current PRADAN script)
478,20260602,1780398129.0,1780398023.0,1780398518.0,C4.3,No extracted HEL1OS files on disk for date,"cdte1, cdte2, czt1, czt2",False,0,Low/Unknown (Not in current PRADAN script)
479,20260602,1780408685.0,1780408532.0,1780408957.0,C2.3,No extracted HEL1OS files on disk for date,"cdte1, cdte2, czt1, czt2",False,0,Low/Unknown (Not in current PRADAN script)
480,20260602,1780418915.0,1780418286.0,1780420014.0,M3.3,No extracted HEL1OS files on disk for date,"cdte1, cdte2, czt1, czt2",False,0,Low/Unknown (Not in current PRADAN script)
481,20260602,1780423999.0,1780423875.0,1780424284.0,C2.9,No extracted HEL1OS files on disk for date,"cdte1, cdte2, czt1, czt2",False,0,Low/Unknown (Not in current PRADAN script)
482,20260602,1780425654.0,1780425506.0,1780425926.0,C2.4,No extracted HEL1OS files on disk for date,"cdte1, cdte2, czt1, czt2",False,0,Low/Unknown (Not in current PRADAN script)
483,20260602,1780432781.0,1780432214.0,1780433249.0,C4.2,No extracted HEL1OS files on disk for date,"cdte1, cdte2, czt1, czt2",False,0,Low/Unknown (Not in current PRADAN script)
484,20260602,1780433688.0,1780433553.0,1780433948.0,C4.2,No extracted HEL1OS files on disk for date,"cdte1, cdte2, czt1, czt2",False,0,Low/Unknown (Not in current PRADAN script)
485,20260603,1780447569.0,1780446501.0,1780448343.0,C4.0,No extracted HEL1OS files on disk for date,"cdte1, cdte2, czt1, czt2",False,0,Low/Unknown (Not in current PRADAN script)
486,20260603,1780449309.0,1780449230.0,1780449354.0,C2.0,No extracted HEL1OS files on disk for date,"cdte1, cdte2, czt1, czt2",False,0,Low/Unknown (Not in current PRADAN script)
487,20260603,1780450561.0,1780449933.0,1780452117.0,M9.3,No extracted HEL1OS files on disk for date,"cdte1, cdte2, czt1, czt2",False,0,Low/Unknown (Not in current PRADAN script)
488,20260603,1780457681.0,1780457484.0,1780457904.0,C1.8,No extracted HEL1OS files on disk for date,"cdte1, cdte2, czt1, czt2",False,0,Low/Unknown (Not in current PRADAN script)
489,20260603,1780462571.0,1780462391.0,1780462704.0,C2.1,No extracted HEL1OS files on disk for date,"cdte1, cdte2, czt1, czt2",False,0,Low/Unknown (Not in current PRADAN script)
490,20260603,1780465723.0,1780465697.0,1780465773.0,UNMATCHED,No extracted HEL1OS files on disk for date,"cdte1, cdte2, czt1, czt2",False,0,Low/Unknown (Not in current PRADAN script)
491,20260603,1780470026.0,1780469638.0,1780471405.0,M7.7,No extracted HEL1OS files on disk for date,"cdte1, cdte2, czt1, czt2",False,0,Low/Unknown (Not in current PRADAN script)
492,20260603,1780484387.0,1780484229.0,1780484823.0,C2.4,No extracted HEL1OS files on disk for date,"cdte1, cdte2, czt1, czt2",False,0,Low/Unknown (Not in current PRADAN script)
493,20260603,1780486068.0,1780485679.0,1780488390.0,X1.0,No extracted HEL1OS files on disk for date,"cdte1, cdte2, czt1, czt2",False,0,Low/Unknown (Not in current PRADAN script)
494,20260603,1780488634.0,1780488617.0,1780488696.0,C1.4,No extracted HEL1OS files on disk for date,"cdte1, cdte2, czt1, czt2",False,0,Low/Unknown (Not in current PRADAN script)
495,20260603,1780500942.0,1780500742.0,1780501176.0,C1.7,No extracted HEL1OS files on disk for date,"cdte1, cdte2, czt1, czt2",False,0,Low/Unknown (Not in current PRADAN script)
496,20260603,1780514829.0,1780514654.0,1780514850.0,C1.5,No extracted HEL1OS files on disk for date,"cdte1, cdte2, czt1, czt2",False,0,Low/Unknown (Not in current PRADAN script)
497,20260603,1780519945.0,1780519885.0,1780520129.0,C1.8,No extracted HEL1OS files on disk for date,"cdte1, cdte2, czt1, czt2",False,0,Low/Unknown (Not in current PRADAN script)
498,20260603,1780530192.0,1780529456.0,1780530648.0,C5.1,No extracted HEL1OS files on disk for date,"cdte1, cdte2, czt1, czt2",False,0,Low/Unknown (Not in current PRADAN script)
499,20260605,1780625206.0,1780624808.0,1780625317.0,C1.5,No extracted HEL1OS files on disk for date,"cdte1, cdte2, czt1, czt2",False,0,Low/Unknown (Not in current PRADAN script)
500,20260605,1780660045.0,1780659930.0,1780660534.0,C1.7,No extracted HEL1OS files on disk for date,"cdte1, cdte2, czt1, czt2",False,0,Low/Unknown (Not in current PRADAN script)
501,20260605,1780671733.0,1780671336.0,1780672763.0,C4.1,No extracted HEL1OS files on disk for date,"cdte1, cdte2, czt1, czt2",False,0,Low/Unknown (Not in current PRADAN script)
502,20260605,1780685702.0,1780684571.0,1780685951.0,C3.9,No extracted HEL1OS files on disk for date,"cdte1, cdte2, czt1, czt2",False,0,Low/Unknown (Not in current PRADAN script)
503,20260605,1780686910.0,1780686793.0,1780687031.0,C3.9,No extracted HEL1OS files on disk for date,"cdte1, cdte2, czt1, czt2",False,0,Low/Unknown (Not in current PRADAN script)
504,20260605,1780699518.0,1780697999.0,1780700069.0,C4.7,No extracted HEL1OS files on disk for date,"cdte1, cdte2, czt1, czt2",False,0,Low/Unknown (Not in current PRADAN script)
505,20260605,1780701116.0,1780701045.0,1780701249.0,C4.7,No extracted HEL1OS files on disk for date,"cdte1, cdte2, czt1, czt2",False,0,Low/Unknown (Not in current PRADAN script)
506,20260606,1780718682.0,1780718240.0,1780718885.0,C2.1,No extracted HEL1OS files on disk for date,"cdte1, cdte2, czt1, czt2",False,0,Low/Unknown (Not in current PRADAN script)
507,20260606,1780727388.0,1780727276.0,1780727978.0,C3.1,No extracted HEL1OS files on disk for date,"cdte1, cdte2, czt1, czt2",False,0,Low/Unknown (Not in current PRADAN script)
508,20260606,1780747019.0,1780746865.0,1780747228.0,C1.9,No extracted HEL1OS files on disk for date,"cdte1, cdte2, czt1, czt2",False,0,Low/Unknown (Not in current PRADAN script)
509,20260606,1780751859.0,1780751459.0,1780752660.0,C8.8,No extracted HEL1OS files on disk for date,"cdte1, cdte2, czt1, czt2",False,0,Low/Unknown (Not in current PRADAN script)
510,20260606,1780754650.0,1780753446.0,1780757703.0,M1.8,No extracted HEL1OS files on disk for date,"cdte1, cdte2, czt1, czt2",False,0,Low/Unknown (Not in current PRADAN script)
511,20260607,1780797213.0,1780797003.0,1780797524.0,C2.0,No extracted HEL1OS files on disk for date,"cdte1, cdte2, czt1, czt2",False,0,Low/Unknown (Not in current PRADAN script)
512,20260607,1780805963.0,1780805703.0,1780806417.0,C3.3,No extracted HEL1OS files on disk for date,"cdte1, cdte2, czt1, czt2",False,0,Low/Unknown (Not in current PRADAN script)
513,20260607,1780811463.0,1780811185.0,1780812345.0,C2.5,No extracted HEL1OS files on disk for date,"cdte1, cdte2, czt1, czt2",False,0,Low/Unknown (Not in current PRADAN script)
514,20260607,1780814701.0,1780814462.0,1780814823.0,C1.7,No extracted HEL1OS files on disk for date,"cdte1, cdte2, czt1, czt2",False,0,Low/Unknown (Not in current PRADAN script)
515,20260607,1780819312.0,1780819192.0,1780819318.0,C1.5,No extracted HEL1OS files on disk for date,"cdte1, cdte2, czt1, czt2",False,0,Low/Unknown (Not in current PRADAN script)
516,20260607,1780820738.0,1780820583.0,1780821117.0,C2.4,No extracted HEL1OS files on disk for date,"cdte1, cdte2, czt1, czt2",False,0,Low/Unknown (Not in current PRADAN script)
517,20260607,1780824404.0,1780824181.0,1780824684.0,C1.6,No extracted HEL1OS files on disk for date,"cdte1, cdte2, czt1, czt2",False,0,Low/Unknown (Not in current PRADAN script)
518,20260607,1780838964.0,1780838880.0,1780839358.0,C1.4,No extracted HEL1OS files on disk for date,"cdte1, cdte2, czt1, czt2",False,0,Low/Unknown (Not in current PRADAN script)
519,20260607,1780840629.0,1780840463.0,1780841143.0,C2.1,No extracted HEL1OS files on disk for date,"cdte1, cdte2, czt1, czt2",False,0,Low/Unknown (Not in current PRADAN script)
520,20260607,1780847993.0,1780847327.0,1780848094.0,C1.7,No extracted HEL1OS files on disk for date,"cdte1, cdte2, czt1, czt2",False,0,Low/Unknown (Not in current PRADAN script)
521,20260607,1780850862.0,1780850765.0,1780851013.0,C1.7,No extracted HEL1OS files on disk for date,"cdte1, cdte2, czt1, czt2",False,0,Low/Unknown (Not in current PRADAN script)
522,20260607,1780859016.0,1780858867.0,1780859057.0,C1.2,No extracted HEL1OS files on disk for date,"cdte1, cdte2, czt1, czt2",False,0,Low/Unknown (Not in current PRADAN script)
523,20260607,1780860783.0,1780860768.0,1780860853.0,C1.2,No extracted HEL1OS files on disk for date,"cdte1, cdte2, czt1, czt2",False,0,Low/Unknown (Not in current PRADAN script)
524,20260607,1780861263.0,1780861134.0,1780861309.0,C1.2,No extracted HEL1OS files on disk for date,"cdte1, cdte2, czt1, czt2",False,0,Low/Unknown (Not in current PRADAN script)
525,20260608,1780885770.0,1780885245.0,1780886043.0,C3.1,No extracted HEL1OS files on disk for date,"cdte1, cdte2, czt1, czt2",False,0,Low/Unknown (Not in current PRADAN script)
526,20260608,1780886958.0,1780886612.0,1780887734.0,C7.2,No extracted HEL1OS files on disk for date,"cdte1, cdte2, czt1, czt2",False,0,Low/Unknown (Not in current PRADAN script)
527,20260608,1780888725.0,1780888569.0,1780889005.0,C7.2,No extracted HEL1OS files on disk for date,"cdte1, cdte2, czt1, czt2",False,0,Low/Unknown (Not in current PRADAN script)
528,20260608,1780892456.0,1780892363.0,1780892491.0,C1.6,No extracted HEL1OS files on disk for date,"cdte1, cdte2, czt1, czt2",False,0,Low/Unknown (Not in current PRADAN script)
529,20260608,1780895396.0,1780895177.0,1780895930.0,C4.5,No extracted HEL1OS files on disk for date,"cdte1, cdte2, czt1, czt2",False,0,Low/Unknown (Not in current PRADAN script)
530,20260608,1780900822.0,1780900620.0,1780900845.0,C1.5,No extracted HEL1OS files on disk for date,"cdte1, cdte2, czt1, czt2",False,0,Low/Unknown (Not in current PRADAN script)
531,20260608,1780907312.0,1780907246.0,1780907460.0,C1.3,No extracted HEL1OS files on disk for date,"cdte1, cdte2, czt1, czt2",False,0,Low/Unknown (Not in current PRADAN script)
532,20260610,1781053161.0,1781053074.0,1781053368.0,C2.6,No extracted HEL1OS files on disk for date,"cdte1, cdte2, czt1, czt2",False,0,Low/Unknown (Not in current PRADAN script)
533,20260610,1781098027.0,1781097800.0,1781098333.0,C1.5,No extracted HEL1OS files on disk for date,"cdte1, cdte2, czt1, czt2",False,0,Low/Unknown (Not in current PRADAN script)
534,20260610,1781135989.0,1781134546.0,1781135999.0,C6.7,No extracted HEL1OS files on disk for date,"cdte1, cdte2, czt1, czt2",False,0,Low/Unknown (Not in current PRADAN script)
535,20260611,1781138672.0,1781138647.0,1781138758.0,C6.1,No extracted HEL1OS files on disk for date,"cdte1, cdte2, czt1, czt2",False,0,Low/Unknown (Not in current PRADAN script)
536,20260611,1781160417.0,1781160253.0,1781160709.0,C1.2,No extracted HEL1OS files on disk for date,"cdte1, cdte2, czt1, czt2",False,0,Low/Unknown (Not in current PRADAN script)
537,20260611,1781165207.0,1781165168.0,1781165362.0,C1.5,No extracted HEL1OS files on disk for date,"cdte1, cdte2, czt1, czt2",False,0,Low/Unknown (Not in current PRADAN script)
538,20260611,1781166478.0,1781166358.0,1781167147.0,C9.0,No extracted HEL1OS files on disk for date,"cdte1, cdte2, czt1, czt2",False,0,Low/Unknown (Not in current PRADAN script)
539,20260611,1781177838.0,1781177530.0,1781178015.0,C1.3,No extracted HEL1OS files on disk for date,"cdte1, cdte2, czt1, czt2",False,0,Low/Unknown (Not in current PRADAN script)
540,20260611,1781198040.0,1781197956.0,1781198239.0,C1.1,No extracted HEL1OS files on disk for date,"cdte1, cdte2, czt1, czt2",False,0,Low/Unknown (Not in current PRADAN script)
541,20260611,1781208811.0,1781208736.0,1781208816.0,C1.1,No extracted HEL1OS files on disk for date,"cdte1, cdte2, czt1, czt2",False,0,Low/Unknown (Not in current PRADAN script)
542,20260611,1781214000.0,1781213948.0,1781214016.0,C1.5,No extracted HEL1OS files on disk for date,"cdte1, cdte2, czt1, czt2",False,0,Low/Unknown (Not in current PRADAN script)
543,20260612,1781230406.0,1781230287.0,1781230900.0,C5.2,No extracted HEL1OS files on disk for date,"cdte1, cdte2, czt1, czt2",False,0,Low/Unknown (Not in current PRADAN script)
544,20260612,1781231717.0,1781231440.0,1781231954.0,C2.0,No extracted HEL1OS files on disk for date,"cdte1, cdte2, czt1, czt2",False,0,Low/Unknown (Not in current PRADAN script)
545,20260612,1781266693.0,1781266595.0,1781266908.0,C1.0,No extracted HEL1OS files on disk for date,"cdte1, cdte2, czt1, czt2",False,0,Low/Unknown (Not in current PRADAN script)
546,20260613,1781317088.0,1781316447.0,1781317215.0,C1.8,No extracted HEL1OS files on disk for date,"cdte1, cdte2, czt1, czt2",False,0,Low/Unknown (Not in current PRADAN script)
547,20260613,1781333585.0,1781333525.0,1781333644.0,C1.0,No extracted HEL1OS files on disk for date,"cdte1, cdte2, czt1, czt2",False,0,Low/Unknown (Not in current PRADAN script)
548,20260613,1781355983.0,1781354903.0,1781356100.0,C2.5,No extracted HEL1OS files on disk for date,"cdte1, cdte2, czt1, czt2",False,0,Low/Unknown (Not in current PRADAN script)
549,20260614,1781427349.0,1781427242.0,1781427982.0,C1.5,No extracted HEL1OS files on disk for date,"cdte1, cdte2, czt1, czt2",False,0,Low/Unknown (Not in current PRADAN script)
550,20260614,1781439697.0,1781439500.0,1781439881.0,B9.9,No extracted HEL1OS files on disk for date,"cdte1, cdte2, czt1, czt2",False,0,Low/Unknown (Not in current PRADAN script)
551,20260614,1781440594.0,1781440585.0,1781440651.0,C1.0,No extracted HEL1OS files on disk for date,"cdte1, cdte2, czt1, czt2",False,0,Low/Unknown (Not in current PRADAN script)
552,20260614,1781442171.0,1781441901.0,1781442468.0,C1.2,No extracted HEL1OS files on disk for date,"cdte1, cdte2, czt1, czt2",False,0,Low/Unknown (Not in current PRADAN script)
553,20260615,1781489556.0,1781489039.0,1781490072.0,C1.7,No extracted HEL1OS files on disk for date,"cdte1, cdte2, czt1, czt2",False,0,Low/Unknown (Not in current PRADAN script)
554,20260615,1781517347.0,1781517203.0,1781517828.0,C1.7,No extracted HEL1OS files on disk for date,"cdte1, cdte2, czt1, czt2",False,0,Low/Unknown (Not in current PRADAN script)
555,20260615,1781524359.0,1781524225.0,1781524483.0,C1.4,No extracted HEL1OS files on disk for date,"cdte1, cdte2, czt1, czt2",False,0,Low/Unknown (Not in current PRADAN script)
556,20260615,1781529325.0,1781529289.0,1781529401.0,C1.8,No extracted HEL1OS files on disk for date,"cdte1, cdte2, czt1, czt2",False,0,Low/Unknown (Not in current PRADAN script)
557,20260615,1781549472.0,1781549385.0,1781549606.0,C1.8,No extracted HEL1OS files on disk for date,"cdte1, cdte2, czt1, czt2",False,0,Low/Unknown (Not in current PRADAN script)
558,20260615,1781556257.0,1781556249.0,1781556309.0,B9.4,No extracted HEL1OS files on disk for date,"cdte1, cdte2, czt1, czt2",False,0,Low/Unknown (Not in current PRADAN script)
559,20260616,1781570899.0,1781570825.0,1781570973.0,C1.5,No extracted HEL1OS files on disk for date,"cdte1, cdte2, czt1, czt2",False,0,Low/Unknown (Not in current PRADAN script)
560,20260616,1781623959.0,1781623884.0,1781624040.0,C1.0,No extracted HEL1OS files on disk for date,"cdte1, cdte2, czt1, czt2",False,0,Low/Unknown (Not in current PRADAN script)
561,20260616,1781632395.0,1781632306.0,1781632438.0,B8.4,No extracted HEL1OS files on disk for date,"cdte1, cdte2, czt1, czt2",False,0,Low/Unknown (Not in current PRADAN script)
562,20260616,1781636081.0,1781636054.0,1781636130.0,UNMATCHED,No extracted HEL1OS files on disk for date,"cdte1, cdte2, czt1, czt2",False,0,Low/Unknown (Not in current PRADAN script)
563,20260616,1781644715.0,1781644605.0,1781644845.0,B8.6,No extracted HEL1OS files on disk for date,"cdte1, cdte2, czt1, czt2",False,0,Low/Unknown (Not in current PRADAN script)
564,20260616,1781650339.0,1781650303.0,1781650406.0,B6.7,No extracted HEL1OS files on disk for date,"cdte1, cdte2, czt1, czt2",False,0,Low/Unknown (Not in current PRADAN script)
565,20260616,1781654131.0,1781654124.0,1781654223.0,B7.6,No extracted HEL1OS files on disk for date,"cdte1, cdte2, czt1, czt2",False,0,Low/Unknown (Not in current PRADAN script)
566,20260618,1781761438.0,1781761433.0,1781761618.0,B5.7,No extracted HEL1OS files on disk for date,"cdte1, cdte2, czt1, czt2",False,0,Low/Unknown (Not in current PRADAN script)
567,20260618,1781768763.0,1781768529.0,1781768967.0,C1.0,No extracted HEL1OS files on disk for date,"cdte1, cdte2, czt1, czt2",False,0,Low/Unknown (Not in current PRADAN script)
568,20260618,1781781661.0,1781781608.0,1781781832.0,B8.0,No extracted HEL1OS files on disk for date,"cdte1, cdte2, czt1, czt2",False,0,Low/Unknown (Not in current PRADAN script)
569,20260618,1781783774.0,1781783127.0,1781784025.0,C1.8,No extracted HEL1OS files on disk for date,"cdte1, cdte2, czt1, czt2",False,0,Low/Unknown (Not in current PRADAN script)
570,20260618,1781789106.0,1781788938.0,1781789271.0,B8.8,No extracted HEL1OS files on disk for date,"cdte1, cdte2, czt1, czt2",False,0,Low/Unknown (Not in current PRADAN script)
571,20260618,1781794500.0,1781794304.0,1781794792.0,B8.1,No extracted HEL1OS files on disk for date,"cdte1, cdte2, czt1, czt2",False,0,Low/Unknown (Not in current PRADAN script)
572,20260618,1781810119.0,1781810114.0,1781810176.0,B6.5,No extracted HEL1OS files on disk for date,"cdte1, cdte2, czt1, czt2",False,0,Low/Unknown (Not in current PRADAN script)
573,20260618,1781812282.0,1781812201.0,1781812354.0,B7.0,No extracted HEL1OS files on disk for date,"cdte1, cdte2, czt1, czt2",False,0,Low/Unknown (Not in current PRADAN script)
574,20260618,1781820251.0,1781819707.0,1781820574.0,C1.2,No extracted HEL1OS files on disk for date,"cdte1, cdte2, czt1, czt2",False,0,Low/Unknown (Not in current PRADAN script)
575,20260619,1781862492.0,1781862149.0,1781862538.0,B7.1,No extracted HEL1OS files on disk for date,"cdte1, cdte2, czt1, czt2",False,0,Low/Unknown (Not in current PRADAN script)
576,20260619,1781881500.0,1781881432.0,1781881632.0,B9.3,No extracted HEL1OS files on disk for date,"cdte1, cdte2, czt1, czt2",False,0,Low/Unknown (Not in current PRADAN script)
577,20260619,1781897870.0,1781897355.0,1781898839.0,C4.2,No extracted HEL1OS files on disk for date,"cdte1, cdte2, czt1, czt2",False,0,Low/Unknown (Not in current PRADAN script)
578,20260619,1781911003.0,1781910992.0,1781911183.0,B7.4,No extracted HEL1OS files on disk for date,"cdte1, cdte2, czt1, czt2",False,0,Low/Unknown (Not in current PRADAN script)
579,20260620,1781918503.0,1781918465.0,1781918551.0,B8.7,No extracted HEL1OS files on disk for date,"cdte1, cdte2, czt1, czt2",False,0,Low/Unknown (Not in current PRADAN script)
580,20260620,1781919222.0,1781919068.0,1781919261.0,B8.7,No extracted HEL1OS files on disk for date,"cdte1, cdte2, czt1, czt2",False,0,Low/Unknown (Not in current PRADAN script)
581,20260620,1781920257.0,1781919476.0,1781922237.0,M1.3,No extracted HEL1OS files on disk for date,"cdte1, cdte2, czt1, czt2",False,0,Low/Unknown (Not in current PRADAN script)
582,20260620,1781924836.0,1781924785.0,1781925067.0,C1.4,No extracted HEL1OS files on disk for date,"cdte1, cdte2, czt1, czt2",False,0,Low/Unknown (Not in current PRADAN script)
583,20260620,1781954848.0,1781954449.0,1781955193.0,C1.9,No extracted HEL1OS files on disk for date,"cdte1, cdte2, czt1, czt2",False,0,Low/Unknown (Not in current PRADAN script)
584,20260620,1781958045.0,1781957455.0,1781958450.0,C1.9,No extracted HEL1OS files on disk for date,"cdte1, cdte2, czt1, czt2",False,0,Low/Unknown (Not in current PRADAN script)
585,20260620,1781967616.0,1781967450.0,1781969201.0,M1.0,No extracted HEL1OS files on disk for date,"cdte1, cdte2, czt1, czt2",False,0,Low/Unknown (Not in current PRADAN script)
586,20260620,1781991772.0,1781990998.0,1781992766.0,C4.8,No extracted HEL1OS files on disk for date,"cdte1, cdte2, czt1, czt2",False,0,Low/Unknown (Not in current PRADAN script)
587,20260620,1781993021.0,1781992957.0,1781993213.0,C4.8,No extracted HEL1OS files on disk for date,"cdte1, cdte2, czt1, czt2",False,0,Low/Unknown (Not in current PRADAN script)
588,20260621,1782003965.0,1782003855.0,1782004289.0,C1.1,No extracted HEL1OS files on disk for date,"cdte1, cdte2, czt1, czt2",False,0,Low/Unknown (Not in current PRADAN script)
589,20260621,1782009941.0,1782009343.0,1782013297.0,M2.6,No extracted HEL1OS files on disk for date,"cdte1, cdte2, czt1, czt2",False,0,Low/Unknown (Not in current PRADAN script)
590,20260621,1782031057.0,1782031013.0,1782031247.0,C1.1,No extracted HEL1OS files on disk for date,"cdte1, cdte2, czt1, czt2",False,0,Low/Unknown (Not in current PRADAN script)
591,20260621,1782033969.0,1782033829.0,1782034110.0,B8.8,No extracted HEL1OS files on disk for date,"cdte1, cdte2, czt1, czt2",False,0,Low/Unknown (Not in current PRADAN script)
592,20260621,1782037180.0,1782037005.0,1782037214.0,B8.5,No extracted HEL1OS files on disk for date,"cdte1, cdte2, czt1, czt2",False,0,Low/Unknown (Not in current PRADAN script)
593,20260621,1782038928.0,1782038894.0,1782039006.0,B7.5,No extracted HEL1OS files on disk for date,"cdte1, cdte2, czt1, czt2",False,0,Low/Unknown (Not in current PRADAN script)
594,20260621,1782042783.0,1782042763.0,1782042932.0,B8.7,No extracted HEL1OS files on disk for date,"cdte1, cdte2, czt1, czt2",False,0,Low/Unknown (Not in current PRADAN script)
595,20260621,1782065932.0,1782065560.0,1782066137.0,C2.6,No extracted HEL1OS files on disk for date,"cdte1, cdte2, czt1, czt2",False,0,Low/Unknown (Not in current PRADAN script)
596,20260621,1782070124.0,1782069842.0,1782072230.0,M6.8,No extracted HEL1OS files on disk for date,"cdte1, cdte2, czt1, czt2",False,0,Low/Unknown (Not in current PRADAN script)
597,20260621,1782081222.0,1782081071.0,1782081590.0,C2.6,No extracted HEL1OS files on disk for date,"cdte1, cdte2, czt1, czt2",False,0,Low/Unknown (Not in current PRADAN script)
598,20260622,1782097293.0,1782097238.0,1782097298.0,B9.1,No extracted HEL1OS files on disk for date,"cdte1, cdte2, czt1, czt2",False,0,Low/Unknown (Not in current PRADAN script)
602,20260624,1782259211.0,1782259206.0,1782259360.0,UNMATCHED,Insufficient 60-min pre-flare lookback window (<2500 samples in window),"cdte1 (gap/short lookback: 7 samples), cdte2 (gap/short lookback: 7 samples), czt1 (gap/short lookback: 7 samples), czt2 (gap/short lookback: 7 samples)",True,2,Unrecoverable (Orbit gap/Satellite off-pointing during pre-flare window)
617,20260625,1782346939.0,1782346821.0,1782347241.0,C4.3,Insufficient 60-min pre-flare lookback window (<2500 samples in window),"cdte1 (gap/short lookback: 1333 samples), cdte2 (gap/short lookback: 1333 samples), czt1 (gap/short lookback: 1333 samples), czt2 (gap/short lookback: 1333 samples)",True,1,Unrecoverable (Orbit gap/Satellite off-pointing during pre-flare window)
623,20260625,1782394290.0,1782394105.0,1782394412.0,C2.7,Insufficient 60-min pre-flare lookback window (<2500 samples in window),"cdte1 (gap/short lookback: 0 samples), cdte2 (gap/short lookback: 0 samples), czt1 (gap/short lookback: 0 samples), czt2 (gap/short lookback: 0 samples)",True,1,Unrecoverable (Orbit gap/Satellite off-pointing during pre-flare window)
624,20260625,1782399813.0,1782399594.0,1782400184.0,C6.6,Insufficient 60-min pre-flare lookback window (<2500 samples in window),"cdte1 (gap/short lookback: 0 samples), cdte2 (gap/short lookback: 0 samples), czt1 (gap/short lookback: 0 samples), czt2 (gap/short lookback: 0 samples)",True,1,Unrecoverable (Orbit gap/Satellite off-pointing during pre-flare window)
625,20260625,1782422097.0,1782422003.0,1782422225.0,C2.3,Insufficient 60-min pre-flare lookback window (<2500 samples in window),"cdte1 (gap/short lookback: 0 samples), cdte2 (gap/short lookback: 0 samples), czt1 (gap/short lookback: 0 samples), czt2 (gap/short lookback: 0 samples)",True,1,Unrecoverable (Orbit gap/Satellite off-pointing during pre-flare window)
626,20260625,1782424953.0,1782424808.0,1782425260.0,C2.0,Insufficient 60-min pre-flare lookback window (<2500 samples in window),"cdte1 (gap/short lookback: 0 samples), cdte2 (gap/short lookback: 0 samples), czt1 (gap/short lookback: 0 samples), czt2 (gap/short lookback: 0 samples)",True,1,Unrecoverable (Orbit gap/Satellite off-pointing during pre-flare window)
627,20260625,1782431294.0,1782430849.0,1782431585.0,C5.0,Insufficient 60-min pre-flare lookback window (<2500 samples in window),"cdte1 (gap/short lookback: 0 samples), cdte2 (gap/short lookback: 0 samples), czt1 (gap/short lookback: 0 samples), czt2 (gap/short lookback: 0 samples)",True,1,Unrecoverable (Orbit gap/Satellite off-pointing during pre-flare window)
643,20260628,1782606145.0,1782606090.0,1782606254.0,UNMATCHED,Insufficient 60-min pre-flare lookback window (<2500 samples in window),"cdte1 (gap/short lookback: 1341 samples), cdte2 (gap/short lookback: 1341 samples), czt1 (gap/short lookback: 1341 samples), czt2 (gap/short lookback: 1341 samples)",True,3,Unrecoverable (Orbit gap/Satellite off-pointing during pre-flare window)
720,20260702,1782950484.0,1782950401.0,1782950993.0,M1.1,Insufficient 60-min pre-flare lookback window (<2500 samples in window),"cdte1 (gap/short lookback: 83 samples), cdte2 (gap/short lookback: 83 samples), czt1 (gap/short lookback: 83 samples), czt2 (gap/short lookback: 83 samples)",True,2,Unrecoverable (Orbit gap/Satellite off-pointing during pre-flare window)
721,20260702,1782951568.0,1782951203.0,1782952096.0,M1.1,Insufficient 60-min pre-flare lookback window (<2500 samples in window),"cdte1 (gap/short lookback: 1167 samples), cdte2 (gap/short lookback: 1167 samples), czt1 (gap/short lookback: 1167 samples), czt2 (gap/short lookback: 1167 samples)",True,2,Unrecoverable (Orbit gap/Satellite off-pointing during pre-flare window)
770,20260704,1783123201.0,1783123201.0,1783123697.0,M2.3,Insufficient 60-min pre-flare lookback window (<2500 samples in window),"cdte1 (gap/short lookback: 0 samples), cdte2 (gap/short lookback: 0 samples), czt1 (gap/short lookback: 0 samples), czt2 (gap/short lookback: 0 samples)",True,4,Unrecoverable (Orbit gap/Satellite off-pointing during pre-flare window)
771,20260704,1783124599.0,1783124243.0,1783126078.0,M2.3,Insufficient 60-min pre-flare lookback window (<2500 samples in window),"cdte1 (gap/short lookback: 1398 samples), cdte2 (gap/short lookback: 1398 samples), czt1 (gap/short lookback: 1398 samples), czt2 (gap/short lookback: 1398 samples)",True,4,Unrecoverable (Orbit gap/Satellite off-pointing during pre-flare window)
809,20260705,1783209612.0,1783209606.0,1783209736.0,M1.0,Insufficient 60-min pre-flare lookback window (<2500 samples in window),"cdte1 (gap/short lookback: 7 samples), cdte2 (gap/short lookback: 7 samples), czt1 (gap/short lookback: 7 samples), czt2 (gap/short lookback: 7 samples)",True,3,Unrecoverable (Orbit gap/Satellite off-pointing during pre-flare window)
810,20260705,1783211506.0,1783211283.0,1783212516.0,M1.3,Insufficient 60-min pre-flare lookback window (<2500 samples in window),"cdte1 (gap/short lookback: 1901 samples), cdte2 (gap/short lookback: 1901 samples), czt1 (gap/short lookback: 1901 samples), czt2 (gap/short lookback: 1901 samples)",True,3,Unrecoverable (Orbit gap/Satellite off-pointing during pre-flare window)
813,20260705,1783217684.0,1783217559.0,1783217768.0,UNMATCHED,Insufficient 60-min pre-flare lookback window (<2500 samples in window),"cdte1 (gap/short lookback: 2214 samples), cdte2 (gap/short lookback: 2214 samples), czt1 (gap/short lookback: 2214 samples), czt2 (gap/short lookback: 2214 samples)",True,3,Unrecoverable (Orbit gap/Satellite off-pointing during pre-flare window)
814,20260705,1783217952.0,1783217907.0,1783218078.0,UNMATCHED,Insufficient 60-min pre-flare lookback window (<2500 samples in window),"cdte1 (gap/short lookback: 1946 samples), cdte2 (gap/short lookback: 1946 samples), czt1 (gap/short lookback: 1946 samples), czt2 (gap/short lookback: 1946 samples)",True,3,Unrecoverable (Orbit gap/Satellite off-pointing during pre-flare window)
815,20260705,1783221814.0,1783221598.0,1783222192.0,C4.1,Insufficient 60-min pre-flare lookback window (<2500 samples in window),"cdte1 (gap/short lookback: 1083 samples), cdte2 (gap/short lookback: 1083 samples), czt1 (gap/short lookback: 1083 samples), czt2 (gap/short lookback: 1083 samples)",True,3,Unrecoverable (Orbit gap/Satellite off-pointing during pre-flare window)
847,20260706,1783296655.0,1783296606.0,1783296727.0,UNMATCHED,Insufficient 60-min pre-flare lookback window (<2500 samples in window),"cdte1 (gap/short lookback: 650 samples), cdte2 (gap/short lookback: 650 samples), czt1 (gap/short lookback: 650 samples), czt2 (gap/short lookback: 650 samples)",True,2,Unrecoverable (Orbit gap/Satellite off-pointing during pre-flare window)
877,20260711,1783729103.0,1783729070.0,1783729138.0,UNMATCHED,Insufficient 60-min pre-flare lookback window (<2500 samples in window),"cdte1 (gap/short lookback: 1099 samples), cdte2 (gap/short lookback: 1099 samples), czt1 (gap/short lookback: 1100 samples), czt2 (gap/short lookback: 1100 samples)",True,2,Unrecoverable (Orbit gap/Satellite off-pointing during pre-flare window)
909,20260719,1784486332.0,1784485981.0,1784486458.0,C1.3,Insufficient 60-min pre-flare lookback window (<2500 samples in window),"cdte1 (gap/short lookback: 0 samples), cdte2 (gap/short lookback: 0 samples), czt1 (gap/short lookback: 0 samples), czt2 (gap/short lookback: 0 samples)",True,1,Unrecoverable (Orbit gap/Satellite off-pointing during pre-flare window)
910,20260719,1784505560.0,1784505481.0,1784505599.0,UNMATCHED,Insufficient 60-min pre-flare lookback window (<2500 samples in window),"cdte1 (gap/short lookback: 0 samples), cdte2 (gap/short lookback: 0 samples), czt1 (gap/short lookback: 0 samples), czt2 (gap/short lookback: 0 samples)",True,1,Unrecoverable (Orbit gap/Satellite off-pointing during pre-flare window)
927,20260721,1784593420.0,1784593087.0,1784593713.0,C2.4,Insufficient 60-min pre-flare lookback window (<2500 samples in window),"cdte1 (gap/short lookback: 1416 samples), cdte2 (gap/short lookback: 1416 samples), czt1 (gap/short lookback: 1416 samples), czt2 (gap/short lookback: 1416 samples)",True,2,Unrecoverable (Orbit gap/Satellite off-pointing during pre-flare window)
949,20260722,1784679084.0,1784678936.0,1784679463.0,C2.4,Insufficient 60-min pre-flare lookback window (<2500 samples in window),"cdte1 (gap/short lookback: 683 samples), cdte2 (gap/short lookback: 683 samples), czt1 (gap/short lookback: 683 samples), czt2 (gap/short lookback: 683 samples)",True,2,Unrecoverable (Orbit gap/Satellite off-pointing during pre-flare window)
1019,20260802,1785630836.0,1785630360.0,1785631355.0,C4.0,Insufficient 60-min pre-flare lookback window (<2500 samples in window),"cdte1 (gap/short lookback: 2034 samples), cdte2 (gap/short lookback: 2034 samples), czt1 (gap/short lookback: 2034 samples), czt2 (gap/short lookback: 2034 samples)",True,2,Unrecoverable (Orbit gap/Satellite off-pointing during pre-flare window)
1026,20260804,1785802715.0,1785802662.0,1785802722.0,B8.9,Insufficient 60-min pre-flare lookback window (<2500 samples in window),"cdte1 (gap/short lookback: 1105 samples), cdte2 (gap/short lookback: 1115 samples), czt1 (gap/short lookback: 1115 samples), czt2 (gap/short lookback: 1115 samples)",True,2,Unrecoverable (Orbit gap/Satellite off-pointing during pre-flare window)
1046,20260813,1786646145.0,1786645753.0,1786646277.0,B9.2,Insufficient 60-min pre-flare lookback window (<2500 samples in window),"cdte1 (gap/short lookback: 0 samples), cdte2 (gap/short lookback: 0 samples), czt1 (gap/short lookback: 0 samples), czt2 (gap/short lookback: 0 samples)",True,1,Unrecoverable (Orbit gap/Satellite off-pointing during pre-flare window)
1047,20260813,1786664472.0,1786664443.0,1786664510.0,B6.7,Insufficient 60-min pre-flare lookback window (<2500 samples in window),"cdte1 (gap/short lookback: 0 samples), cdte2 (gap/short lookback: 0 samples), czt1 (gap/short lookback: 0 samples), czt2 (gap/short lookback: 0 samples)",True,1,Unrecoverable (Orbit gap/Satellite off-pointing during pre-flare window)
1053,20260815,1786753992.0,1786753754.0,1786754206.0,C1.2,Insufficient 60-min pre-flare lookback window (<2500 samples in window),"cdte1 (gap/short lookback: 1990 samples), cdte2 (gap/short lookback: 1990 samples), czt1 (gap/short lookback: 1990 samples), czt2 (gap/short lookback: 1990 samples)",True,2,Unrecoverable (Orbit gap/Satellite off-pointing during pre-flare window)
1078,20260819,1787098795.0,1787098367.0,1787098884.0,C3.9,Insufficient 60-min pre-flare lookback window (<2500 samples in window),"cdte1 (gap/short lookback: 1191 samples), cdte2 (gap/short lookback: 1191 samples), czt1 (gap/short lookback: 1191 samples), czt2 (gap/short lookback: 1191 samples)",True,2,Unrecoverable (Orbit gap/Satellite off-pointing during pre-flare window)
1079,20260819,1787099854.0,1787099633.0,1787100022.0,C3.9,Insufficient 60-min pre-flare lookback window (<2500 samples in window),"cdte1 (gap/short lookback: 2250 samples), cdte2 (gap/short lookback: 2250 samples), czt1 (gap/short lookback: 2250 samples), czt2 (gap/short lookback: 2250 samples)",True,2,Unrecoverable (Orbit gap/Satellite off-pointing during pre-flare window)
1100,20260820,1787184015.0,1787184001.0,1787184245.0,C2.0,Insufficient 60-min pre-flare lookback window (<2500 samples in window),"cdte1 (gap/short lookback: 9 samples), cdte2 (gap/short lookback: 9 samples), czt1 (gap/short lookback: 9 samples), czt2 (gap/short lookback: 9 samples)",True,2,Unrecoverable (Orbit gap/Satellite off-pointing during pre-flare window)
1124,20260821,1787271945.0,1787271644.0,1787272157.0,C2.4,Insufficient 60-min pre-flare lookback window (<2500 samples in window),"cdte1 (gap/short lookback: 1545 samples), cdte2 (gap/short lookback: 1545 samples), czt1 (gap/short lookback: 1545 samples), czt2 (gap/short lookback: 1545 samples)",True,2,Unrecoverable (Orbit gap/Satellite off-pointing during pre-flare window)
1142,20240205,1707103774.0,1707103667.0,1707103962.0,UNMATCHED,No extracted HEL1OS files on disk for date,"cdte1, cdte2, czt1, czt2",True,3,High (Download script exists on PRADAN)
1143,20240205,1707107268.0,1707106957.0,1707108264.0,UNMATCHED,No extracted HEL1OS files on disk for date,"cdte1, cdte2, czt1, czt2",True,3,High (Download script exists on PRADAN)
1144,20240205,1707114132.0,1707114080.0,1707114273.0,UNMATCHED,No extracted HEL1OS files on disk for date,"cdte1, cdte2, czt1, czt2",True,3,High (Download script exists on PRADAN)
1145,20240205,1707120140.0,1707119988.0,1707120574.0,UNMATCHED,No extracted HEL1OS files on disk for date,"cdte1, cdte2, czt1, czt2",True,3,High (Download script exists on PRADAN)
1146,20240205,1707131283.0,1707131126.0,1707131707.0,UNMATCHED,No extracted HEL1OS files on disk for date,"cdte1, cdte2, czt1, czt2",True,3,High (Download script exists on PRADAN)
1147,20240205,1707133252.0,1707133235.0,1707133288.0,UNMATCHED,No extracted HEL1OS files on disk for date,"cdte1, cdte2, czt1, czt2",True,3,High (Download script exists on PRADAN)
1148,20240206,1707189314.0,1707184073.0,1707200688.0,UNMATCHED,No extracted HEL1OS files on disk for date,"cdte1, cdte2, czt1, czt2",True,3,High (Download script exists on PRADAN)
1149,20240206,1707202577.0,1707202469.0,1707202889.0,UNMATCHED,No extracted HEL1OS files on disk for date,"cdte1, cdte2, czt1, czt2",True,3,High (Download script exists on PRADAN)
1150,20240206,1707219900.0,1707219863.0,1707219988.0,UNMATCHED,No extracted HEL1OS files on disk for date,"cdte1, cdte2, czt1, czt2",True,3,High (Download script exists on PRADAN)
1151,20240206,1707221364.0,1707221337.0,1707221400.0,UNMATCHED,No extracted HEL1OS files on disk for date,"cdte1, cdte2, czt1, czt2",True,3,High (Download script exists on PRADAN)
1152,20240206,1707224341.0,1707223831.0,1707224609.0,UNMATCHED,No extracted HEL1OS files on disk for date,"cdte1, cdte2, czt1, czt2",True,3,High (Download script exists on PRADAN)
1153,20240206,1707236103.0,1707236038.0,1707236210.0,UNMATCHED,No extracted HEL1OS files on disk for date,"cdte1, cdte2, czt1, czt2",True,3,High (Download script exists on PRADAN)
1154,20240206,1707245334.0,1707243974.0,1707247799.0,UNMATCHED,No extracted HEL1OS files on disk for date,"cdte1, cdte2, czt1, czt2",True,3,High (Download script exists on PRADAN)
1155,20240206,1707249599.0,1707249158.0,1707249675.0,UNMATCHED,No extracted HEL1OS files on disk for date,"cdte1, cdte2, czt1, czt2",True,3,High (Download script exists on PRADAN)
1156,20240207,1707276723.0,1707275658.0,1707279298.0,UNMATCHED,No extracted HEL1OS files on disk for date,"cdte1, cdte2, czt1, czt2",True,3,High (Download script exists on PRADAN)
1157,20240207,1707279721.0,1707279721.0,1707280720.0,UNMATCHED,No extracted HEL1OS files on disk for date,"cdte1, cdte2, czt1, czt2",True,3,High (Download script exists on PRADAN)
1158,20240207,1707329235.0,1707329235.0,1707329717.0,UNMATCHED,No extracted HEL1OS files on disk for date,"cdte1, cdte2, czt1, czt2",True,3,High (Download script exists on PRADAN)
1159,20240208,1707360619.0,1707360616.0,1707360681.0,UNMATCHED,No extracted HEL1OS files on disk for date,"cdte1, cdte2, czt1, czt2",True,3,High (Download script exists on PRADAN)
1160,20240208,1707367838.0,1707367803.0,1707367879.0,UNMATCHED,No extracted HEL1OS files on disk for date,"cdte1, cdte2, czt1, czt2",True,3,High (Download script exists on PRADAN)
1161,20240208,1707382109.0,1707382012.0,1707382301.0,UNMATCHED,No extracted HEL1OS files on disk for date,"cdte1, cdte2, czt1, czt2",True,3,High (Download script exists on PRADAN)
1162,20240208,1707392773.0,1707391780.0,1707393214.0,UNMATCHED,No extracted HEL1OS files on disk for date,"cdte1, cdte2, czt1, czt2",True,3,High (Download script exists on PRADAN)
1163,20240208,1707395159.0,1707394893.0,1707395169.0,UNMATCHED,No extracted HEL1OS files on disk for date,"cdte1, cdte2, czt1, czt2",True,3,High (Download script exists on PRADAN)
1164,20240208,1707395816.0,1707395690.0,1707395937.0,UNMATCHED,No extracted HEL1OS files on disk for date,"cdte1, cdte2, czt1, czt2",True,3,High (Download script exists on PRADAN)
1165,20240208,1707397923.0,1707396372.0,1707403476.0,UNMATCHED,No extracted HEL1OS files on disk for date,"cdte1, cdte2, czt1, czt2",True,3,High (Download script exists on PRADAN)
1166,20240208,1707404264.0,1707403895.0,1707404691.0,UNMATCHED,No extracted HEL1OS files on disk for date,"cdte1, cdte2, czt1, czt2",True,3,High (Download script exists on PRADAN)
1167,20240208,1707405768.0,1707405640.0,1707406577.0,UNMATCHED,No extracted HEL1OS files on disk for date,"cdte1, cdte2, czt1, czt2",True,3,High (Download script exists on PRADAN)
1168,20240208,1707409196.0,1707408932.0,1707409561.0,UNMATCHED,No extracted HEL1OS files on disk for date,"cdte1, cdte2, czt1, czt2",True,3,High (Download script exists on PRADAN)
1169,20240208,1707412021.0,1707411933.0,1707412198.0,UNMATCHED,No extracted HEL1OS files on disk for date,"cdte1, cdte2, czt1, czt2",True,3,High (Download script exists on PRADAN)
1170,20240208,1707418925.0,1707418821.0,1707419875.0,UNMATCHED,No extracted HEL1OS files on disk for date,"cdte1, cdte2, czt1, czt2",True,3,High (Download script exists on PRADAN)
1171,20240208,1707423548.0,1707423479.0,1707423582.0,UNMATCHED,No extracted HEL1OS files on disk for date,"cdte1, cdte2, czt1, czt2",True,3,High (Download script exists on PRADAN)
1172,20240208,1707431630.0,1707431568.0,1707431682.0,UNMATCHED,No extracted HEL1OS files on disk for date,"cdte1, cdte2, czt1, czt2",True,3,High (Download script exists on PRADAN)
1173,20240208,1707436523.0,1707434721.0,1707436790.0,UNMATCHED,No extracted HEL1OS files on disk for date,"cdte1, cdte2, czt1, czt2",True,3,High (Download script exists on PRADAN)
1174,20240210,1707526221.0,1707526043.0,1707526837.0,UNMATCHED,No extracted HEL1OS files on disk for date,"cdte1, cdte2, czt1, czt2",True,3,High (Download script exists on PRADAN)
1175,20240210,1707537301.0,1707535635.0,1707542430.0,UNMATCHED,No extracted HEL1OS files on disk for date,"cdte1, cdte2, czt1, czt2",True,3,High (Download script exists on PRADAN)
1176,20240210,1707553852.0,1707547810.0,1707555574.0,UNMATCHED,No extracted HEL1OS files on disk for date,"cdte1, cdte2, czt1, czt2",True,3,High (Download script exists on PRADAN)
1177,20240210,1707558544.0,1707557864.0,1707559301.0,UNMATCHED,No extracted HEL1OS files on disk for date,"cdte1, cdte2, czt1, czt2",True,3,High (Download script exists on PRADAN)
1178,20240210,1707589259.0,1707589183.0,1707589512.0,UNMATCHED,No extracted HEL1OS files on disk for date,"cdte1, cdte2, czt1, czt2",True,3,High (Download script exists on PRADAN)
1179,20240210,1707606464.0,1707606127.0,1707607677.0,UNMATCHED,No extracted HEL1OS files on disk for date,"cdte1, cdte2, czt1, czt2",True,3,High (Download script exists on PRADAN)
1180,20240210,1707609598.0,1707609552.0,1707609599.0,UNMATCHED,No extracted HEL1OS files on disk for date,"cdte1, cdte2, czt1, czt2",True,3,High (Download script exists on PRADAN)
1181,20240212,1707701989.0,1707701956.0,1707702063.0,UNMATCHED,No extracted HEL1OS files on disk for date,"cdte1, cdte2, czt1, czt2",True,3,High (Download script exists on PRADAN)
1182,20240212,1707702560.0,1707702455.0,1707702985.0,UNMATCHED,No extracted HEL1OS files on disk for date,"cdte1, cdte2, czt1, czt2",True,3,High (Download script exists on PRADAN)
1183,20240212,1707703433.0,1707703428.0,1707703585.0,UNMATCHED,No extracted HEL1OS files on disk for date,"cdte1, cdte2, czt1, czt2",True,3,High (Download script exists on PRADAN)
1184,20240212,1707709669.0,1707709457.0,1707712283.0,UNMATCHED,No extracted HEL1OS files on disk for date,"cdte1, cdte2, czt1, czt2",True,3,High (Download script exists on PRADAN)
1185,20240212,1707717256.0,1707717109.0,1707717361.0,UNMATCHED,No extracted HEL1OS files on disk for date,"cdte1, cdte2, czt1, czt2",True,3,High (Download script exists on PRADAN)
1186,20240212,1707718009.0,1707717888.0,1707718055.0,UNMATCHED,No extracted HEL1OS files on disk for date,"cdte1, cdte2, czt1, czt2",True,3,High (Download script exists on PRADAN)
1187,20240212,1707741685.0,1707741626.0,1707741692.0,UNMATCHED,No extracted HEL1OS files on disk for date,"cdte1, cdte2, czt1, czt2",True,3,High (Download script exists on PRADAN)
1188,20240212,1707743217.0,1707742661.0,1707744347.0,UNMATCHED,No extracted HEL1OS files on disk for date,"cdte1, cdte2, czt1, czt2",True,3,High (Download script exists on PRADAN)
1189,20240212,1707748136.0,1707748105.0,1707748263.0,UNMATCHED,No extracted HEL1OS files on disk for date,"cdte1, cdte2, czt1, czt2",True,3,High (Download script exists on PRADAN)
1190,20240212,1707752826.0,1707752234.0,1707758820.0,UNMATCHED,No extracted HEL1OS files on disk for date,"cdte1, cdte2, czt1, czt2",True,3,High (Download script exists on PRADAN)
1191,20240212,1707759320.0,1707759258.0,1707760025.0,UNMATCHED,No extracted HEL1OS files on disk for date,"cdte1, cdte2, czt1, czt2",True,3,High (Download script exists on PRADAN)
1192,20240212,1707772607.0,1707762203.0,1707780435.0,UNMATCHED,No extracted HEL1OS files on disk for date,"cdte1, cdte2, czt1, czt2",True,3,High (Download script exists on PRADAN)
1193,20240213,1707788295.0,1707788273.0,1707788347.0,UNMATCHED,No extracted HEL1OS files on disk for date,"cdte1, cdte2, czt1, czt2",True,3,High (Download script exists on PRADAN)
1194,20240213,1707826733.0,1707826684.0,1707826776.0,UNMATCHED,No extracted HEL1OS files on disk for date,"cdte1, cdte2, czt1, czt2",True,3,High (Download script exists on PRADAN)
1195,20240214,1707876644.0,1707876635.0,1707876698.0,UNMATCHED,No extracted HEL1OS files on disk for date,"cdte1, cdte2, czt1, czt2",True,4,High (Download script exists on PRADAN)
1196,20240214,1707880209.0,1707879987.0,1707881097.0,UNMATCHED,No extracted HEL1OS files on disk for date,"cdte1, cdte2, czt1, czt2",True,4,High (Download script exists on PRADAN)
1197,20240214,1707921067.0,1707921015.0,1707921233.0,UNMATCHED,No extracted HEL1OS files on disk for date,"cdte1, cdte2, czt1, czt2",True,4,High (Download script exists on PRADAN)
1198,20240214,1707924000.0,1707923831.0,1707924042.0,UNMATCHED,No extracted HEL1OS files on disk for date,"cdte1, cdte2, czt1, czt2",True,4,High (Download script exists on PRADAN)
1199,20240214,1707926813.0,1707926789.0,1707926867.0,UNMATCHED,No extracted HEL1OS files on disk for date,"cdte1, cdte2, czt1, czt2",True,4,High (Download script exists on PRADAN)
1200,20240214,1707930335.0,1707929549.0,1707930962.0,UNMATCHED,No extracted HEL1OS files on disk for date,"cdte1, cdte2, czt1, czt2",True,4,High (Download script exists on PRADAN)
1201,20240214,1707933415.0,1707933310.0,1707933780.0,UNMATCHED,No extracted HEL1OS files on disk for date,"cdte1, cdte2, czt1, czt2",True,4,High (Download script exists on PRADAN)
1202,20240214,1707950369.0,1707950279.0,1707950542.0,UNMATCHED,No extracted HEL1OS files on disk for date,"cdte1, cdte2, czt1, czt2",True,4,High (Download script exists on PRADAN)
1203,20240215,1707975623.0,1707975133.0,1707975665.0,UNMATCHED,No extracted HEL1OS files on disk for date,"cdte1, cdte2, czt1, czt2",True,2,High (Download script exists on PRADAN)
1204,20240215,1707984698.0,1707983849.0,1707985334.0,UNMATCHED,No extracted HEL1OS files on disk for date,"cdte1, cdte2, czt1, czt2",True,2,High (Download script exists on PRADAN)
1205,20240215,1707989809.0,1707989685.0,1707989900.0,UNMATCHED,No extracted HEL1OS files on disk for date,"cdte1, cdte2, czt1, czt2",True,2,High (Download script exists on PRADAN)
1206,20240215,1707992568.0,1707992235.0,1707992797.0,UNMATCHED,No extracted HEL1OS files on disk for date,"cdte1, cdte2, czt1, czt2",True,2,High (Download script exists on PRADAN)
1207,20240215,1707996034.0,1707995945.0,1707996041.0,UNMATCHED,No extracted HEL1OS files on disk for date,"cdte1, cdte2, czt1, czt2",True,2,High (Download script exists on PRADAN)
1208,20240215,1708001439.0,1708001397.0,1708001489.0,UNMATCHED,No extracted HEL1OS files on disk for date,"cdte1, cdte2, czt1, czt2",True,2,High (Download script exists on PRADAN)
1209,20240215,1708016799.0,1708016198.0,1708019750.0,UNMATCHED,No extracted HEL1OS files on disk for date,"cdte1, cdte2, czt1, czt2",True,2,High (Download script exists on PRADAN)
1210,20240215,1708020801.0,1708020549.0,1708021116.0,UNMATCHED,No extracted HEL1OS files on disk for date,"cdte1, cdte2, czt1, czt2",True,2,High (Download script exists on PRADAN)
1211,20240216,1708049079.0,1708049058.0,1708049110.0,UNMATCHED,No extracted HEL1OS files on disk for date,"cdte1, cdte2, czt1, czt2",True,4,High (Download script exists on PRADAN)
1212,20240216,1708051905.0,1708051643.0,1708052214.0,UNMATCHED,No extracted HEL1OS files on disk for date,"cdte1, cdte2, czt1, czt2",True,4,High (Download script exists on PRADAN)
1213,20240216,1708066380.0,1708066218.0,1708067166.0,UNMATCHED,No extracted HEL1OS files on disk for date,"cdte1, cdte2, czt1, czt2",True,4,High (Download script exists on PRADAN)
1214,20240216,1708108313.0,1708108111.0,1708109533.0,UNMATCHED,No extracted HEL1OS files on disk for date,"cdte1, cdte2, czt1, czt2",True,4,High (Download script exists on PRADAN)
1215,20240216,1708121354.0,1708121086.0,1708122388.0,UNMATCHED,No extracted HEL1OS files on disk for date,"cdte1, cdte2, czt1, czt2",True,4,High (Download script exists on PRADAN)
1216,20240217,1708149416.0,1708149246.0,1708149541.0,UNMATCHED,No extracted HEL1OS files on disk for date,"cdte1, cdte2, czt1, czt2",True,4,High (Download script exists on PRADAN)
1217,20240217,1708166057.0,1708165774.0,1708166343.0,UNMATCHED,No extracted HEL1OS files on disk for date,"cdte1, cdte2, czt1, czt2",True,4,High (Download script exists on PRADAN)
1218,20240217,1708194835.0,1708192550.0,1708196476.0,UNMATCHED,No extracted HEL1OS files on disk for date,"cdte1, cdte2, czt1, czt2",True,4,High (Download script exists on PRADAN)
1219,20240218,1708215368.0,1708215337.0,1708215418.0,UNMATCHED,No extracted HEL1OS files on disk for date,"cdte1, cdte2, czt1, czt2",True,3,High (Download script exists on PRADAN)
1220,20240218,1708229168.0,1708228911.0,1708229755.0,UNMATCHED,No extracted HEL1OS files on disk for date,"cdte1, cdte2, czt1, czt2",True,3,High (Download script exists on PRADAN)
1221,20240219,1708335564.0,1708335458.0,1708336347.0,UNMATCHED,No extracted HEL1OS files on disk for date,"cdte1, cdte2, czt1, czt2",True,2,High (Download script exists on PRADAN)
1222,20240219,1708346800.0,1708346759.0,1708346910.0,UNMATCHED,No extracted HEL1OS files on disk for date,"cdte1, cdte2, czt1, czt2",True,2,High (Download script exists on PRADAN)
1223,20240219,1708347997.0,1708347691.0,1708348110.0,UNMATCHED,No extracted HEL1OS files on disk for date,"cdte1, cdte2, czt1, czt2",True,2,High (Download script exists on PRADAN)
1224,20240221,1708481865.0,1708481865.0,1708482359.0,UNMATCHED,No extracted HEL1OS files on disk for date,"cdte1, cdte2, czt1, czt2",True,3,High (Download script exists on PRADAN)
1225,20240221,1708524359.0,1708524351.0,1708524429.0,UNMATCHED,No extracted HEL1OS files on disk for date,"cdte1, cdte2, czt1, czt2",True,3,High (Download script exists on PRADAN)
1226,20240221,1708531406.0,1708530942.0,1708531465.0,UNMATCHED,No extracted HEL1OS files on disk for date,"cdte1, cdte2, czt1, czt2",True,3,High (Download script exists on PRADAN)
1227,20240221,1708543710.0,1708543710.0,1708543846.0,UNMATCHED,No extracted HEL1OS files on disk for date,"cdte1, cdte2, czt1, czt2",True,3,High (Download script exists on PRADAN)
1228,20240221,1708547807.0,1708547807.0,1708548007.0,UNMATCHED,No extracted HEL1OS files on disk for date,"cdte1, cdte2, czt1, czt2",True,3,High (Download script exists on PRADAN)
1229,20240221,1708555320.0,1708555286.0,1708555428.0,UNMATCHED,No extracted HEL1OS files on disk for date,"cdte1, cdte2, czt1, czt2",True,3,High (Download script exists on PRADAN)
1230,20240221,1708556776.0,1708556342.0,1708559997.0,UNMATCHED,No extracted HEL1OS files on disk for date,"cdte1, cdte2, czt1, czt2",True,3,High (Download script exists on PRADAN)
1231,20240222,1708583536.0,1708583348.0,1708583958.0,UNMATCHED,No extracted HEL1OS files on disk for date,"cdte1, cdte2, czt1, czt2",True,3,High (Download script exists on PRADAN)
1232,20240222,1708585724.0,1708585646.0,1708585724.0,UNMATCHED,No extracted HEL1OS files on disk for date,"cdte1, cdte2, czt1, czt2",True,3,High (Download script exists on PRADAN)
1233,20240222,1708634759.0,1708634658.0,1708635157.0,UNMATCHED,No extracted HEL1OS files on disk for date,"cdte1, cdte2, czt1, czt2",True,3,High (Download script exists on PRADAN)
1234,20240222,1708641154.0,1708640674.0,1708644001.0,UNMATCHED,No extracted HEL1OS files on disk for date,"cdte1, cdte2, czt1, czt2",True,3,High (Download script exists on PRADAN)
1235,20240224,1708746933.0,1708746486.0,1708747534.0,UNMATCHED,No extracted HEL1OS files on disk for date,"cdte1, cdte2, czt1, czt2",True,4,High (Download script exists on PRADAN)
1236,20240224,1708756475.0,1708756134.0,1708758061.0,UNMATCHED,No extracted HEL1OS files on disk for date,"cdte1, cdte2, czt1, czt2",True,4,High (Download script exists on PRADAN)
1237,20240224,1708762244.0,1708762189.0,1708762682.0,UNMATCHED,No extracted HEL1OS files on disk for date,"cdte1, cdte2, czt1, czt2",True,4,High (Download script exists on PRADAN)
1238,20240224,1708766043.0,1708765904.0,1708766307.0,UNMATCHED,No extracted HEL1OS files on disk for date,"cdte1, cdte2, czt1, czt2",True,4,High (Download script exists on PRADAN)
1239,20240224,1708773520.0,1708771482.0,1708777037.0,UNMATCHED,No extracted HEL1OS files on disk for date,"cdte1, cdte2, czt1, czt2",True,4,High (Download script exists on PRADAN)
1240,20240224,1708785962.0,1708785820.0,1708786074.0,UNMATCHED,No extracted HEL1OS files on disk for date,"cdte1, cdte2, czt1, czt2",True,4,High (Download script exists on PRADAN)
1241,20240224,1708788540.0,1708788502.0,1708788641.0,UNMATCHED,No extracted HEL1OS files on disk for date,"cdte1, cdte2, czt1, czt2",True,4,High (Download script exists on PRADAN)
1242,20240224,1708793302.0,1708793179.0,1708793404.0,UNMATCHED,No extracted HEL1OS files on disk for date,"cdte1, cdte2, czt1, czt2",True,4,High (Download script exists on PRADAN)
1243,20240224,1708797369.0,1708795031.0,1708798775.0,UNMATCHED,No extracted HEL1OS files on disk for date,"cdte1, cdte2, czt1, czt2",True,4,High (Download script exists on PRADAN)
1244,20240224,1708806327.0,1708805971.0,1708806414.0,UNMATCHED,No extracted HEL1OS files on disk for date,"cdte1, cdte2, czt1, czt2",True,4,High (Download script exists on PRADAN)
1245,20240225,1708881591.0,1708880537.0,1708884393.0,UNMATCHED,No extracted HEL1OS files on disk for date,"cdte1, cdte2, czt1, czt2",True,3,High (Download script exists on PRADAN)
1246,20240228,1709100416.0,1709100369.0,1709100573.0,UNMATCHED,No extracted HEL1OS files on disk for date,"cdte1, cdte2, czt1, czt2",True,3,High (Download script exists on PRADAN)
1247,20240228,1709111344.0,1709110926.0,1709112132.0,UNMATCHED,No extracted HEL1OS files on disk for date,"cdte1, cdte2, czt1, czt2",True,3,High (Download script exists on PRADAN)
1248,20240228,1709120609.0,1709119873.0,1709120901.0,UNMATCHED,No extracted HEL1OS files on disk for date,"cdte1, cdte2, czt1, czt2",True,3,High (Download script exists on PRADAN)
1249,20240228,1709121724.0,1709121649.0,1709123649.0,UNMATCHED,No extracted HEL1OS files on disk for date,"cdte1, cdte2, czt1, czt2",True,3,High (Download script exists on PRADAN)
1250,20240228,1709145370.0,1709141176.0,1709159341.0,UNMATCHED,No extracted HEL1OS files on disk for date,"cdte1, cdte2, czt1, czt2",True,3,High (Download script exists on PRADAN)
1251,20240228,1709160287.0,1709160287.0,1709160910.0,UNMATCHED,No extracted HEL1OS files on disk for date,"cdte1, cdte2, czt1, czt2",True,3,High (Download script exists on PRADAN)
1252,20240228,1709164783.0,1709164620.0,1709164799.0,UNMATCHED,No extracted HEL1OS files on disk for date,"cdte1, cdte2, czt1, czt2",True,3,High (Download script exists on PRADAN)
1253,20240302,1709384331.0,1709383969.0,1709384718.0,UNMATCHED,No extracted HEL1OS files on disk for date,"cdte1, cdte2, czt1, czt2",True,3,High (Download script exists on PRADAN)
1254,20240303,1709438085.0,1709438075.0,1709438170.0,UNMATCHED,No extracted HEL1OS files on disk for date,"cdte1, cdte2, czt1, czt2",True,4,High (Download script exists on PRADAN)
1255,20240304,1709520809.0,1709520752.0,1709520848.0,UNMATCHED,No extracted HEL1OS files on disk for date,"cdte1, cdte2, czt1, czt2",True,4,High (Download script exists on PRADAN)
1256,20240304,1709522197.0,1709522170.0,1709522234.0,UNMATCHED,No extracted HEL1OS files on disk for date,"cdte1, cdte2, czt1, czt2",True,4,High (Download script exists on PRADAN)
1257,20240305,1709648624.0,1709648535.0,1709648629.0,UNMATCHED,No extracted HEL1OS files on disk for date,"cdte1, cdte2, czt1, czt2",True,4,High (Download script exists on PRADAN)
1258,20240307,1709792280.0,1709792232.0,1709792693.0,UNMATCHED,No extracted HEL1OS files on disk for date,"cdte1, cdte2, czt1, czt2",True,4,High (Download script exists on PRADAN)
1259,20240307,1709800552.0,1709800512.0,1709800591.0,UNMATCHED,No extracted HEL1OS files on disk for date,"cdte1, cdte2, czt1, czt2",True,4,High (Download script exists on PRADAN)
1260,20240307,1709807306.0,1709807191.0,1709807819.0,UNMATCHED,No extracted HEL1OS files on disk for date,"cdte1, cdte2, czt1, czt2",True,4,High (Download script exists on PRADAN)
1261,20240307,1709854527.0,1709854375.0,1709854820.0,UNMATCHED,No extracted HEL1OS files on disk for date,"cdte1, cdte2, czt1, czt2",True,4,High (Download script exists on PRADAN)
1262,20240308,1709933168.0,1709933114.0,1709933363.0,UNMATCHED,No extracted HEL1OS files on disk for date,"cdte1, cdte2, czt1, czt2",True,4,High (Download script exists on PRADAN)
1263,20240309,1709947155.0,1709947001.0,1709947562.0,UNMATCHED,No extracted HEL1OS files on disk for date,"cdte1, cdte2, czt1, czt2",True,4,High (Download script exists on PRADAN)
1264,20240310,1710072813.0,1710072535.0,1710073969.0,UNMATCHED,No extracted HEL1OS files on disk for date,"cdte1, cdte2, czt1, czt2",True,4,High (Download script exists on PRADAN)
1265,20240310,1710085097.0,1710084809.0,1710085650.0,UNMATCHED,No extracted HEL1OS files on disk for date,"cdte1, cdte2, czt1, czt2",True,4,High (Download script exists on PRADAN)
1266,20240311,1710146950.0,1710146822.0,1710147323.0,UNMATCHED,No extracted HEL1OS files on disk for date,"cdte1, cdte2, czt1, czt2",True,4,High (Download script exists on PRADAN)
1267,20240312,1710238671.0,1710238661.0,1710238730.0,UNMATCHED,No extracted HEL1OS files on disk for date,"cdte1, cdte2, czt1, czt2",True,3,High (Download script exists on PRADAN)
1268,20240313,1710373819.0,1710373063.0,1710374139.0,UNMATCHED,No extracted HEL1OS files on disk for date,"cdte1, cdte2, czt1, czt2",True,3,High (Download script exists on PRADAN)
1269,20240314,1710396232.0,1710396223.0,1710396304.0,UNMATCHED,No extracted HEL1OS files on disk for date,"cdte1, cdte2, czt1, czt2",True,3,High (Download script exists on PRADAN)
1270,20240315,1710474702.0,1710473914.0,1710474702.0,UNMATCHED,No extracted HEL1OS files on disk for date,"cdte1, cdte2, czt1, czt2",True,4,High (Download script exists on PRADAN)
1271,20240315,1710475697.0,1710475200.0,1710476340.0,UNMATCHED,No extracted HEL1OS files on disk for date,"cdte1, cdte2, czt1, czt2",True,4,High (Download script exists on PRADAN)
1272,20240315,1710479722.0,1710479661.0,1710480038.0,UNMATCHED,No extracted HEL1OS files on disk for date,"cdte1, cdte2, czt1, czt2",True,4,High (Download script exists on PRADAN)
1273,20240315,1710484132.0,1710480830.0,1710485935.0,UNMATCHED,No extracted HEL1OS files on disk for date,"cdte1, cdte2, czt1, czt2",True,4,High (Download script exists on PRADAN)
1274,20240316,1710606887.0,1710606495.0,1710612005.0,UNMATCHED,No extracted HEL1OS files on disk for date,"cdte1, cdte2, czt1, czt2",True,2,High (Download script exists on PRADAN)
1275,20240316,1710616561.0,1710616373.0,1710617150.0,UNMATCHED,No extracted HEL1OS files on disk for date,"cdte1, cdte2, czt1, czt2",True,2,High (Download script exists on PRADAN)
1276,20240316,1710626117.0,1710624967.0,1710627059.0,UNMATCHED,No extracted HEL1OS files on disk for date,"cdte1, cdte2, czt1, czt2",True,2,High (Download script exists on PRADAN)
1277,20240317,1710647983.0,1710647803.0,1710648643.0,UNMATCHED,No extracted HEL1OS files on disk for date,"cdte1, cdte2, czt1, czt2",True,4,High (Download script exists on PRADAN)
1278,20240317,1710672207.0,1710672116.0,1710672249.0,UNMATCHED,No extracted HEL1OS files on disk for date,"cdte1, cdte2, czt1, czt2",True,4,High (Download script exists on PRADAN)
1279,20240317,1710677565.0,1710677447.0,1710677847.0,UNMATCHED,No extracted HEL1OS files on disk for date,"cdte1, cdte2, czt1, czt2",True,4,High (Download script exists on PRADAN)
1280,20240317,1710690145.0,1710690004.0,1710690494.0,UNMATCHED,No extracted HEL1OS files on disk for date,"cdte1, cdte2, czt1, czt2",True,4,High (Download script exists on PRADAN)
1281,20240317,1710709944.0,1710709915.0,1710710333.0,UNMATCHED,No extracted HEL1OS files on disk for date,"cdte1, cdte2, czt1, czt2",True,4,High (Download script exists on PRADAN)
1282,20240318,1710732749.0,1710732368.0,1710734346.0,UNMATCHED,No extracted HEL1OS files on disk for date,"cdte1, cdte2, czt1, czt2",True,5,High (Download script exists on PRADAN)
1283,20240318,1710735236.0,1710735015.0,1710736231.0,UNMATCHED,No extracted HEL1OS files on disk for date,"cdte1, cdte2, czt1, czt2",True,5,High (Download script exists on PRADAN)
1284,20240318,1710737086.0,1710737055.0,1710737286.0,UNMATCHED,No extracted HEL1OS files on disk for date,"cdte1, cdte2, czt1, czt2",True,5,High (Download script exists on PRADAN)
1285,20240318,1710770779.0,1710770488.0,1710771267.0,UNMATCHED,No extracted HEL1OS files on disk for date,"cdte1, cdte2, czt1, czt2",True,5,High (Download script exists on PRADAN)
1286,20240318,1710772086.0,1710772045.0,1710772361.0,UNMATCHED,No extracted HEL1OS files on disk for date,"cdte1, cdte2, czt1, czt2",True,5,High (Download script exists on PRADAN)
1287,20240318,1710774819.0,1710774793.0,1710774890.0,UNMATCHED,No extracted HEL1OS files on disk for date,"cdte1, cdte2, czt1, czt2",True,5,High (Download script exists on PRADAN)
1288,20240319,1710811588.0,1710811536.0,1710811652.0,UNMATCHED,No extracted HEL1OS files on disk for date,"cdte1, cdte2, czt1, czt2",True,3,High (Download script exists on PRADAN)
1289,20240319,1710825415.0,1710825308.0,1710825551.0,UNMATCHED,No extracted HEL1OS files on disk for date,"cdte1, cdte2, czt1, czt2",True,3,High (Download script exists on PRADAN)
1290,20240319,1710829087.0,1710829022.0,1710829147.0,UNMATCHED,No extracted HEL1OS files on disk for date,"cdte1, cdte2, czt1, czt2",True,3,High (Download script exists on PRADAN)
1291,20240319,1710842443.0,1710842417.0,1710842503.0,UNMATCHED,No extracted HEL1OS files on disk for date,"cdte1, cdte2, czt1, czt2",True,3,High (Download script exists on PRADAN)
1292,20240319,1710852841.0,1710852545.0,1710853415.0,UNMATCHED,No extracted HEL1OS files on disk for date,"cdte1, cdte2, czt1, czt2",True,3,High (Download script exists on PRADAN)
1293,20240319,1710854161.0,1710854104.0,1710854354.0,UNMATCHED,No extracted HEL1OS files on disk for date,"cdte1, cdte2, czt1, czt2",True,3,High (Download script exists on PRADAN)
1294,20240319,1710865726.0,1710865704.0,1710865771.0,UNMATCHED,No extracted HEL1OS files on disk for date,"cdte1, cdte2, czt1, czt2",True,3,High (Download script exists on PRADAN)
1295,20240319,1710869160.0,1710869107.0,1710869271.0,UNMATCHED,No extracted HEL1OS files on disk for date,"cdte1, cdte2, czt1, czt2",True,3,High (Download script exists on PRADAN)
1296,20240319,1710878321.0,1710878152.0,1710878363.0,UNMATCHED,No extracted HEL1OS files on disk for date,"cdte1, cdte2, czt1, czt2",True,3,High (Download script exists on PRADAN)
1297,20240320,1710920153.0,1710919890.0,1710921984.0,UNMATCHED,No extracted HEL1OS files on disk for date,"cdte1, cdte2, czt1, czt2",True,4,High (Download script exists on PRADAN)
1298,20240320,1710928407.0,1710928323.0,1710928420.0,UNMATCHED,No extracted HEL1OS files on disk for date,"cdte1, cdte2, czt1, czt2",True,4,High (Download script exists on PRADAN)
1299,20240320,1710975336.0,1710975235.0,1710975472.0,UNMATCHED,No extracted HEL1OS files on disk for date,"cdte1, cdte2, czt1, czt2",True,4,High (Download script exists on PRADAN)
1300,20240320,1710976601.0,1710976596.0,1710976663.0,UNMATCHED,No extracted HEL1OS files on disk for date,"cdte1, cdte2, czt1, czt2",True,4,High (Download script exists on PRADAN)
1301,20240321,1711020737.0,1711020638.0,1711020918.0,UNMATCHED,No extracted HEL1OS files on disk for date,"cdte1, cdte2, czt1, czt2",True,5,High (Download script exists on PRADAN)
1302,20240321,1711045010.0,1711044529.0,1711045095.0,UNMATCHED,No extracted HEL1OS files on disk for date,"cdte1, cdte2, czt1, czt2",True,5,High (Download script exists on PRADAN)
1303,20240322,1711084515.0,1711084149.0,1711085055.0,UNMATCHED,No extracted HEL1OS files on disk for date,"cdte1, cdte2, czt1, czt2",True,4,High (Download script exists on PRADAN)
1304,20240322,1711114025.0,1711113907.0,1711114164.0,UNMATCHED,No extracted HEL1OS files on disk for date,"cdte1, cdte2, czt1, czt2",True,4,High (Download script exists on PRADAN)
1305,20240322,1711114556.0,1711114515.0,1711114732.0,UNMATCHED,No extracted HEL1OS files on disk for date,"cdte1, cdte2, czt1, czt2",True,4,High (Download script exists on PRADAN)
1306,20240322,1711115898.0,1711115335.0,1711116888.0,UNMATCHED,No extracted HEL1OS files on disk for date,"cdte1, cdte2, czt1, czt2",True,4,High (Download script exists on PRADAN)
1307,20240322,1711118465.0,1711117793.0,1711118865.0,UNMATCHED,No extracted HEL1OS files on disk for date,"cdte1, cdte2, czt1, czt2",True,4,High (Download script exists on PRADAN)
1308,20240322,1711138300.0,1711137833.0,1711138600.0,UNMATCHED,No extracted HEL1OS files on disk for date,"cdte1, cdte2, czt1, czt2",True,4,High (Download script exists on PRADAN)
1309,20240322,1711139531.0,1711138960.0,1711143057.0,UNMATCHED,No extracted HEL1OS files on disk for date,"cdte1, cdte2, czt1, czt2",True,4,High (Download script exists on PRADAN)
1310,20240322,1711151884.0,1711147693.0,1711151926.0,UNMATCHED,No extracted HEL1OS files on disk for date,"cdte1, cdte2, czt1, czt2",True,4,High (Download script exists on PRADAN)
1311,20240323,1711157661.0,1711156437.0,1711161813.0,UNMATCHED,No extracted HEL1OS files on disk for date,"cdte1, cdte2, czt1, czt2",True,3,High (Download script exists on PRADAN)
1312,20240323,1711176895.0,1711176838.0,1711176938.0,UNMATCHED,No extracted HEL1OS files on disk for date,"cdte1, cdte2, czt1, czt2",True,3,High (Download script exists on PRADAN)
1313,20240323,1711177804.0,1711177686.0,1711177876.0,UNMATCHED,No extracted HEL1OS files on disk for date,"cdte1, cdte2, czt1, czt2",True,3,High (Download script exists on PRADAN)
1314,20240323,1711179434.0,1711179077.0,1711179542.0,UNMATCHED,No extracted HEL1OS files on disk for date,"cdte1, cdte2, czt1, czt2",True,3,High (Download script exists on PRADAN)
1315,20240323,1711198013.0,1711197974.0,1711198056.0,UNMATCHED,No extracted HEL1OS files on disk for date,"cdte1, cdte2, czt1, czt2",True,3,High (Download script exists on PRADAN)
1316,20240323,1711201037.0,1711200975.0,1711201167.0,UNMATCHED,No extracted HEL1OS files on disk for date,"cdte1, cdte2, czt1, czt2",True,3,High (Download script exists on PRADAN)
1317,20240323,1711202536.0,1711201868.0,1711203740.0,UNMATCHED,No extracted HEL1OS files on disk for date,"cdte1, cdte2, czt1, czt2",True,3,High (Download script exists on PRADAN)
1318,20240323,1711204430.0,1711204320.0,1711204730.0,UNMATCHED,No extracted HEL1OS files on disk for date,"cdte1, cdte2, czt1, czt2",True,3,High (Download script exists on PRADAN)
1319,20240323,1711205626.0,1711205566.0,1711205751.0,UNMATCHED,No extracted HEL1OS files on disk for date,"cdte1, cdte2, czt1, czt2",True,3,High (Download script exists on PRADAN)
1320,20240323,1711207260.0,1711206324.0,1711209162.0,UNMATCHED,No extracted HEL1OS files on disk for date,"cdte1, cdte2, czt1, czt2",True,3,High (Download script exists on PRADAN)
1321,20240323,1711212805.0,1711211374.0,1711213540.0,UNMATCHED,No extracted HEL1OS files on disk for date,"cdte1, cdte2, czt1, czt2",True,3,High (Download script exists on PRADAN)
1322,20240323,1711220200.0,1711220191.0,1711220240.0,UNMATCHED,No extracted HEL1OS files on disk for date,"cdte1, cdte2, czt1, czt2",True,3,High (Download script exists on PRADAN)
1323,20240323,1711234796.0,1711234741.0,1711234819.0,UNMATCHED,No extracted HEL1OS files on disk for date,"cdte1, cdte2, czt1, czt2",True,3,High (Download script exists on PRADAN)
1324,20240323,1711237770.0,1711237508.0,1711238132.0,UNMATCHED,No extracted HEL1OS files on disk for date,"cdte1, cdte2, czt1, czt2",True,3,High (Download script exists on PRADAN)
1325,20240324,1711245107.0,1711245079.0,1711245133.0,UNMATCHED,No extracted HEL1OS files on disk for date,"cdte1, cdte2, czt1, czt2",True,4,High (Download script exists on PRADAN)
1326,20240324,1711251802.0,1711251767.0,1711251856.0,UNMATCHED,No extracted HEL1OS files on disk for date,"cdte1, cdte2, czt1, czt2",True,4,High (Download script exists on PRADAN)
1327,20240324,1711252993.0,1711252968.0,1711253033.0,UNMATCHED,No extracted HEL1OS files on disk for date,"cdte1, cdte2, czt1, czt2",True,4,High (Download script exists on PRADAN)
1328,20240324,1711260361.0,1711260336.0,1711260421.0,UNMATCHED,No extracted HEL1OS files on disk for date,"cdte1, cdte2, czt1, czt2",True,4,High (Download script exists on PRADAN)
1329,20240324,1711282687.0,1711282671.0,1711282692.0,UNMATCHED,No extracted HEL1OS files on disk for date,"cdte1, cdte2, czt1, czt2",True,4,High (Download script exists on PRADAN)
1330,20240324,1711296947.0,1711296920.0,1711296972.0,UNMATCHED,No extracted HEL1OS files on disk for date,"cdte1, cdte2, czt1, czt2",True,4,High (Download script exists on PRADAN)
1331,20240325,1711326516.0,1711326179.0,1711326546.0,UNMATCHED,No extracted HEL1OS files on disk for date,"cdte1, cdte2, czt1, czt2",True,3,High (Download script exists on PRADAN)
1332,20240325,1711328932.0,1711328834.0,1711329441.0,UNMATCHED,No extracted HEL1OS files on disk for date,"cdte1, cdte2, czt1, czt2",True,3,High (Download script exists on PRADAN)
1333,20240325,1711368566.0,1711368484.0,1711368699.0,UNMATCHED,No extracted HEL1OS files on disk for date,"cdte1, cdte2, czt1, czt2",True,3,High (Download script exists on PRADAN)
1334,20240325,1711369905.0,1711369799.0,1711370074.0,UNMATCHED,No extracted HEL1OS files on disk for date,"cdte1, cdte2, czt1, czt2",True,3,High (Download script exists on PRADAN)
1335,20240325,1711380583.0,1711377356.0,1711381303.0,UNMATCHED,No extracted HEL1OS files on disk for date,"cdte1, cdte2, czt1, czt2",True,3,High (Download script exists on PRADAN)
1336,20240325,1711397566.0,1711397518.0,1711397637.0,UNMATCHED,No extracted HEL1OS files on disk for date,"cdte1, cdte2, czt1, czt2",True,3,High (Download script exists on PRADAN)
1337,20240325,1711405855.0,1711405785.0,1711405960.0,UNMATCHED,No extracted HEL1OS files on disk for date,"cdte1, cdte2, czt1, czt2",True,3,High (Download script exists on PRADAN)
1338,20240325,1711410684.0,1711410652.0,1711410767.0,UNMATCHED,No extracted HEL1OS files on disk for date,"cdte1, cdte2, czt1, czt2",True,3,High (Download script exists on PRADAN)
1339,20240326,1711413365.0,1711413330.0,1711413458.0,UNMATCHED,No extracted HEL1OS files on disk for date,"cdte1, cdte2, czt1, czt2",True,4,High (Download script exists on PRADAN)
1340,20240326,1711415747.0,1711415618.0,1711415747.0,UNMATCHED,No extracted HEL1OS files on disk for date,"cdte1, cdte2, czt1, czt2",True,4,High (Download script exists on PRADAN)
1341,20240326,1711420002.0,1711419962.0,1711420083.0,UNMATCHED,No extracted HEL1OS files on disk for date,"cdte1, cdte2, czt1, czt2",True,4,High (Download script exists on PRADAN)
1342,20240326,1711422220.0,1711422202.0,1711422266.0,UNMATCHED,No extracted HEL1OS files on disk for date,"cdte1, cdte2, czt1, czt2",True,4,High (Download script exists on PRADAN)
1343,20240326,1711425261.0,1711425183.0,1711425296.0,UNMATCHED,No extracted HEL1OS files on disk for date,"cdte1, cdte2, czt1, czt2",True,4,High (Download script exists on PRADAN)
1344,20240326,1711427848.0,1711427827.0,1711427863.0,UNMATCHED,No extracted HEL1OS files on disk for date,"cdte1, cdte2, czt1, czt2",True,4,High (Download script exists on PRADAN)
1345,20240326,1711448203.0,1711448149.0,1711448672.0,UNMATCHED,No extracted HEL1OS files on disk for date,"cdte1, cdte2, czt1, czt2",True,4,High (Download script exists on PRADAN)
1346,20240326,1711449749.0,1711449637.0,1711450375.0,UNMATCHED,No extracted HEL1OS files on disk for date,"cdte1, cdte2, czt1, czt2",True,4,High (Download script exists on PRADAN)
1347,20240326,1711455324.0,1711455242.0,1711455343.0,UNMATCHED,No extracted HEL1OS files on disk for date,"cdte1, cdte2, czt1, czt2",True,4,High (Download script exists on PRADAN)
1348,20240326,1711457601.0,1711457225.0,1711457626.0,UNMATCHED,No extracted HEL1OS files on disk for date,"cdte1, cdte2, czt1, czt2",True,4,High (Download script exists on PRADAN)
1349,20240326,1711459791.0,1711458033.0,1711462156.0,UNMATCHED,No extracted HEL1OS files on disk for date,"cdte1, cdte2, czt1, czt2",True,4,High (Download script exists on PRADAN)
1350,20240326,1711462725.0,1711462547.0,1711463145.0,UNMATCHED,No extracted HEL1OS files on disk for date,"cdte1, cdte2, czt1, czt2",True,4,High (Download script exists on PRADAN)
1351,20240326,1711465357.0,1711465274.0,1711465462.0,UNMATCHED,No extracted HEL1OS files on disk for date,"cdte1, cdte2, czt1, czt2",True,4,High (Download script exists on PRADAN)
1352,20240326,1711474690.0,1711474657.0,1711474728.0,UNMATCHED,No extracted HEL1OS files on disk for date,"cdte1, cdte2, czt1, czt2",True,4,High (Download script exists on PRADAN)
1353,20240326,1711482785.0,1711482668.0,1711483071.0,UNMATCHED,No extracted HEL1OS files on disk for date,"cdte1, cdte2, czt1, czt2",True,4,High (Download script exists on PRADAN)
1354,20240326,1711490318.0,1711489909.0,1711491266.0,UNMATCHED,No extracted HEL1OS files on disk for date,"cdte1, cdte2, czt1, czt2",True,4,High (Download script exists on PRADAN)
1355,20240326,1711497589.0,1711497168.0,1711497596.0,UNMATCHED,No extracted HEL1OS files on disk for date,"cdte1, cdte2, czt1, czt2",True,4,High (Download script exists on PRADAN)
1356,20240329,1711717430.0,1711717193.0,1711719575.0,UNMATCHED,No extracted HEL1OS files on disk for date,"cdte1, cdte2, czt1, czt2",True,2,High (Download script exists on PRADAN)
1357,20240329,1711721117.0,1711721109.0,1711721301.0,UNMATCHED,No extracted HEL1OS files on disk for date,"cdte1, cdte2, czt1, czt2",True,2,High (Download script exists on PRADAN)
1358,20240329,1711725940.0,1711725928.0,1711726168.0,UNMATCHED,No extracted HEL1OS files on disk for date,"cdte1, cdte2, czt1, czt2",True,2,High (Download script exists on PRADAN)
1359,20240329,1711729754.0,1711727001.0,1711734095.0,UNMATCHED,No extracted HEL1OS files on disk for date,"cdte1, cdte2, czt1, czt2",True,2,High (Download script exists on PRADAN)
1360,20240329,1711740817.0,1711734947.0,1711746542.0,UNMATCHED,No extracted HEL1OS files on disk for date,"cdte1, cdte2, czt1, czt2",True,2,High (Download script exists on PRADAN)
1361,20240329,1711746954.0,1711746941.0,1711747013.0,UNMATCHED,No extracted HEL1OS files on disk for date,"cdte1, cdte2, czt1, czt2",True,2,High (Download script exists on PRADAN)
1362,20240329,1711754595.0,1711754556.0,1711754621.0,UNMATCHED,No extracted HEL1OS files on disk for date,"cdte1, cdte2, czt1, czt2",True,2,High (Download script exists on PRADAN)
1363,20240331,1711894282.0,1711893933.0,1711894322.0,UNMATCHED,No extracted HEL1OS files on disk for date,"cdte1, cdte2, czt1, czt2",True,4,High (Download script exists on PRADAN)
1364,20240401,1711935074.0,1711934369.0,1711937938.0,UNMATCHED,No extracted HEL1OS files on disk for date,"cdte1, cdte2, czt1, czt2",True,3,High (Download script exists on PRADAN)
1365,20240410,1712749835.0,1712749737.0,1712749921.0,UNMATCHED,No extracted HEL1OS files on disk for date,"cdte1, cdte2, czt1, czt2",True,4,High (Download script exists on PRADAN)
1366,20240411,1712799372.0,1712799323.0,1712799408.0,UNMATCHED,No extracted HEL1OS files on disk for date,"cdte1, cdte2, czt1, czt2",True,3,High (Download script exists on PRADAN)
1367,20240411,1712829414.0,1712829362.0,1712829535.0,UNMATCHED,No extracted HEL1OS files on disk for date,"cdte1, cdte2, czt1, czt2",True,3,High (Download script exists on PRADAN)
1368,20240411,1712844593.0,1712844434.0,1712845456.0,UNMATCHED,No extracted HEL1OS files on disk for date,"cdte1, cdte2, czt1, czt2",True,3,High (Download script exists on PRADAN)
1369,20240411,1712852424.0,1712852358.0,1712852470.0,UNMATCHED,No extracted HEL1OS files on disk for date,"cdte1, cdte2, czt1, czt2",True,3,High (Download script exists on PRADAN)
1370,20240411,1712855185.0,1712854843.0,1712855756.0,UNMATCHED,No extracted HEL1OS files on disk for date,"cdte1, cdte2, czt1, czt2",True,3,High (Download script exists on PRADAN)
1371,20240411,1712869812.0,1712866853.0,1712872809.0,UNMATCHED,No extracted HEL1OS files on disk for date,"cdte1, cdte2, czt1, czt2",True,3,High (Download script exists on PRADAN)
1372,20240411,1712873448.0,1712873448.0,1712873942.0,UNMATCHED,No extracted HEL1OS files on disk for date,"cdte1, cdte2, czt1, czt2",True,3,High (Download script exists on PRADAN)
1373,20240411,1712877252.0,1712877080.0,1712877406.0,UNMATCHED,No extracted HEL1OS files on disk for date,"cdte1, cdte2, czt1, czt2",True,3,High (Download script exists on PRADAN)
1374,20240413,1712984548.0,1712984443.0,1712984601.0,UNMATCHED,No extracted HEL1OS files on disk for date,"cdte1, cdte2, czt1, czt2",True,2,High (Download script exists on PRADAN)
1375,20240413,1713020418.0,1713020183.0,1713020652.0,UNMATCHED,No extracted HEL1OS files on disk for date,"cdte1, cdte2, czt1, czt2",True,2,High (Download script exists on PRADAN)
1376,20240414,1713061951.0,1713061876.0,1713062380.0,UNMATCHED,No extracted HEL1OS files on disk for date,"cdte1, cdte2, czt1, czt2",True,1,High (Download script exists on PRADAN)
1377,20240414,1713092482.0,1713092094.0,1713092533.0,UNMATCHED,No extracted HEL1OS files on disk for date,"cdte1, cdte2, czt1, czt2",True,1,High (Download script exists on PRADAN)
1378,20240414,1713094416.0,1713094397.0,1713094716.0,UNMATCHED,No extracted HEL1OS files on disk for date,"cdte1, cdte2, czt1, czt2",True,1,High (Download script exists on PRADAN)
1379,20240414,1713100559.0,1713100537.0,1713100627.0,UNMATCHED,No extracted HEL1OS files on disk for date,"cdte1, cdte2, czt1, czt2",True,1,High (Download script exists on PRADAN)
1380,20240414,1713102318.0,1713101987.0,1713102440.0,UNMATCHED,No extracted HEL1OS files on disk for date,"cdte1, cdte2, czt1, czt2",True,1,High (Download script exists on PRADAN)
1381,20240414,1713107332.0,1713107260.0,1713107446.0,UNMATCHED,No extracted HEL1OS files on disk for date,"cdte1, cdte2, czt1, czt2",True,1,High (Download script exists on PRADAN)
1382,20240414,1713112080.0,1713111996.0,1713112402.0,UNMATCHED,No extracted HEL1OS files on disk for date,"cdte1, cdte2, czt1, czt2",True,1,High (Download script exists on PRADAN)
1383,20240414,1713119350.0,1713118861.0,1713120186.0,UNMATCHED,No extracted HEL1OS files on disk for date,"cdte1, cdte2, czt1, czt2",True,1,High (Download script exists on PRADAN)
1384,20240414,1713138825.0,1713138746.0,1713138837.0,UNMATCHED,No extracted HEL1OS files on disk for date,"cdte1, cdte2, czt1, czt2",True,1,High (Download script exists on PRADAN)
1385,20240415,1713143899.0,1713143676.0,1713144307.0,UNMATCHED,No extracted HEL1OS files on disk for date,"cdte1, cdte2, czt1, czt2",True,3,High (Download script exists on PRADAN)
1386,20240415,1713156337.0,1713156294.0,1713156443.0,UNMATCHED,No extracted HEL1OS files on disk for date,"cdte1, cdte2, czt1, czt2",True,3,High (Download script exists on PRADAN)
1387,20240415,1713159460.0,1713159372.0,1713159504.0,UNMATCHED,No extracted HEL1OS files on disk for date,"cdte1, cdte2, czt1, czt2",True,3,High (Download script exists on PRADAN)
1388,20240415,1713166353.0,1713166162.0,1713166801.0,UNMATCHED,No extracted HEL1OS files on disk for date,"cdte1, cdte2, czt1, czt2",True,3,High (Download script exists on PRADAN)
1389,20240415,1713170548.0,1713170443.0,1713170819.0,UNMATCHED,No extracted HEL1OS files on disk for date,"cdte1, cdte2, czt1, czt2",True,3,High (Download script exists on PRADAN)
1390,20240415,1713173540.0,1713173355.0,1713173930.0,UNMATCHED,No extracted HEL1OS files on disk for date,"cdte1, cdte2, czt1, czt2",True,3,High (Download script exists on PRADAN)
1391,20240415,1713190611.0,1713189264.0,1713191788.0,UNMATCHED,No extracted HEL1OS files on disk for date,"cdte1, cdte2, czt1, czt2",True,3,High (Download script exists on PRADAN)
1392,20240415,1713209527.0,1713209407.0,1713210417.0,UNMATCHED,No extracted HEL1OS files on disk for date,"cdte1, cdte2, czt1, czt2",True,3,High (Download script exists on PRADAN)
1393,20240415,1713217399.0,1713217360.0,1713217438.0,UNMATCHED,No extracted HEL1OS files on disk for date,"cdte1, cdte2, czt1, czt2",True,3,High (Download script exists on PRADAN)
1394,20240416,1713281655.0,1713281623.0,1713281755.0,UNMATCHED,No extracted HEL1OS files on disk for date,"cdte1, cdte2, czt1, czt2",True,3,High (Download script exists on PRADAN)
1395,20240416,1713288560.0,1713288417.0,1713288956.0,UNMATCHED,No extracted HEL1OS files on disk for date,"cdte1, cdte2, czt1, czt2",True,3,High (Download script exists on PRADAN)
1396,20240416,1713290527.0,1713289955.0,1713291288.0,UNMATCHED,No extracted HEL1OS files on disk for date,"cdte1, cdte2, czt1, czt2",True,3,High (Download script exists on PRADAN)
1397,20240417,1713324467.0,1713324283.0,1713325316.0,UNMATCHED,No extracted HEL1OS files on disk for date,"cdte1, cdte2, czt1, czt2",True,3,High (Download script exists on PRADAN)
1398,20240417,1713339008.0,1713338967.0,1713339176.0,UNMATCHED,No extracted HEL1OS files on disk for date,"cdte1, cdte2, czt1, czt2",True,3,High (Download script exists on PRADAN)
1399,20240417,1713368880.0,1713368832.0,1713369250.0,UNMATCHED,No extracted HEL1OS files on disk for date,"cdte1, cdte2, czt1, czt2",True,3,High (Download script exists on PRADAN)
1400,20240417,1713372456.0,1713372411.0,1713372616.0,UNMATCHED,No extracted HEL1OS files on disk for date,"cdte1, cdte2, czt1, czt2",True,3,High (Download script exists on PRADAN)
1401,20240417,1713377979.0,1713377939.0,1713378112.0,UNMATCHED,No extracted HEL1OS files on disk for date,"cdte1, cdte2, czt1, czt2",True,3,High (Download script exists on PRADAN)
1402,20240417,1713384508.0,1713384218.0,1713384607.0,UNMATCHED,No extracted HEL1OS files on disk for date,"cdte1, cdte2, czt1, czt2",True,3,High (Download script exists on PRADAN)
1403,20240417,1713385244.0,1713385176.0,1713385373.0,UNMATCHED,No extracted HEL1OS files on disk for date,"cdte1, cdte2, czt1, czt2",True,3,High (Download script exists on PRADAN)
1404,20240417,1713391667.0,1713391399.0,1713392680.0,UNMATCHED,No extracted HEL1OS files on disk for date,"cdte1, cdte2, czt1, czt2",True,3,High (Download script exists on PRADAN)
1405,20240417,1713394095.0,1713393331.0,1713394958.0,UNMATCHED,No extracted HEL1OS files on disk for date,"cdte1, cdte2, czt1, czt2",True,3,High (Download script exists on PRADAN)
1406,20240417,1713396298.0,1713396170.0,1713396507.0,UNMATCHED,No extracted HEL1OS files on disk for date,"cdte1, cdte2, czt1, czt2",True,3,High (Download script exists on PRADAN)
1407,20240418,1713403160.0,1713402973.0,1713403275.0,UNMATCHED,No extracted HEL1OS files on disk for date,"cdte1, cdte2, czt1, czt2",True,3,High (Download script exists on PRADAN)
1408,20240418,1713406782.0,1713406730.0,1713406845.0,UNMATCHED,No extracted HEL1OS files on disk for date,"cdte1, cdte2, czt1, czt2",True,3,High (Download script exists on PRADAN)
1409,20240418,1713408500.0,1713407981.0,1713408717.0,UNMATCHED,No extracted HEL1OS files on disk for date,"cdte1, cdte2, czt1, czt2",True,3,High (Download script exists on PRADAN)
1410,20240418,1713409020.0,1713409020.0,1713409851.0,UNMATCHED,No extracted HEL1OS files on disk for date,"cdte1, cdte2, czt1, czt2",True,3,High (Download script exists on PRADAN)
1411,20240418,1713420579.0,1713420365.0,1713420897.0,UNMATCHED,No extracted HEL1OS files on disk for date,"cdte1, cdte2, czt1, czt2",True,3,High (Download script exists on PRADAN)
1412,20240418,1713425814.0,1713425294.0,1713427753.0,UNMATCHED,No extracted HEL1OS files on disk for date,"cdte1, cdte2, czt1, czt2",True,3,High (Download script exists on PRADAN)
1413,20240418,1713441104.0,1713440975.0,1713441167.0,UNMATCHED,No extracted HEL1OS files on disk for date,"cdte1, cdte2, czt1, czt2",True,3,High (Download script exists on PRADAN)
1414,20240418,1713458786.0,1713457738.0,1713459331.0,UNMATCHED,No extracted HEL1OS files on disk for date,"cdte1, cdte2, czt1, czt2",True,3,High (Download script exists on PRADAN)
1415,20240418,1713470219.0,1713469270.0,1713474295.0,UNMATCHED,No extracted HEL1OS files on disk for date,"cdte1, cdte2, czt1, czt2",True,3,High (Download script exists on PRADAN)
1416,20240418,1713474965.0,1713474965.0,1713475845.0,UNMATCHED,No extracted HEL1OS files on disk for date,"cdte1, cdte2, czt1, czt2",True,3,High (Download script exists on PRADAN)
1417,20240419,1713490030.0,1713490010.0,1713490097.0,UNMATCHED,No extracted HEL1OS files on disk for date,"cdte1, cdte2, czt1, czt2",True,3,High (Download script exists on PRADAN)
1418,20240419,1713497231.0,1713497182.0,1713497293.0,UNMATCHED,No extracted HEL1OS files on disk for date,"cdte1, cdte2, czt1, czt2",True,3,High (Download script exists on PRADAN)
1419,20240419,1713502407.0,1713502116.0,1713503391.0,UNMATCHED,No extracted HEL1OS files on disk for date,"cdte1, cdte2, czt1, czt2",True,3,High (Download script exists on PRADAN)
1420,20240419,1713525621.0,1713525589.0,1713525713.0,UNMATCHED,No extracted HEL1OS files on disk for date,"cdte1, cdte2, czt1, czt2",True,3,High (Download script exists on PRADAN)
1421,20240419,1713531963.0,1713531738.0,1713532889.0,UNMATCHED,No extracted HEL1OS files on disk for date,"cdte1, cdte2, czt1, czt2",True,3,High (Download script exists on PRADAN)
1422,20240419,1713549802.0,1713549774.0,1713549830.0,UNMATCHED,No extracted HEL1OS files on disk for date,"cdte1, cdte2, czt1, czt2",True,3,High (Download script exists on PRADAN)
1423,20240420,1713613939.0,1713613914.0,1713613976.0,UNMATCHED,No extracted HEL1OS files on disk for date,"cdte1, cdte2, czt1, czt2",True,4,High (Download script exists on PRADAN)
1424,20240420,1713631255.0,1713631187.0,1713631359.0,UNMATCHED,No extracted HEL1OS files on disk for date,"cdte1, cdte2, czt1, czt2",True,4,High (Download script exists on PRADAN)
1425,20240420,1713632692.0,1713632412.0,1713633312.0,UNMATCHED,No extracted HEL1OS files on disk for date,"cdte1, cdte2, czt1, czt2",True,4,High (Download script exists on PRADAN)
1426,20240420,1713650256.0,1713649753.0,1713650513.0,UNMATCHED,No extracted HEL1OS files on disk for date,"cdte1, cdte2, czt1, czt2",True,4,High (Download script exists on PRADAN)
1427,20240421,1713661986.0,1713661692.0,1713662159.0,UNMATCHED,No extracted HEL1OS files on disk for date,"cdte1, cdte2, czt1, czt2",True,3,High (Download script exists on PRADAN)
1428,20240421,1713666364.0,1713666192.0,1713666531.0,UNMATCHED,No extracted HEL1OS files on disk for date,"cdte1, cdte2, czt1, czt2",True,3,High (Download script exists on PRADAN)
1429,20240421,1713704339.0,1713703640.0,1713706456.0,UNMATCHED,No extracted HEL1OS files on disk for date,"cdte1, cdte2, czt1, czt2",True,3,High (Download script exists on PRADAN)
1430,20240421,1713708556.0,1713708520.0,1713708622.0,UNMATCHED,No extracted HEL1OS files on disk for date,"cdte1, cdte2, czt1, czt2",True,3,High (Download script exists on PRADAN)
1431,20240421,1713712469.0,1713712178.0,1713712966.0,UNMATCHED,No extracted HEL1OS files on disk for date,"cdte1, cdte2, czt1, czt2",True,3,High (Download script exists on PRADAN)
1432,20240421,1713717066.0,1713716957.0,1713717084.0,UNMATCHED,No extracted HEL1OS files on disk for date,"cdte1, cdte2, czt1, czt2",True,3,High (Download script exists on PRADAN)
1433,20240421,1713741471.0,1713741454.0,1713741493.0,UNMATCHED,No extracted HEL1OS files on disk for date,"cdte1, cdte2, czt1, czt2",True,3,High (Download script exists on PRADAN)
1434,20240422,1713746332.0,1713746311.0,1713746423.0,UNMATCHED,No extracted HEL1OS files on disk for date,"cdte1, cdte2, czt1, czt2",True,3,High (Download script exists on PRADAN)
1435,20240422,1713764209.0,1713764060.0,1713764344.0,UNMATCHED,No extracted HEL1OS files on disk for date,"cdte1, cdte2, czt1, czt2",True,3,High (Download script exists on PRADAN)
1436,20240422,1713773754.0,1713773260.0,1713774461.0,UNMATCHED,No extracted HEL1OS files on disk for date,"cdte1, cdte2, czt1, czt2",True,3,High (Download script exists on PRADAN)
1437,20240422,1713787920.0,1713787889.0,1713787961.0,UNMATCHED,No extracted HEL1OS files on disk for date,"cdte1, cdte2, czt1, czt2",True,3,High (Download script exists on PRADAN)
1438,20240422,1713792899.0,1713792367.0,1713796846.0,UNMATCHED,No extracted HEL1OS files on disk for date,"cdte1, cdte2, czt1, czt2",True,3,High (Download script exists on PRADAN)
1439,20240422,1713800962.0,1713797454.0,1713802021.0,UNMATCHED,No extracted HEL1OS files on disk for date,"cdte1, cdte2, czt1, czt2",True,3,High (Download script exists on PRADAN)
1440,20240422,1713803420.0,1713803263.0,1713803843.0,UNMATCHED,No extracted HEL1OS files on disk for date,"cdte1, cdte2, czt1, czt2",True,3,High (Download script exists on PRADAN)
1441,20240422,1713813458.0,1713813422.0,1713813531.0,UNMATCHED,No extracted HEL1OS files on disk for date,"cdte1, cdte2, czt1, czt2",True,3,High (Download script exists on PRADAN)
1442,20240422,1713820542.0,1713820373.0,1713821021.0,UNMATCHED,No extracted HEL1OS files on disk for date,"cdte1, cdte2, czt1, czt2",True,3,High (Download script exists on PRADAN)
1443,20240422,1713823959.0,1713823861.0,1713824166.0,UNMATCHED,No extracted HEL1OS files on disk for date,"cdte1, cdte2, czt1, czt2",True,3,High (Download script exists on PRADAN)
1444,20240422,1713826514.0,1713826206.0,1713826761.0,UNMATCHED,No extracted HEL1OS files on disk for date,"cdte1, cdte2, czt1, czt2",True,3,High (Download script exists on PRADAN)
1445,20240422,1713827856.0,1713827494.0,1713830230.0,UNMATCHED,No extracted HEL1OS files on disk for date,"cdte1, cdte2, czt1, czt2",True,3,High (Download script exists on PRADAN)
1446,20240423,1713842357.0,1713842095.0,1713843067.0,UNMATCHED,No extracted HEL1OS files on disk for date,"cdte1, cdte2, czt1, czt2",True,3,High (Download script exists on PRADAN)
1447,20240423,1713843784.0,1713843721.0,1713843798.0,UNMATCHED,No extracted HEL1OS files on disk for date,"cdte1, cdte2, czt1, czt2",True,3,High (Download script exists on PRADAN)
1448,20240423,1713860458.0,1713860315.0,1713860691.0,UNMATCHED,No extracted HEL1OS files on disk for date,"cdte1, cdte2, czt1, czt2",True,3,High (Download script exists on PRADAN)
1449,20240423,1713894200.0,1713894136.0,1713894405.0,UNMATCHED,No extracted HEL1OS files on disk for date,"cdte1, cdte2, czt1, czt2",True,3,High (Download script exists on PRADAN)
1450,20240424,1713918554.0,1713918247.0,1713921647.0,UNMATCHED,No extracted HEL1OS files on disk for date,"cdte1, cdte2, czt1, czt2",True,3,High (Download script exists on PRADAN)
1451,20240424,1713926361.0,1713926172.0,1713926732.0,UNMATCHED,No extracted HEL1OS files on disk for date,"cdte1, cdte2, czt1, czt2",True,3,High (Download script exists on PRADAN)
1452,20240424,1713929879.0,1713929861.0,1713929948.0,UNMATCHED,No extracted HEL1OS files on disk for date,"cdte1, cdte2, czt1, czt2",True,3,High (Download script exists on PRADAN)
1453,20240424,1713933643.0,1713933564.0,1713933983.0,UNMATCHED,No extracted HEL1OS files on disk for date,"cdte1, cdte2, czt1, czt2",True,3,High (Download script exists on PRADAN)
1454,20240424,1713944438.0,1713944382.0,1713944650.0,UNMATCHED,No extracted HEL1OS files on disk for date,"cdte1, cdte2, czt1, czt2",True,3,High (Download script exists on PRADAN)
1455,20240424,1713954932.0,1713954891.0,1713954947.0,UNMATCHED,No extracted HEL1OS files on disk for date,"cdte1, cdte2, czt1, czt2",True,3,High (Download script exists on PRADAN)
1456,20240424,1713960851.0,1713960674.0,1713961233.0,UNMATCHED,No extracted HEL1OS files on disk for date,"cdte1, cdte2, czt1, czt2",True,3,High (Download script exists on PRADAN)
1457,20240424,1713961659.0,1713961613.0,1713962317.0,UNMATCHED,No extracted HEL1OS files on disk for date,"cdte1, cdte2, czt1, czt2",True,3,High (Download script exists on PRADAN)
1458,20240424,1713967823.0,1713967744.0,1713968303.0,UNMATCHED,No extracted HEL1OS files on disk for date,"cdte1, cdte2, czt1, czt2",True,3,High (Download script exists on PRADAN)
1459,20240424,1713989168.0,1713989051.0,1713989592.0,UNMATCHED,No extracted HEL1OS files on disk for date,"cdte1, cdte2, czt1, czt2",True,3,High (Download script exists on PRADAN)
1460,20240424,1713997186.0,1713997164.0,1713997296.0,UNMATCHED,No extracted HEL1OS files on disk for date,"cdte1, cdte2, czt1, czt2",True,3,High (Download script exists on PRADAN)
1461,20240424,1713999620.0,1713998006.0,1714001341.0,UNMATCHED,No extracted HEL1OS files on disk for date,"cdte1, cdte2, czt1, czt2",True,3,High (Download script exists on PRADAN)
1462,20240424,1714001740.0,1714001740.0,1714002432.0,UNMATCHED,No extracted HEL1OS files on disk for date,"cdte1, cdte2, czt1, czt2",True,3,High (Download script exists on PRADAN)
1463,20240425,1714051251.0,1714051233.0,1714051321.0,UNMATCHED,No extracted HEL1OS files on disk for date,"cdte1, cdte2, czt1, czt2",True,3,High (Download script exists on PRADAN)
1464,20240425,1714065160.0,1714065116.0,1714065249.0,UNMATCHED,No extracted HEL1OS files on disk for date,"cdte1, cdte2, czt1, czt2",True,3,High (Download script exists on PRADAN)
1465,20240425,1714068464.0,1714068414.0,1714068526.0,UNMATCHED,No extracted HEL1OS files on disk for date,"cdte1, cdte2, czt1, czt2",True,3,High (Download script exists on PRADAN)
1466,20240426,1714090133.0,1714090059.0,1714090281.0,UNMATCHED,No extracted HEL1OS files on disk for date,"cdte1, cdte2, czt1, czt2",True,3,High (Download script exists on PRADAN)
1467,20240426,1714113338.0,1714113305.0,1714113661.0,UNMATCHED,No extracted HEL1OS files on disk for date,"cdte1, cdte2, czt1, czt2",True,3,High (Download script exists on PRADAN)
1468,20240426,1714160124.0,1714159921.0,1714160370.0,UNMATCHED,No extracted HEL1OS files on disk for date,"cdte1, cdte2, czt1, czt2",True,3,High (Download script exists on PRADAN)
1469,20240426,1714162740.0,1714161968.0,1714164532.0,UNMATCHED,No extracted HEL1OS files on disk for date,"cdte1, cdte2, czt1, czt2",True,3,High (Download script exists on PRADAN)
1470,20240426,1714167673.0,1714167613.0,1714167850.0,UNMATCHED,No extracted HEL1OS files on disk for date,"cdte1, cdte2, czt1, czt2",True,3,High (Download script exists on PRADAN)
1471,20240427,1714221355.0,1714220834.0,1714222370.0,UNMATCHED,No extracted HEL1OS files on disk for date,"cdte1, cdte2, czt1, czt2",True,3,High (Download script exists on PRADAN)
1472,20240427,1714235198.0,1714234901.0,1714235481.0,UNMATCHED,No extracted HEL1OS files on disk for date,"cdte1, cdte2, czt1, czt2",True,3,High (Download script exists on PRADAN)
1473,20240427,1714254014.0,1714253479.0,1714255611.0,UNMATCHED,No extracted HEL1OS files on disk for date,"cdte1, cdte2, czt1, czt2",True,3,High (Download script exists on PRADAN)
1474,20240427,1714257379.0,1714257235.0,1714257430.0,UNMATCHED,No extracted HEL1OS files on disk for date,"cdte1, cdte2, czt1, czt2",True,3,High (Download script exists on PRADAN)
1475,20240428,1714307731.0,1714307101.0,1714308768.0,UNMATCHED,No extracted HEL1OS files on disk for date,"cdte1, cdte2, czt1, czt2",True,3,High (Download script exists on PRADAN)
1476,20240428,1714310017.0,1714309230.0,1714310151.0,UNMATCHED,No extracted HEL1OS files on disk for date,"cdte1, cdte2, czt1, czt2",True,3,High (Download script exists on PRADAN)
1477,20240428,1714320168.0,1714319827.0,1714320831.0,UNMATCHED,No extracted HEL1OS files on disk for date,"cdte1, cdte2, czt1, czt2",True,3,High (Download script exists on PRADAN)
1478,20240428,1714335555.0,1714335157.0,1714336324.0,UNMATCHED,No extracted HEL1OS files on disk for date,"cdte1, cdte2, czt1, czt2",True,3,High (Download script exists on PRADAN)
1479,20240428,1714345555.0,1714345428.0,1714345936.0,UNMATCHED,No extracted HEL1OS files on disk for date,"cdte1, cdte2, czt1, czt2",True,3,High (Download script exists on PRADAN)
1480,20240429,1714353082.0,1714351325.0,1714356120.0,UNMATCHED,No extracted HEL1OS files on disk for date,"cdte1, cdte2, czt1, czt2",True,4,High (Download script exists on PRADAN)
1481,20240429,1714372295.0,1714372253.0,1714372317.0,UNMATCHED,No extracted HEL1OS files on disk for date,"cdte1, cdte2, czt1, czt2",True,4,High (Download script exists on PRADAN)
1482,20240429,1714418781.0,1714418548.0,1714419350.0,UNMATCHED,No extracted HEL1OS files on disk for date,"cdte1, cdte2, czt1, czt2",True,4,High (Download script exists on PRADAN)
1483,20240430,1714439642.0,1714438566.0,1714441267.0,UNMATCHED,No extracted HEL1OS files on disk for date,"cdte1, cdte2, czt1, czt2",True,10,High (Download script exists on PRADAN)
1484,20240430,1714489836.0,1714489239.0,1714491699.0,UNMATCHED,No extracted HEL1OS files on disk for date,"cdte1, cdte2, czt1, czt2",True,10,High (Download script exists on PRADAN)
1485,20240430,1714494809.0,1714493966.0,1714496890.0,UNMATCHED,No extracted HEL1OS files on disk for date,"cdte1, cdte2, czt1, czt2",True,10,High (Download script exists on PRADAN)
1486,20240430,1714520773.0,1714520368.0,1714521506.0,UNMATCHED,No extracted HEL1OS files on disk for date,"cdte1, cdte2, czt1, czt2",True,10,High (Download script exists on PRADAN)
1487,20240502,1714616230.0,1714615976.0,1714616659.0,UNMATCHED,No extracted HEL1OS files on disk for date,"cdte1, cdte2, czt1, czt2",True,4,High (Download script exists on PRADAN)
1488,20240502,1714643487.0,1714643435.0,1714643565.0,UNMATCHED,No extracted HEL1OS files on disk for date,"cdte1, cdte2, czt1, czt2",True,4,High (Download script exists on PRADAN)
1489,20240502,1714648604.0,1714648562.0,1714648626.0,UNMATCHED,No extracted HEL1OS files on disk for date,"cdte1, cdte2, czt1, czt2",True,4,High (Download script exists on PRADAN)
1490,20240502,1714667218.0,1714666989.0,1714667275.0,UNMATCHED,No extracted HEL1OS files on disk for date,"cdte1, cdte2, czt1, czt2",True,4,High (Download script exists on PRADAN)
1491,20240502,1714669237.0,1714669178.0,1714669313.0,UNMATCHED,No extracted HEL1OS files on disk for date,"cdte1, cdte2, czt1, czt2",True,4,High (Download script exists on PRADAN)
1492,20240502,1714671136.0,1714670838.0,1714671260.0,UNMATCHED,No extracted HEL1OS files on disk for date,"cdte1, cdte2, czt1, czt2",True,4,High (Download script exists on PRADAN)
1493,20240502,1714676141.0,1714676120.0,1714676299.0,UNMATCHED,No extracted HEL1OS files on disk for date,"cdte1, cdte2, czt1, czt2",True,4,High (Download script exists on PRADAN)
1494,20240502,1714683440.0,1714683318.0,1714683628.0,UNMATCHED,No extracted HEL1OS files on disk for date,"cdte1, cdte2, czt1, czt2",True,4,High (Download script exists on PRADAN)
1495,20240502,1714691945.0,1714691885.0,1714692025.0,UNMATCHED,No extracted HEL1OS files on disk for date,"cdte1, cdte2, czt1, czt2",True,4,High (Download script exists on PRADAN)
1496,20240502,1714692572.0,1714692460.0,1714692591.0,UNMATCHED,No extracted HEL1OS files on disk for date,"cdte1, cdte2, czt1, czt2",True,4,High (Download script exists on PRADAN)
1497,20240503,1714695290.0,1714695231.0,1714695499.0,UNMATCHED,No extracted HEL1OS files on disk for date,"cdte1, cdte2, czt1, czt2",True,3,High (Download script exists on PRADAN)
1498,20240503,1714702964.0,1714702578.0,1714704435.0,UNMATCHED,No extracted HEL1OS files on disk for date,"cdte1, cdte2, czt1, czt2",True,3,High (Download script exists on PRADAN)
1499,20240503,1714706805.0,1714706527.0,1714708323.0,UNMATCHED,No extracted HEL1OS files on disk for date,"cdte1, cdte2, czt1, czt2",True,3,High (Download script exists on PRADAN)
1500,20240503,1714713932.0,1714713379.0,1714714549.0,UNMATCHED,No extracted HEL1OS files on disk for date,"cdte1, cdte2, czt1, czt2",True,3,High (Download script exists on PRADAN)
1501,20240503,1714718149.0,1714717997.0,1714718264.0,UNMATCHED,No extracted HEL1OS files on disk for date,"cdte1, cdte2, czt1, czt2",True,3,High (Download script exists on PRADAN)
1502,20240503,1714723842.0,1714723618.0,1714724660.0,UNMATCHED,No extracted HEL1OS files on disk for date,"cdte1, cdte2, czt1, czt2",True,3,High (Download script exists on PRADAN)
1503,20240503,1714752786.0,1714752615.0,1714753587.0,UNMATCHED,No extracted HEL1OS files on disk for date,"cdte1, cdte2, czt1, czt2",True,3,High (Download script exists on PRADAN)
1504,20240503,1714762507.0,1714762304.0,1714762811.0,UNMATCHED,No extracted HEL1OS files on disk for date,"cdte1, cdte2, czt1, czt2",True,3,High (Download script exists on PRADAN)
1505,20240503,1714764612.0,1714764560.0,1714764618.0,UNMATCHED,No extracted HEL1OS files on disk for date,"cdte1, cdte2, czt1, czt2",True,3,High (Download script exists on PRADAN)
1506,20240503,1714766253.0,1714766222.0,1714766277.0,UNMATCHED,No extracted HEL1OS files on disk for date,"cdte1, cdte2, czt1, czt2",True,3,High (Download script exists on PRADAN)
1507,20240503,1714769777.0,1714769714.0,1714769830.0,UNMATCHED,No extracted HEL1OS files on disk for date,"cdte1, cdte2, czt1, czt2",True,3,High (Download script exists on PRADAN)
1508,20240503,1714779026.0,1714775473.0,1714780569.0,UNMATCHED,No extracted HEL1OS files on disk for date,"cdte1, cdte2, czt1, czt2",True,3,High (Download script exists on PRADAN)
1509,20240504,1714803649.0,1714803305.0,1714804429.0,UNMATCHED,No extracted HEL1OS files on disk for date,"cdte1, cdte2, czt1, czt2",True,4,High (Download script exists on PRADAN)
1510,20240504,1714806418.0,1714806381.0,1714806497.0,UNMATCHED,No extracted HEL1OS files on disk for date,"cdte1, cdte2, czt1, czt2",True,4,High (Download script exists on PRADAN)
1511,20240504,1714846804.0,1714846760.0,1714846869.0,UNMATCHED,No extracted HEL1OS files on disk for date,"cdte1, cdte2, czt1, czt2",True,4,High (Download script exists on PRADAN)
1512,20240504,1714862212.0,1714862156.0,1714862351.0,UNMATCHED,No extracted HEL1OS files on disk for date,"cdte1, cdte2, czt1, czt2",True,4,High (Download script exists on PRADAN)
1513,20240504,1714866463.0,1714865925.0,1714866810.0,UNMATCHED,No extracted HEL1OS files on disk for date,"cdte1, cdte2, czt1, czt2",True,4,High (Download script exists on PRADAN)
1514,20240505,1714888867.0,1714888810.0,1714888922.0,UNMATCHED,No extracted HEL1OS files on disk for date,"cdte1, cdte2, czt1, czt2",True,4,High (Download script exists on PRADAN)
1515,20240506,1714957535.0,1714956659.0,1714958166.0,UNMATCHED,No extracted HEL1OS files on disk for date,"cdte1, cdte2, czt1, czt2",True,4,High (Download script exists on PRADAN)
1516,20240506,1714967451.0,1714967258.0,1714967609.0,UNMATCHED,No extracted HEL1OS files on disk for date,"cdte1, cdte2, czt1, czt2",True,4,High (Download script exists on PRADAN)
1517,20240506,1714969354.0,1714968777.0,1714969764.0,UNMATCHED,No extracted HEL1OS files on disk for date,"cdte1, cdte2, czt1, czt2",True,4,High (Download script exists on PRADAN)
1518,20240506,1714977255.0,1714972415.0,1714985467.0,UNMATCHED,No extracted HEL1OS files on disk for date,"cdte1, cdte2, czt1, czt2",True,4,High (Download script exists on PRADAN)
1519,20240506,1714986132.0,1714985886.0,1714986743.0,UNMATCHED,No extracted HEL1OS files on disk for date,"cdte1, cdte2, czt1, czt2",True,4,High (Download script exists on PRADAN)
1520,20240506,1714989553.0,1714989303.0,1714990686.0,UNMATCHED,No extracted HEL1OS files on disk for date,"cdte1, cdte2, czt1, czt2",True,4,High (Download script exists on PRADAN)
1521,20240506,1714998962.0,1714998669.0,1714999756.0,UNMATCHED,No extracted HEL1OS files on disk for date,"cdte1, cdte2, czt1, czt2",True,4,High (Download script exists on PRADAN)
1522,20240506,1715000189.0,1715000110.0,1715000400.0,UNMATCHED,No extracted HEL1OS files on disk for date,"cdte1, cdte2, czt1, czt2",True,4,High (Download script exists on PRADAN)
1523,20240506,1715005789.0,1715005773.0,1715005871.0,UNMATCHED,No extracted HEL1OS files on disk for date,"cdte1, cdte2, czt1, czt2",True,4,High (Download script exists on PRADAN)
1524,20240506,1715009737.0,1715009350.0,1715009821.0,UNMATCHED,No extracted HEL1OS files on disk for date,"cdte1, cdte2, czt1, czt2",True,4,High (Download script exists on PRADAN)
1525,20240506,1715015331.0,1715015263.0,1715015402.0,UNMATCHED,No extracted HEL1OS files on disk for date,"cdte1, cdte2, czt1, czt2",True,4,High (Download script exists on PRADAN)
1526,20240506,1715019706.0,1715019663.0,1715019777.0,UNMATCHED,No extracted HEL1OS files on disk for date,"cdte1, cdte2, czt1, czt2",True,4,High (Download script exists on PRADAN)
1527,20240506,1715023123.0,1715023009.0,1715023968.0,UNMATCHED,No extracted HEL1OS files on disk for date,"cdte1, cdte2, czt1, czt2",True,4,High (Download script exists on PRADAN)
1528,20240506,1715026095.0,1715026071.0,1715026129.0,UNMATCHED,No extracted HEL1OS files on disk for date,"cdte1, cdte2, czt1, czt2",True,4,High (Download script exists on PRADAN)
1529,20240506,1715030446.0,1715030427.0,1715030473.0,UNMATCHED,No extracted HEL1OS files on disk for date,"cdte1, cdte2, czt1, czt2",True,4,High (Download script exists on PRADAN)
1530,20240506,1715034319.0,1715031853.0,1715039944.0,UNMATCHED,No extracted HEL1OS files on disk for date,"cdte1, cdte2, czt1, czt2",True,4,High (Download script exists on PRADAN)
1531,20240507,1715062512.0,1715062512.0,1715062612.0,UNMATCHED,No extracted HEL1OS files on disk for date,"cdte1, cdte2, czt1, czt2",True,4,High (Download script exists on PRADAN)
1532,20240507,1715086456.0,1715086406.0,1715086478.0,UNMATCHED,No extracted HEL1OS files on disk for date,"cdte1, cdte2, czt1, czt2",True,4,High (Download script exists on PRADAN)
1533,20240507,1715099428.0,1715099372.0,1715099534.0,UNMATCHED,No extracted HEL1OS files on disk for date,"cdte1, cdte2, czt1, czt2",True,4,High (Download script exists on PRADAN)
1534,20240508,1715132476.0,1715132330.0,1715133017.0,UNMATCHED,No extracted HEL1OS files on disk for date,"cdte1, cdte2, czt1, czt2",True,4,High (Download script exists on PRADAN)
1535,20240508,1715135252.0,1715134946.0,1715135334.0,UNMATCHED,No extracted HEL1OS files on disk for date,"cdte1, cdte2, czt1, czt2",True,4,High (Download script exists on PRADAN)
1536,20240508,1715138780.0,1715138670.0,1715138886.0,UNMATCHED,No extracted HEL1OS files on disk for date,"cdte1, cdte2, czt1, czt2",True,4,High (Download script exists on PRADAN)
1537,20240508,1715139710.0,1715139637.0,1715139770.0,UNMATCHED,No extracted HEL1OS files on disk for date,"cdte1, cdte2, czt1, czt2",True,4,High (Download script exists on PRADAN)
1538,20240508,1715145006.0,1715142453.0,1715148441.0,UNMATCHED,No extracted HEL1OS files on disk for date,"cdte1, cdte2, czt1, czt2",True,4,High (Download script exists on PRADAN)
1539,20240508,1715151210.0,1715150832.0,1715152263.0,UNMATCHED,No extracted HEL1OS files on disk for date,"cdte1, cdte2, czt1, czt2",True,4,High (Download script exists on PRADAN)
1540,20240508,1715154102.0,1715153719.0,1715154857.0,UNMATCHED,No extracted HEL1OS files on disk for date,"cdte1, cdte2, czt1, czt2",True,4,High (Download script exists on PRADAN)
1541,20240508,1715155295.0,1715155192.0,1715155679.0,UNMATCHED,No extracted HEL1OS files on disk for date,"cdte1, cdte2, czt1, czt2",True,4,High (Download script exists on PRADAN)
1542,20240508,1715157449.0,1715157343.0,1715158253.0,UNMATCHED,No extracted HEL1OS files on disk for date,"cdte1, cdte2, czt1, czt2",True,4,High (Download script exists on PRADAN)
1543,20240508,1715161012.0,1715160939.0,1715161064.0,UNMATCHED,No extracted HEL1OS files on disk for date,"cdte1, cdte2, czt1, czt2",True,4,High (Download script exists on PRADAN)
1544,20240508,1715161663.0,1715161547.0,1715161731.0,UNMATCHED,No extracted HEL1OS files on disk for date,"cdte1, cdte2, czt1, czt2",True,4,High (Download script exists on PRADAN)
1545,20240508,1715162468.0,1715162406.0,1715162566.0,UNMATCHED,No extracted HEL1OS files on disk for date,"cdte1, cdte2, czt1, czt2",True,4,High (Download script exists on PRADAN)
1546,20240508,1715169848.0,1715167155.0,1715172030.0,UNMATCHED,No extracted HEL1OS files on disk for date,"cdte1, cdte2, czt1, czt2",True,4,High (Download script exists on PRADAN)
1547,20240508,1715172520.0,1715172345.0,1715173123.0,UNMATCHED,No extracted HEL1OS files on disk for date,"cdte1, cdte2, czt1, czt2",True,4,High (Download script exists on PRADAN)
1548,20240508,1715190743.0,1715190389.0,1715191336.0,UNMATCHED,No extracted HEL1OS files on disk for date,"cdte1, cdte2, czt1, czt2",True,4,High (Download script exists on PRADAN)
1549,20240508,1715193340.0,1715193151.0,1715193960.0,UNMATCHED,No extracted HEL1OS files on disk for date,"cdte1, cdte2, czt1, czt2",True,4,High (Download script exists on PRADAN)
1550,20240508,1715196099.0,1715196014.0,1715196197.0,UNMATCHED,No extracted HEL1OS files on disk for date,"cdte1, cdte2, czt1, czt2",True,4,High (Download script exists on PRADAN)
1551,20240508,1715200455.0,1715200374.0,1715200487.0,UNMATCHED,No extracted HEL1OS files on disk for date,"cdte1, cdte2, czt1, czt2",True,4,High (Download script exists on PRADAN)
1552,20240508,1715204501.0,1715203289.0,1715211406.0,UNMATCHED,No extracted HEL1OS files on disk for date,"cdte1, cdte2, czt1, czt2",True,4,High (Download script exists on PRADAN)
1553,20240508,1715211860.0,1715211860.0,1715212604.0,UNMATCHED,No extracted HEL1OS files on disk for date,"cdte1, cdte2, czt1, czt2",True,4,High (Download script exists on PRADAN)
1554,20240509,1715224595.0,1715224570.0,1715224661.0,UNMATCHED,No extracted HEL1OS files on disk for date,"cdte1, cdte2, czt1, czt2",True,4,High (Download script exists on PRADAN)
1555,20240509,1715246039.0,1715245992.0,1715246142.0,UNMATCHED,No extracted HEL1OS files on disk for date,"cdte1, cdte2, czt1, czt2",True,4,High (Download script exists on PRADAN)
1556,20240509,1715255749.0,1715255730.0,1715255799.0,UNMATCHED,No extracted HEL1OS files on disk for date,"cdte1, cdte2, czt1, czt2",True,4,High (Download script exists on PRADAN)
1557,20240509,1715260982.0,1715260952.0,1715261008.0,UNMATCHED,No extracted HEL1OS files on disk for date,"cdte1, cdte2, czt1, czt2",True,4,High (Download script exists on PRADAN)
1558,20240510,1715300242.0,1715300235.0,1715300306.0,UNMATCHED,No extracted HEL1OS files on disk for date,"cdte1, cdte2, czt1, czt2",True,4,High (Download script exists on PRADAN)
1559,20240510,1715308057.0,1715308020.0,1715308092.0,UNMATCHED,No extracted HEL1OS files on disk for date,"cdte1, cdte2, czt1, czt2",True,4,High (Download script exists on PRADAN)
1560,20240510,1715323845.0,1715322787.0,1715327221.0,UNMATCHED,No extracted HEL1OS files on disk for date,"cdte1, cdte2, czt1, czt2",True,4,High (Download script exists on PRADAN)
1561,20240510,1715329093.0,1715329016.0,1715329152.0,UNMATCHED,No extracted HEL1OS files on disk for date,"cdte1, cdte2, czt1, czt2",True,4,High (Download script exists on PRADAN)
1562,20240510,1715336068.0,1715336008.0,1715336120.0,UNMATCHED,No extracted HEL1OS files on disk for date,"cdte1, cdte2, czt1, czt2",True,4,High (Download script exists on PRADAN)
1563,20240510,1715350279.0,1715350052.0,1715350542.0,UNMATCHED,No extracted HEL1OS files on disk for date,"cdte1, cdte2, czt1, czt2",True,4,High (Download script exists on PRADAN)
1564,20240510,1715363789.0,1715363750.0,1715363841.0,UNMATCHED,No extracted HEL1OS files on disk for date,"cdte1, cdte2, czt1, czt2",True,4,High (Download script exists on PRADAN)
1565,20240510,1715375287.0,1715375218.0,1715375356.0,UNMATCHED,No extracted HEL1OS files on disk for date,"cdte1, cdte2, czt1, czt2",True,4,High (Download script exists on PRADAN)
1566,20240511,1715390369.0,1715390039.0,1715394953.0,UNMATCHED,No extracted HEL1OS files on disk for date,"cdte1, cdte2, czt1, czt2",True,6,High (Download script exists on PRADAN)
1567,20240511,1715399942.0,1715399928.0,1715400058.0,UNMATCHED,No extracted HEL1OS files on disk for date,"cdte1, cdte2, czt1, czt2",True,6,High (Download script exists on PRADAN)
1568,20240511,1715402399.0,1715402312.0,1715402465.0,UNMATCHED,No extracted HEL1OS files on disk for date,"cdte1, cdte2, czt1, czt2",True,6,High (Download script exists on PRADAN)
1569,20240511,1715418873.0,1715418833.0,1715419294.0,UNMATCHED,No extracted HEL1OS files on disk for date,"cdte1, cdte2, czt1, czt2",True,6,High (Download script exists on PRADAN)
1570,20240511,1715419832.0,1715419832.0,1715420177.0,UNMATCHED,No extracted HEL1OS files on disk for date,"cdte1, cdte2, czt1, czt2",True,6,High (Download script exists on PRADAN)
1571,20240511,1715422676.0,1715421925.0,1715424002.0,UNMATCHED,No extracted HEL1OS files on disk for date,"cdte1, cdte2, czt1, czt2",True,6,High (Download script exists on PRADAN)
1572,20240511,1715425010.0,1715424898.0,1715425071.0,UNMATCHED,No extracted HEL1OS files on disk for date,"cdte1, cdte2, czt1, czt2",True,6,High (Download script exists on PRADAN)
1573,20240511,1715427807.0,1715426593.0,1715432803.0,UNMATCHED,No extracted HEL1OS files on disk for date,"cdte1, cdte2, czt1, czt2",True,6,High (Download script exists on PRADAN)
1574,20240511,1715435367.0,1715435291.0,1715436394.0,UNMATCHED,No extracted HEL1OS files on disk for date,"cdte1, cdte2, czt1, czt2",True,6,High (Download script exists on PRADAN)
1575,20240511,1715437166.0,1715437080.0,1715437215.0,UNMATCHED,No extracted HEL1OS files on disk for date,"cdte1, cdte2, czt1, czt2",True,6,High (Download script exists on PRADAN)
1576,20240511,1715441168.0,1715439780.0,1715448442.0,UNMATCHED,No extracted HEL1OS files on disk for date,"cdte1, cdte2, czt1, czt2",True,6,High (Download script exists on PRADAN)
1577,20240511,1715460069.0,1715460000.0,1715460117.0,UNMATCHED,No extracted HEL1OS files on disk for date,"cdte1, cdte2, czt1, czt2",True,6,High (Download script exists on PRADAN)
1578,20240512,1715474726.0,1715474562.0,1715475242.0,UNMATCHED,No extracted HEL1OS files on disk for date,"cdte1, cdte2, czt1, czt2",True,4,High (Download script exists on PRADAN)
1579,20240512,1715493042.0,1715492605.0,1715494270.0,UNMATCHED,No extracted HEL1OS files on disk for date,"cdte1, cdte2, czt1, czt2",True,4,High (Download script exists on PRADAN)
1580,20240512,1715517664.0,1715517427.0,1715518516.0,UNMATCHED,No extracted HEL1OS files on disk for date,"cdte1, cdte2, czt1, czt2",True,4,High (Download script exists on PRADAN)
1581,20240512,1715522173.0,1715521572.0,1715522982.0,UNMATCHED,No extracted HEL1OS files on disk for date,"cdte1, cdte2, czt1, czt2",True,4,High (Download script exists on PRADAN)
1582,20240512,1715523577.0,1715523486.0,1715524067.0,UNMATCHED,No extracted HEL1OS files on disk for date,"cdte1, cdte2, czt1, czt2",True,4,High (Download script exists on PRADAN)
1583,20240512,1715524594.0,1715524497.0,1715524628.0,UNMATCHED,No extracted HEL1OS files on disk for date,"cdte1, cdte2, czt1, czt2",True,4,High (Download script exists on PRADAN)
1584,20240512,1715527855.0,1715527828.0,1715527910.0,UNMATCHED,No extracted HEL1OS files on disk for date,"cdte1, cdte2, czt1, czt2",True,4,High (Download script exists on PRADAN)
1585,20240512,1715528667.0,1715528634.0,1715528747.0,UNMATCHED,No extracted HEL1OS files on disk for date,"cdte1, cdte2, czt1, czt2",True,4,High (Download script exists on PRADAN)
1586,20240512,1715531117.0,1715530522.0,1715532540.0,UNMATCHED,No extracted HEL1OS files on disk for date,"cdte1, cdte2, czt1, czt2",True,4,High (Download script exists on PRADAN)
1587,20240512,1715533810.0,1715533732.0,1715533837.0,UNMATCHED,No extracted HEL1OS files on disk for date,"cdte1, cdte2, czt1, czt2",True,4,High (Download script exists on PRADAN)
1588,20240512,1715534475.0,1715534335.0,1715534573.0,UNMATCHED,No extracted HEL1OS files on disk for date,"cdte1, cdte2, czt1, czt2",True,4,High (Download script exists on PRADAN)
1589,20240512,1715535729.0,1715535708.0,1715535744.0,UNMATCHED,No extracted HEL1OS files on disk for date,"cdte1, cdte2, czt1, czt2",True,4,High (Download script exists on PRADAN)
1590,20240512,1715537472.0,1715537461.0,1715537528.0,UNMATCHED,No extracted HEL1OS files on disk for date,"cdte1, cdte2, czt1, czt2",True,4,High (Download script exists on PRADAN)
1591,20240512,1715543215.0,1715543177.0,1715543281.0,UNMATCHED,No extracted HEL1OS files on disk for date,"cdte1, cdte2, czt1, czt2",True,4,High (Download script exists on PRADAN)
1592,20240512,1715545904.0,1715545486.0,1715547471.0,UNMATCHED,No extracted HEL1OS files on disk for date,"cdte1, cdte2, czt1, czt2",True,4,High (Download script exists on PRADAN)
1593,20240512,1715548221.0,1715548197.0,1715548878.0,UNMATCHED,No extracted HEL1OS files on disk for date,"cdte1, cdte2, czt1, czt2",True,4,High (Download script exists on PRADAN)
1594,20240512,1715551543.0,1715551475.0,1715551606.0,UNMATCHED,No extracted HEL1OS files on disk for date,"cdte1, cdte2, czt1, czt2",True,4,High (Download script exists on PRADAN)
1595,20240512,1715552294.0,1715552232.0,1715552495.0,UNMATCHED,No extracted HEL1OS files on disk for date,"cdte1, cdte2, czt1, czt2",True,4,High (Download script exists on PRADAN)
1596,20240512,1715555414.0,1715555361.0,1715555474.0,UNMATCHED,No extracted HEL1OS files on disk for date,"cdte1, cdte2, czt1, czt2",True,4,High (Download script exists on PRADAN)
1597,20240512,1715557141.0,1715557051.0,1715557387.0,UNMATCHED,No extracted HEL1OS files on disk for date,"cdte1, cdte2, czt1, czt2",True,4,High (Download script exists on PRADAN)
1598,20240513,1715558980.0,1715558949.0,1715558996.0,UNMATCHED,No extracted HEL1OS files on disk for date,"cdte1, cdte2, czt1, czt2",True,3,High (Download script exists on PRADAN)
1599,20240513,1715562557.0,1715562529.0,1715562631.0,UNMATCHED,No extracted HEL1OS files on disk for date,"cdte1, cdte2, czt1, czt2",True,3,High (Download script exists on PRADAN)
1600,20240513,1715564034.0,1715563954.0,1715564087.0,UNMATCHED,No extracted HEL1OS files on disk for date,"cdte1, cdte2, czt1, czt2",True,3,High (Download script exists on PRADAN)
1601,20240513,1715588817.0,1715588678.0,1715588973.0,UNMATCHED,No extracted HEL1OS files on disk for date,"cdte1, cdte2, czt1, czt2",True,3,High (Download script exists on PRADAN)
1602,20240513,1715593463.0,1715591220.0,1715599931.0,UNMATCHED,No extracted HEL1OS files on disk for date,"cdte1, cdte2, czt1, czt2",True,3,High (Download script exists on PRADAN)
1603,20240513,1715600478.0,1715600373.0,1715600825.0,UNMATCHED,No extracted HEL1OS files on disk for date,"cdte1, cdte2, czt1, czt2",True,3,High (Download script exists on PRADAN)
1604,20240513,1715605802.0,1715605410.0,1715606659.0,UNMATCHED,No extracted HEL1OS files on disk for date,"cdte1, cdte2, czt1, czt2",True,3,High (Download script exists on PRADAN)
1605,20240513,1715608296.0,1715608272.0,1715608329.0,UNMATCHED,No extracted HEL1OS files on disk for date,"cdte1, cdte2, czt1, czt2",True,3,High (Download script exists on PRADAN)
1606,20240513,1715609704.0,1715609662.0,1715609749.0,UNMATCHED,No extracted HEL1OS files on disk for date,"cdte1, cdte2, czt1, czt2",True,3,High (Download script exists on PRADAN)
1607,20240513,1715637516.0,1715637404.0,1715637701.0,UNMATCHED,No extracted HEL1OS files on disk for date,"cdte1, cdte2, czt1, czt2",True,3,High (Download script exists on PRADAN)
